model,image_id,fae_method,metric,score,error
resnet18,ISIC_0013636,ensemble,faithfulness_correlation,0.09572222083806992,
resnet18,ISIC_0013636,ensemble,pixel_flipping,88.49202728271484,
resnet18,ISIC_0013636,ensemble,max_sensitivity,1.100052833557129,
resnet18,ISIC_0013636,ensemble,avg_sensitivity,1.0843862533569335,
resnet18,ISIC_0013636,ensemble,relevance_mass_accuracy,0.5396275520324707,
resnet18,ISIC_0013636,ensemble,pointing_game,0.0,
resnet18,ISIC_0013636,ensemble,sparseness,0.46641109384920887,
resnet18,ISIC_0013636,ensemble,complexity,11.540403366088867,
resnet18,ISIC_0013636,ensemble,model_parameter_randomisation,,nan
resnet18,ISIC_0013636,ensemble,random_logit,0.6037283616684549,
resnet18,ISIC_0013636,ensemble,completeness,,nan
resnet18,ISIC_0013636,ensemble,non_sensitivity,,nan
squeezenet,ISIC_0013636,ensemble,faithfulness_correlation,0.19292528927326202,
squeezenet,ISIC_0013636,ensemble,pixel_flipping,185.52255249023438,
squeezenet,ISIC_0013636,ensemble,max_sensitivity,1.1038790941238403,
squeezenet,ISIC_0013636,ensemble,avg_sensitivity,1.090539824962616,
squeezenet,ISIC_0013636,ensemble,relevance_mass_accuracy,0.8333886861801147,
squeezenet,ISIC_0013636,ensemble,pointing_game,1.0,
squeezenet,ISIC_0013636,ensemble,sparseness,0.6082911647965791,
squeezenet,ISIC_0013636,ensemble,complexity,11.230436325073242,
squeezenet,ISIC_0013636,ensemble,model_parameter_randomisation,,nan
squeezenet,ISIC_0013636,ensemble,random_logit,0.8081746722000641,
squeezenet,ISIC_0013636,ensemble,completeness,,nan
squeezenet,ISIC_0013636,ensemble,non_sensitivity,,nan
resnet18,ISIC_0013867,ensemble,faithfulness_correlation,-0.10957830399274826,
resnet18,ISIC_0013867,ensemble,pixel_flipping,523.686767578125,
resnet18,ISIC_0013867,ensemble,max_sensitivity,1.1239433288574219,
resnet18,ISIC_0013867,ensemble,avg_sensitivity,1.1177917838096618,
resnet18,ISIC_0013867,ensemble,relevance_mass_accuracy,0.7461233139038086,
resnet18,ISIC_0013867,ensemble,pointing_game,0.0,
resnet18,ISIC_0013867,ensemble,sparseness,0.5068404100131593,
resnet18,ISIC_0013867,ensemble,complexity,11.470047950744629,
resnet18,ISIC_0013867,ensemble,model_parameter_randomisation,,nan
resnet18,ISIC_0013867,ensemble,random_logit,0.6350437827690975,
resnet18,ISIC_0013867,ensemble,completeness,,nan
resnet18,ISIC_0013867,ensemble,non_sensitivity,,nan
squeezenet,ISIC_0013867,ensemble,faithfulness_correlation,-0.13319413363933563,
squeezenet,ISIC_0013867,ensemble,pixel_flipping,190.99517822265625,
squeezenet,ISIC_0013867,ensemble,max_sensitivity,1.1889008283615112,
squeezenet,ISIC_0013867,ensemble,avg_sensitivity,1.1668089747428894,
squeezenet,ISIC_0013867,ensemble,relevance_mass_accuracy,0.9130889177322388,
squeezenet,ISIC_0013867,ensemble,pointing_game,1.0,
squeezenet,ISIC_0013867,ensemble,sparseness,0.6298361228588891,
squeezenet,ISIC_0013867,ensemble,complexity,11.158546447753906,
squeezenet,ISIC_0013867,ensemble,model_parameter_randomisation,,nan
squeezenet,ISIC_0013867,ensemble,random_logit,0.7617233136267427,
squeezenet,ISIC_0013867,ensemble,completeness,,nan
squeezenet,ISIC_0013867,ensemble,non_sensitivity,,nan
resnet18,ISIC_0013925,ensemble,faithfulness_correlation,-0.11330689489841461,
resnet18,ISIC_0013925,ensemble,pixel_flipping,34.157630920410156,
resnet18,ISIC_0013925,ensemble,max_sensitivity,1.024292230606079,
resnet18,ISIC_0013925,ensemble,avg_sensitivity,0.9862808465957642,
resnet18,ISIC_0013925,ensemble,relevance_mass_accuracy,0.7160958647727966,
resnet18,ISIC_0013925,ensemble,pointing_game,0.0,
resnet18,ISIC_0013925,ensemble,sparseness,0.4503259531862086,
resnet18,ISIC_0013925,ensemble,complexity,11.563467979431152,
resnet18,ISIC_0013925,ensemble,model_parameter_randomisation,,nan
resnet18,ISIC_0013925,ensemble,random_logit,0.7187559715038625,
resnet18,ISIC_0013925,ensemble,completeness,,nan
resnet18,ISIC_0013925,ensemble,non_sensitivity,,nan
squeezenet,ISIC_0013925,ensemble,faithfulness_correlation,-0.26862451434135437,
squeezenet,ISIC_0013925,ensemble,pixel_flipping,50.511905670166016,
squeezenet,ISIC_0013925,ensemble,max_sensitivity,1.0595791339874268,
squeezenet,ISIC_0013925,ensemble,avg_sensitivity,1.032510018348694,
squeezenet,ISIC_0013925,ensemble,relevance_mass_accuracy,0.5203914642333984,
squeezenet,ISIC_0013925,ensemble,pointing_game,0.0,
squeezenet,ISIC_0013925,ensemble,sparseness,0.5649202263989713,
squeezenet,ISIC_0013925,ensemble,complexity,11.327981948852539,
squeezenet,ISIC_0013925,ensemble,model_parameter_randomisation,,nan
squeezenet,ISIC_0013925,ensemble,random_logit,0.5684425585273624,
squeezenet,ISIC_0013925,ensemble,completeness,,nan
squeezenet,ISIC_0013925,ensemble,non_sensitivity,,nan
resnet18,ISIC_0014077,ensemble,faithfulness_correlation,0.08981789648532867,
resnet18,ISIC_0014077,ensemble,pixel_flipping,526.5919189453125,
resnet18,ISIC_0014077,ensemble,max_sensitivity,1.0157489776611328,
resnet18,ISIC_0014077,ensemble,avg_sensitivity,1.00735085606575,
resnet18,ISIC_0014077,ensemble,relevance_mass_accuracy,0.44520658254623413,
resnet18,ISIC_0014077,ensemble,pointing_game,0.0,
resnet18,ISIC_0014077,ensemble,sparseness,0.45536781374536267,
resnet18,ISIC_0014077,ensemble,complexity,11.56029224395752,
resnet18,ISIC_0014077,ensemble,model_parameter_randomisation,,nan
resnet18,ISIC_0014077,ensemble,random_logit,0.5410777810883615,
resnet18,ISIC_0014077,ensemble,completeness,,nan
resnet18,ISIC_0014077,ensemble,non_sensitivity,,nan
squeezenet,ISIC_0014077,ensemble,faithfulness_correlation,0.05277734622359276,
squeezenet,ISIC_0014077,ensemble,pixel_flipping,210.1743927001953,
squeezenet,ISIC_0014077,ensemble,max_sensitivity,1.0708116292953491,
squeezenet,ISIC_0014077,ensemble,avg_sensitivity,1.056229829788208,
squeezenet,ISIC_0014077,ensemble,relevance_mass_accuracy,0.8560516834259033,
squeezenet,ISIC_0014077,ensemble,pointing_game,1.0,
squeezenet,ISIC_0014077,ensemble,sparseness,0.6722494211391487,
squeezenet,ISIC_0014077,ensemble,complexity,11.047921180725098,
squeezenet,ISIC_0014077,ensemble,model_parameter_randomisation,,nan
squeezenet,ISIC_0014077,ensemble,random_logit,0.8527393436556182,
squeezenet,ISIC_0014077,ensemble,completeness,,nan
squeezenet,ISIC_0014077,ensemble,non_sensitivity,,nan
resnet18,ISIC_0014103,ensemble,faithfulness_correlation,-0.0752095952630043,
resnet18,ISIC_0014103,ensemble,pixel_flipping,535.8006591796875,
resnet18,ISIC_0014103,ensemble,max_sensitivity,1.0747588872909546,
resnet18,ISIC_0014103,ensemble,avg_sensitivity,1.0288913011550904,
resnet18,ISIC_0014103,ensemble,relevance_mass_accuracy,0.5552993416786194,
resnet18,ISIC_0014103,ensemble,pointing_game,1.0,
resnet18,ISIC_0014103,ensemble,sparseness,0.5133326851556722,
resnet18,ISIC_0014103,ensemble,complexity,11.437175750732422,
resnet18,ISIC_0014103,ensemble,model_parameter_randomisation,,nan
resnet18,ISIC_0014103,ensemble,random_logit,0.5628897125905492,
resnet18,ISIC_0014103,ensemble,completeness,,nan
resnet18,ISIC_0014103,ensemble,non_sensitivity,,nan
squeezenet,ISIC_0014103,ensemble,faithfulness_correlation,0.29695865511894226,
squeezenet,ISIC_0014103,ensemble,pixel_flipping,242.58799743652344,
squeezenet,ISIC_0014103,ensemble,max_sensitivity,1.060860514640808,
squeezenet,ISIC_0014103,ensemble,avg_sensitivity,1.0379234373569488,
squeezenet,ISIC_0014103,ensemble,relevance_mass_accuracy,0.8566104173660278,
squeezenet,ISIC_0014103,ensemble,pointing_game,1.0,
squeezenet,ISIC_0014103,ensemble,sparseness,0.6389248080930912,
squeezenet,ISIC_0014103,ensemble,complexity,11.105825424194336,
squeezenet,ISIC_0014103,ensemble,model_parameter_randomisation,,nan
squeezenet,ISIC_0014103,ensemble,random_logit,0.8145361670251327,
squeezenet,ISIC_0014103,ensemble,completeness,,nan
squeezenet,ISIC_0014103,ensemble,non_sensitivity,,nan
resnet18,ISIC_0014160,ensemble,faithfulness_correlation,0.11648748070001602,
resnet18,ISIC_0014160,ensemble,pixel_flipping,165.20477294921875,
resnet18,ISIC_0014160,ensemble,max_sensitivity,1.1849640607833862,
resnet18,ISIC_0014160,ensemble,avg_sensitivity,1.10898118019104,
resnet18,ISIC_0014160,ensemble,relevance_mass_accuracy,0.14488880336284637,
resnet18,ISIC_0014160,ensemble,pointing_game,1.0,
resnet18,ISIC_0014160,ensemble,sparseness,0.5113666458391765,
resnet18,ISIC_0014160,ensemble,complexity,11.437305450439453,
resnet18,ISIC_0014160,ensemble,model_parameter_randomisation,,nan
resnet18,ISIC_0014160,ensemble,random_logit,0.7395411003350598,
resnet18,ISIC_0014160,ensemble,completeness,,nan
resnet18,ISIC_0014160,ensemble,non_sensitivity,,nan
squeezenet,ISIC_0014160,ensemble,faithfulness_correlation,0.16378401219844818,
squeezenet,ISIC_0014160,ensemble,pixel_flipping,239.12551879882812,
squeezenet,ISIC_0014160,ensemble,max_sensitivity,1.0572937726974487,
squeezenet,ISIC_0014160,ensemble,avg_sensitivity,1.0184888124465943,
squeezenet,ISIC_0014160,ensemble,relevance_mass_accuracy,0.34747281670570374,
squeezenet,ISIC_0014160,ensemble,pointing_game,1.0,
squeezenet,ISIC_0014160,ensemble,sparseness,0.7139981072995767,
squeezenet,ISIC_0014160,ensemble,complexity,10.843052864074707,
squeezenet,ISIC_0014160,ensemble,model_parameter_randomisation,,nan
squeezenet,ISIC_0014160,ensemble,random_logit,0.9197926818541786,
squeezenet,ISIC_0014160,ensemble,completeness,,nan
squeezenet,ISIC_0014160,ensemble,non_sensitivity,,nan
resnet18,ISIC_0014181,ensemble,faithfulness_correlation,0.02287268079817295,
resnet18,ISIC_0014181,ensemble,pixel_flipping,119.01753997802734,
resnet18,ISIC_0014181,ensemble,max_sensitivity,1.097540020942688,
resnet18,ISIC_0014181,ensemble,avg_sensitivity,1.0775595664978028,
resnet18,ISIC_0014181,ensemble,relevance_mass_accuracy,0.6321313381195068,
resnet18,ISIC_0014181,ensemble,pointing_game,0.0,
resnet18,ISIC_0014181,ensemble,sparseness,0.47861253152343863,
resnet18,ISIC_0014181,ensemble,complexity,11.51917839050293,
resnet18,ISIC_0014181,ensemble,model_parameter_randomisation,,nan
resnet18,ISIC_0014181,ensemble,random_logit,0.6530187741483845,
resnet18,ISIC_0014181,ensemble,completeness,,nan
resnet18,ISIC_0014181,ensemble,non_sensitivity,,nan
squeezenet,ISIC_0014181,ensemble,faithfulness_correlation,0.32912394404411316,
squeezenet,ISIC_0014181,ensemble,pixel_flipping,224.4509735107422,
squeezenet,ISIC_0014181,ensemble,max_sensitivity,1.1341911554336548,
squeezenet,ISIC_0014181,ensemble,avg_sensitivity,1.1220056176185609,
squeezenet,ISIC_0014181,ensemble,relevance_mass_accuracy,1.0805745124816895,
squeezenet,ISIC_0014181,ensemble,pointing_game,1.0,
squeezenet,ISIC_0014181,ensemble,sparseness,0.6020085629886979,
squeezenet,ISIC_0014181,ensemble,complexity,11.236085891723633,
squeezenet,ISIC_0014181,ensemble,model_parameter_randomisation,,nan
squeezenet,ISIC_0014181,ensemble,random_logit,0.6974154429442769,
squeezenet,ISIC_0014181,ensemble,completeness,,nan
squeezenet,ISIC_0014181,ensemble,non_sensitivity,,nan
resnet18,ISIC_0014506,ensemble,faithfulness_correlation,0.11566285789012909,
resnet18,ISIC_0014506,ensemble,pixel_flipping,97.30694580078125,
resnet18,ISIC_0014506,ensemble,max_sensitivity,1.2011268138885498,
resnet18,ISIC_0014506,ensemble,avg_sensitivity,1.1433297038078307,
resnet18,ISIC_0014506,ensemble,relevance_mass_accuracy,0.687376856803894,
resnet18,ISIC_0014506,ensemble,pointing_game,1.0,
resnet18,ISIC_0014506,ensemble,sparseness,0.4998610205682726,
resnet18,ISIC_0014506,ensemble,complexity,11.485919952392578,
resnet18,ISIC_0014506,ensemble,model_parameter_randomisation,,nan
resnet18,ISIC_0014506,ensemble,random_logit,0.555963949947604,
resnet18,ISIC_0014506,ensemble,completeness,,nan
resnet18,ISIC_0014506,ensemble,non_sensitivity,,nan
squeezenet,ISIC_0014506,ensemble,faithfulness_correlation,0.10858805477619171,
squeezenet,ISIC_0014506,ensemble,pixel_flipping,167.8388214111328,
squeezenet,ISIC_0014506,ensemble,max_sensitivity,1.1563258171081543,
squeezenet,ISIC_0014506,ensemble,avg_sensitivity,1.1350733399391175,
squeezenet,ISIC_0014506,ensemble,relevance_mass_accuracy,0.9963778853416443,
squeezenet,ISIC_0014506,ensemble,pointing_game,1.0,
squeezenet,ISIC_0014506,ensemble,sparseness,0.6063873994166185,
squeezenet,ISIC_0014506,ensemble,complexity,11.229405403137207,
squeezenet,ISIC_0014506,ensemble,model_parameter_randomisation,,nan
squeezenet,ISIC_0014506,ensemble,random_logit,0.6973550635732881,
squeezenet,ISIC_0014506,ensemble,completeness,,nan
squeezenet,ISIC_0014506,ensemble,non_sensitivity,,nan
resnet18,ISIC_0014912,ensemble,faithfulness_correlation,-0.008292794227600098,
resnet18,ISIC_0014912,ensemble,pixel_flipping,73.14178466796875,
resnet18,ISIC_0014912,ensemble,max_sensitivity,1.0651500225067139,
resnet18,ISIC_0014912,ensemble,avg_sensitivity,1.0684557676315307,
resnet18,ISIC_0014912,ensemble,relevance_mass_accuracy,0.5147397518157959,
resnet18,ISIC_0014912,ensemble,pointing_game,0.0,
resnet18,ISIC_0014912,ensemble,sparseness,0.49621505333400595,
resnet18,ISIC_0014912,ensemble,complexity,11.492071151733398,
resnet18,ISIC_0014912,ensemble,model_parameter_randomisation,,nan
resnet18,ISIC_0014912,ensemble,random_logit,0.5250792673202644,
resnet18,ISIC_0014912,ensemble,completeness,,nan
resnet18,ISIC_0014912,ensemble,non_sensitivity,,nan
squeezenet,ISIC_0014912,ensemble,faithfulness_correlation,0.013271528296172619,
squeezenet,ISIC_0014912,ensemble,pixel_flipping,187.91448974609375,
squeezenet,ISIC_0014912,ensemble,max_sensitivity,1.0997393131256104,
squeezenet,ISIC_0014912,ensemble,avg_sensitivity,1.0819011211395264,
squeezenet,ISIC_0014912,ensemble,relevance_mass_accuracy,0.7141537070274353,
squeezenet,ISIC_0014912,ensemble,pointing_game,1.0,
squeezenet,ISIC_0014912,ensemble,sparseness,0.5736574346101854,
squeezenet,ISIC_0014912,ensemble,complexity,11.328490257263184,
squeezenet,ISIC_0014912,ensemble,model_parameter_randomisation,,nan
squeezenet,ISIC_0014912,ensemble,random_logit,0.6211436740765883,
squeezenet,ISIC_0014912,ensemble,completeness,,nan
squeezenet,ISIC_0014912,ensemble,non_sensitivity,,nan
resnet18,ISIC_0014982,ensemble,faithfulness_correlation,-0.05362716689705849,
resnet18,ISIC_0014982,ensemble,pixel_flipping,66.6315689086914,
resnet18,ISIC_0014982,ensemble,max_sensitivity,1.091926097869873,
resnet18,ISIC_0014982,ensemble,avg_sensitivity,1.0008828938007355,
resnet18,ISIC_0014982,ensemble,relevance_mass_accuracy,0.6484918594360352,
resnet18,ISIC_0014982,ensemble,pointing_game,0.0,
resnet18,ISIC_0014982,ensemble,sparseness,0.4634783477726796,
resnet18,ISIC_0014982,ensemble,complexity,11.546333312988281,
resnet18,ISIC_0014982,ensemble,model_parameter_randomisation,,nan
resnet18,ISIC_0014982,ensemble,random_logit,0.6541626354451379,
resnet18,ISIC_0014982,ensemble,completeness,,nan
resnet18,ISIC_0014982,ensemble,non_sensitivity,,nan
squeezenet,ISIC_0014982,ensemble,faithfulness_correlation,0.19834396243095398,
squeezenet,ISIC_0014982,ensemble,pixel_flipping,302.98248291015625,
squeezenet,ISIC_0014982,ensemble,max_sensitivity,1.0197237730026245,
squeezenet,ISIC_0014982,ensemble,avg_sensitivity,1.0111826598644256,
squeezenet,ISIC_0014982,ensemble,relevance_mass_accuracy,0.7907004952430725,
squeezenet,ISIC_0014982,ensemble,pointing_game,1.0,
squeezenet,ISIC_0014982,ensemble,sparseness,0.6071638185901433,
squeezenet,ISIC_0014982,ensemble,complexity,11.238814353942871,
squeezenet,ISIC_0014982,ensemble,model_parameter_randomisation,,nan
squeezenet,ISIC_0014982,ensemble,random_logit,0.7521580985530261,
squeezenet,ISIC_0014982,ensemble,completeness,,nan
squeezenet,ISIC_0014982,ensemble,non_sensitivity,,nan
resnet18,ISIC_0015119,ensemble,faithfulness_correlation,0.13603222370147705,
resnet18,ISIC_0015119,ensemble,pixel_flipping,48.04517364501953,
resnet18,ISIC_0015119,ensemble,max_sensitivity,1.0448545217514038,
resnet18,ISIC_0015119,ensemble,avg_sensitivity,1.0161112070083618,
resnet18,ISIC_0015119,ensemble,relevance_mass_accuracy,0.8192999362945557,
resnet18,ISIC_0015119,ensemble,pointing_game,1.0,
resnet18,ISIC_0015119,ensemble,sparseness,0.4375132158561726,
resnet18,ISIC_0015119,ensemble,complexity,11.584918975830078,
resnet18,ISIC_0015119,ensemble,model_parameter_randomisation,,nan
resnet18,ISIC_0015119,ensemble,random_logit,0.6344840473279901,
resnet18,ISIC_0015119,ensemble,completeness,,nan
resnet18,ISIC_0015119,ensemble,non_sensitivity,,nan
squeezenet,ISIC_0015119,ensemble,faithfulness_correlation,0.11783339083194733,
squeezenet,ISIC_0015119,ensemble,pixel_flipping,327.9988098144531,
squeezenet,ISIC_0015119,ensemble,max_sensitivity,1.0757992267608643,
squeezenet,ISIC_0015119,ensemble,avg_sensitivity,1.0622856259346007,
squeezenet,ISIC_0015119,ensemble,relevance_mass_accuracy,0.9458077549934387,
squeezenet,ISIC_0015119,ensemble,pointing_game,1.0,
squeezenet,ISIC_0015119,ensemble,sparseness,0.5508714626001003,
squeezenet,ISIC_0015119,ensemble,complexity,11.374382972717285,
squeezenet,ISIC_0015119,ensemble,model_parameter_randomisation,,nan
squeezenet,ISIC_0015119,ensemble,random_logit,0.6305663654680335,
squeezenet,ISIC_0015119,ensemble,completeness,,nan
squeezenet,ISIC_0015119,ensemble,non_sensitivity,,nan
resnet18,ISIC_0015163,ensemble,faithfulness_correlation,-0.05314086005091667,
resnet18,ISIC_0015163,ensemble,pixel_flipping,42.898780822753906,
resnet18,ISIC_0015163,ensemble,max_sensitivity,0.9957586526870728,
resnet18,ISIC_0015163,ensemble,avg_sensitivity,0.9693770587444306,
resnet18,ISIC_0015163,ensemble,relevance_mass_accuracy,0.3536096215248108,
resnet18,ISIC_0015163,ensemble,pointing_game,0.0,
resnet18,ISIC_0015163,ensemble,sparseness,0.5112109351710119,
resnet18,ISIC_0015163,ensemble,complexity,11.463726043701172,
resnet18,ISIC_0015163,ensemble,model_parameter_randomisation,,nan
resnet18,ISIC_0015163,ensemble,random_logit,0.5663037641468883,
resnet18,ISIC_0015163,ensemble,completeness,,nan
resnet18,ISIC_0015163,ensemble,non_sensitivity,,nan
squeezenet,ISIC_0015163,ensemble,faithfulness_correlation,0.08984358608722687,
squeezenet,ISIC_0015163,ensemble,pixel_flipping,55.6711311340332,
squeezenet,ISIC_0015163,ensemble,max_sensitivity,1.0415325164794922,
squeezenet,ISIC_0015163,ensemble,avg_sensitivity,1.0307483077049255,
squeezenet,ISIC_0015163,ensemble,relevance_mass_accuracy,0.6487492918968201,
squeezenet,ISIC_0015163,ensemble,pointing_game,1.0,
squeezenet,ISIC_0015163,ensemble,sparseness,0.5778138438998935,
squeezenet,ISIC_0015163,ensemble,complexity,11.319523811340332,
squeezenet,ISIC_0015163,ensemble,model_parameter_randomisation,,nan
squeezenet,ISIC_0015163,ensemble,random_logit,0.471314882451728,
squeezenet,ISIC_0015163,ensemble,completeness,,nan
squeezenet,ISIC_0015163,ensemble,non_sensitivity,,nan
resnet18,ISIC_0015206,ensemble,faithfulness_correlation,0.05023779720067978,
resnet18,ISIC_0015206,ensemble,pixel_flipping,592.4862060546875,
resnet18,ISIC_0015206,ensemble,max_sensitivity,0.9963899850845337,
resnet18,ISIC_0015206,ensemble,avg_sensitivity,0.9796298384666443,
resnet18,ISIC_0015206,ensemble,relevance_mass_accuracy,0.28476178646087646,
resnet18,ISIC_0015206,ensemble,pointing_game,0.0,
resnet18,ISIC_0015206,ensemble,sparseness,0.4635537160419401,
resnet18,ISIC_0015206,ensemble,complexity,11.550642967224121,
resnet18,ISIC_0015206,ensemble,model_parameter_randomisation,,nan
resnet18,ISIC_0015206,ensemble,random_logit,0.4499041444434849,
resnet18,ISIC_0015206,ensemble,completeness,,nan
resnet18,ISIC_0015206,ensemble,non_sensitivity,,nan
squeezenet,ISIC_0015206,ensemble,faithfulness_correlation,-0.06445827335119247,
squeezenet,ISIC_0015206,ensemble,pixel_flipping,316.85296630859375,
squeezenet,ISIC_0015206,ensemble,max_sensitivity,1.0616873502731323,
squeezenet,ISIC_0015206,ensemble,avg_sensitivity,1.0448855996131896,
squeezenet,ISIC_0015206,ensemble,relevance_mass_accuracy,0.4209185540676117,
squeezenet,ISIC_0015206,ensemble,pointing_game,1.0,
squeezenet,ISIC_0015206,ensemble,sparseness,0.5842192511038037,
squeezenet,ISIC_0015206,ensemble,complexity,11.300023078918457,
squeezenet,ISIC_0015206,ensemble,model_parameter_randomisation,,nan
squeezenet,ISIC_0015206,ensemble,random_logit,0.7405094525688306,
squeezenet,ISIC_0015206,ensemble,completeness,,nan
squeezenet,ISIC_0015206,ensemble,non_sensitivity,,nan
resnet18,ISIC_0012708,ensemble,faithfulness_correlation,-0.1182449534535408,
resnet18,ISIC_0012708,ensemble,pixel_flipping,561.7152709960938,
resnet18,ISIC_0012708,ensemble,max_sensitivity,1.0550169944763184,
resnet18,ISIC_0012708,ensemble,avg_sensitivity,1.038545262813568,
resnet18,ISIC_0012708,ensemble,relevance_mass_accuracy,0.14017726480960846,
resnet18,ISIC_0012708,ensemble,pointing_game,0.0,
resnet18,ISIC_0012708,ensemble,sparseness,0.49849017208337876,
resnet18,ISIC_0012708,ensemble,complexity,11.482345581054688,
resnet18,ISIC_0012708,ensemble,model_parameter_randomisation,,nan
resnet18,ISIC_0012708,ensemble,random_logit,0.5518832060824483,
resnet18,ISIC_0012708,ensemble,completeness,,nan
resnet18,ISIC_0012708,ensemble,non_sensitivity,,nan
squeezenet,ISIC_0012708,ensemble,faithfulness_correlation,0.4143005609512329,
squeezenet,ISIC_0012708,ensemble,pixel_flipping,412.03106689453125,
squeezenet,ISIC_0012708,ensemble,max_sensitivity,1.0977485179901123,
squeezenet,ISIC_0012708,ensemble,avg_sensitivity,1.061695921421051,
squeezenet,ISIC_0012708,ensemble,relevance_mass_accuracy,0.331093430519104,
squeezenet,ISIC_0012708,ensemble,pointing_game,0.0,
squeezenet,ISIC_0012708,ensemble,sparseness,0.677604562423913,
squeezenet,ISIC_0012708,ensemble,complexity,10.984077453613281,
squeezenet,ISIC_0012708,ensemble,model_parameter_randomisation,,nan
squeezenet,ISIC_0012708,ensemble,random_logit,0.868664878682334,
squeezenet,ISIC_0012708,ensemble,completeness,,nan
squeezenet,ISIC_0012708,ensemble,non_sensitivity,,nan
resnet18,ISIC_0013794,ensemble,faithfulness_correlation,-0.0870753824710846,
resnet18,ISIC_0013794,ensemble,pixel_flipping,448.5033264160156,
resnet18,ISIC_0013794,ensemble,max_sensitivity,1.0628188848495483,
resnet18,ISIC_0013794,ensemble,avg_sensitivity,1.0534715414047242,
resnet18,ISIC_0013794,ensemble,relevance_mass_accuracy,0.10253726691007614,
resnet18,ISIC_0013794,ensemble,pointing_game,0.0,
resnet18,ISIC_0013794,ensemble,sparseness,0.5387467123064352,
resnet18,ISIC_0013794,ensemble,complexity,11.401987075805664,
resnet18,ISIC_0013794,ensemble,model_parameter_randomisation,,nan
resnet18,ISIC_0013794,ensemble,random_logit,0.6328278210797549,
resnet18,ISIC_0013794,ensemble,completeness,,nan
resnet18,ISIC_0013794,ensemble,non_sensitivity,,nan
squeezenet,ISIC_0013794,ensemble,faithfulness_correlation,0.23021718859672546,
squeezenet,ISIC_0013794,ensemble,pixel_flipping,469.7336120605469,
squeezenet,ISIC_0013794,ensemble,max_sensitivity,1.1068141460418701,
squeezenet,ISIC_0013794,ensemble,avg_sensitivity,1.0961360454559326,
squeezenet,ISIC_0013794,ensemble,relevance_mass_accuracy,0.33193016052246094,
squeezenet,ISIC_0013794,ensemble,pointing_game,1.0,
squeezenet,ISIC_0013794,ensemble,sparseness,0.6861904233414595,
squeezenet,ISIC_0013794,ensemble,complexity,10.952847480773926,
squeezenet,ISIC_0013794,ensemble,model_parameter_randomisation,,nan
squeezenet,ISIC_0013794,ensemble,random_logit,0.8927849898474302,
squeezenet,ISIC_0013794,ensemble,completeness,,nan
squeezenet,ISIC_0013794,ensemble,non_sensitivity,,nan
resnet18,ISIC_0014867,ensemble,faithfulness_correlation,0.0755954161286354,
resnet18,ISIC_0014867,ensemble,pixel_flipping,601.58447265625,
resnet18,ISIC_0014867,ensemble,max_sensitivity,1.0011194944381714,
resnet18,ISIC_0014867,ensemble,avg_sensitivity,0.9951651573181153,
resnet18,ISIC_0014867,ensemble,relevance_mass_accuracy,0.3268941342830658,
resnet18,ISIC_0014867,ensemble,pointing_game,1.0,
resnet18,ISIC_0014867,ensemble,sparseness,0.5214405791228746,
resnet18,ISIC_0014867,ensemble,complexity,11.438470840454102,
resnet18,ISIC_0014867,ensemble,model_parameter_randomisation,,nan
resnet18,ISIC_0014867,ensemble,random_logit,0.5571903106566367,
resnet18,ISIC_0014867,ensemble,completeness,,nan
resnet18,ISIC_0014867,ensemble,non_sensitivity,,nan
squeezenet,ISIC_0014867,ensemble,faithfulness_correlation,0.2787516713142395,
squeezenet,ISIC_0014867,ensemble,pixel_flipping,321.1942138671875,
squeezenet,ISIC_0014867,ensemble,max_sensitivity,1.1127060651779175,
squeezenet,ISIC_0014867,ensemble,avg_sensitivity,1.1028815150260924,
squeezenet,ISIC_0014867,ensemble,relevance_mass_accuracy,0.5981053113937378,
squeezenet,ISIC_0014867,ensemble,pointing_game,1.0,
squeezenet,ISIC_0014867,ensemble,sparseness,0.6658107787315489,
squeezenet,ISIC_0014867,ensemble,complexity,11.06022834777832,
squeezenet,ISIC_0014867,ensemble,model_parameter_randomisation,,nan
squeezenet,ISIC_0014867,ensemble,random_logit,0.8142317542258615,
squeezenet,ISIC_0014867,ensemble,completeness,,nan
squeezenet,ISIC_0014867,ensemble,non_sensitivity,,nan
resnet18,ISIC_0014868,ensemble,faithfulness_correlation,0.001064520562067628,
resnet18,ISIC_0014868,ensemble,pixel_flipping,573.795166015625,
resnet18,ISIC_0014868,ensemble,max_sensitivity,1.023468255996704,
resnet18,ISIC_0014868,ensemble,avg_sensitivity,1.0045777440071106,
resnet18,ISIC_0014868,ensemble,relevance_mass_accuracy,0.6219643950462341,
resnet18,ISIC_0014868,ensemble,pointing_game,0.0,
resnet18,ISIC_0014868,ensemble,sparseness,0.4746578651326599,
resnet18,ISIC_0014868,ensemble,complexity,11.527841567993164,
resnet18,ISIC_0014868,ensemble,model_parameter_randomisation,,nan
resnet18,ISIC_0014868,ensemble,random_logit,0.5290488303277544,
resnet18,ISIC_0014868,ensemble,completeness,,nan
resnet18,ISIC_0014868,ensemble,non_sensitivity,,nan
squeezenet,ISIC_0014868,ensemble,faithfulness_correlation,-0.031211910769343376,
squeezenet,ISIC_0014868,ensemble,pixel_flipping,249.1543731689453,
squeezenet,ISIC_0014868,ensemble,max_sensitivity,1.0511313676834106,
squeezenet,ISIC_0014868,ensemble,avg_sensitivity,1.026522409915924,
squeezenet,ISIC_0014868,ensemble,relevance_mass_accuracy,0.8765999674797058,
squeezenet,ISIC_0014868,ensemble,pointing_game,1.0,
squeezenet,ISIC_0014868,ensemble,sparseness,0.587971227099997,
squeezenet,ISIC_0014868,ensemble,complexity,11.294092178344727,
squeezenet,ISIC_0014868,ensemble,model_parameter_randomisation,,nan
squeezenet,ISIC_0014868,ensemble,random_logit,0.7783190701845444,
squeezenet,ISIC_0014868,ensemble,completeness,,nan
squeezenet,ISIC_0014868,ensemble,non_sensitivity,,nan
resnet18,ISIC_0014936,ensemble,faithfulness_correlation,0.04817250743508339,
resnet18,ISIC_0014936,ensemble,pixel_flipping,602.9481201171875,
resnet18,ISIC_0014936,ensemble,max_sensitivity,0.9658983945846558,
resnet18,ISIC_0014936,ensemble,avg_sensitivity,0.9578441083431244,
resnet18,ISIC_0014936,ensemble,relevance_mass_accuracy,0.37282541394233704,
resnet18,ISIC_0014936,ensemble,pointing_game,1.0,
resnet18,ISIC_0014936,ensemble,sparseness,0.48545234305268137,
resnet18,ISIC_0014936,ensemble,complexity,11.513945579528809,
resnet18,ISIC_0014936,ensemble,model_parameter_randomisation,,nan
resnet18,ISIC_0014936,ensemble,random_logit,0.46043599934660934,
resnet18,ISIC_0014936,ensemble,completeness,,nan
resnet18,ISIC_0014936,ensemble,non_sensitivity,,nan
squeezenet,ISIC_0014936,ensemble,faithfulness_correlation,0.22752425074577332,
squeezenet,ISIC_0014936,ensemble,pixel_flipping,263.4921569824219,
squeezenet,ISIC_0014936,ensemble,max_sensitivity,1.0175188779830933,
squeezenet,ISIC_0014936,ensemble,avg_sensitivity,1.0018424570560456,
squeezenet,ISIC_0014936,ensemble,relevance_mass_accuracy,0.5278356075286865,
squeezenet,ISIC_0014936,ensemble,pointing_game,1.0,
squeezenet,ISIC_0014936,ensemble,sparseness,0.5983825659744233,
squeezenet,ISIC_0014936,ensemble,complexity,11.273045539855957,
squeezenet,ISIC_0014936,ensemble,model_parameter_randomisation,,nan
squeezenet,ISIC_0014936,ensemble,random_logit,0.8198092653254467,
squeezenet,ISIC_0014936,ensemble,completeness,,nan
squeezenet,ISIC_0014936,ensemble,non_sensitivity,,nan
resnet18,ISIC_0014943,ensemble,faithfulness_correlation,0.05628839135169983,
resnet18,ISIC_0014943,ensemble,pixel_flipping,609.6273193359375,
resnet18,ISIC_0014943,ensemble,max_sensitivity,0.9941361546516418,
resnet18,ISIC_0014943,ensemble,avg_sensitivity,0.9877607941627502,
resnet18,ISIC_0014943,ensemble,relevance_mass_accuracy,0.2883010804653168,
resnet18,ISIC_0014943,ensemble,pointing_game,1.0,
resnet18,ISIC_0014943,ensemble,sparseness,0.47391156939334345,
resnet18,ISIC_0014943,ensemble,complexity,11.51465892791748,
resnet18,ISIC_0014943,ensemble,model_parameter_randomisation,,nan
resnet18,ISIC_0014943,ensemble,random_logit,0.7295836794875901,
resnet18,ISIC_0014943,ensemble,completeness,,nan
resnet18,ISIC_0014943,ensemble,non_sensitivity,,nan
squeezenet,ISIC_0014943,ensemble,faithfulness_correlation,0.09884807467460632,
squeezenet,ISIC_0014943,ensemble,pixel_flipping,322.748779296875,
squeezenet,ISIC_0014943,ensemble,max_sensitivity,1.0923793315887451,
squeezenet,ISIC_0014943,ensemble,avg_sensitivity,1.0814037799835206,
squeezenet,ISIC_0014943,ensemble,relevance_mass_accuracy,0.3935893177986145,
squeezenet,ISIC_0014943,ensemble,pointing_game,1.0,
squeezenet,ISIC_0014943,ensemble,sparseness,0.6030554544864376,
squeezenet,ISIC_0014943,ensemble,complexity,11.242405891418457,
squeezenet,ISIC_0014943,ensemble,model_parameter_randomisation,,nan
squeezenet,ISIC_0014943,ensemble,random_logit,0.731184473404517,
squeezenet,ISIC_0014943,ensemble,completeness,,nan
squeezenet,ISIC_0014943,ensemble,non_sensitivity,,nan
resnet18,ISIC_0014956,ensemble,faithfulness_correlation,-0.08844272792339325,
resnet18,ISIC_0014956,ensemble,pixel_flipping,578.4937744140625,
resnet18,ISIC_0014956,ensemble,max_sensitivity,0.9746834635734558,
resnet18,ISIC_0014956,ensemble,avg_sensitivity,0.9520978152751922,
resnet18,ISIC_0014956,ensemble,relevance_mass_accuracy,0.6334767937660217,
resnet18,ISIC_0014956,ensemble,pointing_game,0.0,
resnet18,ISIC_0014956,ensemble,sparseness,0.5043498475357633,
resnet18,ISIC_0014956,ensemble,complexity,11.480952262878418,
resnet18,ISIC_0014956,ensemble,model_parameter_randomisation,,nan
resnet18,ISIC_0014956,ensemble,random_logit,0.4926600406637548,
resnet18,ISIC_0014956,ensemble,completeness,,nan
resnet18,ISIC_0014956,ensemble,non_sensitivity,,nan
squeezenet,ISIC_0014956,ensemble,faithfulness_correlation,-0.0865107923746109,
squeezenet,ISIC_0014956,ensemble,pixel_flipping,55.8584098815918,
squeezenet,ISIC_0014956,ensemble,max_sensitivity,1.082051157951355,
squeezenet,ISIC_0014956,ensemble,avg_sensitivity,1.0559378266334534,
squeezenet,ISIC_0014956,ensemble,relevance_mass_accuracy,0.5050721764564514,
squeezenet,ISIC_0014956,ensemble,pointing_game,1.0,
squeezenet,ISIC_0014956,ensemble,sparseness,0.5462063091497917,
squeezenet,ISIC_0014956,ensemble,complexity,11.378379821777344,
squeezenet,ISIC_0014956,ensemble,model_parameter_randomisation,,nan
squeezenet,ISIC_0014956,ensemble,random_logit,0.5575732232013126,
squeezenet,ISIC_0014956,ensemble,completeness,,nan
squeezenet,ISIC_0014956,ensemble,non_sensitivity,,nan
resnet18,ISIC_0014968,ensemble,faithfulness_correlation,-0.1001950278878212,
resnet18,ISIC_0014968,ensemble,pixel_flipping,16.105379104614258,
resnet18,ISIC_0014968,ensemble,max_sensitivity,1.0653514862060547,
resnet18,ISIC_0014968,ensemble,avg_sensitivity,1.064696192741394,
resnet18,ISIC_0014968,ensemble,relevance_mass_accuracy,0.5510374307632446,
resnet18,ISIC_0014968,ensemble,pointing_game,0.0,
resnet18,ISIC_0014968,ensemble,sparseness,0.45827845651385096,
resnet18,ISIC_0014968,ensemble,complexity,11.553653717041016,
resnet18,ISIC_0014968,ensemble,model_parameter_randomisation,,nan
resnet18,ISIC_0014968,ensemble,random_logit,0.5973524112533785,
resnet18,ISIC_0014968,ensemble,completeness,,nan
resnet18,ISIC_0014968,ensemble,non_sensitivity,,nan
squeezenet,ISIC_0014968,ensemble,faithfulness_correlation,0.0541011318564415,
squeezenet,ISIC_0014968,ensemble,pixel_flipping,45.93522262573242,
squeezenet,ISIC_0014968,ensemble,max_sensitivity,1.100251317024231,
squeezenet,ISIC_0014968,ensemble,avg_sensitivity,1.072165846824646,
squeezenet,ISIC_0014968,ensemble,relevance_mass_accuracy,0.3301110565662384,
squeezenet,ISIC_0014968,ensemble,pointing_game,0.0,
squeezenet,ISIC_0014968,ensemble,sparseness,0.5834946146346419,
squeezenet,ISIC_0014968,ensemble,complexity,11.30083179473877,
squeezenet,ISIC_0014968,ensemble,model_parameter_randomisation,,nan
squeezenet,ISIC_0014968,ensemble,random_logit,0.5142621799110673,
squeezenet,ISIC_0014968,ensemble,completeness,,nan
squeezenet,ISIC_0014968,ensemble,non_sensitivity,,nan
resnet18,ISIC_0014973,ensemble,faithfulness_correlation,0.1014985665678978,
resnet18,ISIC_0014973,ensemble,pixel_flipping,577.4151000976562,
resnet18,ISIC_0014973,ensemble,max_sensitivity,1.0159436464309692,
resnet18,ISIC_0014973,ensemble,avg_sensitivity,1.003156691789627,
resnet18,ISIC_0014973,ensemble,relevance_mass_accuracy,0.8017078042030334,
resnet18,ISIC_0014973,ensemble,pointing_game,1.0,
resnet18,ISIC_0014973,ensemble,sparseness,0.46193900043399444,
resnet18,ISIC_0014973,ensemble,complexity,11.542542457580566,
resnet18,ISIC_0014973,ensemble,model_parameter_randomisation,,nan
resnet18,ISIC_0014973,ensemble,random_logit,0.5876885093777412,
resnet18,ISIC_0014973,ensemble,completeness,,nan
resnet18,ISIC_0014973,ensemble,non_sensitivity,,nan
squeezenet,ISIC_0014973,ensemble,faithfulness_correlation,-0.12981227040290833,
squeezenet,ISIC_0014973,ensemble,pixel_flipping,340.7755126953125,
squeezenet,ISIC_0014973,ensemble,max_sensitivity,1.0374388694763184,
squeezenet,ISIC_0014973,ensemble,avg_sensitivity,1.0249339818954468,
squeezenet,ISIC_0014973,ensemble,relevance_mass_accuracy,0.8399069905281067,
squeezenet,ISIC_0014973,ensemble,pointing_game,0.0,
squeezenet,ISIC_0014973,ensemble,sparseness,0.5163691727540803,
squeezenet,ISIC_0014973,ensemble,complexity,11.449828147888184,
squeezenet,ISIC_0014973,ensemble,model_parameter_randomisation,,nan
squeezenet,ISIC_0014973,ensemble,random_logit,0.7009252820249454,
squeezenet,ISIC_0014973,ensemble,completeness,,nan
squeezenet,ISIC_0014973,ensemble,non_sensitivity,,nan
resnet18,ISIC_0015016,ensemble,faithfulness_correlation,-0.1424628049135208,
resnet18,ISIC_0015016,ensemble,pixel_flipping,602.460205078125,
resnet18,ISIC_0015016,ensemble,max_sensitivity,0.9584661722183228,
resnet18,ISIC_0015016,ensemble,avg_sensitivity,0.9482277631759644,
resnet18,ISIC_0015016,ensemble,relevance_mass_accuracy,0.6003356575965881,
resnet18,ISIC_0015016,ensemble,pointing_game,0.0,
resnet18,ISIC_0015016,ensemble,sparseness,0.45640857544038743,
resnet18,ISIC_0015016,ensemble,complexity,11.558942794799805,
resnet18,ISIC_0015016,ensemble,model_parameter_randomisation,,nan
resnet18,ISIC_0015016,ensemble,random_logit,0.5612310497221861,
resnet18,ISIC_0015016,ensemble,completeness,,nan
resnet18,ISIC_0015016,ensemble,non_sensitivity,,nan
squeezenet,ISIC_0015016,ensemble,faithfulness_correlation,-0.005100654438138008,
squeezenet,ISIC_0015016,ensemble,pixel_flipping,365.50323486328125,
squeezenet,ISIC_0015016,ensemble,max_sensitivity,1.0782654285430908,
squeezenet,ISIC_0015016,ensemble,avg_sensitivity,1.0646974325180054,
squeezenet,ISIC_0015016,ensemble,relevance_mass_accuracy,0.6908589005470276,
squeezenet,ISIC_0015016,ensemble,pointing_game,0.0,
squeezenet,ISIC_0015016,ensemble,sparseness,0.5486255853267614,
squeezenet,ISIC_0015016,ensemble,complexity,11.380681991577148,
squeezenet,ISIC_0015016,ensemble,model_parameter_randomisation,,nan
squeezenet,ISIC_0015016,ensemble,random_logit,0.7296942134193338,
squeezenet,ISIC_0015016,ensemble,completeness,,nan
squeezenet,ISIC_0015016,ensemble,non_sensitivity,,nan
resnet18,ISIC_0015023,ensemble,faithfulness_correlation,0.12465444952249527,
resnet18,ISIC_0015023,ensemble,pixel_flipping,613.4259033203125,
resnet18,ISIC_0015023,ensemble,max_sensitivity,0.9541166424751282,
resnet18,ISIC_0015023,ensemble,avg_sensitivity,0.948384553194046,
resnet18,ISIC_0015023,ensemble,relevance_mass_accuracy,0.3121052086353302,
resnet18,ISIC_0015023,ensemble,pointing_game,0.0,
resnet18,ISIC_0015023,ensemble,sparseness,0.44640443314981654,
resnet18,ISIC_0015023,ensemble,complexity,11.574653625488281,
resnet18,ISIC_0015023,ensemble,model_parameter_randomisation,,nan
resnet18,ISIC_0015023,ensemble,random_logit,0.5213263008416904,
resnet18,ISIC_0015023,ensemble,completeness,,nan
resnet18,ISIC_0015023,ensemble,non_sensitivity,,nan
squeezenet,ISIC_0015023,ensemble,faithfulness_correlation,0.0021657540928572416,
squeezenet,ISIC_0015023,ensemble,pixel_flipping,365.5194091796875,
squeezenet,ISIC_0015023,ensemble,max_sensitivity,1.109209418296814,
squeezenet,ISIC_0015023,ensemble,avg_sensitivity,1.0856776237487793,
squeezenet,ISIC_0015023,ensemble,relevance_mass_accuracy,0.9067279100418091,
squeezenet,ISIC_0015023,ensemble,pointing_game,1.0,
squeezenet,ISIC_0015023,ensemble,sparseness,0.6797105322663037,
squeezenet,ISIC_0015023,ensemble,complexity,10.978594779968262,
squeezenet,ISIC_0015023,ensemble,model_parameter_randomisation,,nan
squeezenet,ISIC_0015023,ensemble,random_logit,0.6600391627570763,
squeezenet,ISIC_0015023,ensemble,completeness,,nan
squeezenet,ISIC_0015023,ensemble,non_sensitivity,,nan
resnet18,ISIC_0015034,ensemble,faithfulness_correlation,0.07851353287696838,
resnet18,ISIC_0015034,ensemble,pixel_flipping,623.6485595703125,
resnet18,ISIC_0015034,ensemble,max_sensitivity,1.0207598209381104,
resnet18,ISIC_0015034,ensemble,avg_sensitivity,1.013373327255249,
resnet18,ISIC_0015034,ensemble,relevance_mass_accuracy,0.24442997574806213,
resnet18,ISIC_0015034,ensemble,pointing_game,1.0,
resnet18,ISIC_0015034,ensemble,sparseness,0.4913927529009204,
resnet18,ISIC_0015034,ensemble,complexity,11.502446174621582,
resnet18,ISIC_0015034,ensemble,model_parameter_randomisation,,nan
resnet18,ISIC_0015034,ensemble,random_logit,0.5318964655267826,
resnet18,ISIC_0015034,ensemble,completeness,,nan
resnet18,ISIC_0015034,ensemble,non_sensitivity,,nan
squeezenet,ISIC_0015034,ensemble,faithfulness_correlation,0.12330607324838638,
squeezenet,ISIC_0015034,ensemble,pixel_flipping,212.48049926757812,
squeezenet,ISIC_0015034,ensemble,max_sensitivity,1.1076734066009521,
squeezenet,ISIC_0015034,ensemble,avg_sensitivity,1.0792985081672668,
squeezenet,ISIC_0015034,ensemble,relevance_mass_accuracy,0.4450957775115967,
squeezenet,ISIC_0015034,ensemble,pointing_game,1.0,
squeezenet,ISIC_0015034,ensemble,sparseness,0.6466656696466138,
squeezenet,ISIC_0015034,ensemble,complexity,11.11623477935791,
squeezenet,ISIC_0015034,ensemble,model_parameter_randomisation,,nan
squeezenet,ISIC_0015034,ensemble,random_logit,0.8321571077337041,
squeezenet,ISIC_0015034,ensemble,completeness,,nan
squeezenet,ISIC_0015034,ensemble,non_sensitivity,,nan
resnet18,ISIC_0015139,ensemble,faithfulness_correlation,0.13163219392299652,
resnet18,ISIC_0015139,ensemble,pixel_flipping,578.5660400390625,
resnet18,ISIC_0015139,ensemble,max_sensitivity,0.9604856967926025,
resnet18,ISIC_0015139,ensemble,avg_sensitivity,0.9480811417102813,
resnet18,ISIC_0015139,ensemble,relevance_mass_accuracy,0.23188616335391998,
resnet18,ISIC_0015139,ensemble,pointing_game,1.0,
resnet18,ISIC_0015139,ensemble,sparseness,0.4992889123417047,
resnet18,ISIC_0015139,ensemble,complexity,11.486834526062012,
resnet18,ISIC_0015139,ensemble,model_parameter_randomisation,,nan
resnet18,ISIC_0015139,ensemble,random_logit,0.49993547911401715,
resnet18,ISIC_0015139,ensemble,completeness,,nan
resnet18,ISIC_0015139,ensemble,non_sensitivity,,nan
squeezenet,ISIC_0015139,ensemble,faithfulness_correlation,-0.04958047345280647,
squeezenet,ISIC_0015139,ensemble,pixel_flipping,369.0384216308594,
squeezenet,ISIC_0015139,ensemble,max_sensitivity,1.00803542137146,
squeezenet,ISIC_0015139,ensemble,avg_sensitivity,0.991156542301178,
squeezenet,ISIC_0015139,ensemble,relevance_mass_accuracy,0.32874277234077454,
squeezenet,ISIC_0015139,ensemble,pointing_game,0.0,
squeezenet,ISIC_0015139,ensemble,sparseness,0.5800079798901127,
squeezenet,ISIC_0015139,ensemble,complexity,11.309651374816895,
squeezenet,ISIC_0015139,ensemble,model_parameter_randomisation,,nan
squeezenet,ISIC_0015139,ensemble,random_logit,0.7553032497620434,
squeezenet,ISIC_0015139,ensemble,completeness,,nan
squeezenet,ISIC_0015139,ensemble,non_sensitivity,,nan
resnet18,ISIC_0015149,ensemble,faithfulness_correlation,0.09855186194181442,
resnet18,ISIC_0015149,ensemble,pixel_flipping,16.95022964477539,
resnet18,ISIC_0015149,ensemble,max_sensitivity,1.1870685815811157,
resnet18,ISIC_0015149,ensemble,avg_sensitivity,1.147596275806427,
resnet18,ISIC_0015149,ensemble,relevance_mass_accuracy,0.25377434492111206,
resnet18,ISIC_0015149,ensemble,pointing_game,0.0,
resnet18,ISIC_0015149,ensemble,sparseness,0.4876897822875301,
resnet18,ISIC_0015149,ensemble,complexity,11.498810768127441,
resnet18,ISIC_0015149,ensemble,model_parameter_randomisation,,nan
resnet18,ISIC_0015149,ensemble,random_logit,0.5009564783341856,
resnet18,ISIC_0015149,ensemble,completeness,,nan
resnet18,ISIC_0015149,ensemble,non_sensitivity,,nan
squeezenet,ISIC_0015149,ensemble,faithfulness_correlation,0.03341324254870415,
squeezenet,ISIC_0015149,ensemble,pixel_flipping,177.35885620117188,
squeezenet,ISIC_0015149,ensemble,max_sensitivity,1.0237624645233154,
squeezenet,ISIC_0015149,ensemble,avg_sensitivity,1.0140685439109802,
squeezenet,ISIC_0015149,ensemble,relevance_mass_accuracy,0.6185314059257507,
squeezenet,ISIC_0015149,ensemble,pointing_game,0.0,
squeezenet,ISIC_0015149,ensemble,sparseness,0.5551836359490978,
squeezenet,ISIC_0015149,ensemble,complexity,11.367831230163574,
squeezenet,ISIC_0015149,ensemble,model_parameter_randomisation,,nan
squeezenet,ISIC_0015149,ensemble,random_logit,0.7193244308921802,
squeezenet,ISIC_0015149,ensemble,completeness,,nan
squeezenet,ISIC_0015149,ensemble,non_sensitivity,,nan
resnet18,ISIC_0015160,ensemble,faithfulness_correlation,-0.18369434773921967,
resnet18,ISIC_0015160,ensemble,pixel_flipping,622.7640380859375,
resnet18,ISIC_0015160,ensemble,max_sensitivity,0.9600130319595337,
resnet18,ISIC_0015160,ensemble,avg_sensitivity,0.9541620433330535,
resnet18,ISIC_0015160,ensemble,relevance_mass_accuracy,0.5325826406478882,
resnet18,ISIC_0015160,ensemble,pointing_game,1.0,
resnet18,ISIC_0015160,ensemble,sparseness,0.44665721843098527,
resnet18,ISIC_0015160,ensemble,complexity,11.573421478271484,
resnet18,ISIC_0015160,ensemble,model_parameter_randomisation,,nan
resnet18,ISIC_0015160,ensemble,random_logit,0.5194516918838366,
resnet18,ISIC_0015160,ensemble,completeness,,nan
resnet18,ISIC_0015160,ensemble,non_sensitivity,,nan
squeezenet,ISIC_0015160,ensemble,faithfulness_correlation,-0.07928713411092758,
squeezenet,ISIC_0015160,ensemble,pixel_flipping,37.77660369873047,
squeezenet,ISIC_0015160,ensemble,max_sensitivity,0.9975876808166504,
squeezenet,ISIC_0015160,ensemble,avg_sensitivity,0.9840769171714783,
squeezenet,ISIC_0015160,ensemble,relevance_mass_accuracy,0.6407085061073303,
squeezenet,ISIC_0015160,ensemble,pointing_game,1.0,
squeezenet,ISIC_0015160,ensemble,sparseness,0.5684325502977872,
squeezenet,ISIC_0015160,ensemble,complexity,11.334009170532227,
squeezenet,ISIC_0015160,ensemble,model_parameter_randomisation,,nan
squeezenet,ISIC_0015160,ensemble,random_logit,0.6956672476330007,
squeezenet,ISIC_0015160,ensemble,completeness,,nan
squeezenet,ISIC_0015160,ensemble,non_sensitivity,,nan
resnet18,ISIC_0015174,ensemble,faithfulness_correlation,0.11393986642360687,
resnet18,ISIC_0015174,ensemble,pixel_flipping,609.0032958984375,
resnet18,ISIC_0015174,ensemble,max_sensitivity,0.9928467869758606,
resnet18,ISIC_0015174,ensemble,avg_sensitivity,0.9875986337661743,
resnet18,ISIC_0015174,ensemble,relevance_mass_accuracy,0.40506890416145325,
resnet18,ISIC_0015174,ensemble,pointing_game,0.0,
resnet18,ISIC_0015174,ensemble,sparseness,0.5093567235964968,
resnet18,ISIC_0015174,ensemble,complexity,11.463835716247559,
resnet18,ISIC_0015174,ensemble,model_parameter_randomisation,,nan
resnet18,ISIC_0015174,ensemble,random_logit,0.7401100884057741,
resnet18,ISIC_0015174,ensemble,completeness,,nan
resnet18,ISIC_0015174,ensemble,non_sensitivity,,nan
squeezenet,ISIC_0015174,ensemble,faithfulness_correlation,0.06138338893651962,
squeezenet,ISIC_0015174,ensemble,pixel_flipping,241.6217803955078,
squeezenet,ISIC_0015174,ensemble,max_sensitivity,1.064222812652588,
squeezenet,ISIC_0015174,ensemble,avg_sensitivity,1.0405116200447082,
squeezenet,ISIC_0015174,ensemble,relevance_mass_accuracy,0.5139181613922119,
squeezenet,ISIC_0015174,ensemble,pointing_game,1.0,
squeezenet,ISIC_0015174,ensemble,sparseness,0.6249057144358566,
squeezenet,ISIC_0015174,ensemble,complexity,11.19407844543457,
squeezenet,ISIC_0015174,ensemble,model_parameter_randomisation,,nan
squeezenet,ISIC_0015174,ensemble,random_logit,0.821757393652718,
squeezenet,ISIC_0015174,ensemble,completeness,,nan
squeezenet,ISIC_0015174,ensemble,non_sensitivity,,nan
resnet18,ISIC_0015203,ensemble,faithfulness_correlation,-0.029789529740810394,
resnet18,ISIC_0015203,ensemble,pixel_flipping,501.742919921875,
resnet18,ISIC_0015203,ensemble,max_sensitivity,1.057045340538025,
resnet18,ISIC_0015203,ensemble,avg_sensitivity,1.0362749934196471,
resnet18,ISIC_0015203,ensemble,relevance_mass_accuracy,0.7424148917198181,
resnet18,ISIC_0015203,ensemble,pointing_game,0.0,
resnet18,ISIC_0015203,ensemble,sparseness,0.4360506856062544,
resnet18,ISIC_0015203,ensemble,complexity,11.582439422607422,
resnet18,ISIC_0015203,ensemble,model_parameter_randomisation,,nan
resnet18,ISIC_0015203,ensemble,random_logit,0.6734465368357669,
resnet18,ISIC_0015203,ensemble,completeness,,nan
resnet18,ISIC_0015203,ensemble,non_sensitivity,,nan
squeezenet,ISIC_0015203,ensemble,faithfulness_correlation,-0.1445581614971161,
squeezenet,ISIC_0015203,ensemble,pixel_flipping,34.0201301574707,
squeezenet,ISIC_0015203,ensemble,max_sensitivity,1.118105173110962,
squeezenet,ISIC_0015203,ensemble,avg_sensitivity,1.0859164714813232,
squeezenet,ISIC_0015203,ensemble,relevance_mass_accuracy,0.5945692658424377,
squeezenet,ISIC_0015203,ensemble,pointing_game,1.0,
squeezenet,ISIC_0015203,ensemble,sparseness,0.5695062964783483,
squeezenet,ISIC_0015203,ensemble,complexity,11.335625648498535,
squeezenet,ISIC_0015203,ensemble,model_parameter_randomisation,,nan
squeezenet,ISIC_0015203,ensemble,random_logit,0.5651795608732846,
squeezenet,ISIC_0015203,ensemble,completeness,,nan
squeezenet,ISIC_0015203,ensemble,non_sensitivity,,nan
resnet18,ISIC_0015244,ensemble,faithfulness_correlation,0.07527648657560349,
resnet18,ISIC_0015244,ensemble,pixel_flipping,102.19099426269531,
resnet18,ISIC_0015244,ensemble,max_sensitivity,1.1429157257080078,
resnet18,ISIC_0015244,ensemble,avg_sensitivity,1.0832428097724915,
resnet18,ISIC_0015244,ensemble,relevance_mass_accuracy,0.5144540071487427,
resnet18,ISIC_0015244,ensemble,pointing_game,0.0,
resnet18,ISIC_0015244,ensemble,sparseness,0.47246383700106204,
resnet18,ISIC_0015244,ensemble,complexity,11.53031063079834,
resnet18,ISIC_0015244,ensemble,model_parameter_randomisation,,nan
resnet18,ISIC_0015244,ensemble,random_logit,0.7165288775934164,
resnet18,ISIC_0015244,ensemble,completeness,,nan
resnet18,ISIC_0015244,ensemble,non_sensitivity,,nan
squeezenet,ISIC_0015244,ensemble,faithfulness_correlation,0.10477076470851898,
squeezenet,ISIC_0015244,ensemble,pixel_flipping,228.28268432617188,
squeezenet,ISIC_0015244,ensemble,max_sensitivity,1.012694001197815,
squeezenet,ISIC_0015244,ensemble,avg_sensitivity,1.00278280377388,
squeezenet,ISIC_0015244,ensemble,relevance_mass_accuracy,0.64412522315979,
squeezenet,ISIC_0015244,ensemble,pointing_game,1.0,
squeezenet,ISIC_0015244,ensemble,sparseness,0.6146332203059691,
squeezenet,ISIC_0015244,ensemble,complexity,11.228055953979492,
squeezenet,ISIC_0015244,ensemble,model_parameter_randomisation,,nan
squeezenet,ISIC_0015244,ensemble,random_logit,0.8014676544210787,
squeezenet,ISIC_0015244,ensemble,completeness,,nan
squeezenet,ISIC_0015244,ensemble,non_sensitivity,,nan
resnet18,ISIC_0015273,ensemble,faithfulness_correlation,-0.039176277816295624,
resnet18,ISIC_0015273,ensemble,pixel_flipping,607.7886352539062,
resnet18,ISIC_0015273,ensemble,max_sensitivity,0.9895597100257874,
resnet18,ISIC_0015273,ensemble,avg_sensitivity,0.9810478866100312,
resnet18,ISIC_0015273,ensemble,relevance_mass_accuracy,0.10672824829816818,
resnet18,ISIC_0015273,ensemble,pointing_game,1.0,
resnet18,ISIC_0015273,ensemble,sparseness,0.5387103259256762,
resnet18,ISIC_0015273,ensemble,complexity,11.397148132324219,
resnet18,ISIC_0015273,ensemble,model_parameter_randomisation,,nan
resnet18,ISIC_0015273,ensemble,random_logit,0.6354382543665912,
resnet18,ISIC_0015273,ensemble,completeness,,nan
resnet18,ISIC_0015273,ensemble,non_sensitivity,,nan
squeezenet,ISIC_0015273,ensemble,faithfulness_correlation,0.0397445373237133,
squeezenet,ISIC_0015273,ensemble,pixel_flipping,304.0528564453125,
squeezenet,ISIC_0015273,ensemble,max_sensitivity,1.0695899724960327,
squeezenet,ISIC_0015273,ensemble,avg_sensitivity,1.0626333355903625,
squeezenet,ISIC_0015273,ensemble,relevance_mass_accuracy,0.24319468438625336,
squeezenet,ISIC_0015273,ensemble,pointing_game,1.0,
squeezenet,ISIC_0015273,ensemble,sparseness,0.6432614771205017,
squeezenet,ISIC_0015273,ensemble,complexity,11.066744804382324,
squeezenet,ISIC_0015273,ensemble,model_parameter_randomisation,,nan
squeezenet,ISIC_0015273,ensemble,random_logit,0.8903826438476496,
squeezenet,ISIC_0015273,ensemble,completeness,,nan
squeezenet,ISIC_0015273,ensemble,non_sensitivity,,nan
resnet18,ISIC_0015309,ensemble,faithfulness_correlation,0.08194760233163834,
resnet18,ISIC_0015309,ensemble,pixel_flipping,30.39216423034668,
resnet18,ISIC_0015309,ensemble,max_sensitivity,1.1505675315856934,
resnet18,ISIC_0015309,ensemble,avg_sensitivity,1.0776841521263123,
resnet18,ISIC_0015309,ensemble,relevance_mass_accuracy,-0.030091265216469765,
resnet18,ISIC_0015309,ensemble,pointing_game,1.0,
resnet18,ISIC_0015309,ensemble,sparseness,0.492972369814486,
resnet18,ISIC_0015309,ensemble,complexity,11.491254806518555,
resnet18,ISIC_0015309,ensemble,model_parameter_randomisation,,nan
resnet18,ISIC_0015309,ensemble,random_logit,0.5987163921396405,
resnet18,ISIC_0015309,ensemble,completeness,,nan
resnet18,ISIC_0015309,ensemble,non_sensitivity,,nan
squeezenet,ISIC_0015309,ensemble,faithfulness_correlation,-0.06574802845716476,
squeezenet,ISIC_0015309,ensemble,pixel_flipping,481.0980529785156,
squeezenet,ISIC_0015309,ensemble,max_sensitivity,1.097308874130249,
squeezenet,ISIC_0015309,ensemble,avg_sensitivity,1.0783188581466674,
squeezenet,ISIC_0015309,ensemble,relevance_mass_accuracy,0.43979373574256897,
squeezenet,ISIC_0015309,ensemble,pointing_game,1.0,
squeezenet,ISIC_0015309,ensemble,sparseness,0.6668130352293693,
squeezenet,ISIC_0015309,ensemble,complexity,11.05773639678955,
squeezenet,ISIC_0015309,ensemble,model_parameter_randomisation,,nan
squeezenet,ISIC_0015309,ensemble,random_logit,0.7930138383709608,
squeezenet,ISIC_0015309,ensemble,completeness,,nan
squeezenet,ISIC_0015309,ensemble,non_sensitivity,,nan
resnet18,ISIC_0015440,ensemble,faithfulness_correlation,0.17293404042720795,
resnet18,ISIC_0015440,ensemble,pixel_flipping,595.8441162109375,
resnet18,ISIC_0015440,ensemble,max_sensitivity,1.028672218322754,
resnet18,ISIC_0015440,ensemble,avg_sensitivity,1.013261342048645,
resnet18,ISIC_0015440,ensemble,relevance_mass_accuracy,0.17065970599651337,
resnet18,ISIC_0015440,ensemble,pointing_game,0.0,
resnet18,ISIC_0015440,ensemble,sparseness,0.478664260523903,
resnet18,ISIC_0015440,ensemble,complexity,11.5092191696167,
resnet18,ISIC_0015440,ensemble,model_parameter_randomisation,,nan
resnet18,ISIC_0015440,ensemble,random_logit,0.6808688874441546,
resnet18,ISIC_0015440,ensemble,completeness,,nan
resnet18,ISIC_0015440,ensemble,non_sensitivity,,nan
squeezenet,ISIC_0015440,ensemble,faithfulness_correlation,0.14181819558143616,
squeezenet,ISIC_0015440,ensemble,pixel_flipping,214.265869140625,
squeezenet,ISIC_0015440,ensemble,max_sensitivity,1.12743079662323,
squeezenet,ISIC_0015440,ensemble,avg_sensitivity,1.1099847912788392,
squeezenet,ISIC_0015440,ensemble,relevance_mass_accuracy,0.4837171137332916,
squeezenet,ISIC_0015440,ensemble,pointing_game,1.0,
squeezenet,ISIC_0015440,ensemble,sparseness,0.7063065415667954,
squeezenet,ISIC_0015440,ensemble,complexity,10.91002082824707,
squeezenet,ISIC_0015440,ensemble,model_parameter_randomisation,,nan
squeezenet,ISIC_0015440,ensemble,random_logit,0.8586464198181224,
squeezenet,ISIC_0015440,ensemble,completeness,,nan
squeezenet,ISIC_0015440,ensemble,non_sensitivity,,nan
resnet18,ISIC_0015485,ensemble,faithfulness_correlation,0.03147110342979431,
resnet18,ISIC_0015485,ensemble,pixel_flipping,562.6903076171875,
resnet18,ISIC_0015485,ensemble,max_sensitivity,1.0375232696533203,
resnet18,ISIC_0015485,ensemble,avg_sensitivity,1.028804397583008,
resnet18,ISIC_0015485,ensemble,relevance_mass_accuracy,0.7286115884780884,
resnet18,ISIC_0015485,ensemble,pointing_game,1.0,
resnet18,ISIC_0015485,ensemble,sparseness,0.4391136887390459,
resnet18,ISIC_0015485,ensemble,complexity,11.578478813171387,
resnet18,ISIC_0015485,ensemble,model_parameter_randomisation,,nan
resnet18,ISIC_0015485,ensemble,random_logit,0.6171790701467388,
resnet18,ISIC_0015485,ensemble,completeness,,nan
resnet18,ISIC_0015485,ensemble,non_sensitivity,,nan
squeezenet,ISIC_0015485,ensemble,faithfulness_correlation,0.058775875717401505,
squeezenet,ISIC_0015485,ensemble,pixel_flipping,36.88823699951172,
squeezenet,ISIC_0015485,ensemble,max_sensitivity,1.1410020589828491,
squeezenet,ISIC_0015485,ensemble,avg_sensitivity,1.1289704322814942,
squeezenet,ISIC_0015485,ensemble,relevance_mass_accuracy,0.6898531913757324,
squeezenet,ISIC_0015485,ensemble,pointing_game,0.0,
squeezenet,ISIC_0015485,ensemble,sparseness,0.5456534398563347,
squeezenet,ISIC_0015485,ensemble,complexity,11.374879837036133,
squeezenet,ISIC_0015485,ensemble,model_parameter_randomisation,,nan
squeezenet,ISIC_0015485,ensemble,random_logit,0.5313363383900391,
squeezenet,ISIC_0015485,ensemble,completeness,,nan
squeezenet,ISIC_0015485,ensemble,non_sensitivity,,nan
resnet18,ISIC_0015526,ensemble,faithfulness_correlation,-0.14219309389591217,
resnet18,ISIC_0015526,ensemble,pixel_flipping,589.162109375,
resnet18,ISIC_0015526,ensemble,max_sensitivity,1.049286127090454,
resnet18,ISIC_0015526,ensemble,avg_sensitivity,1.0384639620780944,
resnet18,ISIC_0015526,ensemble,relevance_mass_accuracy,0.18533116579055786,
resnet18,ISIC_0015526,ensemble,pointing_game,0.0,
resnet18,ISIC_0015526,ensemble,sparseness,0.48248972764863957,
resnet18,ISIC_0015526,ensemble,complexity,11.51716423034668,
resnet18,ISIC_0015526,ensemble,model_parameter_randomisation,,nan
resnet18,ISIC_0015526,ensemble,random_logit,0.5685352010339217,
resnet18,ISIC_0015526,ensemble,completeness,,nan
resnet18,ISIC_0015526,ensemble,non_sensitivity,,nan
squeezenet,ISIC_0015526,ensemble,faithfulness_correlation,0.2165183424949646,
squeezenet,ISIC_0015526,ensemble,pixel_flipping,259.2426452636719,
squeezenet,ISIC_0015526,ensemble,max_sensitivity,1.1355578899383545,
squeezenet,ISIC_0015526,ensemble,avg_sensitivity,1.1118250966072083,
squeezenet,ISIC_0015526,ensemble,relevance_mass_accuracy,0.4106380045413971,
squeezenet,ISIC_0015526,ensemble,pointing_game,1.0,
squeezenet,ISIC_0015526,ensemble,sparseness,0.6186999266153185,
squeezenet,ISIC_0015526,ensemble,complexity,11.191015243530273,
squeezenet,ISIC_0015526,ensemble,model_parameter_randomisation,,nan
squeezenet,ISIC_0015526,ensemble,random_logit,0.704155835119823,
squeezenet,ISIC_0015526,ensemble,completeness,,nan
squeezenet,ISIC_0015526,ensemble,non_sensitivity,,nan
resnet18,ISIC_0015638,ensemble,faithfulness_correlation,0.026973329484462738,
resnet18,ISIC_0015638,ensemble,pixel_flipping,581.00634765625,
resnet18,ISIC_0015638,ensemble,max_sensitivity,1.0442923307418823,
resnet18,ISIC_0015638,ensemble,avg_sensitivity,1.0345247983932495,
resnet18,ISIC_0015638,ensemble,relevance_mass_accuracy,0.3716415762901306,
resnet18,ISIC_0015638,ensemble,pointing_game,0.0,
resnet18,ISIC_0015638,ensemble,sparseness,0.5379623470202949,
resnet18,ISIC_0015638,ensemble,complexity,11.414077758789062,
resnet18,ISIC_0015638,ensemble,model_parameter_randomisation,,nan
resnet18,ISIC_0015638,ensemble,random_logit,0.5367274730054322,
resnet18,ISIC_0015638,ensemble,completeness,,nan
resnet18,ISIC_0015638,ensemble,non_sensitivity,,nan
squeezenet,ISIC_0015638,ensemble,faithfulness_correlation,0.19117632508277893,
squeezenet,ISIC_0015638,ensemble,pixel_flipping,576.9385375976562,
squeezenet,ISIC_0015638,ensemble,max_sensitivity,1.1266576051712036,
squeezenet,ISIC_0015638,ensemble,avg_sensitivity,1.1158127069473267,
squeezenet,ISIC_0015638,ensemble,relevance_mass_accuracy,0.5172649025917053,
squeezenet,ISIC_0015638,ensemble,pointing_game,1.0,
squeezenet,ISIC_0015638,ensemble,sparseness,0.5888140189170783,
squeezenet,ISIC_0015638,ensemble,complexity,11.268972396850586,
squeezenet,ISIC_0015638,ensemble,model_parameter_randomisation,,nan
squeezenet,ISIC_0015638,ensemble,random_logit,0.8895232197316237,
squeezenet,ISIC_0015638,ensemble,completeness,,nan
squeezenet,ISIC_0015638,ensemble,non_sensitivity,,nan
resnet18,ISIC_0015949,ensemble,faithfulness_correlation,0.019611453637480736,
resnet18,ISIC_0015949,ensemble,pixel_flipping,501.25018310546875,
resnet18,ISIC_0015949,ensemble,max_sensitivity,1.054900884628296,
resnet18,ISIC_0015949,ensemble,avg_sensitivity,1.0428200840950013,
resnet18,ISIC_0015949,ensemble,relevance_mass_accuracy,0.022804822772741318,
resnet18,ISIC_0015949,ensemble,pointing_game,0.0,
resnet18,ISIC_0015949,ensemble,sparseness,0.44342703548081525,
resnet18,ISIC_0015949,ensemble,complexity,11.57165241241455,
resnet18,ISIC_0015949,ensemble,model_parameter_randomisation,,nan
resnet18,ISIC_0015949,ensemble,random_logit,0.44287159627886413,
resnet18,ISIC_0015949,ensemble,completeness,,nan
resnet18,ISIC_0015949,ensemble,non_sensitivity,,nan
squeezenet,ISIC_0015949,ensemble,faithfulness_correlation,-0.039621129631996155,
squeezenet,ISIC_0015949,ensemble,pixel_flipping,420.47247314453125,
squeezenet,ISIC_0015949,ensemble,max_sensitivity,1.0795609951019287,
squeezenet,ISIC_0015949,ensemble,avg_sensitivity,1.0626959323883056,
squeezenet,ISIC_0015949,ensemble,relevance_mass_accuracy,0.14244693517684937,
squeezenet,ISIC_0015949,ensemble,pointing_game,0.0,
squeezenet,ISIC_0015949,ensemble,sparseness,0.6582923701410001,
squeezenet,ISIC_0015949,ensemble,complexity,11.044829368591309,
squeezenet,ISIC_0015949,ensemble,model_parameter_randomisation,,nan
squeezenet,ISIC_0015949,ensemble,random_logit,0.8028786498993792,
squeezenet,ISIC_0015949,ensemble,completeness,,nan
squeezenet,ISIC_0015949,ensemble,non_sensitivity,,nan
resnet18,ISIC_0015950,ensemble,faithfulness_correlation,0.14614759385585785,
resnet18,ISIC_0015950,ensemble,pixel_flipping,373.2212829589844,
resnet18,ISIC_0015950,ensemble,max_sensitivity,1.0581246614456177,
resnet18,ISIC_0015950,ensemble,avg_sensitivity,1.0444282293319702,
resnet18,ISIC_0015950,ensemble,relevance_mass_accuracy,0.0786886215209961,
resnet18,ISIC_0015950,ensemble,pointing_game,0.0,
resnet18,ISIC_0015950,ensemble,sparseness,0.550136367223958,
resnet18,ISIC_0015950,ensemble,complexity,11.371846199035645,
resnet18,ISIC_0015950,ensemble,model_parameter_randomisation,,nan
resnet18,ISIC_0015950,ensemble,random_logit,0.5646676773021961,
resnet18,ISIC_0015950,ensemble,completeness,,nan
resnet18,ISIC_0015950,ensemble,non_sensitivity,,nan
squeezenet,ISIC_0015950,ensemble,faithfulness_correlation,0.2023906260728836,
squeezenet,ISIC_0015950,ensemble,pixel_flipping,53.309852600097656,
squeezenet,ISIC_0015950,ensemble,max_sensitivity,1.0932239294052124,
squeezenet,ISIC_0015950,ensemble,avg_sensitivity,1.0859804987907409,
squeezenet,ISIC_0015950,ensemble,relevance_mass_accuracy,0.125007763504982,
squeezenet,ISIC_0015950,ensemble,pointing_game,0.0,
squeezenet,ISIC_0015950,ensemble,sparseness,0.6393478816283249,
squeezenet,ISIC_0015950,ensemble,complexity,11.121514320373535,
squeezenet,ISIC_0015950,ensemble,model_parameter_randomisation,,nan
squeezenet,ISIC_0015950,ensemble,random_logit,0.7047973606711513,
squeezenet,ISIC_0015950,ensemble,completeness,,nan
squeezenet,ISIC_0015950,ensemble,non_sensitivity,,nan
resnet18,ISIC_0015957,ensemble,faithfulness_correlation,-0.052458349615335464,
resnet18,ISIC_0015957,ensemble,pixel_flipping,8.289290428161621,
resnet18,ISIC_0015957,ensemble,max_sensitivity,1.0681419372558594,
resnet18,ISIC_0015957,ensemble,avg_sensitivity,1.059029793739319,
resnet18,ISIC_0015957,ensemble,relevance_mass_accuracy,0.20863355696201324,
resnet18,ISIC_0015957,ensemble,pointing_game,0.0,
resnet18,ISIC_0015957,ensemble,sparseness,0.4616957527059281,
resnet18,ISIC_0015957,ensemble,complexity,11.549656867980957,
resnet18,ISIC_0015957,ensemble,model_parameter_randomisation,,nan
resnet18,ISIC_0015957,ensemble,random_logit,0.6301580695940412,
resnet18,ISIC_0015957,ensemble,completeness,,nan
resnet18,ISIC_0015957,ensemble,non_sensitivity,,nan
squeezenet,ISIC_0015957,ensemble,faithfulness_correlation,-0.05369991436600685,
squeezenet,ISIC_0015957,ensemble,pixel_flipping,57.574546813964844,
squeezenet,ISIC_0015957,ensemble,max_sensitivity,1.1776422262191772,
squeezenet,ISIC_0015957,ensemble,avg_sensitivity,1.1542442440986633,
squeezenet,ISIC_0015957,ensemble,relevance_mass_accuracy,0.2627231478691101,
squeezenet,ISIC_0015957,ensemble,pointing_game,0.0,
squeezenet,ISIC_0015957,ensemble,sparseness,0.6245773748515959,
squeezenet,ISIC_0015957,ensemble,complexity,11.200359344482422,
squeezenet,ISIC_0015957,ensemble,model_parameter_randomisation,,nan
squeezenet,ISIC_0015957,ensemble,random_logit,0.46744314932396047,
squeezenet,ISIC_0015957,ensemble,completeness,,nan
squeezenet,ISIC_0015957,ensemble,non_sensitivity,,nan
resnet18,ISIC_0015959,ensemble,faithfulness_correlation,0.05249682813882828,
resnet18,ISIC_0015959,ensemble,pixel_flipping,526.0604248046875,
resnet18,ISIC_0015959,ensemble,max_sensitivity,1.0895326137542725,
resnet18,ISIC_0015959,ensemble,avg_sensitivity,1.0807850003242492,
resnet18,ISIC_0015959,ensemble,relevance_mass_accuracy,0.3628685474395752,
resnet18,ISIC_0015959,ensemble,pointing_game,0.0,
resnet18,ISIC_0015959,ensemble,sparseness,0.4882465303208375,
resnet18,ISIC_0015959,ensemble,complexity,11.504146575927734,
resnet18,ISIC_0015959,ensemble,model_parameter_randomisation,,nan
resnet18,ISIC_0015959,ensemble,random_logit,0.6638498205351422,
resnet18,ISIC_0015959,ensemble,completeness,,nan
resnet18,ISIC_0015959,ensemble,non_sensitivity,,nan
squeezenet,ISIC_0015959,ensemble,faithfulness_correlation,-0.020874911919236183,
squeezenet,ISIC_0015959,ensemble,pixel_flipping,417.2458190917969,
squeezenet,ISIC_0015959,ensemble,max_sensitivity,1.1615630388259888,
squeezenet,ISIC_0015959,ensemble,avg_sensitivity,1.1516989111900329,
squeezenet,ISIC_0015959,ensemble,relevance_mass_accuracy,0.6477477550506592,
squeezenet,ISIC_0015959,ensemble,pointing_game,1.0,
squeezenet,ISIC_0015959,ensemble,sparseness,0.6196017245185114,
squeezenet,ISIC_0015959,ensemble,complexity,11.207123756408691,
squeezenet,ISIC_0015959,ensemble,model_parameter_randomisation,,nan
squeezenet,ISIC_0015959,ensemble,random_logit,0.6859118801173736,
squeezenet,ISIC_0015959,ensemble,completeness,,nan
squeezenet,ISIC_0015959,ensemble,non_sensitivity,,nan
resnet18,ISIC_0015961,ensemble,faithfulness_correlation,0.28394851088523865,
resnet18,ISIC_0015961,ensemble,pixel_flipping,552.3460083007812,
resnet18,ISIC_0015961,ensemble,max_sensitivity,1.057124137878418,
resnet18,ISIC_0015961,ensemble,avg_sensitivity,1.0552724242210387,
resnet18,ISIC_0015961,ensemble,relevance_mass_accuracy,0.1439627856016159,
resnet18,ISIC_0015961,ensemble,pointing_game,0.0,
resnet18,ISIC_0015961,ensemble,sparseness,0.5199971802633394,
resnet18,ISIC_0015961,ensemble,complexity,11.444292068481445,
resnet18,ISIC_0015961,ensemble,model_parameter_randomisation,,nan
resnet18,ISIC_0015961,ensemble,random_logit,0.4521581630991923,
resnet18,ISIC_0015961,ensemble,completeness,,nan
resnet18,ISIC_0015961,ensemble,non_sensitivity,,nan
squeezenet,ISIC_0015961,ensemble,faithfulness_correlation,0.05931215360760689,
squeezenet,ISIC_0015961,ensemble,pixel_flipping,237.52987670898438,
squeezenet,ISIC_0015961,ensemble,max_sensitivity,1.0971648693084717,
squeezenet,ISIC_0015961,ensemble,avg_sensitivity,1.0703916668891906,
squeezenet,ISIC_0015961,ensemble,relevance_mass_accuracy,0.4511254131793976,
squeezenet,ISIC_0015961,ensemble,pointing_game,0.0,
squeezenet,ISIC_0015961,ensemble,sparseness,0.7155054952887381,
squeezenet,ISIC_0015961,ensemble,complexity,10.869084358215332,
squeezenet,ISIC_0015961,ensemble,model_parameter_randomisation,,nan
squeezenet,ISIC_0015961,ensemble,random_logit,0.8471814043421811,
squeezenet,ISIC_0015961,ensemble,completeness,,nan
squeezenet,ISIC_0015961,ensemble,non_sensitivity,,nan
resnet18,ISIC_0015971,ensemble,faithfulness_correlation,-0.017283642664551735,
resnet18,ISIC_0015971,ensemble,pixel_flipping,507.5249938964844,
resnet18,ISIC_0015971,ensemble,max_sensitivity,1.0612881183624268,
resnet18,ISIC_0015971,ensemble,avg_sensitivity,1.0588372468948364,
resnet18,ISIC_0015971,ensemble,relevance_mass_accuracy,0.03428712114691734,
resnet18,ISIC_0015971,ensemble,pointing_game,1.0,
resnet18,ISIC_0015971,ensemble,sparseness,0.4967814434538714,
resnet18,ISIC_0015971,ensemble,complexity,11.481298446655273,
resnet18,ISIC_0015971,ensemble,model_parameter_randomisation,,nan
resnet18,ISIC_0015971,ensemble,random_logit,0.7080272569207021,
resnet18,ISIC_0015971,ensemble,completeness,,nan
resnet18,ISIC_0015971,ensemble,non_sensitivity,,nan
squeezenet,ISIC_0015971,ensemble,faithfulness_correlation,-0.08062157034873962,
squeezenet,ISIC_0015971,ensemble,pixel_flipping,419.260498046875,
squeezenet,ISIC_0015971,ensemble,max_sensitivity,1.091787338256836,
squeezenet,ISIC_0015971,ensemble,avg_sensitivity,1.0592406272888184,
squeezenet,ISIC_0015971,ensemble,relevance_mass_accuracy,0.165096715092659,
squeezenet,ISIC_0015971,ensemble,pointing_game,1.0,
squeezenet,ISIC_0015971,ensemble,sparseness,0.6741502789377299,
squeezenet,ISIC_0015971,ensemble,complexity,10.97917366027832,
squeezenet,ISIC_0015971,ensemble,model_parameter_randomisation,,nan
squeezenet,ISIC_0015971,ensemble,random_logit,0.8262727951966937,
squeezenet,ISIC_0015971,ensemble,completeness,,nan
squeezenet,ISIC_0015971,ensemble,non_sensitivity,,nan
resnet18,ISIC_0015973,ensemble,faithfulness_correlation,-0.3009050488471985,
resnet18,ISIC_0015973,ensemble,pixel_flipping,9.70543384552002,
resnet18,ISIC_0015973,ensemble,max_sensitivity,1.1666547060012817,
resnet18,ISIC_0015973,ensemble,avg_sensitivity,1.0998514413833618,
resnet18,ISIC_0015973,ensemble,relevance_mass_accuracy,0.4454149901866913,
resnet18,ISIC_0015973,ensemble,pointing_game,0.0,
resnet18,ISIC_0015973,ensemble,sparseness,0.4601669704531502,
resnet18,ISIC_0015973,ensemble,complexity,11.553961753845215,
resnet18,ISIC_0015973,ensemble,model_parameter_randomisation,,nan
resnet18,ISIC_0015973,ensemble,random_logit,0.621086273165673,
resnet18,ISIC_0015973,ensemble,completeness,,nan
resnet18,ISIC_0015973,ensemble,non_sensitivity,,nan
squeezenet,ISIC_0015973,ensemble,faithfulness_correlation,0.09836699813604355,
squeezenet,ISIC_0015973,ensemble,pixel_flipping,69.47140502929688,
squeezenet,ISIC_0015973,ensemble,max_sensitivity,1.103305459022522,
squeezenet,ISIC_0015973,ensemble,avg_sensitivity,1.0882736682891845,
squeezenet,ISIC_0015973,ensemble,relevance_mass_accuracy,0.36142343282699585,
squeezenet,ISIC_0015973,ensemble,pointing_game,0.0,
squeezenet,ISIC_0015973,ensemble,sparseness,0.5610250912653099,
squeezenet,ISIC_0015973,ensemble,complexity,11.350053787231445,
squeezenet,ISIC_0015973,ensemble,model_parameter_randomisation,,nan
squeezenet,ISIC_0015973,ensemble,random_logit,0.4404153926273132,
squeezenet,ISIC_0015973,ensemble,completeness,,nan
squeezenet,ISIC_0015973,ensemble,non_sensitivity,,nan
resnet18,ISIC_0015989,ensemble,faithfulness_correlation,0.1536770612001419,
resnet18,ISIC_0015989,ensemble,pixel_flipping,530.08349609375,
resnet18,ISIC_0015989,ensemble,max_sensitivity,1.0589125156402588,
resnet18,ISIC_0015989,ensemble,avg_sensitivity,1.0396638870239259,
resnet18,ISIC_0015989,ensemble,relevance_mass_accuracy,0.06666583567857742,
resnet18,ISIC_0015989,ensemble,pointing_game,0.0,
resnet18,ISIC_0015989,ensemble,sparseness,0.5202193164500287,
resnet18,ISIC_0015989,ensemble,complexity,11.430244445800781,
resnet18,ISIC_0015989,ensemble,model_parameter_randomisation,,nan
resnet18,ISIC_0015989,ensemble,random_logit,0.6248364721742985,
resnet18,ISIC_0015989,ensemble,completeness,,nan
resnet18,ISIC_0015989,ensemble,non_sensitivity,,nan
squeezenet,ISIC_0015989,ensemble,faithfulness_correlation,0.14300218224525452,
squeezenet,ISIC_0015989,ensemble,pixel_flipping,231.14520263671875,
squeezenet,ISIC_0015989,ensemble,max_sensitivity,1.072324275970459,
squeezenet,ISIC_0015989,ensemble,avg_sensitivity,1.0481948494911193,
squeezenet,ISIC_0015989,ensemble,relevance_mass_accuracy,0.2527683675289154,
squeezenet,ISIC_0015989,ensemble,pointing_game,1.0,
squeezenet,ISIC_0015989,ensemble,sparseness,0.6611756148594969,
squeezenet,ISIC_0015989,ensemble,complexity,11.004437446594238,
squeezenet,ISIC_0015989,ensemble,model_parameter_randomisation,,nan
squeezenet,ISIC_0015989,ensemble,random_logit,0.8896497085321976,
squeezenet,ISIC_0015989,ensemble,completeness,,nan
squeezenet,ISIC_0015989,ensemble,non_sensitivity,,nan
resnet18,ISIC_0015994,ensemble,faithfulness_correlation,0.08134210109710693,
resnet18,ISIC_0015994,ensemble,pixel_flipping,542.9387817382812,
resnet18,ISIC_0015994,ensemble,max_sensitivity,1.0688872337341309,
resnet18,ISIC_0015994,ensemble,avg_sensitivity,1.061462950706482,
resnet18,ISIC_0015994,ensemble,relevance_mass_accuracy,0.036200277507305145,
resnet18,ISIC_0015994,ensemble,pointing_game,0.0,
resnet18,ISIC_0015994,ensemble,sparseness,0.5494832585542354,
resnet18,ISIC_0015994,ensemble,complexity,11.37357234954834,
resnet18,ISIC_0015994,ensemble,model_parameter_randomisation,,nan
resnet18,ISIC_0015994,ensemble,random_logit,0.5412523904670368,
resnet18,ISIC_0015994,ensemble,completeness,,nan
resnet18,ISIC_0015994,ensemble,non_sensitivity,,nan
squeezenet,ISIC_0015994,ensemble,faithfulness_correlation,0.22069542109966278,
squeezenet,ISIC_0015994,ensemble,pixel_flipping,440.786376953125,
squeezenet,ISIC_0015994,ensemble,max_sensitivity,1.1225204467773438,
squeezenet,ISIC_0015994,ensemble,avg_sensitivity,1.0972519755363463,
squeezenet,ISIC_0015994,ensemble,relevance_mass_accuracy,0.17999117076396942,
squeezenet,ISIC_0015994,ensemble,pointing_game,0.0,
squeezenet,ISIC_0015994,ensemble,sparseness,0.6652600808401178,
squeezenet,ISIC_0015994,ensemble,complexity,10.991352081298828,
squeezenet,ISIC_0015994,ensemble,model_parameter_randomisation,,nan
squeezenet,ISIC_0015994,ensemble,random_logit,0.8735677058868968,
squeezenet,ISIC_0015994,ensemble,completeness,,nan
squeezenet,ISIC_0015994,ensemble,non_sensitivity,,nan
resnet18,ISIC_0015998,ensemble,faithfulness_correlation,0.032189495861530304,
resnet18,ISIC_0015998,ensemble,pixel_flipping,457.45404052734375,
resnet18,ISIC_0015998,ensemble,max_sensitivity,1.0515869855880737,
resnet18,ISIC_0015998,ensemble,avg_sensitivity,1.0274446964263917,
resnet18,ISIC_0015998,ensemble,relevance_mass_accuracy,0.06192239001393318,
resnet18,ISIC_0015998,ensemble,pointing_game,1.0,
resnet18,ISIC_0015998,ensemble,sparseness,0.5218799834850452,
resnet18,ISIC_0015998,ensemble,complexity,11.41231918334961,
resnet18,ISIC_0015998,ensemble,model_parameter_randomisation,,nan
resnet18,ISIC_0015998,ensemble,random_logit,0.6809344604838763,
resnet18,ISIC_0015998,ensemble,completeness,,nan
resnet18,ISIC_0015998,ensemble,non_sensitivity,,nan
squeezenet,ISIC_0015998,ensemble,faithfulness_correlation,-0.04203401505947113,
squeezenet,ISIC_0015998,ensemble,pixel_flipping,217.8752899169922,
squeezenet,ISIC_0015998,ensemble,max_sensitivity,1.114668846130371,
squeezenet,ISIC_0015998,ensemble,avg_sensitivity,1.0541605174541473,
squeezenet,ISIC_0015998,ensemble,relevance_mass_accuracy,0.22144731879234314,
squeezenet,ISIC_0015998,ensemble,pointing_game,1.0,
squeezenet,ISIC_0015998,ensemble,sparseness,0.6873880460984716,
squeezenet,ISIC_0015998,ensemble,complexity,10.868188858032227,
squeezenet,ISIC_0015998,ensemble,model_parameter_randomisation,,nan
squeezenet,ISIC_0015998,ensemble,random_logit,0.9187925667019656,
squeezenet,ISIC_0015998,ensemble,completeness,,nan
squeezenet,ISIC_0015998,ensemble,non_sensitivity,,nan
resnet18,ISIC_0016001,ensemble,faithfulness_correlation,-0.004542697686702013,
resnet18,ISIC_0016001,ensemble,pixel_flipping,463.51605224609375,
resnet18,ISIC_0016001,ensemble,max_sensitivity,1.0734492540359497,
resnet18,ISIC_0016001,ensemble,avg_sensitivity,1.0603912830352784,
resnet18,ISIC_0016001,ensemble,relevance_mass_accuracy,0.35214149951934814,
resnet18,ISIC_0016001,ensemble,pointing_game,0.0,
resnet18,ISIC_0016001,ensemble,sparseness,0.46805056123499683,
resnet18,ISIC_0016001,ensemble,complexity,11.536276817321777,
resnet18,ISIC_0016001,ensemble,model_parameter_randomisation,,nan
resnet18,ISIC_0016001,ensemble,random_logit,0.544226166081385,
resnet18,ISIC_0016001,ensemble,completeness,,nan
resnet18,ISIC_0016001,ensemble,non_sensitivity,,nan
squeezenet,ISIC_0016001,ensemble,faithfulness_correlation,-0.035665884613990784,
squeezenet,ISIC_0016001,ensemble,pixel_flipping,68.87664031982422,
squeezenet,ISIC_0016001,ensemble,max_sensitivity,1.1587772369384766,
squeezenet,ISIC_0016001,ensemble,avg_sensitivity,1.1286600947380065,
squeezenet,ISIC_0016001,ensemble,relevance_mass_accuracy,0.1089470162987709,
squeezenet,ISIC_0016001,ensemble,pointing_game,0.0,
squeezenet,ISIC_0016001,ensemble,sparseness,0.6219978024349232,
squeezenet,ISIC_0016001,ensemble,complexity,11.20119857788086,
squeezenet,ISIC_0016001,ensemble,model_parameter_randomisation,,nan
squeezenet,ISIC_0016001,ensemble,random_logit,0.5414142291947608,
squeezenet,ISIC_0016001,ensemble,completeness,,nan
squeezenet,ISIC_0016001,ensemble,non_sensitivity,,nan
resnet18,ISIC_0016002,ensemble,faithfulness_correlation,0.1372358500957489,
resnet18,ISIC_0016002,ensemble,pixel_flipping,470.61376953125,
resnet18,ISIC_0016002,ensemble,max_sensitivity,1.0770405530929565,
resnet18,ISIC_0016002,ensemble,avg_sensitivity,1.0467715740203858,
resnet18,ISIC_0016002,ensemble,relevance_mass_accuracy,0.08348865807056427,
resnet18,ISIC_0016002,ensemble,pointing_game,1.0,
resnet18,ISIC_0016002,ensemble,sparseness,0.5305738106800091,
resnet18,ISIC_0016002,ensemble,complexity,11.39620304107666,
resnet18,ISIC_0016002,ensemble,model_parameter_randomisation,,nan
resnet18,ISIC_0016002,ensemble,random_logit,0.7496391796927867,
resnet18,ISIC_0016002,ensemble,completeness,,nan
resnet18,ISIC_0016002,ensemble,non_sensitivity,,nan
squeezenet,ISIC_0016002,ensemble,faithfulness_correlation,0.31026491522789,
squeezenet,ISIC_0016002,ensemble,pixel_flipping,393.31793212890625,
squeezenet,ISIC_0016002,ensemble,max_sensitivity,1.1575103998184204,
squeezenet,ISIC_0016002,ensemble,avg_sensitivity,1.1257474780082704,
squeezenet,ISIC_0016002,ensemble,relevance_mass_accuracy,0.23610618710517883,
squeezenet,ISIC_0016002,ensemble,pointing_game,1.0,
squeezenet,ISIC_0016002,ensemble,sparseness,0.7110645043901829,
squeezenet,ISIC_0016002,ensemble,complexity,10.820314407348633,
squeezenet,ISIC_0016002,ensemble,model_parameter_randomisation,,nan
squeezenet,ISIC_0016002,ensemble,random_logit,0.9014180409772774,
squeezenet,ISIC_0016002,ensemble,completeness,,nan
squeezenet,ISIC_0016002,ensemble,non_sensitivity,,nan
resnet18,ISIC_0016013,ensemble,faithfulness_correlation,0.13379010558128357,
resnet18,ISIC_0016013,ensemble,pixel_flipping,508.3525390625,
resnet18,ISIC_0016013,ensemble,max_sensitivity,1.0416889190673828,
resnet18,ISIC_0016013,ensemble,avg_sensitivity,1.0301172018051148,
resnet18,ISIC_0016013,ensemble,relevance_mass_accuracy,0.05636546015739441,
resnet18,ISIC_0016013,ensemble,pointing_game,0.0,
resnet18,ISIC_0016013,ensemble,sparseness,0.46712887208128795,
resnet18,ISIC_0016013,ensemble,complexity,11.53367805480957,
resnet18,ISIC_0016013,ensemble,model_parameter_randomisation,,nan
resnet18,ISIC_0016013,ensemble,random_logit,0.7517961264045147,
resnet18,ISIC_0016013,ensemble,completeness,,nan
resnet18,ISIC_0016013,ensemble,non_sensitivity,,nan
squeezenet,ISIC_0016013,ensemble,faithfulness_correlation,0.22721673548221588,
squeezenet,ISIC_0016013,ensemble,pixel_flipping,350.0941467285156,
squeezenet,ISIC_0016013,ensemble,max_sensitivity,1.057482123374939,
squeezenet,ISIC_0016013,ensemble,avg_sensitivity,1.0547201991081239,
squeezenet,ISIC_0016013,ensemble,relevance_mass_accuracy,0.32917308807373047,
squeezenet,ISIC_0016013,ensemble,pointing_game,1.0,
squeezenet,ISIC_0016013,ensemble,sparseness,0.6703362553754564,
squeezenet,ISIC_0016013,ensemble,complexity,10.966232299804688,
squeezenet,ISIC_0016013,ensemble,model_parameter_randomisation,,nan
squeezenet,ISIC_0016013,ensemble,random_logit,0.9133015688387711,
squeezenet,ISIC_0016013,ensemble,completeness,,nan
squeezenet,ISIC_0016013,ensemble,non_sensitivity,,nan
resnet18,ISIC_0016023,ensemble,faithfulness_correlation,0.21380016207695007,
resnet18,ISIC_0016023,ensemble,pixel_flipping,524.391357421875,
resnet18,ISIC_0016023,ensemble,max_sensitivity,1.0339125394821167,
resnet18,ISIC_0016023,ensemble,avg_sensitivity,1.024892795085907,
resnet18,ISIC_0016023,ensemble,relevance_mass_accuracy,0.11473401635885239,
resnet18,ISIC_0016023,ensemble,pointing_game,0.0,
resnet18,ISIC_0016023,ensemble,sparseness,0.5050720596745328,
resnet18,ISIC_0016023,ensemble,complexity,11.468879699707031,
resnet18,ISIC_0016023,ensemble,model_parameter_randomisation,,nan
resnet18,ISIC_0016023,ensemble,random_logit,0.6769847031630389,
resnet18,ISIC_0016023,ensemble,completeness,,nan
resnet18,ISIC_0016023,ensemble,non_sensitivity,,nan
squeezenet,ISIC_0016023,ensemble,faithfulness_correlation,0.06153777986764908,
squeezenet,ISIC_0016023,ensemble,pixel_flipping,46.884830474853516,
squeezenet,ISIC_0016023,ensemble,max_sensitivity,1.0510329008102417,
squeezenet,ISIC_0016023,ensemble,avg_sensitivity,1.0388932704925538,
squeezenet,ISIC_0016023,ensemble,relevance_mass_accuracy,0.007947761565446854,
squeezenet,ISIC_0016023,ensemble,pointing_game,0.0,
squeezenet,ISIC_0016023,ensemble,sparseness,0.540936814240645,
squeezenet,ISIC_0016023,ensemble,complexity,11.393853187561035,
squeezenet,ISIC_0016023,ensemble,model_parameter_randomisation,,nan
squeezenet,ISIC_0016023,ensemble,random_logit,0.582715859719901,
squeezenet,ISIC_0016023,ensemble,completeness,,nan
squeezenet,ISIC_0016023,ensemble,non_sensitivity,,nan
resnet18,ISIC_0016024,ensemble,faithfulness_correlation,0.34033817052841187,
resnet18,ISIC_0016024,ensemble,pixel_flipping,550.906005859375,
resnet18,ISIC_0016024,ensemble,max_sensitivity,1.062421441078186,
resnet18,ISIC_0016024,ensemble,avg_sensitivity,1.0458794593811036,
resnet18,ISIC_0016024,ensemble,relevance_mass_accuracy,0.2750759422779083,
resnet18,ISIC_0016024,ensemble,pointing_game,0.0,
resnet18,ISIC_0016024,ensemble,sparseness,0.5584303385921731,
resnet18,ISIC_0016024,ensemble,complexity,11.365180969238281,
resnet18,ISIC_0016024,ensemble,model_parameter_randomisation,,nan
resnet18,ISIC_0016024,ensemble,random_logit,0.628731494556341,
resnet18,ISIC_0016024,ensemble,completeness,,nan
resnet18,ISIC_0016024,ensemble,non_sensitivity,,nan
squeezenet,ISIC_0016024,ensemble,faithfulness_correlation,0.11382955312728882,
squeezenet,ISIC_0016024,ensemble,pixel_flipping,237.88250732421875,
squeezenet,ISIC_0016024,ensemble,max_sensitivity,1.1459779739379883,
squeezenet,ISIC_0016024,ensemble,avg_sensitivity,1.123785424232483,
squeezenet,ISIC_0016024,ensemble,relevance_mass_accuracy,0.5329729318618774,
squeezenet,ISIC_0016024,ensemble,pointing_game,1.0,
squeezenet,ISIC_0016024,ensemble,sparseness,0.6528852984309537,
squeezenet,ISIC_0016024,ensemble,complexity,11.083172798156738,
squeezenet,ISIC_0016024,ensemble,model_parameter_randomisation,,nan
squeezenet,ISIC_0016024,ensemble,random_logit,0.7529384933749997,
squeezenet,ISIC_0016024,ensemble,completeness,,nan
squeezenet,ISIC_0016024,ensemble,non_sensitivity,,nan
resnet18,ISIC_0016025,ensemble,faithfulness_correlation,-0.05879945680499077,
resnet18,ISIC_0016025,ensemble,pixel_flipping,500.24835205078125,
resnet18,ISIC_0016025,ensemble,max_sensitivity,1.0610724687576294,
resnet18,ISIC_0016025,ensemble,avg_sensitivity,1.048620080947876,
resnet18,ISIC_0016025,ensemble,relevance_mass_accuracy,0.41942501068115234,
resnet18,ISIC_0016025,ensemble,pointing_game,0.0,
resnet18,ISIC_0016025,ensemble,sparseness,0.4902524653978624,
resnet18,ISIC_0016025,ensemble,complexity,11.498621940612793,
resnet18,ISIC_0016025,ensemble,model_parameter_randomisation,,nan
resnet18,ISIC_0016025,ensemble,random_logit,0.599905577951157,
resnet18,ISIC_0016025,ensemble,completeness,,nan
resnet18,ISIC_0016025,ensemble,non_sensitivity,,nan
squeezenet,ISIC_0016025,ensemble,faithfulness_correlation,0.21613487601280212,
squeezenet,ISIC_0016025,ensemble,pixel_flipping,402.2808532714844,
squeezenet,ISIC_0016025,ensemble,max_sensitivity,1.1039891242980957,
squeezenet,ISIC_0016025,ensemble,avg_sensitivity,1.077190339565277,
squeezenet,ISIC_0016025,ensemble,relevance_mass_accuracy,0.7466403245925903,
squeezenet,ISIC_0016025,ensemble,pointing_game,1.0,
squeezenet,ISIC_0016025,ensemble,sparseness,0.7079210134026107,
squeezenet,ISIC_0016025,ensemble,complexity,10.905221939086914,
squeezenet,ISIC_0016025,ensemble,model_parameter_randomisation,,nan
squeezenet,ISIC_0016025,ensemble,random_logit,0.8861730819795538,
squeezenet,ISIC_0016025,ensemble,completeness,,nan
squeezenet,ISIC_0016025,ensemble,non_sensitivity,,nan
resnet18,ISIC_0016035,ensemble,faithfulness_correlation,0.16645358502864838,
resnet18,ISIC_0016035,ensemble,pixel_flipping,12.600516319274902,
resnet18,ISIC_0016035,ensemble,max_sensitivity,1.1544764041900635,
resnet18,ISIC_0016035,ensemble,avg_sensitivity,1.1202753186225891,
resnet18,ISIC_0016035,ensemble,relevance_mass_accuracy,0.5467670559883118,
resnet18,ISIC_0016035,ensemble,pointing_game,1.0,
resnet18,ISIC_0016035,ensemble,sparseness,0.4673552952893485,
resnet18,ISIC_0016035,ensemble,complexity,11.540489196777344,
resnet18,ISIC_0016035,ensemble,model_parameter_randomisation,,nan
resnet18,ISIC_0016035,ensemble,random_logit,0.7400910548057092,
resnet18,ISIC_0016035,ensemble,completeness,,nan
resnet18,ISIC_0016035,ensemble,non_sensitivity,,nan
squeezenet,ISIC_0016035,ensemble,faithfulness_correlation,0.15061505138874054,
squeezenet,ISIC_0016035,ensemble,pixel_flipping,43.707576751708984,
squeezenet,ISIC_0016035,ensemble,max_sensitivity,1.1581345796585083,
squeezenet,ISIC_0016035,ensemble,avg_sensitivity,1.1431445121765136,
squeezenet,ISIC_0016035,ensemble,relevance_mass_accuracy,0.32207345962524414,
squeezenet,ISIC_0016035,ensemble,pointing_game,0.0,
squeezenet,ISIC_0016035,ensemble,sparseness,0.5872528717438564,
squeezenet,ISIC_0016035,ensemble,complexity,11.289973258972168,
squeezenet,ISIC_0016035,ensemble,model_parameter_randomisation,,nan
squeezenet,ISIC_0016035,ensemble,random_logit,0.5930310322630363,
squeezenet,ISIC_0016035,ensemble,completeness,,nan
squeezenet,ISIC_0016035,ensemble,non_sensitivity,,nan
resnet18,ISIC_0016053,ensemble,faithfulness_correlation,0.022833378985524178,
resnet18,ISIC_0016053,ensemble,pixel_flipping,401.323486328125,
resnet18,ISIC_0016053,ensemble,max_sensitivity,1.0398536920547485,
resnet18,ISIC_0016053,ensemble,avg_sensitivity,1.007509469985962,
resnet18,ISIC_0016053,ensemble,relevance_mass_accuracy,0.0173405222594738,
resnet18,ISIC_0016053,ensemble,pointing_game,1.0,
resnet18,ISIC_0016053,ensemble,sparseness,0.5088567630246218,
resnet18,ISIC_0016053,ensemble,complexity,11.431940078735352,
resnet18,ISIC_0016053,ensemble,model_parameter_randomisation,,nan
resnet18,ISIC_0016053,ensemble,random_logit,0.7763689417791126,
resnet18,ISIC_0016053,ensemble,completeness,,nan
resnet18,ISIC_0016053,ensemble,non_sensitivity,,nan
squeezenet,ISIC_0016053,ensemble,faithfulness_correlation,0.26440536975860596,
squeezenet,ISIC_0016053,ensemble,pixel_flipping,293.0936584472656,
squeezenet,ISIC_0016053,ensemble,max_sensitivity,1.1240392923355103,
squeezenet,ISIC_0016053,ensemble,avg_sensitivity,1.0617758631706238,
squeezenet,ISIC_0016053,ensemble,relevance_mass_accuracy,0.10993879288434982,
squeezenet,ISIC_0016053,ensemble,pointing_game,1.0,
squeezenet,ISIC_0016053,ensemble,sparseness,0.7115888613875738,
squeezenet,ISIC_0016053,ensemble,complexity,10.791329383850098,
squeezenet,ISIC_0016053,ensemble,model_parameter_randomisation,,nan
squeezenet,ISIC_0016053,ensemble,random_logit,0.9031644458577791,
squeezenet,ISIC_0016053,ensemble,completeness,,nan
squeezenet,ISIC_0016053,ensemble,non_sensitivity,,nan
resnet18,ISIC_0016069,ensemble,faithfulness_correlation,0.027092812582850456,
resnet18,ISIC_0016069,ensemble,pixel_flipping,502.3878173828125,
resnet18,ISIC_0016069,ensemble,max_sensitivity,1.083917260169983,
resnet18,ISIC_0016069,ensemble,avg_sensitivity,1.0577448010444641,
resnet18,ISIC_0016069,ensemble,relevance_mass_accuracy,0.04610532522201538,
resnet18,ISIC_0016069,ensemble,pointing_game,0.0,
resnet18,ISIC_0016069,ensemble,sparseness,0.5042712772911689,
resnet18,ISIC_0016069,ensemble,complexity,11.466018676757812,
resnet18,ISIC_0016069,ensemble,model_parameter_randomisation,,nan
resnet18,ISIC_0016069,ensemble,random_logit,0.6185015753305833,
resnet18,ISIC_0016069,ensemble,completeness,,nan
resnet18,ISIC_0016069,ensemble,non_sensitivity,,nan
squeezenet,ISIC_0016069,ensemble,faithfulness_correlation,0.03581247478723526,
squeezenet,ISIC_0016069,ensemble,pixel_flipping,411.8094787597656,
squeezenet,ISIC_0016069,ensemble,max_sensitivity,1.1007920503616333,
squeezenet,ISIC_0016069,ensemble,avg_sensitivity,1.0747805476188659,
squeezenet,ISIC_0016069,ensemble,relevance_mass_accuracy,0.20385581254959106,
squeezenet,ISIC_0016069,ensemble,pointing_game,1.0,
squeezenet,ISIC_0016069,ensemble,sparseness,0.6886640271920575,
squeezenet,ISIC_0016069,ensemble,complexity,10.886075973510742,
squeezenet,ISIC_0016069,ensemble,model_parameter_randomisation,,nan
squeezenet,ISIC_0016069,ensemble,random_logit,0.8700005570568612,
squeezenet,ISIC_0016069,ensemble,completeness,,nan
squeezenet,ISIC_0016069,ensemble,non_sensitivity,,nan
resnet18,ISIC_0012240,ensemble,faithfulness_correlation,0.0766744315624237,
resnet18,ISIC_0012240,ensemble,pixel_flipping,14.931296348571777,
resnet18,ISIC_0012240,ensemble,max_sensitivity,1.1233670711517334,
resnet18,ISIC_0012240,ensemble,avg_sensitivity,1.0863515496253968,
resnet18,ISIC_0012240,ensemble,relevance_mass_accuracy,0.48619282245635986,
resnet18,ISIC_0012240,ensemble,pointing_game,0.0,
resnet18,ISIC_0012240,ensemble,sparseness,0.507077769332039,
resnet18,ISIC_0012240,ensemble,complexity,11.469538688659668,
resnet18,ISIC_0012240,ensemble,model_parameter_randomisation,,nan
resnet18,ISIC_0012240,ensemble,random_logit,0.7748300967496438,
resnet18,ISIC_0012240,ensemble,completeness,,nan
resnet18,ISIC_0012240,ensemble,non_sensitivity,,nan
squeezenet,ISIC_0012240,ensemble,faithfulness_correlation,0.04450100660324097,
squeezenet,ISIC_0012240,ensemble,pixel_flipping,54.9426383972168,
squeezenet,ISIC_0012240,ensemble,max_sensitivity,1.1829853057861328,
squeezenet,ISIC_0012240,ensemble,avg_sensitivity,1.173605501651764,
squeezenet,ISIC_0012240,ensemble,relevance_mass_accuracy,0.4231402575969696,
squeezenet,ISIC_0012240,ensemble,pointing_game,0.0,
squeezenet,ISIC_0012240,ensemble,sparseness,0.5908735934521909,
squeezenet,ISIC_0012240,ensemble,complexity,11.286633491516113,
squeezenet,ISIC_0012240,ensemble,model_parameter_randomisation,,nan
squeezenet,ISIC_0012240,ensemble,random_logit,0.5606227436547172,
squeezenet,ISIC_0012240,ensemble,completeness,,nan
squeezenet,ISIC_0012240,ensemble,non_sensitivity,,nan
resnet18,ISIC_0012266,ensemble,faithfulness_correlation,0.008941644802689552,
resnet18,ISIC_0012266,ensemble,pixel_flipping,8.909749031066895,
resnet18,ISIC_0012266,ensemble,max_sensitivity,1.195495843887329,
resnet18,ISIC_0012266,ensemble,avg_sensitivity,1.1775057077407838,
resnet18,ISIC_0012266,ensemble,relevance_mass_accuracy,0.1230001300573349,
resnet18,ISIC_0012266,ensemble,pointing_game,0.0,
resnet18,ISIC_0012266,ensemble,sparseness,0.49240821739223617,
resnet18,ISIC_0012266,ensemble,complexity,11.491866111755371,
resnet18,ISIC_0012266,ensemble,model_parameter_randomisation,,nan
resnet18,ISIC_0012266,ensemble,random_logit,0.6866492329360054,
resnet18,ISIC_0012266,ensemble,completeness,,nan
resnet18,ISIC_0012266,ensemble,non_sensitivity,,nan
squeezenet,ISIC_0012266,ensemble,faithfulness_correlation,-0.048114363104104996,
squeezenet,ISIC_0012266,ensemble,pixel_flipping,60.37346649169922,
squeezenet,ISIC_0012266,ensemble,max_sensitivity,1.1750056743621826,
squeezenet,ISIC_0012266,ensemble,avg_sensitivity,1.1543197154998779,
squeezenet,ISIC_0012266,ensemble,relevance_mass_accuracy,0.28289610147476196,
squeezenet,ISIC_0012266,ensemble,pointing_game,1.0,
squeezenet,ISIC_0012266,ensemble,sparseness,0.6105360746015974,
squeezenet,ISIC_0012266,ensemble,complexity,11.225347518920898,
squeezenet,ISIC_0012266,ensemble,model_parameter_randomisation,,nan
squeezenet,ISIC_0012266,ensemble,random_logit,0.6336352220362368,
squeezenet,ISIC_0012266,ensemble,completeness,,nan
squeezenet,ISIC_0012266,ensemble,non_sensitivity,,nan
resnet18,ISIC_0012428,ensemble,faithfulness_correlation,0.1825672686100006,
resnet18,ISIC_0012428,ensemble,pixel_flipping,10.612870216369629,
resnet18,ISIC_0012428,ensemble,max_sensitivity,1.1157523393630981,
resnet18,ISIC_0012428,ensemble,avg_sensitivity,1.0683352112770081,
resnet18,ISIC_0012428,ensemble,relevance_mass_accuracy,0.756933867931366,
resnet18,ISIC_0012428,ensemble,pointing_game,0.0,
resnet18,ISIC_0012428,ensemble,sparseness,0.48840242182086113,
resnet18,ISIC_0012428,ensemble,complexity,11.508087158203125,
resnet18,ISIC_0012428,ensemble,model_parameter_randomisation,,nan
resnet18,ISIC_0012428,ensemble,random_logit,0.48858052815955616,
resnet18,ISIC_0012428,ensemble,completeness,,nan
resnet18,ISIC_0012428,ensemble,non_sensitivity,,nan
squeezenet,ISIC_0012428,ensemble,faithfulness_correlation,0.20158657431602478,
squeezenet,ISIC_0012428,ensemble,pixel_flipping,228.70697021484375,
squeezenet,ISIC_0012428,ensemble,max_sensitivity,1.0881551504135132,
squeezenet,ISIC_0012428,ensemble,avg_sensitivity,1.0626175045967101,
squeezenet,ISIC_0012428,ensemble,relevance_mass_accuracy,1.0902221202850342,
squeezenet,ISIC_0012428,ensemble,pointing_game,1.0,
squeezenet,ISIC_0012428,ensemble,sparseness,0.6049635210534176,
squeezenet,ISIC_0012428,ensemble,complexity,11.226611137390137,
squeezenet,ISIC_0012428,ensemble,model_parameter_randomisation,,nan
squeezenet,ISIC_0012428,ensemble,random_logit,0.7374505299324073,
squeezenet,ISIC_0012428,ensemble,completeness,,nan
squeezenet,ISIC_0012428,ensemble,non_sensitivity,,nan
resnet18,ISIC_0013030,ensemble,faithfulness_correlation,0.1062794178724289,
resnet18,ISIC_0013030,ensemble,pixel_flipping,24.861772537231445,
resnet18,ISIC_0013030,ensemble,max_sensitivity,1.0406110286712646,
resnet18,ISIC_0013030,ensemble,avg_sensitivity,1.0136843979358674,
resnet18,ISIC_0013030,ensemble,relevance_mass_accuracy,0.2137102335691452,
resnet18,ISIC_0013030,ensemble,pointing_game,0.0,
resnet18,ISIC_0013030,ensemble,sparseness,0.4580049082333956,
resnet18,ISIC_0013030,ensemble,complexity,11.5509033203125,
resnet18,ISIC_0013030,ensemble,model_parameter_randomisation,,nan
resnet18,ISIC_0013030,ensemble,random_logit,0.6702638303836613,
resnet18,ISIC_0013030,ensemble,completeness,,nan
resnet18,ISIC_0013030,ensemble,non_sensitivity,,nan
squeezenet,ISIC_0013030,ensemble,faithfulness_correlation,0.09440800547599792,
squeezenet,ISIC_0013030,ensemble,pixel_flipping,56.74497985839844,
squeezenet,ISIC_0013030,ensemble,max_sensitivity,1.0594682693481445,
squeezenet,ISIC_0013030,ensemble,avg_sensitivity,1.0463298916816712,
squeezenet,ISIC_0013030,ensemble,relevance_mass_accuracy,0.16646526753902435,
squeezenet,ISIC_0013030,ensemble,pointing_game,0.0,
squeezenet,ISIC_0013030,ensemble,sparseness,0.5578718671146763,
squeezenet,ISIC_0013030,ensemble,complexity,11.360862731933594,
squeezenet,ISIC_0013030,ensemble,model_parameter_randomisation,,nan
squeezenet,ISIC_0013030,ensemble,random_logit,0.682942767358693,
squeezenet,ISIC_0013030,ensemble,completeness,,nan
squeezenet,ISIC_0013030,ensemble,non_sensitivity,,nan
resnet18,ISIC_0013764,ensemble,faithfulness_correlation,0.07525676488876343,
resnet18,ISIC_0013764,ensemble,pixel_flipping,11.772346496582031,
resnet18,ISIC_0013764,ensemble,max_sensitivity,1.0091676712036133,
resnet18,ISIC_0013764,ensemble,avg_sensitivity,0.9903187811374664,
resnet18,ISIC_0013764,ensemble,relevance_mass_accuracy,0.29361432790756226,
resnet18,ISIC_0013764,ensemble,pointing_game,0.0,
resnet18,ISIC_0013764,ensemble,sparseness,0.45703458879978426,
resnet18,ISIC_0013764,ensemble,complexity,11.557626724243164,
resnet18,ISIC_0013764,ensemble,model_parameter_randomisation,,nan
resnet18,ISIC_0013764,ensemble,random_logit,0.6422140069751905,
resnet18,ISIC_0013764,ensemble,completeness,,nan
resnet18,ISIC_0013764,ensemble,non_sensitivity,,nan
squeezenet,ISIC_0013764,ensemble,faithfulness_correlation,-0.0579003170132637,
squeezenet,ISIC_0013764,ensemble,pixel_flipping,226.9996337890625,
squeezenet,ISIC_0013764,ensemble,max_sensitivity,1.039722204208374,
squeezenet,ISIC_0013764,ensemble,avg_sensitivity,1.0179182887077332,
squeezenet,ISIC_0013764,ensemble,relevance_mass_accuracy,0.8477945923805237,
squeezenet,ISIC_0013764,ensemble,pointing_game,1.0,
squeezenet,ISIC_0013764,ensemble,sparseness,0.6333823060982213,
squeezenet,ISIC_0013764,ensemble,complexity,11.14763069152832,
squeezenet,ISIC_0013764,ensemble,model_parameter_randomisation,,nan
squeezenet,ISIC_0013764,ensemble,random_logit,0.7492298305422932,
squeezenet,ISIC_0013764,ensemble,completeness,,nan
squeezenet,ISIC_0013764,ensemble,non_sensitivity,,nan
resnet18,ISIC_0013977,ensemble,faithfulness_correlation,-0.0669337660074234,
resnet18,ISIC_0013977,ensemble,pixel_flipping,15.121604919433594,
resnet18,ISIC_0013977,ensemble,max_sensitivity,1.0248298645019531,
resnet18,ISIC_0013977,ensemble,avg_sensitivity,1.026578462123871,
resnet18,ISIC_0013977,ensemble,relevance_mass_accuracy,0.11173660308122635,
resnet18,ISIC_0013977,ensemble,pointing_game,0.0,
resnet18,ISIC_0013977,ensemble,sparseness,0.49766710818980214,
resnet18,ISIC_0013977,ensemble,complexity,11.48445987701416,
resnet18,ISIC_0013977,ensemble,model_parameter_randomisation,,nan
resnet18,ISIC_0013977,ensemble,random_logit,0.6175597549074486,
resnet18,ISIC_0013977,ensemble,completeness,,nan
resnet18,ISIC_0013977,ensemble,non_sensitivity,,nan
squeezenet,ISIC_0013977,ensemble,faithfulness_correlation,0.17777135968208313,
squeezenet,ISIC_0013977,ensemble,pixel_flipping,64.48064422607422,
squeezenet,ISIC_0013977,ensemble,max_sensitivity,1.0526145696640015,
squeezenet,ISIC_0013977,ensemble,avg_sensitivity,1.04213205575943,
squeezenet,ISIC_0013977,ensemble,relevance_mass_accuracy,0.08824051171541214,
squeezenet,ISIC_0013977,ensemble,pointing_game,0.0,
squeezenet,ISIC_0013977,ensemble,sparseness,0.5821073885782212,
squeezenet,ISIC_0013977,ensemble,complexity,11.297163963317871,
squeezenet,ISIC_0013977,ensemble,model_parameter_randomisation,,nan
squeezenet,ISIC_0013977,ensemble,random_logit,0.5467715835775855,
squeezenet,ISIC_0013977,ensemble,completeness,,nan
squeezenet,ISIC_0013977,ensemble,non_sensitivity,,nan
resnet18,ISIC_0014503,ensemble,faithfulness_correlation,-0.049530357122421265,
resnet18,ISIC_0014503,ensemble,pixel_flipping,560.5411987304688,
resnet18,ISIC_0014503,ensemble,max_sensitivity,0.9718462228775024,
resnet18,ISIC_0014503,ensemble,avg_sensitivity,0.9604680657386779,
resnet18,ISIC_0014503,ensemble,relevance_mass_accuracy,0.16042257845401764,
resnet18,ISIC_0014503,ensemble,pointing_game,0.0,
resnet18,ISIC_0014503,ensemble,sparseness,0.45758551678866743,
resnet18,ISIC_0014503,ensemble,complexity,11.546788215637207,
resnet18,ISIC_0014503,ensemble,model_parameter_randomisation,,nan
resnet18,ISIC_0014503,ensemble,random_logit,0.6468399782178773,
resnet18,ISIC_0014503,ensemble,completeness,,nan
resnet18,ISIC_0014503,ensemble,non_sensitivity,,nan
squeezenet,ISIC_0014503,ensemble,faithfulness_correlation,0.07264909893274307,
squeezenet,ISIC_0014503,ensemble,pixel_flipping,296.7690124511719,
squeezenet,ISIC_0014503,ensemble,max_sensitivity,1.0344666242599487,
squeezenet,ISIC_0014503,ensemble,avg_sensitivity,1.0369678258895874,
squeezenet,ISIC_0014503,ensemble,relevance_mass_accuracy,0.12114845216274261,
squeezenet,ISIC_0014503,ensemble,pointing_game,0.0,
squeezenet,ISIC_0014503,ensemble,sparseness,0.5342710567586054,
squeezenet,ISIC_0014503,ensemble,complexity,11.40323257446289,
squeezenet,ISIC_0014503,ensemble,model_parameter_randomisation,,nan
squeezenet,ISIC_0014503,ensemble,random_logit,0.5658655571416076,
squeezenet,ISIC_0014503,ensemble,completeness,,nan
squeezenet,ISIC_0014503,ensemble,non_sensitivity,,nan
resnet18,ISIC_0014575,ensemble,faithfulness_correlation,0.14505811035633087,
resnet18,ISIC_0014575,ensemble,pixel_flipping,8.764135360717773,
resnet18,ISIC_0014575,ensemble,max_sensitivity,1.062940001487732,
resnet18,ISIC_0014575,ensemble,avg_sensitivity,1.0524532198905945,
resnet18,ISIC_0014575,ensemble,relevance_mass_accuracy,0.05474138632416725,
resnet18,ISIC_0014575,ensemble,pointing_game,0.0,
resnet18,ISIC_0014575,ensemble,sparseness,0.4713789764083399,
resnet18,ISIC_0014575,ensemble,complexity,11.529648780822754,
resnet18,ISIC_0014575,ensemble,model_parameter_randomisation,,nan
resnet18,ISIC_0014575,ensemble,random_logit,0.6100901543903485,
resnet18,ISIC_0014575,ensemble,completeness,,nan
resnet18,ISIC_0014575,ensemble,non_sensitivity,,nan
squeezenet,ISIC_0014575,ensemble,faithfulness_correlation,0.18423044681549072,
squeezenet,ISIC_0014575,ensemble,pixel_flipping,46.80500411987305,
squeezenet,ISIC_0014575,ensemble,max_sensitivity,1.1285995244979858,
squeezenet,ISIC_0014575,ensemble,avg_sensitivity,1.0951563119888306,
squeezenet,ISIC_0014575,ensemble,relevance_mass_accuracy,0.06776254624128342,
squeezenet,ISIC_0014575,ensemble,pointing_game,0.0,
squeezenet,ISIC_0014575,ensemble,sparseness,0.6620939248261034,
squeezenet,ISIC_0014575,ensemble,complexity,11.066509246826172,
squeezenet,ISIC_0014575,ensemble,model_parameter_randomisation,,nan
squeezenet,ISIC_0014575,ensemble,random_logit,0.7057398718963124,
squeezenet,ISIC_0014575,ensemble,completeness,,nan
squeezenet,ISIC_0014575,ensemble,non_sensitivity,,nan
resnet18,ISIC_0012258,ensemble,faithfulness_correlation,0.06906553357839584,
resnet18,ISIC_0012258,ensemble,pixel_flipping,434.75048828125,
resnet18,ISIC_0012258,ensemble,max_sensitivity,1.1785074472427368,
resnet18,ISIC_0012258,ensemble,avg_sensitivity,1.1623547315597533,
resnet18,ISIC_0012258,ensemble,relevance_mass_accuracy,0.06560829281806946,
resnet18,ISIC_0012258,ensemble,pointing_game,0.0,
resnet18,ISIC_0012258,ensemble,sparseness,0.483831087454715,
resnet18,ISIC_0012258,ensemble,complexity,11.512494087219238,
resnet18,ISIC_0012258,ensemble,model_parameter_randomisation,,nan
resnet18,ISIC_0012258,ensemble,random_logit,0.5693973090102171,
resnet18,ISIC_0012258,ensemble,completeness,,nan
resnet18,ISIC_0012258,ensemble,non_sensitivity,,nan
squeezenet,ISIC_0012258,ensemble,faithfulness_correlation,0.18199269473552704,
squeezenet,ISIC_0012258,ensemble,pixel_flipping,84.23479461669922,
squeezenet,ISIC_0012258,ensemble,max_sensitivity,1.1055121421813965,
squeezenet,ISIC_0012258,ensemble,avg_sensitivity,1.0800472021102905,
squeezenet,ISIC_0012258,ensemble,relevance_mass_accuracy,0.09749859571456909,
squeezenet,ISIC_0012258,ensemble,pointing_game,0.0,
squeezenet,ISIC_0012258,ensemble,sparseness,0.6073898580810554,
squeezenet,ISIC_0012258,ensemble,complexity,11.2425537109375,
squeezenet,ISIC_0012258,ensemble,model_parameter_randomisation,,nan
squeezenet,ISIC_0012258,ensemble,random_logit,0.5872910928373236,
squeezenet,ISIC_0012258,ensemble,completeness,,nan
squeezenet,ISIC_0012258,ensemble,non_sensitivity,,nan
resnet18,ISIC_0012356,ensemble,faithfulness_correlation,0.1306682825088501,
resnet18,ISIC_0012356,ensemble,pixel_flipping,25.37930679321289,
resnet18,ISIC_0012356,ensemble,max_sensitivity,1.140069842338562,
resnet18,ISIC_0012356,ensemble,avg_sensitivity,1.0810008645057678,
resnet18,ISIC_0012356,ensemble,relevance_mass_accuracy,0.4862930178642273,
resnet18,ISIC_0012356,ensemble,pointing_game,0.0,
resnet18,ISIC_0012356,ensemble,sparseness,0.4624922250719605,
resnet18,ISIC_0012356,ensemble,complexity,11.547493934631348,
resnet18,ISIC_0012356,ensemble,model_parameter_randomisation,,nan
resnet18,ISIC_0012356,ensemble,random_logit,0.6118325296015829,
resnet18,ISIC_0012356,ensemble,completeness,,nan
resnet18,ISIC_0012356,ensemble,non_sensitivity,,nan
squeezenet,ISIC_0012356,ensemble,faithfulness_correlation,-0.019503677263855934,
squeezenet,ISIC_0012356,ensemble,pixel_flipping,49.85902404785156,
squeezenet,ISIC_0012356,ensemble,max_sensitivity,1.1127640008926392,
squeezenet,ISIC_0012356,ensemble,avg_sensitivity,1.0975782990455627,
squeezenet,ISIC_0012356,ensemble,relevance_mass_accuracy,0.4381096363067627,
squeezenet,ISIC_0012356,ensemble,pointing_game,0.0,
squeezenet,ISIC_0012356,ensemble,sparseness,0.6304815895655274,
squeezenet,ISIC_0012356,ensemble,complexity,11.160638809204102,
squeezenet,ISIC_0012356,ensemble,model_parameter_randomisation,,nan
squeezenet,ISIC_0012356,ensemble,random_logit,0.678986716492663,
squeezenet,ISIC_0012356,ensemble,completeness,,nan
squeezenet,ISIC_0012356,ensemble,non_sensitivity,,nan
resnet18,ISIC_0012369,ensemble,faithfulness_correlation,0.2196015864610672,
resnet18,ISIC_0012369,ensemble,pixel_flipping,277.49676513671875,
resnet18,ISIC_0012369,ensemble,max_sensitivity,1.0986806154251099,
resnet18,ISIC_0012369,ensemble,avg_sensitivity,1.0945677876472473,
resnet18,ISIC_0012369,ensemble,relevance_mass_accuracy,0.33943137526512146,
resnet18,ISIC_0012369,ensemble,pointing_game,0.0,
resnet18,ISIC_0012369,ensemble,sparseness,0.5522826031066107,
resnet18,ISIC_0012369,ensemble,complexity,11.372152328491211,
resnet18,ISIC_0012369,ensemble,model_parameter_randomisation,,nan
resnet18,ISIC_0012369,ensemble,random_logit,0.579355922702813,
resnet18,ISIC_0012369,ensemble,completeness,,nan
resnet18,ISIC_0012369,ensemble,non_sensitivity,,nan
squeezenet,ISIC_0012369,ensemble,faithfulness_correlation,0.20891794562339783,
squeezenet,ISIC_0012369,ensemble,pixel_flipping,497.5431213378906,
squeezenet,ISIC_0012369,ensemble,max_sensitivity,1.1575641632080078,
squeezenet,ISIC_0012369,ensemble,avg_sensitivity,1.14584379196167,
squeezenet,ISIC_0012369,ensemble,relevance_mass_accuracy,0.20150329172611237,
squeezenet,ISIC_0012369,ensemble,pointing_game,0.0,
squeezenet,ISIC_0012369,ensemble,sparseness,0.6750728215642517,
squeezenet,ISIC_0012369,ensemble,complexity,10.97677230834961,
squeezenet,ISIC_0012369,ensemble,model_parameter_randomisation,,nan
squeezenet,ISIC_0012369,ensemble,random_logit,0.892214013317143,
squeezenet,ISIC_0012369,ensemble,completeness,,nan
squeezenet,ISIC_0012369,ensemble,non_sensitivity,,nan
resnet18,ISIC_0012395,ensemble,faithfulness_correlation,0.12553004920482635,
resnet18,ISIC_0012395,ensemble,pixel_flipping,113.15575408935547,
resnet18,ISIC_0012395,ensemble,max_sensitivity,1.19548761844635,
resnet18,ISIC_0012395,ensemble,avg_sensitivity,1.1344655632972718,
resnet18,ISIC_0012395,ensemble,relevance_mass_accuracy,0.3460904359817505,
resnet18,ISIC_0012395,ensemble,pointing_game,0.0,
resnet18,ISIC_0012395,ensemble,sparseness,0.5452892374371335,
resnet18,ISIC_0012395,ensemble,complexity,11.38538646697998,
resnet18,ISIC_0012395,ensemble,model_parameter_randomisation,,nan
resnet18,ISIC_0012395,ensemble,random_logit,0.6079825849788436,
resnet18,ISIC_0012395,ensemble,completeness,,nan
resnet18,ISIC_0012395,ensemble,non_sensitivity,,nan
squeezenet,ISIC_0012395,ensemble,faithfulness_correlation,0.2480774223804474,
squeezenet,ISIC_0012395,ensemble,pixel_flipping,173.0184783935547,
squeezenet,ISIC_0012395,ensemble,max_sensitivity,1.0790992975234985,
squeezenet,ISIC_0012395,ensemble,avg_sensitivity,1.0644187927246094,
squeezenet,ISIC_0012395,ensemble,relevance_mass_accuracy,0.5108346939086914,
squeezenet,ISIC_0012395,ensemble,pointing_game,1.0,
squeezenet,ISIC_0012395,ensemble,sparseness,0.6839207100681597,
squeezenet,ISIC_0012395,ensemble,complexity,10.984822273254395,
squeezenet,ISIC_0012395,ensemble,model_parameter_randomisation,,nan
squeezenet,ISIC_0012395,ensemble,random_logit,0.8569189228648879,
squeezenet,ISIC_0012395,ensemble,completeness,,nan
squeezenet,ISIC_0012395,ensemble,non_sensitivity,,nan
resnet18,ISIC_0012425,ensemble,faithfulness_correlation,0.10954179614782333,
resnet18,ISIC_0012425,ensemble,pixel_flipping,404.28900146484375,
resnet18,ISIC_0012425,ensemble,max_sensitivity,1.0574368238449097,
resnet18,ISIC_0012425,ensemble,avg_sensitivity,1.038926887512207,
resnet18,ISIC_0012425,ensemble,relevance_mass_accuracy,0.038465242832899094,
resnet18,ISIC_0012425,ensemble,pointing_game,1.0,
resnet18,ISIC_0012425,ensemble,sparseness,0.476491520346261,
resnet18,ISIC_0012425,ensemble,complexity,11.491915702819824,
resnet18,ISIC_0012425,ensemble,model_parameter_randomisation,,nan
resnet18,ISIC_0012425,ensemble,random_logit,0.7155682227329961,
resnet18,ISIC_0012425,ensemble,completeness,,nan
resnet18,ISIC_0012425,ensemble,non_sensitivity,,nan
squeezenet,ISIC_0012425,ensemble,faithfulness_correlation,0.17536132037639618,
squeezenet,ISIC_0012425,ensemble,pixel_flipping,74.0616683959961,
squeezenet,ISIC_0012425,ensemble,max_sensitivity,1.092710018157959,
squeezenet,ISIC_0012425,ensemble,avg_sensitivity,1.0563148140907288,
squeezenet,ISIC_0012425,ensemble,relevance_mass_accuracy,0.060504160821437836,
squeezenet,ISIC_0012425,ensemble,pointing_game,1.0,
squeezenet,ISIC_0012425,ensemble,sparseness,0.5826744872300664,
squeezenet,ISIC_0012425,ensemble,complexity,11.24889850616455,
squeezenet,ISIC_0012425,ensemble,model_parameter_randomisation,,nan
squeezenet,ISIC_0012425,ensemble,random_logit,0.795721426025286,
squeezenet,ISIC_0012425,ensemble,completeness,,nan
squeezenet,ISIC_0012425,ensemble,non_sensitivity,,nan
resnet18,ISIC_0012758,ensemble,faithfulness_correlation,0.14447176456451416,
resnet18,ISIC_0012758,ensemble,pixel_flipping,579.9256591796875,
resnet18,ISIC_0012758,ensemble,max_sensitivity,1.0470620393753052,
resnet18,ISIC_0012758,ensemble,avg_sensitivity,1.0369741678237916,
resnet18,ISIC_0012758,ensemble,relevance_mass_accuracy,0.12804897129535675,
resnet18,ISIC_0012758,ensemble,pointing_game,0.0,
resnet18,ISIC_0012758,ensemble,sparseness,0.4874060177901795,
resnet18,ISIC_0012758,ensemble,complexity,11.50344181060791,
resnet18,ISIC_0012758,ensemble,model_parameter_randomisation,,nan
resnet18,ISIC_0012758,ensemble,random_logit,0.5756602876051365,
resnet18,ISIC_0012758,ensemble,completeness,,nan
resnet18,ISIC_0012758,ensemble,non_sensitivity,,nan
squeezenet,ISIC_0012758,ensemble,faithfulness_correlation,0.08824218064546585,
squeezenet,ISIC_0012758,ensemble,pixel_flipping,402.35992431640625,
squeezenet,ISIC_0012758,ensemble,max_sensitivity,1.0923000574111938,
squeezenet,ISIC_0012758,ensemble,avg_sensitivity,1.0750855922698974,
squeezenet,ISIC_0012758,ensemble,relevance_mass_accuracy,0.3254411518573761,
squeezenet,ISIC_0012758,ensemble,pointing_game,1.0,
squeezenet,ISIC_0012758,ensemble,sparseness,0.654832452431003,
squeezenet,ISIC_0012758,ensemble,complexity,11.088520050048828,
squeezenet,ISIC_0012758,ensemble,model_parameter_randomisation,,nan
squeezenet,ISIC_0012758,ensemble,random_logit,0.8473707722852097,
squeezenet,ISIC_0012758,ensemble,completeness,,nan
squeezenet,ISIC_0012758,ensemble,non_sensitivity,,nan
resnet18,ISIC_0012989,ensemble,faithfulness_correlation,0.12820978462696075,
resnet18,ISIC_0012989,ensemble,pixel_flipping,82.26988220214844,
resnet18,ISIC_0012989,ensemble,max_sensitivity,1.2187942266464233,
resnet18,ISIC_0012989,ensemble,avg_sensitivity,1.209838593006134,
resnet18,ISIC_0012989,ensemble,relevance_mass_accuracy,0.08056875318288803,
resnet18,ISIC_0012989,ensemble,pointing_game,0.0,
resnet18,ISIC_0012989,ensemble,sparseness,0.487207358171814,
resnet18,ISIC_0012989,ensemble,complexity,11.501651763916016,
resnet18,ISIC_0012989,ensemble,model_parameter_randomisation,,nan
resnet18,ISIC_0012989,ensemble,random_logit,0.5047777855417649,
resnet18,ISIC_0012989,ensemble,completeness,,nan
resnet18,ISIC_0012989,ensemble,non_sensitivity,,nan
squeezenet,ISIC_0012989,ensemble,faithfulness_correlation,0.2491053342819214,
squeezenet,ISIC_0012989,ensemble,pixel_flipping,350.3292541503906,
squeezenet,ISIC_0012989,ensemble,max_sensitivity,1.0993118286132812,
squeezenet,ISIC_0012989,ensemble,avg_sensitivity,1.0818702697753906,
squeezenet,ISIC_0012989,ensemble,relevance_mass_accuracy,0.370816171169281,
squeezenet,ISIC_0012989,ensemble,pointing_game,1.0,
squeezenet,ISIC_0012989,ensemble,sparseness,0.6791785340720264,
squeezenet,ISIC_0012989,ensemble,complexity,10.960319519042969,
squeezenet,ISIC_0012989,ensemble,model_parameter_randomisation,,nan
squeezenet,ISIC_0012989,ensemble,random_logit,0.8616653181603672,
squeezenet,ISIC_0012989,ensemble,completeness,,nan
squeezenet,ISIC_0012989,ensemble,non_sensitivity,,nan
resnet18,ISIC_0013072,ensemble,faithfulness_correlation,-0.17035755515098572,
resnet18,ISIC_0013072,ensemble,pixel_flipping,10.342185020446777,
resnet18,ISIC_0013072,ensemble,max_sensitivity,1.2429624795913696,
resnet18,ISIC_0013072,ensemble,avg_sensitivity,1.2096234560012817,
resnet18,ISIC_0013072,ensemble,relevance_mass_accuracy,0.43606650829315186,
resnet18,ISIC_0013072,ensemble,pointing_game,0.0,
resnet18,ISIC_0013072,ensemble,sparseness,0.4799018709337698,
resnet18,ISIC_0013072,ensemble,complexity,11.516595840454102,
resnet18,ISIC_0013072,ensemble,model_parameter_randomisation,,nan
resnet18,ISIC_0013072,ensemble,random_logit,0.6276923456530116,
resnet18,ISIC_0013072,ensemble,completeness,,nan
resnet18,ISIC_0013072,ensemble,non_sensitivity,,nan
squeezenet,ISIC_0013072,ensemble,faithfulness_correlation,0.29840531945228577,
squeezenet,ISIC_0013072,ensemble,pixel_flipping,167.15054321289062,
squeezenet,ISIC_0013072,ensemble,max_sensitivity,1.1660515069961548,
squeezenet,ISIC_0013072,ensemble,avg_sensitivity,1.151185154914856,
squeezenet,ISIC_0013072,ensemble,relevance_mass_accuracy,0.6118726134300232,
squeezenet,ISIC_0013072,ensemble,pointing_game,1.0,
squeezenet,ISIC_0013072,ensemble,sparseness,0.6490786570921453,
squeezenet,ISIC_0013072,ensemble,complexity,11.110023498535156,
squeezenet,ISIC_0013072,ensemble,model_parameter_randomisation,,nan
squeezenet,ISIC_0013072,ensemble,random_logit,0.8177176310975612,
squeezenet,ISIC_0013072,ensemble,completeness,,nan
squeezenet,ISIC_0013072,ensemble,non_sensitivity,,nan
resnet18,ISIC_0013073,ensemble,faithfulness_correlation,-0.0686802789568901,
resnet18,ISIC_0013073,ensemble,pixel_flipping,395.73638916015625,
resnet18,ISIC_0013073,ensemble,max_sensitivity,1.1417670249938965,
resnet18,ISIC_0013073,ensemble,avg_sensitivity,1.1096004366874694,
resnet18,ISIC_0013073,ensemble,relevance_mass_accuracy,0.7541280388832092,
resnet18,ISIC_0013073,ensemble,pointing_game,0.0,
resnet18,ISIC_0013073,ensemble,sparseness,0.5012813676667831,
resnet18,ISIC_0013073,ensemble,complexity,11.484827041625977,
resnet18,ISIC_0013073,ensemble,model_parameter_randomisation,,nan
resnet18,ISIC_0013073,ensemble,random_logit,0.5832836628680026,
resnet18,ISIC_0013073,ensemble,completeness,,nan
resnet18,ISIC_0013073,ensemble,non_sensitivity,,nan
squeezenet,ISIC_0013073,ensemble,faithfulness_correlation,0.2737860381603241,
squeezenet,ISIC_0013073,ensemble,pixel_flipping,123.31208801269531,
squeezenet,ISIC_0013073,ensemble,max_sensitivity,1.159561276435852,
squeezenet,ISIC_0013073,ensemble,avg_sensitivity,1.1372605800628661,
squeezenet,ISIC_0013073,ensemble,relevance_mass_accuracy,0.8906177878379822,
squeezenet,ISIC_0013073,ensemble,pointing_game,1.0,
squeezenet,ISIC_0013073,ensemble,sparseness,0.6274794112040358,
squeezenet,ISIC_0013073,ensemble,complexity,11.176200866699219,
squeezenet,ISIC_0013073,ensemble,model_parameter_randomisation,,nan
squeezenet,ISIC_0013073,ensemble,random_logit,0.7861243412027661,
squeezenet,ISIC_0013073,ensemble,completeness,,nan
squeezenet,ISIC_0013073,ensemble,non_sensitivity,,nan
resnet18,ISIC_0013242,ensemble,faithfulness_correlation,-0.06158151850104332,
resnet18,ISIC_0013242,ensemble,pixel_flipping,484.73748779296875,
resnet18,ISIC_0013242,ensemble,max_sensitivity,1.0179946422576904,
resnet18,ISIC_0013242,ensemble,avg_sensitivity,0.9996380507946014,
resnet18,ISIC_0013242,ensemble,relevance_mass_accuracy,0.18692822754383087,
resnet18,ISIC_0013242,ensemble,pointing_game,0.0,
resnet18,ISIC_0013242,ensemble,sparseness,0.4778041216674322,
resnet18,ISIC_0013242,ensemble,complexity,11.522067070007324,
resnet18,ISIC_0013242,ensemble,model_parameter_randomisation,,nan
resnet18,ISIC_0013242,ensemble,random_logit,0.6610880625108263,
resnet18,ISIC_0013242,ensemble,completeness,,nan
resnet18,ISIC_0013242,ensemble,non_sensitivity,,nan
squeezenet,ISIC_0013242,ensemble,faithfulness_correlation,0.10555736720561981,
squeezenet,ISIC_0013242,ensemble,pixel_flipping,175.145263671875,
squeezenet,ISIC_0013242,ensemble,max_sensitivity,1.070826768875122,
squeezenet,ISIC_0013242,ensemble,avg_sensitivity,1.0516791105270387,
squeezenet,ISIC_0013242,ensemble,relevance_mass_accuracy,0.3286151587963104,
squeezenet,ISIC_0013242,ensemble,pointing_game,1.0,
squeezenet,ISIC_0013242,ensemble,sparseness,0.6034976995886343,
squeezenet,ISIC_0013242,ensemble,complexity,11.237421989440918,
squeezenet,ISIC_0013242,ensemble,model_parameter_randomisation,,nan
squeezenet,ISIC_0013242,ensemble,random_logit,0.8485682524499414,
squeezenet,ISIC_0013242,ensemble,completeness,,nan
squeezenet,ISIC_0013242,ensemble,non_sensitivity,,nan
resnet18,ISIC_0013277,ensemble,faithfulness_correlation,-0.04041335731744766,
resnet18,ISIC_0013277,ensemble,pixel_flipping,432.9429626464844,
resnet18,ISIC_0013277,ensemble,max_sensitivity,1.0254452228546143,
resnet18,ISIC_0013277,ensemble,avg_sensitivity,1.0156042098999023,
resnet18,ISIC_0013277,ensemble,relevance_mass_accuracy,0.45963799953460693,
resnet18,ISIC_0013277,ensemble,pointing_game,0.0,
resnet18,ISIC_0013277,ensemble,sparseness,0.4697165738240857,
resnet18,ISIC_0013277,ensemble,complexity,11.52227783203125,
resnet18,ISIC_0013277,ensemble,model_parameter_randomisation,,nan
resnet18,ISIC_0013277,ensemble,random_logit,0.6984327681372017,
resnet18,ISIC_0013277,ensemble,completeness,,nan
resnet18,ISIC_0013277,ensemble,non_sensitivity,,nan
squeezenet,ISIC_0013277,ensemble,faithfulness_correlation,0.1261470913887024,
squeezenet,ISIC_0013277,ensemble,pixel_flipping,218.1589813232422,
squeezenet,ISIC_0013277,ensemble,max_sensitivity,1.1402283906936646,
squeezenet,ISIC_0013277,ensemble,avg_sensitivity,1.1272851705551148,
squeezenet,ISIC_0013277,ensemble,relevance_mass_accuracy,0.8286722302436829,
squeezenet,ISIC_0013277,ensemble,pointing_game,1.0,
squeezenet,ISIC_0013277,ensemble,sparseness,0.7025457246618787,
squeezenet,ISIC_0013277,ensemble,complexity,10.924731254577637,
squeezenet,ISIC_0013277,ensemble,model_parameter_randomisation,,nan
squeezenet,ISIC_0013277,ensemble,random_logit,0.8803128871983069,
squeezenet,ISIC_0013277,ensemble,completeness,,nan
squeezenet,ISIC_0013277,ensemble,non_sensitivity,,nan
resnet18,ISIC_0013321,ensemble,faithfulness_correlation,0.13740769028663635,
resnet18,ISIC_0013321,ensemble,pixel_flipping,28.25337028503418,
resnet18,ISIC_0013321,ensemble,max_sensitivity,1.137302279472351,
resnet18,ISIC_0013321,ensemble,avg_sensitivity,1.0861562132835387,
resnet18,ISIC_0013321,ensemble,relevance_mass_accuracy,0.6766864061355591,
resnet18,ISIC_0013321,ensemble,pointing_game,1.0,
resnet18,ISIC_0013321,ensemble,sparseness,0.4709950053418071,
resnet18,ISIC_0013321,ensemble,complexity,11.530773162841797,
resnet18,ISIC_0013321,ensemble,model_parameter_randomisation,,nan
resnet18,ISIC_0013321,ensemble,random_logit,0.736987188597273,
resnet18,ISIC_0013321,ensemble,completeness,,nan
resnet18,ISIC_0013321,ensemble,non_sensitivity,,nan
squeezenet,ISIC_0013321,ensemble,faithfulness_correlation,0.25708696246147156,
squeezenet,ISIC_0013321,ensemble,pixel_flipping,68.73143768310547,
squeezenet,ISIC_0013321,ensemble,max_sensitivity,1.1896413564682007,
squeezenet,ISIC_0013321,ensemble,avg_sensitivity,1.1561004519462585,
squeezenet,ISIC_0013321,ensemble,relevance_mass_accuracy,0.7243779897689819,
squeezenet,ISIC_0013321,ensemble,pointing_game,1.0,
squeezenet,ISIC_0013321,ensemble,sparseness,0.5764582928318112,
squeezenet,ISIC_0013321,ensemble,complexity,11.311385154724121,
squeezenet,ISIC_0013321,ensemble,model_parameter_randomisation,,nan
squeezenet,ISIC_0013321,ensemble,random_logit,0.5339034923855255,
squeezenet,ISIC_0013321,ensemble,completeness,,nan
squeezenet,ISIC_0013321,ensemble,non_sensitivity,,nan
resnet18,ISIC_0013374,ensemble,faithfulness_correlation,0.1486082375049591,
resnet18,ISIC_0013374,ensemble,pixel_flipping,270.8678283691406,
resnet18,ISIC_0013374,ensemble,max_sensitivity,1.2312581539154053,
resnet18,ISIC_0013374,ensemble,avg_sensitivity,1.1903581142425537,
resnet18,ISIC_0013374,ensemble,relevance_mass_accuracy,0.6877788305282593,
resnet18,ISIC_0013374,ensemble,pointing_game,1.0,
resnet18,ISIC_0013374,ensemble,sparseness,0.4726685063944577,
resnet18,ISIC_0013374,ensemble,complexity,11.53584098815918,
resnet18,ISIC_0013374,ensemble,model_parameter_randomisation,,nan
resnet18,ISIC_0013374,ensemble,random_logit,0.4421990109507063,
resnet18,ISIC_0013374,ensemble,completeness,,nan
resnet18,ISIC_0013374,ensemble,non_sensitivity,,nan
squeezenet,ISIC_0013374,ensemble,faithfulness_correlation,0.20871083438396454,
squeezenet,ISIC_0013374,ensemble,pixel_flipping,131.9306640625,
squeezenet,ISIC_0013374,ensemble,max_sensitivity,1.1380470991134644,
squeezenet,ISIC_0013374,ensemble,avg_sensitivity,1.1241566300392152,
squeezenet,ISIC_0013374,ensemble,relevance_mass_accuracy,0.8352065682411194,
squeezenet,ISIC_0013374,ensemble,pointing_game,1.0,
squeezenet,ISIC_0013374,ensemble,sparseness,0.5974549634692067,
squeezenet,ISIC_0013374,ensemble,complexity,11.270882606506348,
squeezenet,ISIC_0013374,ensemble,model_parameter_randomisation,,nan
squeezenet,ISIC_0013374,ensemble,random_logit,0.6078738246026477,
squeezenet,ISIC_0013374,ensemble,completeness,,nan
squeezenet,ISIC_0013374,ensemble,non_sensitivity,,nan
resnet18,ISIC_0013411,ensemble,faithfulness_correlation,0.041964635252952576,
resnet18,ISIC_0013411,ensemble,pixel_flipping,32.51927947998047,
resnet18,ISIC_0013411,ensemble,max_sensitivity,1.2076952457427979,
resnet18,ISIC_0013411,ensemble,avg_sensitivity,1.142274272441864,
resnet18,ISIC_0013411,ensemble,relevance_mass_accuracy,0.4809969365596771,
resnet18,ISIC_0013411,ensemble,pointing_game,0.0,
resnet18,ISIC_0013411,ensemble,sparseness,0.4779577876411623,
resnet18,ISIC_0013411,ensemble,complexity,11.521209716796875,
resnet18,ISIC_0013411,ensemble,model_parameter_randomisation,,nan
resnet18,ISIC_0013411,ensemble,random_logit,0.5581695878041066,
resnet18,ISIC_0013411,ensemble,completeness,,nan
resnet18,ISIC_0013411,ensemble,non_sensitivity,,nan
squeezenet,ISIC_0013411,ensemble,faithfulness_correlation,0.08290240913629532,
squeezenet,ISIC_0013411,ensemble,pixel_flipping,58.296817779541016,
squeezenet,ISIC_0013411,ensemble,max_sensitivity,1.0049207210540771,
squeezenet,ISIC_0013411,ensemble,avg_sensitivity,0.9895758390426636,
squeezenet,ISIC_0013411,ensemble,relevance_mass_accuracy,0.3251940906047821,
squeezenet,ISIC_0013411,ensemble,pointing_game,0.0,
squeezenet,ISIC_0013411,ensemble,sparseness,0.5781127311721636,
squeezenet,ISIC_0013411,ensemble,complexity,11.313095092773438,
squeezenet,ISIC_0013411,ensemble,model_parameter_randomisation,,nan
squeezenet,ISIC_0013411,ensemble,random_logit,0.5469948664240332,
squeezenet,ISIC_0013411,ensemble,completeness,,nan
squeezenet,ISIC_0013411,ensemble,non_sensitivity,,nan
resnet18,ISIC_0013414,ensemble,faithfulness_correlation,0.08318201452493668,
resnet18,ISIC_0013414,ensemble,pixel_flipping,558.8452758789062,
resnet18,ISIC_0013414,ensemble,max_sensitivity,1.013526201248169,
resnet18,ISIC_0013414,ensemble,avg_sensitivity,0.9984537541866303,
resnet18,ISIC_0013414,ensemble,relevance_mass_accuracy,0.043552298098802567,
resnet18,ISIC_0013414,ensemble,pointing_game,1.0,
resnet18,ISIC_0013414,ensemble,sparseness,0.4805141300140371,
resnet18,ISIC_0013414,ensemble,complexity,11.505212783813477,
resnet18,ISIC_0013414,ensemble,model_parameter_randomisation,,nan
resnet18,ISIC_0013414,ensemble,random_logit,0.5625892374764899,
resnet18,ISIC_0013414,ensemble,completeness,,nan
resnet18,ISIC_0013414,ensemble,non_sensitivity,,nan
squeezenet,ISIC_0013414,ensemble,faithfulness_correlation,0.2744659185409546,
squeezenet,ISIC_0013414,ensemble,pixel_flipping,328.71234130859375,
squeezenet,ISIC_0013414,ensemble,max_sensitivity,1.0743259191513062,
squeezenet,ISIC_0013414,ensemble,avg_sensitivity,1.035091507434845,
squeezenet,ISIC_0013414,ensemble,relevance_mass_accuracy,0.13548243045806885,
squeezenet,ISIC_0013414,ensemble,pointing_game,1.0,
squeezenet,ISIC_0013414,ensemble,sparseness,0.6236599386435322,
squeezenet,ISIC_0013414,ensemble,complexity,11.166851997375488,
squeezenet,ISIC_0013414,ensemble,model_parameter_randomisation,,nan
squeezenet,ISIC_0013414,ensemble,random_logit,0.7846474718053169,
squeezenet,ISIC_0013414,ensemble,completeness,,nan
squeezenet,ISIC_0013414,ensemble,non_sensitivity,,nan
resnet18,ISIC_0013455,ensemble,faithfulness_correlation,-0.12329436093568802,
resnet18,ISIC_0013455,ensemble,pixel_flipping,534.3255615234375,
resnet18,ISIC_0013455,ensemble,max_sensitivity,1.033923864364624,
resnet18,ISIC_0013455,ensemble,avg_sensitivity,1.020599114894867,
resnet18,ISIC_0013455,ensemble,relevance_mass_accuracy,0.4382970631122589,
resnet18,ISIC_0013455,ensemble,pointing_game,1.0,
resnet18,ISIC_0013455,ensemble,sparseness,0.4796061583519652,
resnet18,ISIC_0013455,ensemble,complexity,11.522233963012695,
resnet18,ISIC_0013455,ensemble,model_parameter_randomisation,,nan
resnet18,ISIC_0013455,ensemble,random_logit,0.548711313446115,
resnet18,ISIC_0013455,ensemble,completeness,,nan
resnet18,ISIC_0013455,ensemble,non_sensitivity,,nan
squeezenet,ISIC_0013455,ensemble,faithfulness_correlation,0.19720059633255005,
squeezenet,ISIC_0013455,ensemble,pixel_flipping,145.31539916992188,
squeezenet,ISIC_0013455,ensemble,max_sensitivity,1.076924443244934,
squeezenet,ISIC_0013455,ensemble,avg_sensitivity,1.0723151445388794,
squeezenet,ISIC_0013455,ensemble,relevance_mass_accuracy,0.6740594506263733,
squeezenet,ISIC_0013455,ensemble,pointing_game,0.0,
squeezenet,ISIC_0013455,ensemble,sparseness,0.6224813215836433,
squeezenet,ISIC_0013455,ensemble,complexity,11.197125434875488,
squeezenet,ISIC_0013455,ensemble,model_parameter_randomisation,,nan
squeezenet,ISIC_0013455,ensemble,random_logit,0.7593023034952924,
squeezenet,ISIC_0013455,ensemble,completeness,,nan
squeezenet,ISIC_0013455,ensemble,non_sensitivity,,nan
resnet18,ISIC_0013457,ensemble,faithfulness_correlation,0.008654670789837837,
resnet18,ISIC_0013457,ensemble,pixel_flipping,566.984130859375,
resnet18,ISIC_0013457,ensemble,max_sensitivity,1.078836441040039,
resnet18,ISIC_0013457,ensemble,avg_sensitivity,1.0801322221755982,
resnet18,ISIC_0013457,ensemble,relevance_mass_accuracy,0.5375327467918396,
resnet18,ISIC_0013457,ensemble,pointing_game,0.0,
resnet18,ISIC_0013457,ensemble,sparseness,0.4902288732925141,
resnet18,ISIC_0013457,ensemble,complexity,11.503665924072266,
resnet18,ISIC_0013457,ensemble,model_parameter_randomisation,,nan
resnet18,ISIC_0013457,ensemble,random_logit,0.5371575084194972,
resnet18,ISIC_0013457,ensemble,completeness,,nan
resnet18,ISIC_0013457,ensemble,non_sensitivity,,nan
squeezenet,ISIC_0013457,ensemble,faithfulness_correlation,0.12852202355861664,
squeezenet,ISIC_0013457,ensemble,pixel_flipping,162.0262451171875,
squeezenet,ISIC_0013457,ensemble,max_sensitivity,1.15969717502594,
squeezenet,ISIC_0013457,ensemble,avg_sensitivity,1.152930998802185,
squeezenet,ISIC_0013457,ensemble,relevance_mass_accuracy,0.820336103439331,
squeezenet,ISIC_0013457,ensemble,pointing_game,1.0,
squeezenet,ISIC_0013457,ensemble,sparseness,0.61347522008596,
squeezenet,ISIC_0013457,ensemble,complexity,11.215842247009277,
squeezenet,ISIC_0013457,ensemble,model_parameter_randomisation,,nan
squeezenet,ISIC_0013457,ensemble,random_logit,0.7497167443768524,
squeezenet,ISIC_0013457,ensemble,completeness,,nan
squeezenet,ISIC_0013457,ensemble,non_sensitivity,,nan
resnet18,ISIC_0013459,ensemble,faithfulness_correlation,-0.054597243666648865,
resnet18,ISIC_0013459,ensemble,pixel_flipping,532.1949462890625,
resnet18,ISIC_0013459,ensemble,max_sensitivity,1.080152153968811,
resnet18,ISIC_0013459,ensemble,avg_sensitivity,1.0331716537475586,
resnet18,ISIC_0013459,ensemble,relevance_mass_accuracy,0.1365852802991867,
resnet18,ISIC_0013459,ensemble,pointing_game,1.0,
resnet18,ISIC_0013459,ensemble,sparseness,0.4746338938220945,
resnet18,ISIC_0013459,ensemble,complexity,11.530166625976562,
resnet18,ISIC_0013459,ensemble,model_parameter_randomisation,,nan
resnet18,ISIC_0013459,ensemble,random_logit,0.5547738419521244,
resnet18,ISIC_0013459,ensemble,completeness,,nan
resnet18,ISIC_0013459,ensemble,non_sensitivity,,nan
squeezenet,ISIC_0013459,ensemble,faithfulness_correlation,0.23128850758075714,
squeezenet,ISIC_0013459,ensemble,pixel_flipping,152.49234008789062,
squeezenet,ISIC_0013459,ensemble,max_sensitivity,1.11408531665802,
squeezenet,ISIC_0013459,ensemble,avg_sensitivity,1.0989711046218873,
squeezenet,ISIC_0013459,ensemble,relevance_mass_accuracy,0.7049959301948547,
squeezenet,ISIC_0013459,ensemble,pointing_game,1.0,
squeezenet,ISIC_0013459,ensemble,sparseness,0.5938110607503345,
squeezenet,ISIC_0013459,ensemble,complexity,11.259745597839355,
squeezenet,ISIC_0013459,ensemble,model_parameter_randomisation,,nan
squeezenet,ISIC_0013459,ensemble,random_logit,0.6547438864388248,
squeezenet,ISIC_0013459,ensemble,completeness,,nan
squeezenet,ISIC_0013459,ensemble,non_sensitivity,,nan
resnet18,ISIC_0013472,ensemble,faithfulness_correlation,0.09184934198856354,
resnet18,ISIC_0013472,ensemble,pixel_flipping,529.3651123046875,
resnet18,ISIC_0013472,ensemble,max_sensitivity,1.0860896110534668,
resnet18,ISIC_0013472,ensemble,avg_sensitivity,1.0710610747337341,
resnet18,ISIC_0013472,ensemble,relevance_mass_accuracy,0.16323970258235931,
resnet18,ISIC_0013472,ensemble,pointing_game,0.0,
resnet18,ISIC_0013472,ensemble,sparseness,0.5449486904137586,
resnet18,ISIC_0013472,ensemble,complexity,11.383960723876953,
resnet18,ISIC_0013472,ensemble,model_parameter_randomisation,,nan
resnet18,ISIC_0013472,ensemble,random_logit,0.6572366643644278,
resnet18,ISIC_0013472,ensemble,completeness,,nan
resnet18,ISIC_0013472,ensemble,non_sensitivity,,nan
squeezenet,ISIC_0013472,ensemble,faithfulness_correlation,0.21437159180641174,
squeezenet,ISIC_0013472,ensemble,pixel_flipping,184.32962036132812,
squeezenet,ISIC_0013472,ensemble,max_sensitivity,1.1486139297485352,
squeezenet,ISIC_0013472,ensemble,avg_sensitivity,1.1313512921333313,
squeezenet,ISIC_0013472,ensemble,relevance_mass_accuracy,0.4144761860370636,
squeezenet,ISIC_0013472,ensemble,pointing_game,0.0,
squeezenet,ISIC_0013472,ensemble,sparseness,0.6938458145139978,
squeezenet,ISIC_0013472,ensemble,complexity,10.905821800231934,
squeezenet,ISIC_0013472,ensemble,model_parameter_randomisation,,nan
squeezenet,ISIC_0013472,ensemble,random_logit,0.913450381364333,
squeezenet,ISIC_0013472,ensemble,completeness,,nan
squeezenet,ISIC_0013472,ensemble,non_sensitivity,,nan
resnet18,ISIC_0013473,ensemble,faithfulness_correlation,-0.17203226685523987,
resnet18,ISIC_0013473,ensemble,pixel_flipping,144.20645141601562,
resnet18,ISIC_0013473,ensemble,max_sensitivity,1.0041444301605225,
resnet18,ISIC_0013473,ensemble,avg_sensitivity,0.9841129601001739,
resnet18,ISIC_0013473,ensemble,relevance_mass_accuracy,0.9239577651023865,
resnet18,ISIC_0013473,ensemble,pointing_game,1.0,
resnet18,ISIC_0013473,ensemble,sparseness,0.46619971710743946,
resnet18,ISIC_0013473,ensemble,complexity,11.538993835449219,
resnet18,ISIC_0013473,ensemble,model_parameter_randomisation,,nan
resnet18,ISIC_0013473,ensemble,random_logit,0.5803804402363761,
resnet18,ISIC_0013473,ensemble,completeness,,nan
resnet18,ISIC_0013473,ensemble,non_sensitivity,,nan
squeezenet,ISIC_0013473,ensemble,faithfulness_correlation,0.09283135831356049,
squeezenet,ISIC_0013473,ensemble,pixel_flipping,191.1394805908203,
squeezenet,ISIC_0013473,ensemble,max_sensitivity,1.09840989112854,
squeezenet,ISIC_0013473,ensemble,avg_sensitivity,1.069653582572937,
squeezenet,ISIC_0013473,ensemble,relevance_mass_accuracy,1.0058797597885132,
squeezenet,ISIC_0013473,ensemble,pointing_game,1.0,
squeezenet,ISIC_0013473,ensemble,sparseness,0.6201811768386657,
squeezenet,ISIC_0013473,ensemble,complexity,11.190631866455078,
squeezenet,ISIC_0013473,ensemble,model_parameter_randomisation,,nan
squeezenet,ISIC_0013473,ensemble,random_logit,0.8008293334526185,
squeezenet,ISIC_0013473,ensemble,completeness,,nan
squeezenet,ISIC_0013473,ensemble,non_sensitivity,,nan
resnet18,ISIC_0013565,ensemble,faithfulness_correlation,-0.1376073956489563,
resnet18,ISIC_0013565,ensemble,pixel_flipping,8.738515853881836,
resnet18,ISIC_0013565,ensemble,max_sensitivity,1.1651395559310913,
resnet18,ISIC_0013565,ensemble,avg_sensitivity,1.1284934997558593,
resnet18,ISIC_0013565,ensemble,relevance_mass_accuracy,0.015436412766575813,
resnet18,ISIC_0013565,ensemble,pointing_game,0.0,
resnet18,ISIC_0013565,ensemble,sparseness,0.45355948896259163,
resnet18,ISIC_0013565,ensemble,complexity,11.561583518981934,
resnet18,ISIC_0013565,ensemble,model_parameter_randomisation,,nan
resnet18,ISIC_0013565,ensemble,random_logit,0.7159409773190699,
resnet18,ISIC_0013565,ensemble,completeness,,nan
resnet18,ISIC_0013565,ensemble,non_sensitivity,,nan
squeezenet,ISIC_0013565,ensemble,faithfulness_correlation,0.1158527210354805,
squeezenet,ISIC_0013565,ensemble,pixel_flipping,60.98470687866211,
squeezenet,ISIC_0013565,ensemble,max_sensitivity,1.114298701286316,
squeezenet,ISIC_0013565,ensemble,avg_sensitivity,1.0928315758705138,
squeezenet,ISIC_0013565,ensemble,relevance_mass_accuracy,0.047450847923755646,
squeezenet,ISIC_0013565,ensemble,pointing_game,0.0,
squeezenet,ISIC_0013565,ensemble,sparseness,0.5780883441931592,
squeezenet,ISIC_0013565,ensemble,complexity,11.316162109375,
squeezenet,ISIC_0013565,ensemble,model_parameter_randomisation,,nan
squeezenet,ISIC_0013565,ensemble,random_logit,0.5093015201646756,
squeezenet,ISIC_0013565,ensemble,completeness,,nan
squeezenet,ISIC_0013565,ensemble,non_sensitivity,,nan
resnet18,ISIC_0013577,ensemble,faithfulness_correlation,0.09352829307317734,
resnet18,ISIC_0013577,ensemble,pixel_flipping,229.6623077392578,
resnet18,ISIC_0013577,ensemble,max_sensitivity,1.245194673538208,
resnet18,ISIC_0013577,ensemble,avg_sensitivity,1.1852092146873474,
resnet18,ISIC_0013577,ensemble,relevance_mass_accuracy,0.25637638568878174,
resnet18,ISIC_0013577,ensemble,pointing_game,0.0,
resnet18,ISIC_0013577,ensemble,sparseness,0.5034696642397484,
resnet18,ISIC_0013577,ensemble,complexity,11.480730056762695,
resnet18,ISIC_0013577,ensemble,model_parameter_randomisation,,nan
resnet18,ISIC_0013577,ensemble,random_logit,0.6176109151470336,
resnet18,ISIC_0013577,ensemble,completeness,,nan
resnet18,ISIC_0013577,ensemble,non_sensitivity,,nan
squeezenet,ISIC_0013577,ensemble,faithfulness_correlation,0.184953972697258,
squeezenet,ISIC_0013577,ensemble,pixel_flipping,161.57904052734375,
squeezenet,ISIC_0013577,ensemble,max_sensitivity,1.123147964477539,
squeezenet,ISIC_0013577,ensemble,avg_sensitivity,1.1086607813835143,
squeezenet,ISIC_0013577,ensemble,relevance_mass_accuracy,0.5559781789779663,
squeezenet,ISIC_0013577,ensemble,pointing_game,0.0,
squeezenet,ISIC_0013577,ensemble,sparseness,0.6725441825899894,
squeezenet,ISIC_0013577,ensemble,complexity,11.009264945983887,
squeezenet,ISIC_0013577,ensemble,model_parameter_randomisation,,nan
squeezenet,ISIC_0013577,ensemble,random_logit,0.8392449412592282,
squeezenet,ISIC_0013577,ensemble,completeness,,nan
squeezenet,ISIC_0013577,ensemble,non_sensitivity,,nan
resnet18,ISIC_0013588,ensemble,faithfulness_correlation,-0.006545822136104107,
resnet18,ISIC_0013588,ensemble,pixel_flipping,8.585193634033203,
resnet18,ISIC_0013588,ensemble,max_sensitivity,1.141882300376892,
resnet18,ISIC_0013588,ensemble,avg_sensitivity,1.081696593761444,
resnet18,ISIC_0013588,ensemble,relevance_mass_accuracy,0.07027482986450195,
resnet18,ISIC_0013588,ensemble,pointing_game,0.0,
resnet18,ISIC_0013588,ensemble,sparseness,0.467419585759767,
resnet18,ISIC_0013588,ensemble,complexity,11.537303924560547,
resnet18,ISIC_0013588,ensemble,model_parameter_randomisation,,nan
resnet18,ISIC_0013588,ensemble,random_logit,0.6747907902604179,
resnet18,ISIC_0013588,ensemble,completeness,,nan
resnet18,ISIC_0013588,ensemble,non_sensitivity,,nan
squeezenet,ISIC_0013588,ensemble,faithfulness_correlation,0.15788903832435608,
squeezenet,ISIC_0013588,ensemble,pixel_flipping,181.16311645507812,
squeezenet,ISIC_0013588,ensemble,max_sensitivity,1.0838578939437866,
squeezenet,ISIC_0013588,ensemble,avg_sensitivity,1.0647221803665161,
squeezenet,ISIC_0013588,ensemble,relevance_mass_accuracy,0.5462775230407715,
squeezenet,ISIC_0013588,ensemble,pointing_game,0.0,
squeezenet,ISIC_0013588,ensemble,sparseness,0.620438328330946,
squeezenet,ISIC_0013588,ensemble,complexity,11.190492630004883,
squeezenet,ISIC_0013588,ensemble,model_parameter_randomisation,,nan
squeezenet,ISIC_0013588,ensemble,random_logit,0.6535644870882502,
squeezenet,ISIC_0013588,ensemble,completeness,,nan
squeezenet,ISIC_0013588,ensemble,non_sensitivity,,nan
resnet18,ISIC_0013615,ensemble,faithfulness_correlation,0.05355706438422203,
resnet18,ISIC_0013615,ensemble,pixel_flipping,107.62041473388672,
resnet18,ISIC_0013615,ensemble,max_sensitivity,1.1581251621246338,
resnet18,ISIC_0013615,ensemble,avg_sensitivity,1.137626576423645,
resnet18,ISIC_0013615,ensemble,relevance_mass_accuracy,0.2745559513568878,
resnet18,ISIC_0013615,ensemble,pointing_game,1.0,
resnet18,ISIC_0013615,ensemble,sparseness,0.5278936339916487,
resnet18,ISIC_0013615,ensemble,complexity,11.41583251953125,
resnet18,ISIC_0013615,ensemble,model_parameter_randomisation,,nan
resnet18,ISIC_0013615,ensemble,random_logit,0.6423798165366493,
resnet18,ISIC_0013615,ensemble,completeness,,nan
resnet18,ISIC_0013615,ensemble,non_sensitivity,,nan
squeezenet,ISIC_0013615,ensemble,faithfulness_correlation,0.18376684188842773,
squeezenet,ISIC_0013615,ensemble,pixel_flipping,188.51516723632812,
squeezenet,ISIC_0013615,ensemble,max_sensitivity,1.1150038242340088,
squeezenet,ISIC_0013615,ensemble,avg_sensitivity,1.0783360242843627,
squeezenet,ISIC_0013615,ensemble,relevance_mass_accuracy,0.5636982321739197,
squeezenet,ISIC_0013615,ensemble,pointing_game,1.0,
squeezenet,ISIC_0013615,ensemble,sparseness,0.6944274876623977,
squeezenet,ISIC_0013615,ensemble,complexity,10.916816711425781,
squeezenet,ISIC_0013615,ensemble,model_parameter_randomisation,,nan
squeezenet,ISIC_0013615,ensemble,random_logit,0.8867820836559596,
squeezenet,ISIC_0013615,ensemble,completeness,,nan
squeezenet,ISIC_0013615,ensemble,non_sensitivity,,nan
resnet18,ISIC_0013617,ensemble,faithfulness_correlation,-0.03775506466627121,
resnet18,ISIC_0013617,ensemble,pixel_flipping,544.8530883789062,
resnet18,ISIC_0013617,ensemble,max_sensitivity,1.1021950244903564,
resnet18,ISIC_0013617,ensemble,avg_sensitivity,1.0851146101951599,
resnet18,ISIC_0013617,ensemble,relevance_mass_accuracy,0.44687405228614807,
resnet18,ISIC_0013617,ensemble,pointing_game,0.0,
resnet18,ISIC_0013617,ensemble,sparseness,0.48975143849649205,
resnet18,ISIC_0013617,ensemble,complexity,11.508890151977539,
resnet18,ISIC_0013617,ensemble,model_parameter_randomisation,,nan
resnet18,ISIC_0013617,ensemble,random_logit,0.4952521460143521,
resnet18,ISIC_0013617,ensemble,completeness,,nan
resnet18,ISIC_0013617,ensemble,non_sensitivity,,nan
squeezenet,ISIC_0013617,ensemble,faithfulness_correlation,0.05005459487438202,
squeezenet,ISIC_0013617,ensemble,pixel_flipping,436.2760009765625,
squeezenet,ISIC_0013617,ensemble,max_sensitivity,1.155031442642212,
squeezenet,ISIC_0013617,ensemble,avg_sensitivity,1.1408042430877685,
squeezenet,ISIC_0013617,ensemble,relevance_mass_accuracy,0.5815927386283875,
squeezenet,ISIC_0013617,ensemble,pointing_game,1.0,
squeezenet,ISIC_0013617,ensemble,sparseness,0.6013667761142351,
squeezenet,ISIC_0013617,ensemble,complexity,11.23410415649414,
squeezenet,ISIC_0013617,ensemble,model_parameter_randomisation,,nan
squeezenet,ISIC_0013617,ensemble,random_logit,0.8524829193015583,
squeezenet,ISIC_0013617,ensemble,completeness,,nan
squeezenet,ISIC_0013617,ensemble,non_sensitivity,,nan
resnet18,ISIC_0013678,ensemble,faithfulness_correlation,-0.21125318109989166,
resnet18,ISIC_0013678,ensemble,pixel_flipping,59.50691223144531,
resnet18,ISIC_0013678,ensemble,max_sensitivity,1.0401421785354614,
resnet18,ISIC_0013678,ensemble,avg_sensitivity,1.0343504667282104,
resnet18,ISIC_0013678,ensemble,relevance_mass_accuracy,0.01064541656523943,
resnet18,ISIC_0013678,ensemble,pointing_game,0.0,
resnet18,ISIC_0013678,ensemble,sparseness,0.4825210878530086,
resnet18,ISIC_0013678,ensemble,complexity,11.508849143981934,
resnet18,ISIC_0013678,ensemble,model_parameter_randomisation,,nan
resnet18,ISIC_0013678,ensemble,random_logit,0.7148305266347806,
resnet18,ISIC_0013678,ensemble,completeness,,nan
resnet18,ISIC_0013678,ensemble,non_sensitivity,,nan
squeezenet,ISIC_0013678,ensemble,faithfulness_correlation,-0.08954303711652756,
squeezenet,ISIC_0013678,ensemble,pixel_flipping,60.24455642700195,
squeezenet,ISIC_0013678,ensemble,max_sensitivity,1.0385034084320068,
squeezenet,ISIC_0013678,ensemble,avg_sensitivity,1.0147560238838196,
squeezenet,ISIC_0013678,ensemble,relevance_mass_accuracy,0.017408467829227448,
squeezenet,ISIC_0013678,ensemble,pointing_game,1.0,
squeezenet,ISIC_0013678,ensemble,sparseness,0.5609778217240277,
squeezenet,ISIC_0013678,ensemble,complexity,11.349852561950684,
squeezenet,ISIC_0013678,ensemble,model_parameter_randomisation,,nan
squeezenet,ISIC_0013678,ensemble,random_logit,0.5141913279642571,
squeezenet,ISIC_0013678,ensemble,completeness,,nan
squeezenet,ISIC_0013678,ensemble,non_sensitivity,,nan
resnet18,ISIC_0013696,ensemble,faithfulness_correlation,0.2584468126296997,
resnet18,ISIC_0013696,ensemble,pixel_flipping,586.7484130859375,
resnet18,ISIC_0013696,ensemble,max_sensitivity,0.9730743765830994,
resnet18,ISIC_0013696,ensemble,avg_sensitivity,0.9622146785259247,
resnet18,ISIC_0013696,ensemble,relevance_mass_accuracy,0.048139601945877075,
resnet18,ISIC_0013696,ensemble,pointing_game,0.0,
resnet18,ISIC_0013696,ensemble,sparseness,0.48070761149517216,
resnet18,ISIC_0013696,ensemble,complexity,11.501094818115234,
resnet18,ISIC_0013696,ensemble,model_parameter_randomisation,,nan
resnet18,ISIC_0013696,ensemble,random_logit,0.6055223767911208,
resnet18,ISIC_0013696,ensemble,completeness,,nan
resnet18,ISIC_0013696,ensemble,non_sensitivity,,nan
squeezenet,ISIC_0013696,ensemble,faithfulness_correlation,0.24704045057296753,
squeezenet,ISIC_0013696,ensemble,pixel_flipping,382.53912353515625,
squeezenet,ISIC_0013696,ensemble,max_sensitivity,1.0527207851409912,
squeezenet,ISIC_0013696,ensemble,avg_sensitivity,1.0367154002189636,
squeezenet,ISIC_0013696,ensemble,relevance_mass_accuracy,0.17383721470832825,
squeezenet,ISIC_0013696,ensemble,pointing_game,0.0,
squeezenet,ISIC_0013696,ensemble,sparseness,0.6456475929384825,
squeezenet,ISIC_0013696,ensemble,complexity,11.102611541748047,
squeezenet,ISIC_0013696,ensemble,model_parameter_randomisation,,nan
squeezenet,ISIC_0013696,ensemble,random_logit,0.7174944787229149,
squeezenet,ISIC_0013696,ensemble,completeness,,nan
squeezenet,ISIC_0013696,ensemble,non_sensitivity,,nan
resnet18,ISIC_0013733,ensemble,faithfulness_correlation,-0.02677549421787262,
resnet18,ISIC_0013733,ensemble,pixel_flipping,72.9575424194336,
resnet18,ISIC_0013733,ensemble,max_sensitivity,1.2366067171096802,
resnet18,ISIC_0013733,ensemble,avg_sensitivity,1.2016838431358337,
resnet18,ISIC_0013733,ensemble,relevance_mass_accuracy,0.09260834008455276,
resnet18,ISIC_0013733,ensemble,pointing_game,0.0,
resnet18,ISIC_0013733,ensemble,sparseness,0.4972570339238963,
resnet18,ISIC_0013733,ensemble,complexity,11.487714767456055,
resnet18,ISIC_0013733,ensemble,model_parameter_randomisation,,nan
resnet18,ISIC_0013733,ensemble,random_logit,0.49801287907534414,
resnet18,ISIC_0013733,ensemble,completeness,,nan
resnet18,ISIC_0013733,ensemble,non_sensitivity,,nan
squeezenet,ISIC_0013733,ensemble,faithfulness_correlation,0.31435033679008484,
squeezenet,ISIC_0013733,ensemble,pixel_flipping,187.11813354492188,
squeezenet,ISIC_0013733,ensemble,max_sensitivity,1.1346544027328491,
squeezenet,ISIC_0013733,ensemble,avg_sensitivity,1.1122056245803833,
squeezenet,ISIC_0013733,ensemble,relevance_mass_accuracy,0.4155062735080719,
squeezenet,ISIC_0013733,ensemble,pointing_game,0.0,
squeezenet,ISIC_0013733,ensemble,sparseness,0.6929167939813371,
squeezenet,ISIC_0013733,ensemble,complexity,10.898137092590332,
squeezenet,ISIC_0013733,ensemble,model_parameter_randomisation,,nan
squeezenet,ISIC_0013733,ensemble,random_logit,0.8358454953258191,
squeezenet,ISIC_0013733,ensemble,completeness,,nan
squeezenet,ISIC_0013733,ensemble,non_sensitivity,,nan
resnet18,ISIC_0013739,ensemble,faithfulness_correlation,0.21966448426246643,
resnet18,ISIC_0013739,ensemble,pixel_flipping,425.42095947265625,
resnet18,ISIC_0013739,ensemble,max_sensitivity,1.0462195873260498,
resnet18,ISIC_0013739,ensemble,avg_sensitivity,1.0332428693771363,
resnet18,ISIC_0013739,ensemble,relevance_mass_accuracy,0.16079388558864594,
resnet18,ISIC_0013739,ensemble,pointing_game,1.0,
resnet18,ISIC_0013739,ensemble,sparseness,0.4997650602525286,
resnet18,ISIC_0013739,ensemble,complexity,11.485647201538086,
resnet18,ISIC_0013739,ensemble,model_parameter_randomisation,,nan
resnet18,ISIC_0013739,ensemble,random_logit,0.5578708713104642,
resnet18,ISIC_0013739,ensemble,completeness,,nan
resnet18,ISIC_0013739,ensemble,non_sensitivity,,nan
squeezenet,ISIC_0013739,ensemble,faithfulness_correlation,0.1906895935535431,
squeezenet,ISIC_0013739,ensemble,pixel_flipping,371.0435485839844,
squeezenet,ISIC_0013739,ensemble,max_sensitivity,1.1035187244415283,
squeezenet,ISIC_0013739,ensemble,avg_sensitivity,1.0925556540489196,
squeezenet,ISIC_0013739,ensemble,relevance_mass_accuracy,0.3041321039199829,
squeezenet,ISIC_0013739,ensemble,pointing_game,0.0,
squeezenet,ISIC_0013739,ensemble,sparseness,0.6331118209456325,
squeezenet,ISIC_0013739,ensemble,complexity,11.16963005065918,
squeezenet,ISIC_0013739,ensemble,model_parameter_randomisation,,nan
squeezenet,ISIC_0013739,ensemble,random_logit,0.8036727128728209,
squeezenet,ISIC_0013739,ensemble,completeness,,nan
squeezenet,ISIC_0013739,ensemble,non_sensitivity,,nan
resnet18,ISIC_0013766,ensemble,faithfulness_correlation,-0.16169871389865875,
resnet18,ISIC_0013766,ensemble,pixel_flipping,564.0771484375,
resnet18,ISIC_0013766,ensemble,max_sensitivity,1.050877332687378,
resnet18,ISIC_0013766,ensemble,avg_sensitivity,1.0371825456619264,
resnet18,ISIC_0013766,ensemble,relevance_mass_accuracy,0.08956930786371231,
resnet18,ISIC_0013766,ensemble,pointing_game,0.0,
resnet18,ISIC_0013766,ensemble,sparseness,0.5067268627555982,
resnet18,ISIC_0013766,ensemble,complexity,11.463541030883789,
resnet18,ISIC_0013766,ensemble,model_parameter_randomisation,,nan
resnet18,ISIC_0013766,ensemble,random_logit,0.557707861835851,
resnet18,ISIC_0013766,ensemble,completeness,,nan
resnet18,ISIC_0013766,ensemble,non_sensitivity,,nan
squeezenet,ISIC_0013766,ensemble,faithfulness_correlation,0.25434333086013794,
squeezenet,ISIC_0013766,ensemble,pixel_flipping,385.6690368652344,
squeezenet,ISIC_0013766,ensemble,max_sensitivity,1.104009747505188,
squeezenet,ISIC_0013766,ensemble,avg_sensitivity,1.0778147339820863,
squeezenet,ISIC_0013766,ensemble,relevance_mass_accuracy,0.2566876709461212,
squeezenet,ISIC_0013766,ensemble,pointing_game,1.0,
squeezenet,ISIC_0013766,ensemble,sparseness,0.6574428314325322,
squeezenet,ISIC_0013766,ensemble,complexity,11.063796043395996,
squeezenet,ISIC_0013766,ensemble,model_parameter_randomisation,,nan
squeezenet,ISIC_0013766,ensemble,random_logit,0.8220606614633271,
squeezenet,ISIC_0013766,ensemble,completeness,,nan
squeezenet,ISIC_0013766,ensemble,non_sensitivity,,nan
resnet18,ISIC_0013767,ensemble,faithfulness_correlation,-0.1603795886039734,
resnet18,ISIC_0013767,ensemble,pixel_flipping,593.0671997070312,
resnet18,ISIC_0013767,ensemble,max_sensitivity,1.0421751737594604,
resnet18,ISIC_0013767,ensemble,avg_sensitivity,1.0236859321594238,
resnet18,ISIC_0013767,ensemble,relevance_mass_accuracy,0.6343050599098206,
resnet18,ISIC_0013767,ensemble,pointing_game,1.0,
resnet18,ISIC_0013767,ensemble,sparseness,0.47608399737111295,
resnet18,ISIC_0013767,ensemble,complexity,11.529509544372559,
resnet18,ISIC_0013767,ensemble,model_parameter_randomisation,,nan
resnet18,ISIC_0013767,ensemble,random_logit,0.4684308141919003,
resnet18,ISIC_0013767,ensemble,completeness,,nan
resnet18,ISIC_0013767,ensemble,non_sensitivity,,nan
squeezenet,ISIC_0013767,ensemble,faithfulness_correlation,0.18673403561115265,
squeezenet,ISIC_0013767,ensemble,pixel_flipping,205.3690643310547,
squeezenet,ISIC_0013767,ensemble,max_sensitivity,1.1365488767623901,
squeezenet,ISIC_0013767,ensemble,avg_sensitivity,1.1229730248451233,
squeezenet,ISIC_0013767,ensemble,relevance_mass_accuracy,0.8270334601402283,
squeezenet,ISIC_0013767,ensemble,pointing_game,1.0,
squeezenet,ISIC_0013767,ensemble,sparseness,0.6063628015809319,
squeezenet,ISIC_0013767,ensemble,complexity,11.237621307373047,
squeezenet,ISIC_0013767,ensemble,model_parameter_randomisation,,nan
squeezenet,ISIC_0013767,ensemble,random_logit,0.7652469461173881,
squeezenet,ISIC_0013767,ensemble,completeness,,nan
squeezenet,ISIC_0013767,ensemble,non_sensitivity,,nan
resnet18,ISIC_0013813,ensemble,faithfulness_correlation,0.17990736663341522,
resnet18,ISIC_0013813,ensemble,pixel_flipping,139.03585815429688,
resnet18,ISIC_0013813,ensemble,max_sensitivity,1.214916706085205,
resnet18,ISIC_0013813,ensemble,avg_sensitivity,1.1839186668395996,
resnet18,ISIC_0013813,ensemble,relevance_mass_accuracy,0.6498130559921265,
resnet18,ISIC_0013813,ensemble,pointing_game,0.0,
resnet18,ISIC_0013813,ensemble,sparseness,0.4767575890245213,
resnet18,ISIC_0013813,ensemble,complexity,11.523543357849121,
resnet18,ISIC_0013813,ensemble,model_parameter_randomisation,,nan
resnet18,ISIC_0013813,ensemble,random_logit,0.5162055274406789,
resnet18,ISIC_0013813,ensemble,completeness,,nan
resnet18,ISIC_0013813,ensemble,non_sensitivity,,nan
squeezenet,ISIC_0013813,ensemble,faithfulness_correlation,0.21978691220283508,
squeezenet,ISIC_0013813,ensemble,pixel_flipping,188.79876708984375,
squeezenet,ISIC_0013813,ensemble,max_sensitivity,1.115254521369934,
squeezenet,ISIC_0013813,ensemble,avg_sensitivity,1.0972092270851135,
squeezenet,ISIC_0013813,ensemble,relevance_mass_accuracy,1.0670002698898315,
squeezenet,ISIC_0013813,ensemble,pointing_game,1.0,
squeezenet,ISIC_0013813,ensemble,sparseness,0.6570551735588983,
squeezenet,ISIC_0013813,ensemble,complexity,11.07667350769043,
squeezenet,ISIC_0013813,ensemble,model_parameter_randomisation,,nan
squeezenet,ISIC_0013813,ensemble,random_logit,0.7709175193210334,
squeezenet,ISIC_0013813,ensemble,completeness,,nan
squeezenet,ISIC_0013813,ensemble,non_sensitivity,,nan
resnet18,ISIC_0013814,ensemble,faithfulness_correlation,0.1904047429561615,
resnet18,ISIC_0013814,ensemble,pixel_flipping,166.41119384765625,
resnet18,ISIC_0013814,ensemble,max_sensitivity,1.1922223567962646,
resnet18,ISIC_0013814,ensemble,avg_sensitivity,1.1623639464378357,
resnet18,ISIC_0013814,ensemble,relevance_mass_accuracy,0.8303818702697754,
resnet18,ISIC_0013814,ensemble,pointing_game,1.0,
resnet18,ISIC_0013814,ensemble,sparseness,0.45548975843712497,
resnet18,ISIC_0013814,ensemble,complexity,11.547913551330566,
resnet18,ISIC_0013814,ensemble,model_parameter_randomisation,,nan
resnet18,ISIC_0013814,ensemble,random_logit,0.6145920733119544,
resnet18,ISIC_0013814,ensemble,completeness,,nan
resnet18,ISIC_0013814,ensemble,non_sensitivity,,nan
squeezenet,ISIC_0013814,ensemble,faithfulness_correlation,-0.04002434015274048,
squeezenet,ISIC_0013814,ensemble,pixel_flipping,27.850744247436523,
squeezenet,ISIC_0013814,ensemble,max_sensitivity,1.1008332967758179,
squeezenet,ISIC_0013814,ensemble,avg_sensitivity,1.08381130695343,
squeezenet,ISIC_0013814,ensemble,relevance_mass_accuracy,0.585715115070343,
squeezenet,ISIC_0013814,ensemble,pointing_game,0.0,
squeezenet,ISIC_0013814,ensemble,sparseness,0.5997920866904133,
squeezenet,ISIC_0013814,ensemble,complexity,11.252700805664062,
squeezenet,ISIC_0013814,ensemble,model_parameter_randomisation,,nan
squeezenet,ISIC_0013814,ensemble,random_logit,0.5598933239192431,
squeezenet,ISIC_0013814,ensemble,completeness,,nan
squeezenet,ISIC_0013814,ensemble,non_sensitivity,,nan
resnet18,ISIC_0013833,ensemble,faithfulness_correlation,0.1728258579969406,
resnet18,ISIC_0013833,ensemble,pixel_flipping,184.29820251464844,
resnet18,ISIC_0013833,ensemble,max_sensitivity,1.2211931943893433,
resnet18,ISIC_0013833,ensemble,avg_sensitivity,1.1337687373161316,
resnet18,ISIC_0013833,ensemble,relevance_mass_accuracy,0.9363182783126831,
resnet18,ISIC_0013833,ensemble,pointing_game,1.0,
resnet18,ISIC_0013833,ensemble,sparseness,0.4245718346499955,
resnet18,ISIC_0013833,ensemble,complexity,11.601679801940918,
resnet18,ISIC_0013833,ensemble,model_parameter_randomisation,,nan
resnet18,ISIC_0013833,ensemble,random_logit,0.6019298477382758,
resnet18,ISIC_0013833,ensemble,completeness,,nan
resnet18,ISIC_0013833,ensemble,non_sensitivity,,nan
squeezenet,ISIC_0013833,ensemble,faithfulness_correlation,0.12245955318212509,
squeezenet,ISIC_0013833,ensemble,pixel_flipping,109.7737808227539,
squeezenet,ISIC_0013833,ensemble,max_sensitivity,1.1306525468826294,
squeezenet,ISIC_0013833,ensemble,avg_sensitivity,1.1117214798927306,
squeezenet,ISIC_0013833,ensemble,relevance_mass_accuracy,1.018204927444458,
squeezenet,ISIC_0013833,ensemble,pointing_game,1.0,
squeezenet,ISIC_0013833,ensemble,sparseness,0.5648903116540483,
squeezenet,ISIC_0013833,ensemble,complexity,11.336191177368164,
squeezenet,ISIC_0013833,ensemble,model_parameter_randomisation,,nan
squeezenet,ISIC_0013833,ensemble,random_logit,0.8164747587581479,
squeezenet,ISIC_0013833,ensemble,completeness,,nan
squeezenet,ISIC_0013833,ensemble,non_sensitivity,,nan
resnet18,ISIC_0013842,ensemble,faithfulness_correlation,0.17343631386756897,
resnet18,ISIC_0013842,ensemble,pixel_flipping,587.8807983398438,
resnet18,ISIC_0013842,ensemble,max_sensitivity,1.0612646341323853,
resnet18,ISIC_0013842,ensemble,avg_sensitivity,1.0478466391563415,
resnet18,ISIC_0013842,ensemble,relevance_mass_accuracy,0.11255800724029541,
resnet18,ISIC_0013842,ensemble,pointing_game,1.0,
resnet18,ISIC_0013842,ensemble,sparseness,0.5093980602241216,
resnet18,ISIC_0013842,ensemble,complexity,11.456340789794922,
resnet18,ISIC_0013842,ensemble,model_parameter_randomisation,,nan
resnet18,ISIC_0013842,ensemble,random_logit,0.7000773690720055,
resnet18,ISIC_0013842,ensemble,completeness,,nan
resnet18,ISIC_0013842,ensemble,non_sensitivity,,nan
squeezenet,ISIC_0013842,ensemble,faithfulness_correlation,0.2951489984989166,
squeezenet,ISIC_0013842,ensemble,pixel_flipping,386.41845703125,
squeezenet,ISIC_0013842,ensemble,max_sensitivity,1.1372425556182861,
squeezenet,ISIC_0013842,ensemble,avg_sensitivity,1.1248405933380128,
squeezenet,ISIC_0013842,ensemble,relevance_mass_accuracy,0.4130855202674866,
squeezenet,ISIC_0013842,ensemble,pointing_game,1.0,
squeezenet,ISIC_0013842,ensemble,sparseness,0.6538175205744197,
squeezenet,ISIC_0013842,ensemble,complexity,11.048301696777344,
squeezenet,ISIC_0013842,ensemble,model_parameter_randomisation,,nan
squeezenet,ISIC_0013842,ensemble,random_logit,0.8238980166734021,
squeezenet,ISIC_0013842,ensemble,completeness,,nan
squeezenet,ISIC_0013842,ensemble,non_sensitivity,,nan
resnet18,ISIC_0013908,ensemble,faithfulness_correlation,-0.061686817556619644,
resnet18,ISIC_0013908,ensemble,pixel_flipping,130.35853576660156,
resnet18,ISIC_0013908,ensemble,max_sensitivity,1.1298260688781738,
resnet18,ISIC_0013908,ensemble,avg_sensitivity,1.1025617361068725,
resnet18,ISIC_0013908,ensemble,relevance_mass_accuracy,0.35922491550445557,
resnet18,ISIC_0013908,ensemble,pointing_game,1.0,
resnet18,ISIC_0013908,ensemble,sparseness,0.5038643976802324,
resnet18,ISIC_0013908,ensemble,complexity,11.4710054397583,
resnet18,ISIC_0013908,ensemble,model_parameter_randomisation,,nan
resnet18,ISIC_0013908,ensemble,random_logit,0.6153737736172754,
resnet18,ISIC_0013908,ensemble,completeness,,nan
resnet18,ISIC_0013908,ensemble,non_sensitivity,,nan
squeezenet,ISIC_0013908,ensemble,faithfulness_correlation,0.10426154732704163,
squeezenet,ISIC_0013908,ensemble,pixel_flipping,185.31878662109375,
squeezenet,ISIC_0013908,ensemble,max_sensitivity,1.0978282690048218,
squeezenet,ISIC_0013908,ensemble,avg_sensitivity,1.0853710532188416,
squeezenet,ISIC_0013908,ensemble,relevance_mass_accuracy,0.699553906917572,
squeezenet,ISIC_0013908,ensemble,pointing_game,1.0,
squeezenet,ISIC_0013908,ensemble,sparseness,0.6238861131260403,
squeezenet,ISIC_0013908,ensemble,complexity,11.160733222961426,
squeezenet,ISIC_0013908,ensemble,model_parameter_randomisation,,nan
squeezenet,ISIC_0013908,ensemble,random_logit,0.7514162435113527,
squeezenet,ISIC_0013908,ensemble,completeness,,nan
squeezenet,ISIC_0013908,ensemble,non_sensitivity,,nan
resnet18,ISIC_0013917,ensemble,faithfulness_correlation,0.11071796715259552,
resnet18,ISIC_0013917,ensemble,pixel_flipping,435.5876159667969,
resnet18,ISIC_0013917,ensemble,max_sensitivity,1.1448949575424194,
resnet18,ISIC_0013917,ensemble,avg_sensitivity,1.1192439317703247,
resnet18,ISIC_0013917,ensemble,relevance_mass_accuracy,0.12290643155574799,
resnet18,ISIC_0013917,ensemble,pointing_game,0.0,
resnet18,ISIC_0013917,ensemble,sparseness,0.4945676227138907,
resnet18,ISIC_0013917,ensemble,complexity,11.492849349975586,
resnet18,ISIC_0013917,ensemble,model_parameter_randomisation,,nan
resnet18,ISIC_0013917,ensemble,random_logit,0.6036488868823059,
resnet18,ISIC_0013917,ensemble,completeness,,nan
resnet18,ISIC_0013917,ensemble,non_sensitivity,,nan
squeezenet,ISIC_0013917,ensemble,faithfulness_correlation,0.1340692788362503,
squeezenet,ISIC_0013917,ensemble,pixel_flipping,490.2605285644531,
squeezenet,ISIC_0013917,ensemble,max_sensitivity,1.1851727962493896,
squeezenet,ISIC_0013917,ensemble,avg_sensitivity,1.1358152151107788,
squeezenet,ISIC_0013917,ensemble,relevance_mass_accuracy,0.3125763237476349,
squeezenet,ISIC_0013917,ensemble,pointing_game,1.0,
squeezenet,ISIC_0013917,ensemble,sparseness,0.6664012749694431,
squeezenet,ISIC_0013917,ensemble,complexity,11.011131286621094,
squeezenet,ISIC_0013917,ensemble,model_parameter_randomisation,,nan
squeezenet,ISIC_0013917,ensemble,random_logit,0.8671282634956877,
squeezenet,ISIC_0013917,ensemble,completeness,,nan
squeezenet,ISIC_0013917,ensemble,non_sensitivity,,nan
resnet18,ISIC_0013948,ensemble,faithfulness_correlation,0.028859470039606094,
resnet18,ISIC_0013948,ensemble,pixel_flipping,126.06706237792969,
resnet18,ISIC_0013948,ensemble,max_sensitivity,1.0591908693313599,
resnet18,ISIC_0013948,ensemble,avg_sensitivity,1.047022533416748,
resnet18,ISIC_0013948,ensemble,relevance_mass_accuracy,0.4455416798591614,
resnet18,ISIC_0013948,ensemble,pointing_game,0.0,
resnet18,ISIC_0013948,ensemble,sparseness,0.4861279833784109,
resnet18,ISIC_0013948,ensemble,complexity,11.508852005004883,
resnet18,ISIC_0013948,ensemble,model_parameter_randomisation,,nan
resnet18,ISIC_0013948,ensemble,random_logit,0.567849287488175,
resnet18,ISIC_0013948,ensemble,completeness,,nan
resnet18,ISIC_0013948,ensemble,non_sensitivity,,nan
squeezenet,ISIC_0013948,ensemble,faithfulness_correlation,0.24939562380313873,
squeezenet,ISIC_0013948,ensemble,pixel_flipping,201.04490661621094,
squeezenet,ISIC_0013948,ensemble,max_sensitivity,1.0713118314743042,
squeezenet,ISIC_0013948,ensemble,avg_sensitivity,1.0471810698509216,
squeezenet,ISIC_0013948,ensemble,relevance_mass_accuracy,0.6789399981498718,
squeezenet,ISIC_0013948,ensemble,pointing_game,0.0,
squeezenet,ISIC_0013948,ensemble,sparseness,0.642354571436924,
squeezenet,ISIC_0013948,ensemble,complexity,11.149699211120605,
squeezenet,ISIC_0013948,ensemble,model_parameter_randomisation,,nan
squeezenet,ISIC_0013948,ensemble,random_logit,0.8024339390972943,
squeezenet,ISIC_0013948,ensemble,completeness,,nan
squeezenet,ISIC_0013948,ensemble,non_sensitivity,,nan
resnet18,ISIC_0013953,ensemble,faithfulness_correlation,-0.03679269179701805,
resnet18,ISIC_0013953,ensemble,pixel_flipping,562.0401000976562,
resnet18,ISIC_0013953,ensemble,max_sensitivity,1.1359671354293823,
resnet18,ISIC_0013953,ensemble,avg_sensitivity,1.1249193906784059,
resnet18,ISIC_0013953,ensemble,relevance_mass_accuracy,0.41564804315567017,
resnet18,ISIC_0013953,ensemble,pointing_game,0.0,
resnet18,ISIC_0013953,ensemble,sparseness,0.4954298432746889,
resnet18,ISIC_0013953,ensemble,complexity,11.48505687713623,
resnet18,ISIC_0013953,ensemble,model_parameter_randomisation,,nan
resnet18,ISIC_0013953,ensemble,random_logit,0.7991969373629012,
resnet18,ISIC_0013953,ensemble,completeness,,nan
resnet18,ISIC_0013953,ensemble,non_sensitivity,,nan
squeezenet,ISIC_0013953,ensemble,faithfulness_correlation,0.026718907058238983,
squeezenet,ISIC_0013953,ensemble,pixel_flipping,44.49126434326172,
squeezenet,ISIC_0013953,ensemble,max_sensitivity,1.0178399085998535,
squeezenet,ISIC_0013953,ensemble,avg_sensitivity,1.000671488046646,
squeezenet,ISIC_0013953,ensemble,relevance_mass_accuracy,0.03774091228842735,
squeezenet,ISIC_0013953,ensemble,pointing_game,0.0,
squeezenet,ISIC_0013953,ensemble,sparseness,0.5599578258465847,
squeezenet,ISIC_0013953,ensemble,complexity,11.360445976257324,
squeezenet,ISIC_0013953,ensemble,model_parameter_randomisation,,nan
squeezenet,ISIC_0013953,ensemble,random_logit,0.4226038382553686,
squeezenet,ISIC_0013953,ensemble,completeness,,nan
squeezenet,ISIC_0013953,ensemble,non_sensitivity,,nan
resnet18,ISIC_0013987,ensemble,faithfulness_correlation,-0.13581152260303497,
resnet18,ISIC_0013987,ensemble,pixel_flipping,223.4495086669922,
resnet18,ISIC_0013987,ensemble,max_sensitivity,1.1753737926483154,
resnet18,ISIC_0013987,ensemble,avg_sensitivity,1.140270507335663,
resnet18,ISIC_0013987,ensemble,relevance_mass_accuracy,0.31376296281814575,
resnet18,ISIC_0013987,ensemble,pointing_game,0.0,
resnet18,ISIC_0013987,ensemble,sparseness,0.518121012416378,
resnet18,ISIC_0013987,ensemble,complexity,11.443317413330078,
resnet18,ISIC_0013987,ensemble,model_parameter_randomisation,,nan
resnet18,ISIC_0013987,ensemble,random_logit,0.6319313520123734,
resnet18,ISIC_0013987,ensemble,completeness,,nan
resnet18,ISIC_0013987,ensemble,non_sensitivity,,nan
squeezenet,ISIC_0013987,ensemble,faithfulness_correlation,0.3615758419036865,
squeezenet,ISIC_0013987,ensemble,pixel_flipping,144.29238891601562,
squeezenet,ISIC_0013987,ensemble,max_sensitivity,1.1333171129226685,
squeezenet,ISIC_0013987,ensemble,avg_sensitivity,1.11623717546463,
squeezenet,ISIC_0013987,ensemble,relevance_mass_accuracy,0.6186655759811401,
squeezenet,ISIC_0013987,ensemble,pointing_game,1.0,
squeezenet,ISIC_0013987,ensemble,sparseness,0.6812480205493286,
squeezenet,ISIC_0013987,ensemble,complexity,10.99450969696045,
squeezenet,ISIC_0013987,ensemble,model_parameter_randomisation,,nan
squeezenet,ISIC_0013987,ensemble,random_logit,0.9012840377772822,
squeezenet,ISIC_0013987,ensemble,completeness,,nan
squeezenet,ISIC_0013987,ensemble,non_sensitivity,,nan
resnet18,ISIC_0013988,ensemble,faithfulness_correlation,0.14877822995185852,
resnet18,ISIC_0013988,ensemble,pixel_flipping,271.50048828125,
resnet18,ISIC_0013988,ensemble,max_sensitivity,1.2161579132080078,
resnet18,ISIC_0013988,ensemble,avg_sensitivity,1.1418238282203674,
resnet18,ISIC_0013988,ensemble,relevance_mass_accuracy,0.6219701766967773,
resnet18,ISIC_0013988,ensemble,pointing_game,0.0,
resnet18,ISIC_0013988,ensemble,sparseness,0.5354053389875074,
resnet18,ISIC_0013988,ensemble,complexity,11.412549018859863,
resnet18,ISIC_0013988,ensemble,model_parameter_randomisation,,nan
resnet18,ISIC_0013988,ensemble,random_logit,0.5890939449813885,
resnet18,ISIC_0013988,ensemble,completeness,,nan
resnet18,ISIC_0013988,ensemble,non_sensitivity,,nan
squeezenet,ISIC_0013988,ensemble,faithfulness_correlation,-0.006536788307130337,
squeezenet,ISIC_0013988,ensemble,pixel_flipping,126.03948974609375,
squeezenet,ISIC_0013988,ensemble,max_sensitivity,1.1439967155456543,
squeezenet,ISIC_0013988,ensemble,avg_sensitivity,1.1153607487678527,
squeezenet,ISIC_0013988,ensemble,relevance_mass_accuracy,0.9072524905204773,
squeezenet,ISIC_0013988,ensemble,pointing_game,1.0,
squeezenet,ISIC_0013988,ensemble,sparseness,0.6350440442111375,
squeezenet,ISIC_0013988,ensemble,complexity,11.153885841369629,
squeezenet,ISIC_0013988,ensemble,model_parameter_randomisation,,nan
squeezenet,ISIC_0013988,ensemble,random_logit,0.8266776906716325,
squeezenet,ISIC_0013988,ensemble,completeness,,nan
squeezenet,ISIC_0013988,ensemble,non_sensitivity,,nan
resnet18,ISIC_0014027,ensemble,faithfulness_correlation,-0.11215885728597641,
resnet18,ISIC_0014027,ensemble,pixel_flipping,419.16107177734375,
resnet18,ISIC_0014027,ensemble,max_sensitivity,1.055008053779602,
resnet18,ISIC_0014027,ensemble,avg_sensitivity,1.0387768149375916,
resnet18,ISIC_0014027,ensemble,relevance_mass_accuracy,0.19511933624744415,
resnet18,ISIC_0014027,ensemble,pointing_game,1.0,
resnet18,ISIC_0014027,ensemble,sparseness,0.4334533205678889,
resnet18,ISIC_0014027,ensemble,complexity,11.582761764526367,
resnet18,ISIC_0014027,ensemble,model_parameter_randomisation,,nan
resnet18,ISIC_0014027,ensemble,random_logit,0.494786462540884,
resnet18,ISIC_0014027,ensemble,completeness,,nan
resnet18,ISIC_0014027,ensemble,non_sensitivity,,nan
squeezenet,ISIC_0014027,ensemble,faithfulness_correlation,0.07436471432447433,
squeezenet,ISIC_0014027,ensemble,pixel_flipping,344.5347595214844,
squeezenet,ISIC_0014027,ensemble,max_sensitivity,1.0372542142868042,
squeezenet,ISIC_0014027,ensemble,avg_sensitivity,1.02328120470047,
squeezenet,ISIC_0014027,ensemble,relevance_mass_accuracy,0.5573847889900208,
squeezenet,ISIC_0014027,ensemble,pointing_game,1.0,
squeezenet,ISIC_0014027,ensemble,sparseness,0.6663490941779375,
squeezenet,ISIC_0014027,ensemble,complexity,10.981367111206055,
squeezenet,ISIC_0014027,ensemble,model_parameter_randomisation,,nan
squeezenet,ISIC_0014027,ensemble,random_logit,0.902254997962541,
squeezenet,ISIC_0014027,ensemble,completeness,,nan
squeezenet,ISIC_0014027,ensemble,non_sensitivity,,nan
resnet18,ISIC_0014059,ensemble,faithfulness_correlation,0.22758442163467407,
resnet18,ISIC_0014059,ensemble,pixel_flipping,553.495361328125,
resnet18,ISIC_0014059,ensemble,max_sensitivity,1.0516486167907715,
resnet18,ISIC_0014059,ensemble,avg_sensitivity,1.0486833691596984,
resnet18,ISIC_0014059,ensemble,relevance_mass_accuracy,0.10704581439495087,
resnet18,ISIC_0014059,ensemble,pointing_game,0.0,
resnet18,ISIC_0014059,ensemble,sparseness,0.5052338827761574,
resnet18,ISIC_0014059,ensemble,complexity,11.457951545715332,
resnet18,ISIC_0014059,ensemble,model_parameter_randomisation,,nan
resnet18,ISIC_0014059,ensemble,random_logit,0.6594236327405867,
resnet18,ISIC_0014059,ensemble,completeness,,nan
resnet18,ISIC_0014059,ensemble,non_sensitivity,,nan
squeezenet,ISIC_0014059,ensemble,faithfulness_correlation,0.1999681144952774,
squeezenet,ISIC_0014059,ensemble,pixel_flipping,441.2386169433594,
squeezenet,ISIC_0014059,ensemble,max_sensitivity,1.1007106304168701,
squeezenet,ISIC_0014059,ensemble,avg_sensitivity,1.0902153253555298,
squeezenet,ISIC_0014059,ensemble,relevance_mass_accuracy,0.32135775685310364,
squeezenet,ISIC_0014059,ensemble,pointing_game,1.0,
squeezenet,ISIC_0014059,ensemble,sparseness,0.6831299572942463,
squeezenet,ISIC_0014059,ensemble,complexity,10.944194793701172,
squeezenet,ISIC_0014059,ensemble,model_parameter_randomisation,,nan
squeezenet,ISIC_0014059,ensemble,random_logit,0.8387780849901336,
squeezenet,ISIC_0014059,ensemble,completeness,,nan
squeezenet,ISIC_0014059,ensemble,non_sensitivity,,nan
resnet18,ISIC_0014110,ensemble,faithfulness_correlation,-0.09055013954639435,
resnet18,ISIC_0014110,ensemble,pixel_flipping,550.9506225585938,
resnet18,ISIC_0014110,ensemble,max_sensitivity,1.0302587747573853,
resnet18,ISIC_0014110,ensemble,avg_sensitivity,1.0119502902030946,
resnet18,ISIC_0014110,ensemble,relevance_mass_accuracy,0.3704527020454407,
resnet18,ISIC_0014110,ensemble,pointing_game,1.0,
resnet18,ISIC_0014110,ensemble,sparseness,0.5242616516827792,
resnet18,ISIC_0014110,ensemble,complexity,11.428476333618164,
resnet18,ISIC_0014110,ensemble,model_parameter_randomisation,,nan
resnet18,ISIC_0014110,ensemble,random_logit,0.5824293022227686,
resnet18,ISIC_0014110,ensemble,completeness,,nan
resnet18,ISIC_0014110,ensemble,non_sensitivity,,nan
squeezenet,ISIC_0014110,ensemble,faithfulness_correlation,0.04064861685037613,
squeezenet,ISIC_0014110,ensemble,pixel_flipping,220.70590209960938,
squeezenet,ISIC_0014110,ensemble,max_sensitivity,1.0612645149230957,
squeezenet,ISIC_0014110,ensemble,avg_sensitivity,1.0381256699562074,
squeezenet,ISIC_0014110,ensemble,relevance_mass_accuracy,0.4576548933982849,
squeezenet,ISIC_0014110,ensemble,pointing_game,0.0,
squeezenet,ISIC_0014110,ensemble,sparseness,0.6334324803983711,
squeezenet,ISIC_0014110,ensemble,complexity,11.160479545593262,
squeezenet,ISIC_0014110,ensemble,model_parameter_randomisation,,nan
squeezenet,ISIC_0014110,ensemble,random_logit,0.8546390045643212,
squeezenet,ISIC_0014110,ensemble,completeness,,nan
squeezenet,ISIC_0014110,ensemble,non_sensitivity,,nan
resnet18,ISIC_0014129,ensemble,faithfulness_correlation,-0.05357620120048523,
resnet18,ISIC_0014129,ensemble,pixel_flipping,173.62281799316406,
resnet18,ISIC_0014129,ensemble,max_sensitivity,1.2391654253005981,
resnet18,ISIC_0014129,ensemble,avg_sensitivity,1.179563820362091,
resnet18,ISIC_0014129,ensemble,relevance_mass_accuracy,0.5597848892211914,
resnet18,ISIC_0014129,ensemble,pointing_game,1.0,
resnet18,ISIC_0014129,ensemble,sparseness,0.4880298333404272,
resnet18,ISIC_0014129,ensemble,complexity,11.503606796264648,
resnet18,ISIC_0014129,ensemble,model_parameter_randomisation,,nan
resnet18,ISIC_0014129,ensemble,random_logit,0.6795357718678667,
resnet18,ISIC_0014129,ensemble,completeness,,nan
resnet18,ISIC_0014129,ensemble,non_sensitivity,,nan
squeezenet,ISIC_0014129,ensemble,faithfulness_correlation,0.24208872020244598,
squeezenet,ISIC_0014129,ensemble,pixel_flipping,211.25042724609375,
squeezenet,ISIC_0014129,ensemble,max_sensitivity,1.1372839212417603,
squeezenet,ISIC_0014129,ensemble,avg_sensitivity,1.1170120358467102,
squeezenet,ISIC_0014129,ensemble,relevance_mass_accuracy,0.870800256729126,
squeezenet,ISIC_0014129,ensemble,pointing_game,1.0,
squeezenet,ISIC_0014129,ensemble,sparseness,0.6347215449347436,
squeezenet,ISIC_0014129,ensemble,complexity,11.155603408813477,
squeezenet,ISIC_0014129,ensemble,model_parameter_randomisation,,nan
squeezenet,ISIC_0014129,ensemble,random_logit,0.8233229719225986,
squeezenet,ISIC_0014129,ensemble,completeness,,nan
squeezenet,ISIC_0014129,ensemble,non_sensitivity,,nan
resnet18,ISIC_0014148,ensemble,faithfulness_correlation,0.07445846498012543,
resnet18,ISIC_0014148,ensemble,pixel_flipping,6.764889717102051,
resnet18,ISIC_0014148,ensemble,max_sensitivity,1.1855038404464722,
resnet18,ISIC_0014148,ensemble,avg_sensitivity,1.150365126132965,
resnet18,ISIC_0014148,ensemble,relevance_mass_accuracy,0.30989086627960205,
resnet18,ISIC_0014148,ensemble,pointing_game,0.0,
resnet18,ISIC_0014148,ensemble,sparseness,0.46580282340513945,
resnet18,ISIC_0014148,ensemble,complexity,11.537463188171387,
resnet18,ISIC_0014148,ensemble,model_parameter_randomisation,,nan
resnet18,ISIC_0014148,ensemble,random_logit,0.5636265304672657,
resnet18,ISIC_0014148,ensemble,completeness,,nan
resnet18,ISIC_0014148,ensemble,non_sensitivity,,nan
squeezenet,ISIC_0014148,ensemble,faithfulness_correlation,0.34274759888648987,
squeezenet,ISIC_0014148,ensemble,pixel_flipping,234.07998657226562,
squeezenet,ISIC_0014148,ensemble,max_sensitivity,1.1008000373840332,
squeezenet,ISIC_0014148,ensemble,avg_sensitivity,1.083043897151947,
squeezenet,ISIC_0014148,ensemble,relevance_mass_accuracy,0.9858944416046143,
squeezenet,ISIC_0014148,ensemble,pointing_game,1.0,
squeezenet,ISIC_0014148,ensemble,sparseness,0.6650320542967969,
squeezenet,ISIC_0014148,ensemble,complexity,11.040950775146484,
squeezenet,ISIC_0014148,ensemble,model_parameter_randomisation,,nan
squeezenet,ISIC_0014148,ensemble,random_logit,0.907006709090956,
squeezenet,ISIC_0014148,ensemble,completeness,,nan
squeezenet,ISIC_0014148,ensemble,non_sensitivity,,nan
resnet18,ISIC_0014186,ensemble,faithfulness_correlation,0.1591666340827942,
resnet18,ISIC_0014186,ensemble,pixel_flipping,16.338165283203125,
resnet18,ISIC_0014186,ensemble,max_sensitivity,1.1012641191482544,
resnet18,ISIC_0014186,ensemble,avg_sensitivity,1.0720329999923706,
resnet18,ISIC_0014186,ensemble,relevance_mass_accuracy,0.27248477935791016,
resnet18,ISIC_0014186,ensemble,pointing_game,0.0,
resnet18,ISIC_0014186,ensemble,sparseness,0.49315462668473664,
resnet18,ISIC_0014186,ensemble,complexity,11.494499206542969,
resnet18,ISIC_0014186,ensemble,model_parameter_randomisation,,nan
resnet18,ISIC_0014186,ensemble,random_logit,0.6551861087119004,
resnet18,ISIC_0014186,ensemble,completeness,,nan
resnet18,ISIC_0014186,ensemble,non_sensitivity,,nan
squeezenet,ISIC_0014186,ensemble,faithfulness_correlation,-0.047344956547021866,
squeezenet,ISIC_0014186,ensemble,pixel_flipping,55.64415740966797,
squeezenet,ISIC_0014186,ensemble,max_sensitivity,1.1120136976242065,
squeezenet,ISIC_0014186,ensemble,avg_sensitivity,1.0976495504379273,
squeezenet,ISIC_0014186,ensemble,relevance_mass_accuracy,0.19232673943042755,
squeezenet,ISIC_0014186,ensemble,pointing_game,0.0,
squeezenet,ISIC_0014186,ensemble,sparseness,0.5579402275539046,
squeezenet,ISIC_0014186,ensemble,complexity,11.361270904541016,
squeezenet,ISIC_0014186,ensemble,model_parameter_randomisation,,nan
squeezenet,ISIC_0014186,ensemble,random_logit,0.6135498224430852,
squeezenet,ISIC_0014186,ensemble,completeness,,nan
squeezenet,ISIC_0014186,ensemble,non_sensitivity,,nan
resnet18,ISIC_0014219,ensemble,faithfulness_correlation,0.18603606522083282,
resnet18,ISIC_0014219,ensemble,pixel_flipping,128.52191162109375,
resnet18,ISIC_0014219,ensemble,max_sensitivity,1.246714472770691,
resnet18,ISIC_0014219,ensemble,avg_sensitivity,1.2450432658195496,
resnet18,ISIC_0014219,ensemble,relevance_mass_accuracy,0.4005937874317169,
resnet18,ISIC_0014219,ensemble,pointing_game,0.0,
resnet18,ISIC_0014219,ensemble,sparseness,0.5221987068852888,
resnet18,ISIC_0014219,ensemble,complexity,11.438421249389648,
resnet18,ISIC_0014219,ensemble,model_parameter_randomisation,,nan
resnet18,ISIC_0014219,ensemble,random_logit,0.5748397902627841,
resnet18,ISIC_0014219,ensemble,completeness,,nan
resnet18,ISIC_0014219,ensemble,non_sensitivity,,nan
squeezenet,ISIC_0014219,ensemble,faithfulness_correlation,0.238255575299263,
squeezenet,ISIC_0014219,ensemble,pixel_flipping,257.9231262207031,
squeezenet,ISIC_0014219,ensemble,max_sensitivity,1.1363277435302734,
squeezenet,ISIC_0014219,ensemble,avg_sensitivity,1.1033125638961792,
squeezenet,ISIC_0014219,ensemble,relevance_mass_accuracy,0.7008128762245178,
squeezenet,ISIC_0014219,ensemble,pointing_game,1.0,
squeezenet,ISIC_0014219,ensemble,sparseness,0.6661436786532962,
squeezenet,ISIC_0014219,ensemble,complexity,11.022004127502441,
squeezenet,ISIC_0014219,ensemble,model_parameter_randomisation,,nan
squeezenet,ISIC_0014219,ensemble,random_logit,0.8238648905171457,
squeezenet,ISIC_0014219,ensemble,completeness,,nan
squeezenet,ISIC_0014219,ensemble,non_sensitivity,,nan
resnet18,ISIC_0014221,ensemble,faithfulness_correlation,0.187183678150177,
resnet18,ISIC_0014221,ensemble,pixel_flipping,574.6885986328125,
resnet18,ISIC_0014221,ensemble,max_sensitivity,1.0026310682296753,
resnet18,ISIC_0014221,ensemble,avg_sensitivity,0.9902288675308227,
resnet18,ISIC_0014221,ensemble,relevance_mass_accuracy,0.5073076486587524,
resnet18,ISIC_0014221,ensemble,pointing_game,1.0,
resnet18,ISIC_0014221,ensemble,sparseness,0.4974152182005233,
resnet18,ISIC_0014221,ensemble,complexity,11.486778259277344,
resnet18,ISIC_0014221,ensemble,model_parameter_randomisation,,nan
resnet18,ISIC_0014221,ensemble,random_logit,0.5662037815977353,
resnet18,ISIC_0014221,ensemble,completeness,,nan
resnet18,ISIC_0014221,ensemble,non_sensitivity,,nan
squeezenet,ISIC_0014221,ensemble,faithfulness_correlation,0.28075355291366577,
squeezenet,ISIC_0014221,ensemble,pixel_flipping,363.42962646484375,
squeezenet,ISIC_0014221,ensemble,max_sensitivity,1.0696192979812622,
squeezenet,ISIC_0014221,ensemble,avg_sensitivity,1.0489645957946778,
squeezenet,ISIC_0014221,ensemble,relevance_mass_accuracy,0.7008561491966248,
squeezenet,ISIC_0014221,ensemble,pointing_game,1.0,
squeezenet,ISIC_0014221,ensemble,sparseness,0.6499703001256696,
squeezenet,ISIC_0014221,ensemble,complexity,11.076848983764648,
squeezenet,ISIC_0014221,ensemble,model_parameter_randomisation,,nan
squeezenet,ISIC_0014221,ensemble,random_logit,0.9104827517132118,
squeezenet,ISIC_0014221,ensemble,completeness,,nan
squeezenet,ISIC_0014221,ensemble,non_sensitivity,,nan
resnet18,ISIC_0014233,ensemble,faithfulness_correlation,0.02003849484026432,
resnet18,ISIC_0014233,ensemble,pixel_flipping,97.81193542480469,
resnet18,ISIC_0014233,ensemble,max_sensitivity,1.2580618858337402,
resnet18,ISIC_0014233,ensemble,avg_sensitivity,1.199812936782837,
resnet18,ISIC_0014233,ensemble,relevance_mass_accuracy,0.3966017961502075,
resnet18,ISIC_0014233,ensemble,pointing_game,0.0,
resnet18,ISIC_0014233,ensemble,sparseness,0.5200978662385033,
resnet18,ISIC_0014233,ensemble,complexity,11.441872596740723,
resnet18,ISIC_0014233,ensemble,model_parameter_randomisation,,nan
resnet18,ISIC_0014233,ensemble,random_logit,0.6252076314642245,
resnet18,ISIC_0014233,ensemble,completeness,,nan
resnet18,ISIC_0014233,ensemble,non_sensitivity,,nan
squeezenet,ISIC_0014233,ensemble,faithfulness_correlation,0.018395667895674706,
squeezenet,ISIC_0014233,ensemble,pixel_flipping,58.38165283203125,
squeezenet,ISIC_0014233,ensemble,max_sensitivity,1.1034724712371826,
squeezenet,ISIC_0014233,ensemble,avg_sensitivity,1.0876785397529602,
squeezenet,ISIC_0014233,ensemble,relevance_mass_accuracy,0.2895811200141907,
squeezenet,ISIC_0014233,ensemble,pointing_game,0.0,
squeezenet,ISIC_0014233,ensemble,sparseness,0.5807503420379831,
squeezenet,ISIC_0014233,ensemble,complexity,11.303108215332031,
squeezenet,ISIC_0014233,ensemble,model_parameter_randomisation,,nan
squeezenet,ISIC_0014233,ensemble,random_logit,0.5114425978683442,
squeezenet,ISIC_0014233,ensemble,completeness,,nan
squeezenet,ISIC_0014233,ensemble,non_sensitivity,,nan
resnet18,ISIC_0014255,ensemble,faithfulness_correlation,-0.07364028692245483,
resnet18,ISIC_0014255,ensemble,pixel_flipping,554.4869384765625,
resnet18,ISIC_0014255,ensemble,max_sensitivity,1.0480985641479492,
resnet18,ISIC_0014255,ensemble,avg_sensitivity,1.0239638924598693,
resnet18,ISIC_0014255,ensemble,relevance_mass_accuracy,0.5525165796279907,
resnet18,ISIC_0014255,ensemble,pointing_game,1.0,
resnet18,ISIC_0014255,ensemble,sparseness,0.5241122709432824,
resnet18,ISIC_0014255,ensemble,complexity,11.43431568145752,
resnet18,ISIC_0014255,ensemble,model_parameter_randomisation,,nan
resnet18,ISIC_0014255,ensemble,random_logit,0.6624712073253475,
resnet18,ISIC_0014255,ensemble,completeness,,nan
resnet18,ISIC_0014255,ensemble,non_sensitivity,,nan
squeezenet,ISIC_0014255,ensemble,faithfulness_correlation,0.047621093690395355,
squeezenet,ISIC_0014255,ensemble,pixel_flipping,69.01004028320312,
squeezenet,ISIC_0014255,ensemble,max_sensitivity,1.0367255210876465,
squeezenet,ISIC_0014255,ensemble,avg_sensitivity,1.0213190913200378,
squeezenet,ISIC_0014255,ensemble,relevance_mass_accuracy,0.28660276532173157,
squeezenet,ISIC_0014255,ensemble,pointing_game,0.0,
squeezenet,ISIC_0014255,ensemble,sparseness,0.6235720147240191,
squeezenet,ISIC_0014255,ensemble,complexity,11.162778854370117,
squeezenet,ISIC_0014255,ensemble,model_parameter_randomisation,,nan
squeezenet,ISIC_0014255,ensemble,random_logit,0.6731576513602252,
squeezenet,ISIC_0014255,ensemble,completeness,,nan
squeezenet,ISIC_0014255,ensemble,non_sensitivity,,nan
resnet18,ISIC_0014270,ensemble,faithfulness_correlation,0.19786718487739563,
resnet18,ISIC_0014270,ensemble,pixel_flipping,533.0567016601562,
resnet18,ISIC_0014270,ensemble,max_sensitivity,1.1211272478103638,
resnet18,ISIC_0014270,ensemble,avg_sensitivity,1.092528259754181,
resnet18,ISIC_0014270,ensemble,relevance_mass_accuracy,0.2769816815853119,
resnet18,ISIC_0014270,ensemble,pointing_game,0.0,
resnet18,ISIC_0014270,ensemble,sparseness,0.5284623803846145,
resnet18,ISIC_0014270,ensemble,complexity,11.426349639892578,
resnet18,ISIC_0014270,ensemble,model_parameter_randomisation,,nan
resnet18,ISIC_0014270,ensemble,random_logit,0.5894217399768538,
resnet18,ISIC_0014270,ensemble,completeness,,nan
resnet18,ISIC_0014270,ensemble,non_sensitivity,,nan
squeezenet,ISIC_0014270,ensemble,faithfulness_correlation,0.15902124345302582,
squeezenet,ISIC_0014270,ensemble,pixel_flipping,189.99517822265625,
squeezenet,ISIC_0014270,ensemble,max_sensitivity,1.1531703472137451,
squeezenet,ISIC_0014270,ensemble,avg_sensitivity,1.13777414560318,
squeezenet,ISIC_0014270,ensemble,relevance_mass_accuracy,0.5401978492736816,
squeezenet,ISIC_0014270,ensemble,pointing_game,1.0,
squeezenet,ISIC_0014270,ensemble,sparseness,0.6522086775018419,
squeezenet,ISIC_0014270,ensemble,complexity,11.070799827575684,
squeezenet,ISIC_0014270,ensemble,model_parameter_randomisation,,nan
squeezenet,ISIC_0014270,ensemble,random_logit,0.8341027170794714,
squeezenet,ISIC_0014270,ensemble,completeness,,nan
squeezenet,ISIC_0014270,ensemble,non_sensitivity,,nan
resnet18,ISIC_0014284,ensemble,faithfulness_correlation,0.13937358558177948,
resnet18,ISIC_0014284,ensemble,pixel_flipping,511.69207763671875,
resnet18,ISIC_0014284,ensemble,max_sensitivity,1.0533876419067383,
resnet18,ISIC_0014284,ensemble,avg_sensitivity,1.034502339363098,
resnet18,ISIC_0014284,ensemble,relevance_mass_accuracy,0.08447422832250595,
resnet18,ISIC_0014284,ensemble,pointing_game,0.0,
resnet18,ISIC_0014284,ensemble,sparseness,0.5529588102714884,
resnet18,ISIC_0014284,ensemble,complexity,11.353710174560547,
resnet18,ISIC_0014284,ensemble,model_parameter_randomisation,,nan
resnet18,ISIC_0014284,ensemble,random_logit,0.7072411214894482,
resnet18,ISIC_0014284,ensemble,completeness,,nan
resnet18,ISIC_0014284,ensemble,non_sensitivity,,nan
squeezenet,ISIC_0014284,ensemble,faithfulness_correlation,0.3214184045791626,
squeezenet,ISIC_0014284,ensemble,pixel_flipping,206.74122619628906,
squeezenet,ISIC_0014284,ensemble,max_sensitivity,1.1002092361450195,
squeezenet,ISIC_0014284,ensemble,avg_sensitivity,1.0648339509963989,
squeezenet,ISIC_0014284,ensemble,relevance_mass_accuracy,0.27690061926841736,
squeezenet,ISIC_0014284,ensemble,pointing_game,1.0,
squeezenet,ISIC_0014284,ensemble,sparseness,0.6700082348885829,
squeezenet,ISIC_0014284,ensemble,complexity,10.992599487304688,
squeezenet,ISIC_0014284,ensemble,model_parameter_randomisation,,nan
squeezenet,ISIC_0014284,ensemble,random_logit,0.8569508439418101,
squeezenet,ISIC_0014284,ensemble,completeness,,nan
squeezenet,ISIC_0014284,ensemble,non_sensitivity,,nan
resnet18,ISIC_0014288,ensemble,faithfulness_correlation,0.2766355276107788,
resnet18,ISIC_0014288,ensemble,pixel_flipping,529.9940795898438,
resnet18,ISIC_0014288,ensemble,max_sensitivity,1.1111091375350952,
resnet18,ISIC_0014288,ensemble,avg_sensitivity,1.0872416496276855,
resnet18,ISIC_0014288,ensemble,relevance_mass_accuracy,0.4610464572906494,
resnet18,ISIC_0014288,ensemble,pointing_game,1.0,
resnet18,ISIC_0014288,ensemble,sparseness,0.5802964712118628,
resnet18,ISIC_0014288,ensemble,complexity,11.294034957885742,
resnet18,ISIC_0014288,ensemble,model_parameter_randomisation,,nan
resnet18,ISIC_0014288,ensemble,random_logit,0.6424632101766933,
resnet18,ISIC_0014288,ensemble,completeness,,nan
resnet18,ISIC_0014288,ensemble,non_sensitivity,,nan
squeezenet,ISIC_0014288,ensemble,faithfulness_correlation,0.32437536120414734,
squeezenet,ISIC_0014288,ensemble,pixel_flipping,376.726318359375,
squeezenet,ISIC_0014288,ensemble,max_sensitivity,1.1607048511505127,
squeezenet,ISIC_0014288,ensemble,avg_sensitivity,1.1354634881019592,
squeezenet,ISIC_0014288,ensemble,relevance_mass_accuracy,0.6528062224388123,
squeezenet,ISIC_0014288,ensemble,pointing_game,1.0,
squeezenet,ISIC_0014288,ensemble,sparseness,0.664309367388124,
squeezenet,ISIC_0014288,ensemble,complexity,11.003698348999023,
squeezenet,ISIC_0014288,ensemble,model_parameter_randomisation,,nan
squeezenet,ISIC_0014288,ensemble,random_logit,0.8080684624850456,
squeezenet,ISIC_0014288,ensemble,completeness,,nan
squeezenet,ISIC_0014288,ensemble,non_sensitivity,,nan
resnet18,ISIC_0014319,ensemble,faithfulness_correlation,-0.011252985335886478,
resnet18,ISIC_0014319,ensemble,pixel_flipping,162.32666015625,
resnet18,ISIC_0014319,ensemble,max_sensitivity,1.225934386253357,
resnet18,ISIC_0014319,ensemble,avg_sensitivity,1.1920551657676697,
resnet18,ISIC_0014319,ensemble,relevance_mass_accuracy,0.07024668157100677,
resnet18,ISIC_0014319,ensemble,pointing_game,0.0,
resnet18,ISIC_0014319,ensemble,sparseness,0.47567124054052595,
resnet18,ISIC_0014319,ensemble,complexity,11.52367115020752,
resnet18,ISIC_0014319,ensemble,model_parameter_randomisation,,nan
resnet18,ISIC_0014319,ensemble,random_logit,0.5007847870265916,
resnet18,ISIC_0014319,ensemble,completeness,,nan
resnet18,ISIC_0014319,ensemble,non_sensitivity,,nan
squeezenet,ISIC_0014319,ensemble,faithfulness_correlation,0.045674026012420654,
squeezenet,ISIC_0014319,ensemble,pixel_flipping,141.2095184326172,
squeezenet,ISIC_0014319,ensemble,max_sensitivity,1.1106072664260864,
squeezenet,ISIC_0014319,ensemble,avg_sensitivity,1.1073583245277405,
squeezenet,ISIC_0014319,ensemble,relevance_mass_accuracy,0.19287888705730438,
squeezenet,ISIC_0014319,ensemble,pointing_game,1.0,
squeezenet,ISIC_0014319,ensemble,sparseness,0.643062439475323,
squeezenet,ISIC_0014319,ensemble,complexity,11.118645668029785,
squeezenet,ISIC_0014319,ensemble,model_parameter_randomisation,,nan
squeezenet,ISIC_0014319,ensemble,random_logit,0.8484450908063148,
squeezenet,ISIC_0014319,ensemble,completeness,,nan
squeezenet,ISIC_0014319,ensemble,non_sensitivity,,nan
resnet18,ISIC_0014336,ensemble,faithfulness_correlation,0.06714832037687302,
resnet18,ISIC_0014336,ensemble,pixel_flipping,97.09590148925781,
resnet18,ISIC_0014336,ensemble,max_sensitivity,1.059450387954712,
resnet18,ISIC_0014336,ensemble,avg_sensitivity,1.038395595550537,
resnet18,ISIC_0014336,ensemble,relevance_mass_accuracy,0.5279604196548462,
resnet18,ISIC_0014336,ensemble,pointing_game,0.0,
resnet18,ISIC_0014336,ensemble,sparseness,0.4917479438644781,
resnet18,ISIC_0014336,ensemble,complexity,11.493306159973145,
resnet18,ISIC_0014336,ensemble,model_parameter_randomisation,,nan
resnet18,ISIC_0014336,ensemble,random_logit,0.6791212069998803,
resnet18,ISIC_0014336,ensemble,completeness,,nan
resnet18,ISIC_0014336,ensemble,non_sensitivity,,nan
squeezenet,ISIC_0014336,ensemble,faithfulness_correlation,-0.07341424375772476,
squeezenet,ISIC_0014336,ensemble,pixel_flipping,227.27267456054688,
squeezenet,ISIC_0014336,ensemble,max_sensitivity,1.1092000007629395,
squeezenet,ISIC_0014336,ensemble,avg_sensitivity,1.0806442379951477,
squeezenet,ISIC_0014336,ensemble,relevance_mass_accuracy,0.952138364315033,
squeezenet,ISIC_0014336,ensemble,pointing_game,1.0,
squeezenet,ISIC_0014336,ensemble,sparseness,0.6869206061722277,
squeezenet,ISIC_0014336,ensemble,complexity,10.976716041564941,
squeezenet,ISIC_0014336,ensemble,model_parameter_randomisation,,nan
squeezenet,ISIC_0014336,ensemble,random_logit,0.9093358014157219,
squeezenet,ISIC_0014336,ensemble,completeness,,nan
squeezenet,ISIC_0014336,ensemble,non_sensitivity,,nan
resnet18,ISIC_0014349,ensemble,faithfulness_correlation,0.21279586851596832,
resnet18,ISIC_0014349,ensemble,pixel_flipping,112.82028198242188,
resnet18,ISIC_0014349,ensemble,max_sensitivity,1.0977565050125122,
resnet18,ISIC_0014349,ensemble,avg_sensitivity,1.0807987809181214,
resnet18,ISIC_0014349,ensemble,relevance_mass_accuracy,0.3385888636112213,
resnet18,ISIC_0014349,ensemble,pointing_game,1.0,
resnet18,ISIC_0014349,ensemble,sparseness,0.5412266170360593,
resnet18,ISIC_0014349,ensemble,complexity,11.394598960876465,
resnet18,ISIC_0014349,ensemble,model_parameter_randomisation,,nan
resnet18,ISIC_0014349,ensemble,random_logit,0.6572335118606413,
resnet18,ISIC_0014349,ensemble,completeness,,nan
resnet18,ISIC_0014349,ensemble,non_sensitivity,,nan
squeezenet,ISIC_0014349,ensemble,faithfulness_correlation,0.32449403405189514,
squeezenet,ISIC_0014349,ensemble,pixel_flipping,191.13565063476562,
squeezenet,ISIC_0014349,ensemble,max_sensitivity,1.094517469406128,
squeezenet,ISIC_0014349,ensemble,avg_sensitivity,1.077366590499878,
squeezenet,ISIC_0014349,ensemble,relevance_mass_accuracy,0.6650516390800476,
squeezenet,ISIC_0014349,ensemble,pointing_game,1.0,
squeezenet,ISIC_0014349,ensemble,sparseness,0.7155091872284405,
squeezenet,ISIC_0014349,ensemble,complexity,10.869556427001953,
squeezenet,ISIC_0014349,ensemble,model_parameter_randomisation,,nan
squeezenet,ISIC_0014349,ensemble,random_logit,0.8963864529984983,
squeezenet,ISIC_0014349,ensemble,completeness,,nan
squeezenet,ISIC_0014349,ensemble,non_sensitivity,,nan
resnet18,ISIC_0014369,ensemble,faithfulness_correlation,0.12177406251430511,
resnet18,ISIC_0014369,ensemble,pixel_flipping,120.02828979492188,
resnet18,ISIC_0014369,ensemble,max_sensitivity,1.1354984045028687,
resnet18,ISIC_0014369,ensemble,avg_sensitivity,1.0909626245498658,
resnet18,ISIC_0014369,ensemble,relevance_mass_accuracy,0.45872223377227783,
resnet18,ISIC_0014369,ensemble,pointing_game,1.0,
resnet18,ISIC_0014369,ensemble,sparseness,0.526958281740517,
resnet18,ISIC_0014369,ensemble,complexity,11.433287620544434,
resnet18,ISIC_0014369,ensemble,model_parameter_randomisation,,nan
resnet18,ISIC_0014369,ensemble,random_logit,0.5328777126973361,
resnet18,ISIC_0014369,ensemble,completeness,,nan
resnet18,ISIC_0014369,ensemble,non_sensitivity,,nan
squeezenet,ISIC_0014369,ensemble,faithfulness_correlation,0.22786454856395721,
squeezenet,ISIC_0014369,ensemble,pixel_flipping,171.82766723632812,
squeezenet,ISIC_0014369,ensemble,max_sensitivity,1.0983977317810059,
squeezenet,ISIC_0014369,ensemble,avg_sensitivity,1.0702017903327943,
squeezenet,ISIC_0014369,ensemble,relevance_mass_accuracy,0.7271543145179749,
squeezenet,ISIC_0014369,ensemble,pointing_game,1.0,
squeezenet,ISIC_0014369,ensemble,sparseness,0.7009058666911273,
squeezenet,ISIC_0014369,ensemble,complexity,10.932703018188477,
squeezenet,ISIC_0014369,ensemble,model_parameter_randomisation,,nan
squeezenet,ISIC_0014369,ensemble,random_logit,0.854773272057797,
squeezenet,ISIC_0014369,ensemble,completeness,,nan
squeezenet,ISIC_0014369,ensemble,non_sensitivity,,nan
resnet18,ISIC_0014423,ensemble,faithfulness_correlation,0.08873394876718521,
resnet18,ISIC_0014423,ensemble,pixel_flipping,110.25703430175781,
resnet18,ISIC_0014423,ensemble,max_sensitivity,1.226560115814209,
resnet18,ISIC_0014423,ensemble,avg_sensitivity,1.1594674825668334,
resnet18,ISIC_0014423,ensemble,relevance_mass_accuracy,0.206992968916893,
resnet18,ISIC_0014423,ensemble,pointing_game,1.0,
resnet18,ISIC_0014423,ensemble,sparseness,0.4995772705703988,
resnet18,ISIC_0014423,ensemble,complexity,11.475366592407227,
resnet18,ISIC_0014423,ensemble,model_parameter_randomisation,,nan
resnet18,ISIC_0014423,ensemble,random_logit,0.5439926806801996,
resnet18,ISIC_0014423,ensemble,completeness,,nan
resnet18,ISIC_0014423,ensemble,non_sensitivity,,nan
squeezenet,ISIC_0014423,ensemble,faithfulness_correlation,0.2553165555000305,
squeezenet,ISIC_0014423,ensemble,pixel_flipping,258.7588195800781,
squeezenet,ISIC_0014423,ensemble,max_sensitivity,1.1074472665786743,
squeezenet,ISIC_0014423,ensemble,avg_sensitivity,1.0828257560729981,
squeezenet,ISIC_0014423,ensemble,relevance_mass_accuracy,0.5680872201919556,
squeezenet,ISIC_0014423,ensemble,pointing_game,1.0,
squeezenet,ISIC_0014423,ensemble,sparseness,0.6568541855399085,
squeezenet,ISIC_0014423,ensemble,complexity,11.041657447814941,
squeezenet,ISIC_0014423,ensemble,model_parameter_randomisation,,nan
squeezenet,ISIC_0014423,ensemble,random_logit,0.8043267403581456,
squeezenet,ISIC_0014423,ensemble,completeness,,nan
squeezenet,ISIC_0014423,ensemble,non_sensitivity,,nan
resnet18,ISIC_0014434,ensemble,faithfulness_correlation,-0.10783108323812485,
resnet18,ISIC_0014434,ensemble,pixel_flipping,18.37495994567871,
resnet18,ISIC_0014434,ensemble,max_sensitivity,1.0475369691848755,
resnet18,ISIC_0014434,ensemble,avg_sensitivity,1.036802840232849,
resnet18,ISIC_0014434,ensemble,relevance_mass_accuracy,0.06389252841472626,
resnet18,ISIC_0014434,ensemble,pointing_game,0.0,
resnet18,ISIC_0014434,ensemble,sparseness,0.4334288330807052,
resnet18,ISIC_0014434,ensemble,complexity,11.581438064575195,
resnet18,ISIC_0014434,ensemble,model_parameter_randomisation,,nan
resnet18,ISIC_0014434,ensemble,random_logit,0.6701724020459122,
resnet18,ISIC_0014434,ensemble,completeness,,nan
resnet18,ISIC_0014434,ensemble,non_sensitivity,,nan
squeezenet,ISIC_0014434,ensemble,faithfulness_correlation,0.005208303220570087,
squeezenet,ISIC_0014434,ensemble,pixel_flipping,38.56754684448242,
squeezenet,ISIC_0014434,ensemble,max_sensitivity,1.071578025817871,
squeezenet,ISIC_0014434,ensemble,avg_sensitivity,1.0720207333564757,
squeezenet,ISIC_0014434,ensemble,relevance_mass_accuracy,0.03979756310582161,
squeezenet,ISIC_0014434,ensemble,pointing_game,0.0,
squeezenet,ISIC_0014434,ensemble,sparseness,0.5527277005357727,
squeezenet,ISIC_0014434,ensemble,complexity,11.35952091217041,
squeezenet,ISIC_0014434,ensemble,model_parameter_randomisation,,nan
squeezenet,ISIC_0014434,ensemble,random_logit,0.46594117284442316,
squeezenet,ISIC_0014434,ensemble,completeness,,nan
squeezenet,ISIC_0014434,ensemble,non_sensitivity,,nan
resnet18,ISIC_0014454,ensemble,faithfulness_correlation,0.10476115345954895,
resnet18,ISIC_0014454,ensemble,pixel_flipping,8.009839057922363,
resnet18,ISIC_0014454,ensemble,max_sensitivity,1.1044493913650513,
resnet18,ISIC_0014454,ensemble,avg_sensitivity,1.0836248517036438,
resnet18,ISIC_0014454,ensemble,relevance_mass_accuracy,0.37266722321510315,
resnet18,ISIC_0014454,ensemble,pointing_game,1.0,
resnet18,ISIC_0014454,ensemble,sparseness,0.5150001607423261,
resnet18,ISIC_0014454,ensemble,complexity,11.455767631530762,
resnet18,ISIC_0014454,ensemble,model_parameter_randomisation,,nan
resnet18,ISIC_0014454,ensemble,random_logit,0.533461997743092,
resnet18,ISIC_0014454,ensemble,completeness,,nan
resnet18,ISIC_0014454,ensemble,non_sensitivity,,nan
squeezenet,ISIC_0014454,ensemble,faithfulness_correlation,0.11337272077798843,
squeezenet,ISIC_0014454,ensemble,pixel_flipping,235.43466186523438,
squeezenet,ISIC_0014454,ensemble,max_sensitivity,1.1379189491271973,
squeezenet,ISIC_0014454,ensemble,avg_sensitivity,1.1200616955757141,
squeezenet,ISIC_0014454,ensemble,relevance_mass_accuracy,0.6398358941078186,
squeezenet,ISIC_0014454,ensemble,pointing_game,1.0,
squeezenet,ISIC_0014454,ensemble,sparseness,0.6102500711211853,
squeezenet,ISIC_0014454,ensemble,complexity,11.213046073913574,
squeezenet,ISIC_0014454,ensemble,model_parameter_randomisation,,nan
squeezenet,ISIC_0014454,ensemble,random_logit,0.8177569421919059,
squeezenet,ISIC_0014454,ensemble,completeness,,nan
squeezenet,ISIC_0014454,ensemble,non_sensitivity,,nan
resnet18,ISIC_0014478,ensemble,faithfulness_correlation,0.05293430760502815,
resnet18,ISIC_0014478,ensemble,pixel_flipping,483.95916748046875,
resnet18,ISIC_0014478,ensemble,max_sensitivity,1.0252807140350342,
resnet18,ISIC_0014478,ensemble,avg_sensitivity,1.000569647550583,
resnet18,ISIC_0014478,ensemble,relevance_mass_accuracy,0.0819668099284172,
resnet18,ISIC_0014478,ensemble,pointing_game,0.0,
resnet18,ISIC_0014478,ensemble,sparseness,0.48146324560765247,
resnet18,ISIC_0014478,ensemble,complexity,11.494129180908203,
resnet18,ISIC_0014478,ensemble,model_parameter_randomisation,,nan
resnet18,ISIC_0014478,ensemble,random_logit,0.729788313693825,
resnet18,ISIC_0014478,ensemble,completeness,,nan
resnet18,ISIC_0014478,ensemble,non_sensitivity,,nan
squeezenet,ISIC_0014478,ensemble,faithfulness_correlation,0.06821820884943008,
squeezenet,ISIC_0014478,ensemble,pixel_flipping,205.09500122070312,
squeezenet,ISIC_0014478,ensemble,max_sensitivity,1.0872749090194702,
squeezenet,ISIC_0014478,ensemble,avg_sensitivity,1.0591974139213562,
squeezenet,ISIC_0014478,ensemble,relevance_mass_accuracy,0.20033492147922516,
squeezenet,ISIC_0014478,ensemble,pointing_game,1.0,
squeezenet,ISIC_0014478,ensemble,sparseness,0.6788470204579762,
squeezenet,ISIC_0014478,ensemble,complexity,10.954119682312012,
squeezenet,ISIC_0014478,ensemble,model_parameter_randomisation,,nan
squeezenet,ISIC_0014478,ensemble,random_logit,0.8662709104695467,
squeezenet,ISIC_0014478,ensemble,completeness,,nan
squeezenet,ISIC_0014478,ensemble,non_sensitivity,,nan
resnet18,ISIC_0014489,ensemble,faithfulness_correlation,0.10586526244878769,
resnet18,ISIC_0014489,ensemble,pixel_flipping,169.1764678955078,
resnet18,ISIC_0014489,ensemble,max_sensitivity,1.0875394344329834,
resnet18,ISIC_0014489,ensemble,avg_sensitivity,1.0318309903144836,
resnet18,ISIC_0014489,ensemble,relevance_mass_accuracy,0.7223073244094849,
resnet18,ISIC_0014489,ensemble,pointing_game,1.0,
resnet18,ISIC_0014489,ensemble,sparseness,0.49219655388044814,
resnet18,ISIC_0014489,ensemble,complexity,11.493297576904297,
resnet18,ISIC_0014489,ensemble,model_parameter_randomisation,,nan
resnet18,ISIC_0014489,ensemble,random_logit,0.44942541378927053,
resnet18,ISIC_0014489,ensemble,completeness,,nan
resnet18,ISIC_0014489,ensemble,non_sensitivity,,nan
squeezenet,ISIC_0014489,ensemble,faithfulness_correlation,0.25061771273612976,
squeezenet,ISIC_0014489,ensemble,pixel_flipping,205.23828125,
squeezenet,ISIC_0014489,ensemble,max_sensitivity,1.0681706666946411,
squeezenet,ISIC_0014489,ensemble,avg_sensitivity,1.035605800151825,
squeezenet,ISIC_0014489,ensemble,relevance_mass_accuracy,0.9962050914764404,
squeezenet,ISIC_0014489,ensemble,pointing_game,1.0,
squeezenet,ISIC_0014489,ensemble,sparseness,0.66334091727084,
squeezenet,ISIC_0014489,ensemble,complexity,11.041190147399902,
squeezenet,ISIC_0014489,ensemble,model_parameter_randomisation,,nan
squeezenet,ISIC_0014489,ensemble,random_logit,0.8450829795882627,
squeezenet,ISIC_0014489,ensemble,completeness,,nan
squeezenet,ISIC_0014489,ensemble,non_sensitivity,,nan
resnet18,ISIC_0014513,ensemble,faithfulness_correlation,0.08209912478923798,
resnet18,ISIC_0014513,ensemble,pixel_flipping,544.2276611328125,
resnet18,ISIC_0014513,ensemble,max_sensitivity,1.088438868522644,
resnet18,ISIC_0014513,ensemble,avg_sensitivity,1.0672576546669006,
resnet18,ISIC_0014513,ensemble,relevance_mass_accuracy,0.2609674632549286,
resnet18,ISIC_0014513,ensemble,pointing_game,0.0,
resnet18,ISIC_0014513,ensemble,sparseness,0.535076938730679,
resnet18,ISIC_0014513,ensemble,complexity,11.40632152557373,
resnet18,ISIC_0014513,ensemble,model_parameter_randomisation,,nan
resnet18,ISIC_0014513,ensemble,random_logit,0.6923333553671206,
resnet18,ISIC_0014513,ensemble,completeness,,nan
resnet18,ISIC_0014513,ensemble,non_sensitivity,,nan
squeezenet,ISIC_0014513,ensemble,faithfulness_correlation,0.22849971055984497,
squeezenet,ISIC_0014513,ensemble,pixel_flipping,167.43560791015625,
squeezenet,ISIC_0014513,ensemble,max_sensitivity,1.1244890689849854,
squeezenet,ISIC_0014513,ensemble,avg_sensitivity,1.0845625519752502,
squeezenet,ISIC_0014513,ensemble,relevance_mass_accuracy,0.5227068066596985,
squeezenet,ISIC_0014513,ensemble,pointing_game,1.0,
squeezenet,ISIC_0014513,ensemble,sparseness,0.6697436420799856,
squeezenet,ISIC_0014513,ensemble,complexity,11.006616592407227,
squeezenet,ISIC_0014513,ensemble,model_parameter_randomisation,,nan
squeezenet,ISIC_0014513,ensemble,random_logit,0.8697608864769149,
squeezenet,ISIC_0014513,ensemble,completeness,,nan
squeezenet,ISIC_0014513,ensemble,non_sensitivity,,nan
resnet18,ISIC_0014541,ensemble,faithfulness_correlation,-0.055180616676807404,
resnet18,ISIC_0014541,ensemble,pixel_flipping,166.70132446289062,
resnet18,ISIC_0014541,ensemble,max_sensitivity,1.1157093048095703,
resnet18,ISIC_0014541,ensemble,avg_sensitivity,1.0444818973541259,
resnet18,ISIC_0014541,ensemble,relevance_mass_accuracy,0.43860748410224915,
resnet18,ISIC_0014541,ensemble,pointing_game,0.0,
resnet18,ISIC_0014541,ensemble,sparseness,0.47150581267231406,
resnet18,ISIC_0014541,ensemble,complexity,11.52593994140625,
resnet18,ISIC_0014541,ensemble,model_parameter_randomisation,,nan
resnet18,ISIC_0014541,ensemble,random_logit,0.6195676048979712,
resnet18,ISIC_0014541,ensemble,completeness,,nan
resnet18,ISIC_0014541,ensemble,non_sensitivity,,nan
squeezenet,ISIC_0014541,ensemble,faithfulness_correlation,0.21142436563968658,
squeezenet,ISIC_0014541,ensemble,pixel_flipping,250.72686767578125,
squeezenet,ISIC_0014541,ensemble,max_sensitivity,1.1041728258132935,
squeezenet,ISIC_0014541,ensemble,avg_sensitivity,1.0899192810058593,
squeezenet,ISIC_0014541,ensemble,relevance_mass_accuracy,0.7638217210769653,
squeezenet,ISIC_0014541,ensemble,pointing_game,1.0,
squeezenet,ISIC_0014541,ensemble,sparseness,0.6690000701727125,
squeezenet,ISIC_0014541,ensemble,complexity,11.042620658874512,
squeezenet,ISIC_0014541,ensemble,model_parameter_randomisation,,nan
squeezenet,ISIC_0014541,ensemble,random_logit,0.8573749096905807,
squeezenet,ISIC_0014541,ensemble,completeness,,nan
squeezenet,ISIC_0014541,ensemble,non_sensitivity,,nan
resnet18,ISIC_0014542,ensemble,faithfulness_correlation,-0.07406645268201828,
resnet18,ISIC_0014542,ensemble,pixel_flipping,443.05474853515625,
resnet18,ISIC_0014542,ensemble,max_sensitivity,1.029897689819336,
resnet18,ISIC_0014542,ensemble,avg_sensitivity,1.0038295269012452,
resnet18,ISIC_0014542,ensemble,relevance_mass_accuracy,0.49798905849456787,
resnet18,ISIC_0014542,ensemble,pointing_game,0.0,
resnet18,ISIC_0014542,ensemble,sparseness,0.47898010433067945,
resnet18,ISIC_0014542,ensemble,complexity,11.509879112243652,
resnet18,ISIC_0014542,ensemble,model_parameter_randomisation,,nan
resnet18,ISIC_0014542,ensemble,random_logit,0.6635042538717636,
resnet18,ISIC_0014542,ensemble,completeness,,nan
resnet18,ISIC_0014542,ensemble,non_sensitivity,,nan
squeezenet,ISIC_0014542,ensemble,faithfulness_correlation,0.17234142124652863,
squeezenet,ISIC_0014542,ensemble,pixel_flipping,400.3134460449219,
squeezenet,ISIC_0014542,ensemble,max_sensitivity,1.03933846950531,
squeezenet,ISIC_0014542,ensemble,avg_sensitivity,1.0342182040214538,
squeezenet,ISIC_0014542,ensemble,relevance_mass_accuracy,0.6114305257797241,
squeezenet,ISIC_0014542,ensemble,pointing_game,1.0,
squeezenet,ISIC_0014542,ensemble,sparseness,0.6140192564111508,
squeezenet,ISIC_0014542,ensemble,complexity,11.13669204711914,
squeezenet,ISIC_0014542,ensemble,model_parameter_randomisation,,nan
squeezenet,ISIC_0014542,ensemble,random_logit,0.8722649618326305,
squeezenet,ISIC_0014542,ensemble,completeness,,nan
squeezenet,ISIC_0014542,ensemble,non_sensitivity,,nan
resnet18,ISIC_0014546,ensemble,faithfulness_correlation,-0.012644624337553978,
resnet18,ISIC_0014546,ensemble,pixel_flipping,217.5142822265625,
resnet18,ISIC_0014546,ensemble,max_sensitivity,1.2541762590408325,
resnet18,ISIC_0014546,ensemble,avg_sensitivity,1.2262312769889832,
resnet18,ISIC_0014546,ensemble,relevance_mass_accuracy,0.7152469754219055,
resnet18,ISIC_0014546,ensemble,pointing_game,0.0,
resnet18,ISIC_0014546,ensemble,sparseness,0.44169868003640045,
resnet18,ISIC_0014546,ensemble,complexity,11.572940826416016,
resnet18,ISIC_0014546,ensemble,model_parameter_randomisation,,nan
resnet18,ISIC_0014546,ensemble,random_logit,0.623643349400003,
resnet18,ISIC_0014546,ensemble,completeness,,nan
resnet18,ISIC_0014546,ensemble,non_sensitivity,,nan
squeezenet,ISIC_0014546,ensemble,faithfulness_correlation,-0.04686259478330612,
squeezenet,ISIC_0014546,ensemble,pixel_flipping,127.21464538574219,
squeezenet,ISIC_0014546,ensemble,max_sensitivity,1.2037835121154785,
squeezenet,ISIC_0014546,ensemble,avg_sensitivity,1.1861074924468995,
squeezenet,ISIC_0014546,ensemble,relevance_mass_accuracy,1.1167020797729492,
squeezenet,ISIC_0014546,ensemble,pointing_game,1.0,
squeezenet,ISIC_0014546,ensemble,sparseness,0.5739019848858057,
squeezenet,ISIC_0014546,ensemble,complexity,11.314909934997559,
squeezenet,ISIC_0014546,ensemble,model_parameter_randomisation,,nan
squeezenet,ISIC_0014546,ensemble,random_logit,0.7117057442848143,
squeezenet,ISIC_0014546,ensemble,completeness,,nan
squeezenet,ISIC_0014546,ensemble,non_sensitivity,,nan
resnet18,ISIC_0014548,ensemble,faithfulness_correlation,0.11693304777145386,
resnet18,ISIC_0014548,ensemble,pixel_flipping,348.2293395996094,
resnet18,ISIC_0014548,ensemble,max_sensitivity,1.095186710357666,
resnet18,ISIC_0014548,ensemble,avg_sensitivity,1.0853703141212463,
resnet18,ISIC_0014548,ensemble,relevance_mass_accuracy,0.4512375593185425,
resnet18,ISIC_0014548,ensemble,pointing_game,0.0,
resnet18,ISIC_0014548,ensemble,sparseness,0.5192478688212222,
resnet18,ISIC_0014548,ensemble,complexity,11.436103820800781,
resnet18,ISIC_0014548,ensemble,model_parameter_randomisation,,nan
resnet18,ISIC_0014548,ensemble,random_logit,0.6428201986003708,
resnet18,ISIC_0014548,ensemble,completeness,,nan
resnet18,ISIC_0014548,ensemble,non_sensitivity,,nan
squeezenet,ISIC_0014548,ensemble,faithfulness_correlation,0.2491418570280075,
squeezenet,ISIC_0014548,ensemble,pixel_flipping,123.13043212890625,
squeezenet,ISIC_0014548,ensemble,max_sensitivity,1.1961642503738403,
squeezenet,ISIC_0014548,ensemble,avg_sensitivity,1.1817669868469238,
squeezenet,ISIC_0014548,ensemble,relevance_mass_accuracy,0.798001766204834,
squeezenet,ISIC_0014548,ensemble,pointing_game,1.0,
squeezenet,ISIC_0014548,ensemble,sparseness,0.6943791871555676,
squeezenet,ISIC_0014548,ensemble,complexity,10.922759056091309,
squeezenet,ISIC_0014548,ensemble,model_parameter_randomisation,,nan
squeezenet,ISIC_0014548,ensemble,random_logit,0.8730280648152271,
squeezenet,ISIC_0014548,ensemble,completeness,,nan
squeezenet,ISIC_0014548,ensemble,non_sensitivity,,nan
resnet18,ISIC_0014559,ensemble,faithfulness_correlation,0.10677118599414825,
resnet18,ISIC_0014559,ensemble,pixel_flipping,104.94178009033203,
resnet18,ISIC_0014559,ensemble,max_sensitivity,1.0101288557052612,
resnet18,ISIC_0014559,ensemble,avg_sensitivity,1.002627581357956,
resnet18,ISIC_0014559,ensemble,relevance_mass_accuracy,0.5431362986564636,
resnet18,ISIC_0014559,ensemble,pointing_game,1.0,
resnet18,ISIC_0014559,ensemble,sparseness,0.4958916592618307,
resnet18,ISIC_0014559,ensemble,complexity,11.487500190734863,
resnet18,ISIC_0014559,ensemble,model_parameter_randomisation,,nan
resnet18,ISIC_0014559,ensemble,random_logit,0.6726534067295589,
resnet18,ISIC_0014559,ensemble,completeness,,nan
resnet18,ISIC_0014559,ensemble,non_sensitivity,,nan
squeezenet,ISIC_0014559,ensemble,faithfulness_correlation,0.3332144618034363,
squeezenet,ISIC_0014559,ensemble,pixel_flipping,237.85861206054688,
squeezenet,ISIC_0014559,ensemble,max_sensitivity,1.0668344497680664,
squeezenet,ISIC_0014559,ensemble,avg_sensitivity,1.053649938106537,
squeezenet,ISIC_0014559,ensemble,relevance_mass_accuracy,0.7033067345619202,
squeezenet,ISIC_0014559,ensemble,pointing_game,1.0,
squeezenet,ISIC_0014559,ensemble,sparseness,0.5857868460346396,
squeezenet,ISIC_0014559,ensemble,complexity,11.295475006103516,
squeezenet,ISIC_0014559,ensemble,model_parameter_randomisation,,nan
squeezenet,ISIC_0014559,ensemble,random_logit,0.7240259191520126,
squeezenet,ISIC_0014559,ensemble,completeness,,nan
squeezenet,ISIC_0014559,ensemble,non_sensitivity,,nan
resnet18,ISIC_0014663,ensemble,faithfulness_correlation,0.10118632763624191,
resnet18,ISIC_0014663,ensemble,pixel_flipping,71.56895446777344,
resnet18,ISIC_0014663,ensemble,max_sensitivity,1.1035375595092773,
resnet18,ISIC_0014663,ensemble,avg_sensitivity,1.0531505227088929,
resnet18,ISIC_0014663,ensemble,relevance_mass_accuracy,0.643134355545044,
resnet18,ISIC_0014663,ensemble,pointing_game,0.0,
resnet18,ISIC_0014663,ensemble,sparseness,0.46481758806111206,
resnet18,ISIC_0014663,ensemble,complexity,11.545713424682617,
resnet18,ISIC_0014663,ensemble,model_parameter_randomisation,,nan
resnet18,ISIC_0014663,ensemble,random_logit,0.5642790905300971,
resnet18,ISIC_0014663,ensemble,completeness,,nan
resnet18,ISIC_0014663,ensemble,non_sensitivity,,nan
squeezenet,ISIC_0014663,ensemble,faithfulness_correlation,0.062196698039770126,
squeezenet,ISIC_0014663,ensemble,pixel_flipping,242.83432006835938,
squeezenet,ISIC_0014663,ensemble,max_sensitivity,1.114702820777893,
squeezenet,ISIC_0014663,ensemble,avg_sensitivity,1.1011837601661683,
squeezenet,ISIC_0014663,ensemble,relevance_mass_accuracy,0.6054259538650513,
squeezenet,ISIC_0014663,ensemble,pointing_game,0.0,
squeezenet,ISIC_0014663,ensemble,sparseness,0.5835540055275443,
squeezenet,ISIC_0014663,ensemble,complexity,11.299919128417969,
squeezenet,ISIC_0014663,ensemble,model_parameter_randomisation,,nan
squeezenet,ISIC_0014663,ensemble,random_logit,0.7099521808886313,
squeezenet,ISIC_0014663,ensemble,completeness,,nan
squeezenet,ISIC_0014663,ensemble,non_sensitivity,,nan
resnet18,ISIC_0014666,ensemble,faithfulness_correlation,-0.0365564338862896,
resnet18,ISIC_0014666,ensemble,pixel_flipping,8.089097023010254,
resnet18,ISIC_0014666,ensemble,max_sensitivity,1.087911605834961,
resnet18,ISIC_0014666,ensemble,avg_sensitivity,1.0559111952781677,
resnet18,ISIC_0014666,ensemble,relevance_mass_accuracy,0.5418055653572083,
resnet18,ISIC_0014666,ensemble,pointing_game,0.0,
resnet18,ISIC_0014666,ensemble,sparseness,0.4555410495858798,
resnet18,ISIC_0014666,ensemble,complexity,11.555802345275879,
resnet18,ISIC_0014666,ensemble,model_parameter_randomisation,,nan
resnet18,ISIC_0014666,ensemble,random_logit,0.4784432022673797,
resnet18,ISIC_0014666,ensemble,completeness,,nan
resnet18,ISIC_0014666,ensemble,non_sensitivity,,nan
squeezenet,ISIC_0014666,ensemble,faithfulness_correlation,0.22873622179031372,
squeezenet,ISIC_0014666,ensemble,pixel_flipping,58.682613372802734,
squeezenet,ISIC_0014666,ensemble,max_sensitivity,1.0687612295150757,
squeezenet,ISIC_0014666,ensemble,avg_sensitivity,1.0577335715293885,
squeezenet,ISIC_0014666,ensemble,relevance_mass_accuracy,0.5126198530197144,
squeezenet,ISIC_0014666,ensemble,pointing_game,0.0,
squeezenet,ISIC_0014666,ensemble,sparseness,0.5639248998715571,
squeezenet,ISIC_0014666,ensemble,complexity,11.337804794311523,
squeezenet,ISIC_0014666,ensemble,model_parameter_randomisation,,nan
squeezenet,ISIC_0014666,ensemble,random_logit,0.5054692478476683,
squeezenet,ISIC_0014666,ensemble,completeness,,nan
squeezenet,ISIC_0014666,ensemble,non_sensitivity,,nan
resnet18,ISIC_0014695,ensemble,faithfulness_correlation,0.16511347889900208,
resnet18,ISIC_0014695,ensemble,pixel_flipping,64.27130126953125,
resnet18,ISIC_0014695,ensemble,max_sensitivity,1.127335548400879,
resnet18,ISIC_0014695,ensemble,avg_sensitivity,1.050078308582306,
resnet18,ISIC_0014695,ensemble,relevance_mass_accuracy,0.6217275261878967,
resnet18,ISIC_0014695,ensemble,pointing_game,0.0,
resnet18,ISIC_0014695,ensemble,sparseness,0.5143488171277667,
resnet18,ISIC_0014695,ensemble,complexity,11.457488059997559,
resnet18,ISIC_0014695,ensemble,model_parameter_randomisation,,nan
resnet18,ISIC_0014695,ensemble,random_logit,0.6171383373741297,
resnet18,ISIC_0014695,ensemble,completeness,,nan
resnet18,ISIC_0014695,ensemble,non_sensitivity,,nan
squeezenet,ISIC_0014695,ensemble,faithfulness_correlation,-0.12807868421077728,
squeezenet,ISIC_0014695,ensemble,pixel_flipping,39.291507720947266,
squeezenet,ISIC_0014695,ensemble,max_sensitivity,1.0412697792053223,
squeezenet,ISIC_0014695,ensemble,avg_sensitivity,1.0435407161712646,
squeezenet,ISIC_0014695,ensemble,relevance_mass_accuracy,0.47153425216674805,
squeezenet,ISIC_0014695,ensemble,pointing_game,1.0,
squeezenet,ISIC_0014695,ensemble,sparseness,0.5707335666734452,
squeezenet,ISIC_0014695,ensemble,complexity,11.33533763885498,
squeezenet,ISIC_0014695,ensemble,model_parameter_randomisation,,nan
squeezenet,ISIC_0014695,ensemble,random_logit,0.46008719777629725,
squeezenet,ISIC_0014695,ensemble,completeness,,nan
squeezenet,ISIC_0014695,ensemble,non_sensitivity,,nan
resnet18,ISIC_0014703,ensemble,faithfulness_correlation,-0.06258545815944672,
resnet18,ISIC_0014703,ensemble,pixel_flipping,114.4647216796875,
resnet18,ISIC_0014703,ensemble,max_sensitivity,1.2063544988632202,
resnet18,ISIC_0014703,ensemble,avg_sensitivity,1.1576966643333435,
resnet18,ISIC_0014703,ensemble,relevance_mass_accuracy,0.9283732771873474,
resnet18,ISIC_0014703,ensemble,pointing_game,1.0,
resnet18,ISIC_0014703,ensemble,sparseness,0.46737422359180775,
resnet18,ISIC_0014703,ensemble,complexity,11.534866333007812,
resnet18,ISIC_0014703,ensemble,model_parameter_randomisation,,nan
resnet18,ISIC_0014703,ensemble,random_logit,0.6962291988382354,
resnet18,ISIC_0014703,ensemble,completeness,,nan
resnet18,ISIC_0014703,ensemble,non_sensitivity,,nan
squeezenet,ISIC_0014703,ensemble,faithfulness_correlation,0.06390879303216934,
squeezenet,ISIC_0014703,ensemble,pixel_flipping,325.1465148925781,
squeezenet,ISIC_0014703,ensemble,max_sensitivity,1.0807169675827026,
squeezenet,ISIC_0014703,ensemble,avg_sensitivity,1.0513417601585389,
squeezenet,ISIC_0014703,ensemble,relevance_mass_accuracy,0.9947431087493896,
squeezenet,ISIC_0014703,ensemble,pointing_game,1.0,
squeezenet,ISIC_0014703,ensemble,sparseness,0.630587310856823,
squeezenet,ISIC_0014703,ensemble,complexity,11.160284996032715,
squeezenet,ISIC_0014703,ensemble,model_parameter_randomisation,,nan
squeezenet,ISIC_0014703,ensemble,random_logit,0.819077250594427,
squeezenet,ISIC_0014703,ensemble,completeness,,nan
squeezenet,ISIC_0014703,ensemble,non_sensitivity,,nan
resnet18,ISIC_0014727,ensemble,faithfulness_correlation,0.10944591462612152,
resnet18,ISIC_0014727,ensemble,pixel_flipping,20.957408905029297,
resnet18,ISIC_0014727,ensemble,max_sensitivity,1.0975841283798218,
resnet18,ISIC_0014727,ensemble,avg_sensitivity,1.0519941091537475,
resnet18,ISIC_0014727,ensemble,relevance_mass_accuracy,0.4295279085636139,
resnet18,ISIC_0014727,ensemble,pointing_game,1.0,
resnet18,ISIC_0014727,ensemble,sparseness,0.44718468232074954,
resnet18,ISIC_0014727,ensemble,complexity,11.571876525878906,
resnet18,ISIC_0014727,ensemble,model_parameter_randomisation,,nan
resnet18,ISIC_0014727,ensemble,random_logit,0.6150770972978101,
resnet18,ISIC_0014727,ensemble,completeness,,nan
resnet18,ISIC_0014727,ensemble,non_sensitivity,,nan
squeezenet,ISIC_0014727,ensemble,faithfulness_correlation,0.11193585395812988,
squeezenet,ISIC_0014727,ensemble,pixel_flipping,55.36076736450195,
squeezenet,ISIC_0014727,ensemble,max_sensitivity,1.0046007633209229,
squeezenet,ISIC_0014727,ensemble,avg_sensitivity,0.9940947711467742,
squeezenet,ISIC_0014727,ensemble,relevance_mass_accuracy,0.3851397931575775,
squeezenet,ISIC_0014727,ensemble,pointing_game,0.0,
squeezenet,ISIC_0014727,ensemble,sparseness,0.5379786589853539,
squeezenet,ISIC_0014727,ensemble,complexity,11.3992280960083,
squeezenet,ISIC_0014727,ensemble,model_parameter_randomisation,,nan
squeezenet,ISIC_0014727,ensemble,random_logit,0.5573965337918521,
squeezenet,ISIC_0014727,ensemble,completeness,,nan
squeezenet,ISIC_0014727,ensemble,non_sensitivity,,nan
resnet18,ISIC_0014766,ensemble,faithfulness_correlation,-0.14684084057807922,
resnet18,ISIC_0014766,ensemble,pixel_flipping,17.04731559753418,
resnet18,ISIC_0014766,ensemble,max_sensitivity,1.144770622253418,
resnet18,ISIC_0014766,ensemble,avg_sensitivity,1.088901114463806,
resnet18,ISIC_0014766,ensemble,relevance_mass_accuracy,0.64891517162323,
resnet18,ISIC_0014766,ensemble,pointing_game,0.0,
resnet18,ISIC_0014766,ensemble,sparseness,0.4902748433220878,
resnet18,ISIC_0014766,ensemble,complexity,11.504857063293457,
resnet18,ISIC_0014766,ensemble,model_parameter_randomisation,,nan
resnet18,ISIC_0014766,ensemble,random_logit,0.565084729117628,
resnet18,ISIC_0014766,ensemble,completeness,,nan
resnet18,ISIC_0014766,ensemble,non_sensitivity,,nan
squeezenet,ISIC_0014766,ensemble,faithfulness_correlation,-0.09295704960823059,
squeezenet,ISIC_0014766,ensemble,pixel_flipping,323.0853271484375,
squeezenet,ISIC_0014766,ensemble,max_sensitivity,1.0193191766738892,
squeezenet,ISIC_0014766,ensemble,avg_sensitivity,1.0054406702518464,
squeezenet,ISIC_0014766,ensemble,relevance_mass_accuracy,0.8402777314186096,
squeezenet,ISIC_0014766,ensemble,pointing_game,1.0,
squeezenet,ISIC_0014766,ensemble,sparseness,0.5606418293252002,
squeezenet,ISIC_0014766,ensemble,complexity,11.34993839263916,
squeezenet,ISIC_0014766,ensemble,model_parameter_randomisation,,nan
squeezenet,ISIC_0014766,ensemble,random_logit,0.6591909603656056,
squeezenet,ISIC_0014766,ensemble,completeness,,nan
squeezenet,ISIC_0014766,ensemble,non_sensitivity,,nan
resnet18,ISIC_0014772,ensemble,faithfulness_correlation,0.07479877769947052,
resnet18,ISIC_0014772,ensemble,pixel_flipping,561.345703125,
resnet18,ISIC_0014772,ensemble,max_sensitivity,1.066066861152649,
resnet18,ISIC_0014772,ensemble,avg_sensitivity,1.0216264963150024,
resnet18,ISIC_0014772,ensemble,relevance_mass_accuracy,0.6324878931045532,
resnet18,ISIC_0014772,ensemble,pointing_game,1.0,
resnet18,ISIC_0014772,ensemble,sparseness,0.473996436295095,
resnet18,ISIC_0014772,ensemble,complexity,11.532403945922852,
resnet18,ISIC_0014772,ensemble,model_parameter_randomisation,,nan
resnet18,ISIC_0014772,ensemble,random_logit,0.5308508261254321,
resnet18,ISIC_0014772,ensemble,completeness,,nan
resnet18,ISIC_0014772,ensemble,non_sensitivity,,nan
squeezenet,ISIC_0014772,ensemble,faithfulness_correlation,0.08903774619102478,
squeezenet,ISIC_0014772,ensemble,pixel_flipping,35.73580551147461,
squeezenet,ISIC_0014772,ensemble,max_sensitivity,1.0595866441726685,
squeezenet,ISIC_0014772,ensemble,avg_sensitivity,1.057436180114746,
squeezenet,ISIC_0014772,ensemble,relevance_mass_accuracy,0.5157056450843811,
squeezenet,ISIC_0014772,ensemble,pointing_game,1.0,
squeezenet,ISIC_0014772,ensemble,sparseness,0.5687012213531434,
squeezenet,ISIC_0014772,ensemble,complexity,11.3348970413208,
squeezenet,ISIC_0014772,ensemble,model_parameter_randomisation,,nan
squeezenet,ISIC_0014772,ensemble,random_logit,0.5489511871371842,
squeezenet,ISIC_0014772,ensemble,completeness,,nan
squeezenet,ISIC_0014772,ensemble,non_sensitivity,,nan
resnet18,ISIC_0014784,ensemble,faithfulness_correlation,-0.13409334421157837,
resnet18,ISIC_0014784,ensemble,pixel_flipping,22.263891220092773,
resnet18,ISIC_0014784,ensemble,max_sensitivity,1.1491847038269043,
resnet18,ISIC_0014784,ensemble,avg_sensitivity,1.0749919295310975,
resnet18,ISIC_0014784,ensemble,relevance_mass_accuracy,0.6844966411590576,
resnet18,ISIC_0014784,ensemble,pointing_game,0.0,
resnet18,ISIC_0014784,ensemble,sparseness,0.4949357803924526,
resnet18,ISIC_0014784,ensemble,complexity,11.484150886535645,
resnet18,ISIC_0014784,ensemble,model_parameter_randomisation,,nan
resnet18,ISIC_0014784,ensemble,random_logit,0.5688805141604707,
resnet18,ISIC_0014784,ensemble,completeness,,nan
resnet18,ISIC_0014784,ensemble,non_sensitivity,,nan
squeezenet,ISIC_0014784,ensemble,faithfulness_correlation,0.029972335323691368,
squeezenet,ISIC_0014784,ensemble,pixel_flipping,26.901594161987305,
squeezenet,ISIC_0014784,ensemble,max_sensitivity,1.1073517799377441,
squeezenet,ISIC_0014784,ensemble,avg_sensitivity,1.0919235944747925,
squeezenet,ISIC_0014784,ensemble,relevance_mass_accuracy,0.5266649723052979,
squeezenet,ISIC_0014784,ensemble,pointing_game,0.0,
squeezenet,ISIC_0014784,ensemble,sparseness,0.5501512503707802,
squeezenet,ISIC_0014784,ensemble,complexity,11.364502906799316,
squeezenet,ISIC_0014784,ensemble,model_parameter_randomisation,,nan
squeezenet,ISIC_0014784,ensemble,random_logit,0.5186023443849717,
squeezenet,ISIC_0014784,ensemble,completeness,,nan
squeezenet,ISIC_0014784,ensemble,non_sensitivity,,nan
resnet18,ISIC_0014790,ensemble,faithfulness_correlation,-0.12586337327957153,
resnet18,ISIC_0014790,ensemble,pixel_flipping,603.4668579101562,
resnet18,ISIC_0014790,ensemble,max_sensitivity,1.0982389450073242,
resnet18,ISIC_0014790,ensemble,avg_sensitivity,1.0793917775154114,
resnet18,ISIC_0014790,ensemble,relevance_mass_accuracy,0.9930151700973511,
resnet18,ISIC_0014790,ensemble,pointing_game,1.0,
resnet18,ISIC_0014790,ensemble,sparseness,0.4718242691505717,
resnet18,ISIC_0014790,ensemble,complexity,11.526177406311035,
resnet18,ISIC_0014790,ensemble,model_parameter_randomisation,,nan
resnet18,ISIC_0014790,ensemble,random_logit,0.6028807228620473,
resnet18,ISIC_0014790,ensemble,completeness,,nan
resnet18,ISIC_0014790,ensemble,non_sensitivity,,nan
squeezenet,ISIC_0014790,ensemble,faithfulness_correlation,-0.11258996278047562,
squeezenet,ISIC_0014790,ensemble,pixel_flipping,28.28264808654785,
squeezenet,ISIC_0014790,ensemble,max_sensitivity,1.135037899017334,
squeezenet,ISIC_0014790,ensemble,avg_sensitivity,1.1205553770065309,
squeezenet,ISIC_0014790,ensemble,relevance_mass_accuracy,0.8510886430740356,
squeezenet,ISIC_0014790,ensemble,pointing_game,1.0,
squeezenet,ISIC_0014790,ensemble,sparseness,0.5617051147951672,
squeezenet,ISIC_0014790,ensemble,complexity,11.344011306762695,
squeezenet,ISIC_0014790,ensemble,model_parameter_randomisation,,nan
squeezenet,ISIC_0014790,ensemble,random_logit,0.6043946269488824,
squeezenet,ISIC_0014790,ensemble,completeness,,nan
squeezenet,ISIC_0014790,ensemble,non_sensitivity,,nan
resnet18,ISIC_0014800,ensemble,faithfulness_correlation,0.0386166013777256,
resnet18,ISIC_0014800,ensemble,pixel_flipping,69.03788757324219,
resnet18,ISIC_0014800,ensemble,max_sensitivity,1.1982685327529907,
resnet18,ISIC_0014800,ensemble,avg_sensitivity,1.1896207094192506,
resnet18,ISIC_0014800,ensemble,relevance_mass_accuracy,0.5034986138343811,
resnet18,ISIC_0014800,ensemble,pointing_game,0.0,
resnet18,ISIC_0014800,ensemble,sparseness,0.5129334931982441,
resnet18,ISIC_0014800,ensemble,complexity,11.456941604614258,
resnet18,ISIC_0014800,ensemble,model_parameter_randomisation,,nan
resnet18,ISIC_0014800,ensemble,random_logit,0.6233050832423563,
resnet18,ISIC_0014800,ensemble,completeness,,nan
resnet18,ISIC_0014800,ensemble,non_sensitivity,,nan
squeezenet,ISIC_0014800,ensemble,faithfulness_correlation,0.21989189088344574,
squeezenet,ISIC_0014800,ensemble,pixel_flipping,270.00115966796875,
squeezenet,ISIC_0014800,ensemble,max_sensitivity,1.074075698852539,
squeezenet,ISIC_0014800,ensemble,avg_sensitivity,1.0570517182350159,
squeezenet,ISIC_0014800,ensemble,relevance_mass_accuracy,0.5245875716209412,
squeezenet,ISIC_0014800,ensemble,pointing_game,0.0,
squeezenet,ISIC_0014800,ensemble,sparseness,0.6176721618782944,
squeezenet,ISIC_0014800,ensemble,complexity,11.218503952026367,
squeezenet,ISIC_0014800,ensemble,model_parameter_randomisation,,nan
squeezenet,ISIC_0014800,ensemble,random_logit,0.8011429242342045,
squeezenet,ISIC_0014800,ensemble,completeness,,nan
squeezenet,ISIC_0014800,ensemble,non_sensitivity,,nan
resnet18,ISIC_0014826,ensemble,faithfulness_correlation,-0.07512116432189941,
resnet18,ISIC_0014826,ensemble,pixel_flipping,632.10986328125,
resnet18,ISIC_0014826,ensemble,max_sensitivity,0.9686329364776611,
resnet18,ISIC_0014826,ensemble,avg_sensitivity,0.9580854952335358,
resnet18,ISIC_0014826,ensemble,relevance_mass_accuracy,0.5459603071212769,
resnet18,ISIC_0014826,ensemble,pointing_game,0.0,
resnet18,ISIC_0014826,ensemble,sparseness,0.43188165984497573,
resnet18,ISIC_0014826,ensemble,complexity,11.593042373657227,
resnet18,ISIC_0014826,ensemble,model_parameter_randomisation,,nan
resnet18,ISIC_0014826,ensemble,random_logit,0.48687624382940836,
resnet18,ISIC_0014826,ensemble,completeness,,nan
resnet18,ISIC_0014826,ensemble,non_sensitivity,,nan
squeezenet,ISIC_0014826,ensemble,faithfulness_correlation,0.3553164303302765,
squeezenet,ISIC_0014826,ensemble,pixel_flipping,405.24822998046875,
squeezenet,ISIC_0014826,ensemble,max_sensitivity,1.0355770587921143,
squeezenet,ISIC_0014826,ensemble,avg_sensitivity,1.026147150993347,
squeezenet,ISIC_0014826,ensemble,relevance_mass_accuracy,0.6715987324714661,
squeezenet,ISIC_0014826,ensemble,pointing_game,0.0,
squeezenet,ISIC_0014826,ensemble,sparseness,0.5405926538830343,
squeezenet,ISIC_0014826,ensemble,complexity,11.400628089904785,
squeezenet,ISIC_0014826,ensemble,model_parameter_randomisation,,nan
squeezenet,ISIC_0014826,ensemble,random_logit,0.759393759335523,
squeezenet,ISIC_0014826,ensemble,completeness,,nan
squeezenet,ISIC_0014826,ensemble,non_sensitivity,,nan
resnet18,ISIC_0014862,ensemble,faithfulness_correlation,0.05402649939060211,
resnet18,ISIC_0014862,ensemble,pixel_flipping,604.3067016601562,
resnet18,ISIC_0014862,ensemble,max_sensitivity,0.9758829474449158,
resnet18,ISIC_0014862,ensemble,avg_sensitivity,0.9623247265815735,
resnet18,ISIC_0014862,ensemble,relevance_mass_accuracy,0.5872660279273987,
resnet18,ISIC_0014862,ensemble,pointing_game,1.0,
resnet18,ISIC_0014862,ensemble,sparseness,0.4572640016982559,
resnet18,ISIC_0014862,ensemble,complexity,11.557113647460938,
resnet18,ISIC_0014862,ensemble,model_parameter_randomisation,,nan
resnet18,ISIC_0014862,ensemble,random_logit,0.5154659762049134,
resnet18,ISIC_0014862,ensemble,completeness,,nan
resnet18,ISIC_0014862,ensemble,non_sensitivity,,nan
squeezenet,ISIC_0014862,ensemble,faithfulness_correlation,0.08727002143859863,
squeezenet,ISIC_0014862,ensemble,pixel_flipping,270.2024230957031,
squeezenet,ISIC_0014862,ensemble,max_sensitivity,1.062676191329956,
squeezenet,ISIC_0014862,ensemble,avg_sensitivity,1.0479125142097474,
squeezenet,ISIC_0014862,ensemble,relevance_mass_accuracy,0.800580620765686,
squeezenet,ISIC_0014862,ensemble,pointing_game,1.0,
squeezenet,ISIC_0014862,ensemble,sparseness,0.5865941896047292,
squeezenet,ISIC_0014862,ensemble,complexity,11.29813289642334,
squeezenet,ISIC_0014862,ensemble,model_parameter_randomisation,,nan
squeezenet,ISIC_0014862,ensemble,random_logit,0.8198114240798852,
squeezenet,ISIC_0014862,ensemble,completeness,,nan
squeezenet,ISIC_0014862,ensemble,non_sensitivity,,nan
resnet18,ISIC_0014872,ensemble,faithfulness_correlation,0.11316299438476562,
resnet18,ISIC_0014872,ensemble,pixel_flipping,26.983867645263672,
resnet18,ISIC_0014872,ensemble,max_sensitivity,1.15642249584198,
resnet18,ISIC_0014872,ensemble,avg_sensitivity,1.1178044557571412,
resnet18,ISIC_0014872,ensemble,relevance_mass_accuracy,0.8015010952949524,
resnet18,ISIC_0014872,ensemble,pointing_game,1.0,
resnet18,ISIC_0014872,ensemble,sparseness,0.4956674190688586,
resnet18,ISIC_0014872,ensemble,complexity,11.487095832824707,
resnet18,ISIC_0014872,ensemble,model_parameter_randomisation,,nan
resnet18,ISIC_0014872,ensemble,random_logit,0.7003726537130811,
resnet18,ISIC_0014872,ensemble,completeness,,nan
resnet18,ISIC_0014872,ensemble,non_sensitivity,,nan
squeezenet,ISIC_0014872,ensemble,faithfulness_correlation,-0.19564326107501984,
squeezenet,ISIC_0014872,ensemble,pixel_flipping,55.11764144897461,
squeezenet,ISIC_0014872,ensemble,max_sensitivity,0.9963177442550659,
squeezenet,ISIC_0014872,ensemble,avg_sensitivity,0.9893707036972046,
squeezenet,ISIC_0014872,ensemble,relevance_mass_accuracy,0.803841769695282,
squeezenet,ISIC_0014872,ensemble,pointing_game,1.0,
squeezenet,ISIC_0014872,ensemble,sparseness,0.565945214072945,
squeezenet,ISIC_0014872,ensemble,complexity,11.332661628723145,
squeezenet,ISIC_0014872,ensemble,model_parameter_randomisation,,nan
squeezenet,ISIC_0014872,ensemble,random_logit,0.5703551022721207,
squeezenet,ISIC_0014872,ensemble,completeness,,nan
squeezenet,ISIC_0014872,ensemble,non_sensitivity,,nan
resnet18,ISIC_0014883,ensemble,faithfulness_correlation,-0.162913978099823,
resnet18,ISIC_0014883,ensemble,pixel_flipping,569.6307373046875,
resnet18,ISIC_0014883,ensemble,max_sensitivity,1.0382717847824097,
resnet18,ISIC_0014883,ensemble,avg_sensitivity,1.0197418212890625,
resnet18,ISIC_0014883,ensemble,relevance_mass_accuracy,0.3312613070011139,
resnet18,ISIC_0014883,ensemble,pointing_game,0.0,
resnet18,ISIC_0014883,ensemble,sparseness,0.4407483641811441,
resnet18,ISIC_0014883,ensemble,complexity,11.584218978881836,
resnet18,ISIC_0014883,ensemble,model_parameter_randomisation,,nan
resnet18,ISIC_0014883,ensemble,random_logit,0.4162535000343072,
resnet18,ISIC_0014883,ensemble,completeness,,nan
resnet18,ISIC_0014883,ensemble,non_sensitivity,,nan
squeezenet,ISIC_0014883,ensemble,faithfulness_correlation,-0.09264737367630005,
squeezenet,ISIC_0014883,ensemble,pixel_flipping,278.9781494140625,
squeezenet,ISIC_0014883,ensemble,max_sensitivity,1.0761301517486572,
squeezenet,ISIC_0014883,ensemble,avg_sensitivity,1.0730557441711426,
squeezenet,ISIC_0014883,ensemble,relevance_mass_accuracy,0.6475504040718079,
squeezenet,ISIC_0014883,ensemble,pointing_game,1.0,
squeezenet,ISIC_0014883,ensemble,sparseness,0.588436969353136,
squeezenet,ISIC_0014883,ensemble,complexity,11.29846477508545,
squeezenet,ISIC_0014883,ensemble,model_parameter_randomisation,,nan
squeezenet,ISIC_0014883,ensemble,random_logit,0.7110000939836111,
squeezenet,ISIC_0014883,ensemble,completeness,,nan
squeezenet,ISIC_0014883,ensemble,non_sensitivity,,nan
resnet18,ISIC_0014928,ensemble,faithfulness_correlation,0.07226204872131348,
resnet18,ISIC_0014928,ensemble,pixel_flipping,612.6688232421875,
resnet18,ISIC_0014928,ensemble,max_sensitivity,1.0194103717803955,
resnet18,ISIC_0014928,ensemble,avg_sensitivity,1.0064741730690003,
resnet18,ISIC_0014928,ensemble,relevance_mass_accuracy,0.21395957469940186,
resnet18,ISIC_0014928,ensemble,pointing_game,0.0,
resnet18,ISIC_0014928,ensemble,sparseness,0.5159099648431068,
resnet18,ISIC_0014928,ensemble,complexity,11.449347496032715,
resnet18,ISIC_0014928,ensemble,model_parameter_randomisation,,nan
resnet18,ISIC_0014928,ensemble,random_logit,0.7524529939172739,
resnet18,ISIC_0014928,ensemble,completeness,,nan
resnet18,ISIC_0014928,ensemble,non_sensitivity,,nan
squeezenet,ISIC_0014928,ensemble,faithfulness_correlation,0.05185793712735176,
squeezenet,ISIC_0014928,ensemble,pixel_flipping,323.54302978515625,
squeezenet,ISIC_0014928,ensemble,max_sensitivity,1.034346103668213,
squeezenet,ISIC_0014928,ensemble,avg_sensitivity,1.0268965125083924,
squeezenet,ISIC_0014928,ensemble,relevance_mass_accuracy,0.4581240713596344,
squeezenet,ISIC_0014928,ensemble,pointing_game,1.0,
squeezenet,ISIC_0014928,ensemble,sparseness,0.6805867938080806,
squeezenet,ISIC_0014928,ensemble,complexity,11.003000259399414,
squeezenet,ISIC_0014928,ensemble,model_parameter_randomisation,,nan
squeezenet,ISIC_0014928,ensemble,random_logit,0.9142853309361242,
squeezenet,ISIC_0014928,ensemble,completeness,,nan
squeezenet,ISIC_0014928,ensemble,non_sensitivity,,nan
resnet18,ISIC_0014932,ensemble,faithfulness_correlation,0.10225674510002136,
resnet18,ISIC_0014932,ensemble,pixel_flipping,558.2775268554688,
resnet18,ISIC_0014932,ensemble,max_sensitivity,1.1158398389816284,
resnet18,ISIC_0014932,ensemble,avg_sensitivity,1.0885444164276123,
resnet18,ISIC_0014932,ensemble,relevance_mass_accuracy,0.645098090171814,
resnet18,ISIC_0014932,ensemble,pointing_game,1.0,
resnet18,ISIC_0014932,ensemble,sparseness,0.4633176188762609,
resnet18,ISIC_0014932,ensemble,complexity,11.544702529907227,
resnet18,ISIC_0014932,ensemble,model_parameter_randomisation,,nan
resnet18,ISIC_0014932,ensemble,random_logit,0.5629441221015559,
resnet18,ISIC_0014932,ensemble,completeness,,nan
resnet18,ISIC_0014932,ensemble,non_sensitivity,,nan
squeezenet,ISIC_0014932,ensemble,faithfulness_correlation,-0.0006946558714844286,
squeezenet,ISIC_0014932,ensemble,pixel_flipping,297.0843505859375,
squeezenet,ISIC_0014932,ensemble,max_sensitivity,1.1250205039978027,
squeezenet,ISIC_0014932,ensemble,avg_sensitivity,1.1148427248001098,
squeezenet,ISIC_0014932,ensemble,relevance_mass_accuracy,0.8529737591743469,
squeezenet,ISIC_0014932,ensemble,pointing_game,1.0,
squeezenet,ISIC_0014932,ensemble,sparseness,0.6348195790561849,
squeezenet,ISIC_0014932,ensemble,complexity,11.130087852478027,
squeezenet,ISIC_0014932,ensemble,model_parameter_randomisation,,nan
squeezenet,ISIC_0014932,ensemble,random_logit,0.8157873040520922,
squeezenet,ISIC_0014932,ensemble,completeness,,nan
squeezenet,ISIC_0014932,ensemble,non_sensitivity,,nan
resnet18,ISIC_0014963,ensemble,faithfulness_correlation,-0.052433375269174576,
resnet18,ISIC_0014963,ensemble,pixel_flipping,207.7462615966797,
resnet18,ISIC_0014963,ensemble,max_sensitivity,1.0646123886108398,
resnet18,ISIC_0014963,ensemble,avg_sensitivity,0.9924957573413848,
resnet18,ISIC_0014963,ensemble,relevance_mass_accuracy,0.8014998435974121,
resnet18,ISIC_0014963,ensemble,pointing_game,1.0,
resnet18,ISIC_0014963,ensemble,sparseness,0.4473127299512648,
resnet18,ISIC_0014963,ensemble,complexity,11.567933082580566,
resnet18,ISIC_0014963,ensemble,model_parameter_randomisation,,nan
resnet18,ISIC_0014963,ensemble,random_logit,0.7131783562768934,
resnet18,ISIC_0014963,ensemble,completeness,,nan
resnet18,ISIC_0014963,ensemble,non_sensitivity,,nan
squeezenet,ISIC_0014963,ensemble,faithfulness_correlation,0.13953757286071777,
squeezenet,ISIC_0014963,ensemble,pixel_flipping,53.2397575378418,
squeezenet,ISIC_0014963,ensemble,max_sensitivity,1.0042145252227783,
squeezenet,ISIC_0014963,ensemble,avg_sensitivity,0.9927972316741943,
squeezenet,ISIC_0014963,ensemble,relevance_mass_accuracy,0.5766404867172241,
squeezenet,ISIC_0014963,ensemble,pointing_game,0.0,
squeezenet,ISIC_0014963,ensemble,sparseness,0.5996234161550782,
squeezenet,ISIC_0014963,ensemble,complexity,11.230093955993652,
squeezenet,ISIC_0014963,ensemble,model_parameter_randomisation,,nan
squeezenet,ISIC_0014963,ensemble,random_logit,0.48431783686409347,
squeezenet,ISIC_0014963,ensemble,completeness,,nan
squeezenet,ISIC_0014963,ensemble,non_sensitivity,,nan
resnet18,ISIC_0015004,ensemble,faithfulness_correlation,0.07231330126523972,
resnet18,ISIC_0015004,ensemble,pixel_flipping,55.278682708740234,
resnet18,ISIC_0015004,ensemble,max_sensitivity,1.1754587888717651,
resnet18,ISIC_0015004,ensemble,avg_sensitivity,1.1383321285247803,
resnet18,ISIC_0015004,ensemble,relevance_mass_accuracy,0.6864542365074158,
resnet18,ISIC_0015004,ensemble,pointing_game,0.0,
resnet18,ISIC_0015004,ensemble,sparseness,0.42669058023219897,
resnet18,ISIC_0015004,ensemble,complexity,11.59538459777832,
resnet18,ISIC_0015004,ensemble,model_parameter_randomisation,,nan
resnet18,ISIC_0015004,ensemble,random_logit,0.6755645022375996,
resnet18,ISIC_0015004,ensemble,completeness,,nan
resnet18,ISIC_0015004,ensemble,non_sensitivity,,nan
squeezenet,ISIC_0015004,ensemble,faithfulness_correlation,0.2704072892665863,
squeezenet,ISIC_0015004,ensemble,pixel_flipping,321.86822509765625,
squeezenet,ISIC_0015004,ensemble,max_sensitivity,1.0755765438079834,
squeezenet,ISIC_0015004,ensemble,avg_sensitivity,1.0634909510612487,
squeezenet,ISIC_0015004,ensemble,relevance_mass_accuracy,0.9136119484901428,
squeezenet,ISIC_0015004,ensemble,pointing_game,1.0,
squeezenet,ISIC_0015004,ensemble,sparseness,0.6156727490190521,
squeezenet,ISIC_0015004,ensemble,complexity,11.179436683654785,
squeezenet,ISIC_0015004,ensemble,model_parameter_randomisation,,nan
squeezenet,ISIC_0015004,ensemble,random_logit,0.6518488866458159,
squeezenet,ISIC_0015004,ensemble,completeness,,nan
squeezenet,ISIC_0015004,ensemble,non_sensitivity,,nan
resnet18,ISIC_0015041,ensemble,faithfulness_correlation,0.026641128584742546,
resnet18,ISIC_0015041,ensemble,pixel_flipping,627.2967529296875,
resnet18,ISIC_0015041,ensemble,max_sensitivity,0.9592393636703491,
resnet18,ISIC_0015041,ensemble,avg_sensitivity,0.9526789963245392,
resnet18,ISIC_0015041,ensemble,relevance_mass_accuracy,0.2969580590724945,
resnet18,ISIC_0015041,ensemble,pointing_game,1.0,
resnet18,ISIC_0015041,ensemble,sparseness,0.49244663675455846,
resnet18,ISIC_0015041,ensemble,complexity,11.498218536376953,
resnet18,ISIC_0015041,ensemble,model_parameter_randomisation,,nan
resnet18,ISIC_0015041,ensemble,random_logit,0.6174336150374414,
resnet18,ISIC_0015041,ensemble,completeness,,nan
resnet18,ISIC_0015041,ensemble,non_sensitivity,,nan
squeezenet,ISIC_0015041,ensemble,faithfulness_correlation,0.16940361261367798,
squeezenet,ISIC_0015041,ensemble,pixel_flipping,292.73077392578125,
squeezenet,ISIC_0015041,ensemble,max_sensitivity,1.0054070949554443,
squeezenet,ISIC_0015041,ensemble,avg_sensitivity,1.004721474647522,
squeezenet,ISIC_0015041,ensemble,relevance_mass_accuracy,0.35683274269104004,
squeezenet,ISIC_0015041,ensemble,pointing_game,1.0,
squeezenet,ISIC_0015041,ensemble,sparseness,0.5754809649442378,
squeezenet,ISIC_0015041,ensemble,complexity,11.311817169189453,
squeezenet,ISIC_0015041,ensemble,model_parameter_randomisation,,nan
squeezenet,ISIC_0015041,ensemble,random_logit,0.7553970418322089,
squeezenet,ISIC_0015041,ensemble,completeness,,nan
squeezenet,ISIC_0015041,ensemble,non_sensitivity,,nan
resnet18,ISIC_0015046,ensemble,faithfulness_correlation,-0.18185186386108398,
resnet18,ISIC_0015046,ensemble,pixel_flipping,561.3986206054688,
resnet18,ISIC_0015046,ensemble,max_sensitivity,1.0411055088043213,
resnet18,ISIC_0015046,ensemble,avg_sensitivity,1.0257889389991761,
resnet18,ISIC_0015046,ensemble,relevance_mass_accuracy,0.39107954502105713,
resnet18,ISIC_0015046,ensemble,pointing_game,0.0,
resnet18,ISIC_0015046,ensemble,sparseness,0.45572720452052956,
resnet18,ISIC_0015046,ensemble,complexity,11.554389953613281,
resnet18,ISIC_0015046,ensemble,model_parameter_randomisation,,nan
resnet18,ISIC_0015046,ensemble,random_logit,0.5495296396250892,
resnet18,ISIC_0015046,ensemble,completeness,,nan
resnet18,ISIC_0015046,ensemble,non_sensitivity,,nan
squeezenet,ISIC_0015046,ensemble,faithfulness_correlation,0.2678529918193817,
squeezenet,ISIC_0015046,ensemble,pixel_flipping,361.10406494140625,
squeezenet,ISIC_0015046,ensemble,max_sensitivity,1.077329158782959,
squeezenet,ISIC_0015046,ensemble,avg_sensitivity,1.0670781135559082,
squeezenet,ISIC_0015046,ensemble,relevance_mass_accuracy,0.576093316078186,
squeezenet,ISIC_0015046,ensemble,pointing_game,1.0,
squeezenet,ISIC_0015046,ensemble,sparseness,0.5717244462920332,
squeezenet,ISIC_0015046,ensemble,complexity,11.32823371887207,
squeezenet,ISIC_0015046,ensemble,model_parameter_randomisation,,nan
squeezenet,ISIC_0015046,ensemble,random_logit,0.7418876121415077,
squeezenet,ISIC_0015046,ensemble,completeness,,nan
squeezenet,ISIC_0015046,ensemble,non_sensitivity,,nan
resnet18,ISIC_0015050,ensemble,faithfulness_correlation,0.15817341208457947,
resnet18,ISIC_0015050,ensemble,pixel_flipping,74.33759307861328,
resnet18,ISIC_0015050,ensemble,max_sensitivity,1.030637502670288,
resnet18,ISIC_0015050,ensemble,avg_sensitivity,0.9516200304031373,
resnet18,ISIC_0015050,ensemble,relevance_mass_accuracy,0.7066174149513245,
resnet18,ISIC_0015050,ensemble,pointing_game,0.0,
resnet18,ISIC_0015050,ensemble,sparseness,0.43253444103082156,
resnet18,ISIC_0015050,ensemble,complexity,11.586835861206055,
resnet18,ISIC_0015050,ensemble,model_parameter_randomisation,,nan
resnet18,ISIC_0015050,ensemble,random_logit,0.5654385931501386,
resnet18,ISIC_0015050,ensemble,completeness,,nan
resnet18,ISIC_0015050,ensemble,non_sensitivity,,nan
squeezenet,ISIC_0015050,ensemble,faithfulness_correlation,0.25687241554260254,
squeezenet,ISIC_0015050,ensemble,pixel_flipping,18.471839904785156,
squeezenet,ISIC_0015050,ensemble,max_sensitivity,1.060921549797058,
squeezenet,ISIC_0015050,ensemble,avg_sensitivity,1.027566409111023,
squeezenet,ISIC_0015050,ensemble,relevance_mass_accuracy,0.4332790672779083,
squeezenet,ISIC_0015050,ensemble,pointing_game,0.0,
squeezenet,ISIC_0015050,ensemble,sparseness,0.5467155409684294,
squeezenet,ISIC_0015050,ensemble,complexity,11.38566780090332,
squeezenet,ISIC_0015050,ensemble,model_parameter_randomisation,,nan
squeezenet,ISIC_0015050,ensemble,random_logit,0.6207761206353868,
squeezenet,ISIC_0015050,ensemble,completeness,,nan
squeezenet,ISIC_0015050,ensemble,non_sensitivity,,nan
resnet18,ISIC_0015071,ensemble,faithfulness_correlation,-0.10031452775001526,
resnet18,ISIC_0015071,ensemble,pixel_flipping,82.07827758789062,
resnet18,ISIC_0015071,ensemble,max_sensitivity,0.9256314635276794,
resnet18,ISIC_0015071,ensemble,avg_sensitivity,0.9062605917453765,
resnet18,ISIC_0015071,ensemble,relevance_mass_accuracy,0.4324262738227844,
resnet18,ISIC_0015071,ensemble,pointing_game,0.0,
resnet18,ISIC_0015071,ensemble,sparseness,0.4616579822769942,
resnet18,ISIC_0015071,ensemble,complexity,11.550251007080078,
resnet18,ISIC_0015071,ensemble,model_parameter_randomisation,,nan
resnet18,ISIC_0015071,ensemble,random_logit,0.6387974805089991,
resnet18,ISIC_0015071,ensemble,completeness,,nan
resnet18,ISIC_0015071,ensemble,non_sensitivity,,nan
squeezenet,ISIC_0015071,ensemble,faithfulness_correlation,-0.04175400733947754,
squeezenet,ISIC_0015071,ensemble,pixel_flipping,299.52923583984375,
squeezenet,ISIC_0015071,ensemble,max_sensitivity,0.9473413228988647,
squeezenet,ISIC_0015071,ensemble,avg_sensitivity,0.9431673645973205,
squeezenet,ISIC_0015071,ensemble,relevance_mass_accuracy,0.4459075927734375,
squeezenet,ISIC_0015071,ensemble,pointing_game,1.0,
squeezenet,ISIC_0015071,ensemble,sparseness,0.5575872287250918,
squeezenet,ISIC_0015071,ensemble,complexity,11.361757278442383,
squeezenet,ISIC_0015071,ensemble,model_parameter_randomisation,,nan
squeezenet,ISIC_0015071,ensemble,random_logit,0.7636202124959991,
squeezenet,ISIC_0015071,ensemble,completeness,,nan
squeezenet,ISIC_0015071,ensemble,non_sensitivity,,nan
resnet18,ISIC_0015115,ensemble,faithfulness_correlation,0.07319267839193344,
resnet18,ISIC_0015115,ensemble,pixel_flipping,76.73250579833984,
resnet18,ISIC_0015115,ensemble,max_sensitivity,1.1705325841903687,
resnet18,ISIC_0015115,ensemble,avg_sensitivity,1.1196807146072387,
resnet18,ISIC_0015115,ensemble,relevance_mass_accuracy,0.683788001537323,
resnet18,ISIC_0015115,ensemble,pointing_game,0.0,
resnet18,ISIC_0015115,ensemble,sparseness,0.5026079973523414,
resnet18,ISIC_0015115,ensemble,complexity,11.480635643005371,
resnet18,ISIC_0015115,ensemble,model_parameter_randomisation,,nan
resnet18,ISIC_0015115,ensemble,random_logit,0.7380258575762088,
resnet18,ISIC_0015115,ensemble,completeness,,nan
resnet18,ISIC_0015115,ensemble,non_sensitivity,,nan
squeezenet,ISIC_0015115,ensemble,faithfulness_correlation,0.02037462778389454,
squeezenet,ISIC_0015115,ensemble,pixel_flipping,200.18145751953125,
squeezenet,ISIC_0015115,ensemble,max_sensitivity,1.074869155883789,
squeezenet,ISIC_0015115,ensemble,avg_sensitivity,1.052940058708191,
squeezenet,ISIC_0015115,ensemble,relevance_mass_accuracy,0.8833231329917908,
squeezenet,ISIC_0015115,ensemble,pointing_game,1.0,
squeezenet,ISIC_0015115,ensemble,sparseness,0.6104008212425239,
squeezenet,ISIC_0015115,ensemble,complexity,11.206790924072266,
squeezenet,ISIC_0015115,ensemble,model_parameter_randomisation,,nan
squeezenet,ISIC_0015115,ensemble,random_logit,0.8434862741089884,
squeezenet,ISIC_0015115,ensemble,completeness,,nan
squeezenet,ISIC_0015115,ensemble,non_sensitivity,,nan
resnet18,ISIC_0015127,ensemble,faithfulness_correlation,0.06112397462129593,
resnet18,ISIC_0015127,ensemble,pixel_flipping,61.49979019165039,
resnet18,ISIC_0015127,ensemble,max_sensitivity,1.0042842626571655,
resnet18,ISIC_0015127,ensemble,avg_sensitivity,0.9914059519767762,
resnet18,ISIC_0015127,ensemble,relevance_mass_accuracy,0.4470256268978119,
resnet18,ISIC_0015127,ensemble,pointing_game,0.0,
resnet18,ISIC_0015127,ensemble,sparseness,0.4938917226602246,
resnet18,ISIC_0015127,ensemble,complexity,11.49862003326416,
resnet18,ISIC_0015127,ensemble,model_parameter_randomisation,,nan
resnet18,ISIC_0015127,ensemble,random_logit,0.4927490116310364,
resnet18,ISIC_0015127,ensemble,completeness,,nan
resnet18,ISIC_0015127,ensemble,non_sensitivity,,nan
squeezenet,ISIC_0015127,ensemble,faithfulness_correlation,0.3177049160003662,
squeezenet,ISIC_0015127,ensemble,pixel_flipping,302.6395263671875,
squeezenet,ISIC_0015127,ensemble,max_sensitivity,1.0377790927886963,
squeezenet,ISIC_0015127,ensemble,avg_sensitivity,1.0179136753082276,
squeezenet,ISIC_0015127,ensemble,relevance_mass_accuracy,0.5760048031806946,
squeezenet,ISIC_0015127,ensemble,pointing_game,1.0,
squeezenet,ISIC_0015127,ensemble,sparseness,0.6004949592971394,
squeezenet,ISIC_0015127,ensemble,complexity,11.257935523986816,
squeezenet,ISIC_0015127,ensemble,model_parameter_randomisation,,nan
squeezenet,ISIC_0015127,ensemble,random_logit,0.7781580142510678,
squeezenet,ISIC_0015127,ensemble,completeness,,nan
squeezenet,ISIC_0015127,ensemble,non_sensitivity,,nan
resnet18,ISIC_0015132,ensemble,faithfulness_correlation,0.10225169360637665,
resnet18,ISIC_0015132,ensemble,pixel_flipping,147.69830322265625,
resnet18,ISIC_0015132,ensemble,max_sensitivity,1.088339924812317,
resnet18,ISIC_0015132,ensemble,avg_sensitivity,1.0737681627273559,
resnet18,ISIC_0015132,ensemble,relevance_mass_accuracy,0.6647889018058777,
resnet18,ISIC_0015132,ensemble,pointing_game,1.0,
resnet18,ISIC_0015132,ensemble,sparseness,0.502363181800023,
resnet18,ISIC_0015132,ensemble,complexity,11.478075981140137,
resnet18,ISIC_0015132,ensemble,model_parameter_randomisation,,nan
resnet18,ISIC_0015132,ensemble,random_logit,0.6238251917171791,
resnet18,ISIC_0015132,ensemble,completeness,,nan
resnet18,ISIC_0015132,ensemble,non_sensitivity,,nan
squeezenet,ISIC_0015132,ensemble,faithfulness_correlation,0.10974006354808807,
squeezenet,ISIC_0015132,ensemble,pixel_flipping,323.6392822265625,
squeezenet,ISIC_0015132,ensemble,max_sensitivity,1.1115508079528809,
squeezenet,ISIC_0015132,ensemble,avg_sensitivity,1.0825695991516113,
squeezenet,ISIC_0015132,ensemble,relevance_mass_accuracy,0.8799581527709961,
squeezenet,ISIC_0015132,ensemble,pointing_game,1.0,
squeezenet,ISIC_0015132,ensemble,sparseness,0.605410537879314,
squeezenet,ISIC_0015132,ensemble,complexity,11.231898307800293,
squeezenet,ISIC_0015132,ensemble,model_parameter_randomisation,,nan
squeezenet,ISIC_0015132,ensemble,random_logit,0.8788040751639821,
squeezenet,ISIC_0015132,ensemble,completeness,,nan
squeezenet,ISIC_0015132,ensemble,non_sensitivity,,nan
resnet18,ISIC_0015133,ensemble,faithfulness_correlation,0.14351724088191986,
resnet18,ISIC_0015133,ensemble,pixel_flipping,72.20370483398438,
resnet18,ISIC_0015133,ensemble,max_sensitivity,0.9698383808135986,
resnet18,ISIC_0015133,ensemble,avg_sensitivity,0.9414246201515197,
resnet18,ISIC_0015133,ensemble,relevance_mass_accuracy,0.4594942629337311,
resnet18,ISIC_0015133,ensemble,pointing_game,1.0,
resnet18,ISIC_0015133,ensemble,sparseness,0.46180763078245274,
resnet18,ISIC_0015133,ensemble,complexity,11.547598838806152,
resnet18,ISIC_0015133,ensemble,model_parameter_randomisation,,nan
resnet18,ISIC_0015133,ensemble,random_logit,0.5656893329160901,
resnet18,ISIC_0015133,ensemble,completeness,,nan
resnet18,ISIC_0015133,ensemble,non_sensitivity,,nan
squeezenet,ISIC_0015133,ensemble,faithfulness_correlation,-0.06118198484182358,
squeezenet,ISIC_0015133,ensemble,pixel_flipping,486.9385681152344,
squeezenet,ISIC_0015133,ensemble,max_sensitivity,1.033564805984497,
squeezenet,ISIC_0015133,ensemble,avg_sensitivity,1.0190614223480225,
squeezenet,ISIC_0015133,ensemble,relevance_mass_accuracy,0.6836467981338501,
squeezenet,ISIC_0015133,ensemble,pointing_game,1.0,
squeezenet,ISIC_0015133,ensemble,sparseness,0.6334289035272107,
squeezenet,ISIC_0015133,ensemble,complexity,11.179311752319336,
squeezenet,ISIC_0015133,ensemble,model_parameter_randomisation,,nan
squeezenet,ISIC_0015133,ensemble,random_logit,0.6996608025762372,
squeezenet,ISIC_0015133,ensemble,completeness,,nan
squeezenet,ISIC_0015133,ensemble,non_sensitivity,,nan
resnet18,ISIC_0015136,ensemble,faithfulness_correlation,0.0021009251940995455,
resnet18,ISIC_0015136,ensemble,pixel_flipping,112.26918029785156,
resnet18,ISIC_0015136,ensemble,max_sensitivity,1.092604160308838,
resnet18,ISIC_0015136,ensemble,avg_sensitivity,1.062255674600601,
resnet18,ISIC_0015136,ensemble,relevance_mass_accuracy,0.3728106915950775,
resnet18,ISIC_0015136,ensemble,pointing_game,0.0,
resnet18,ISIC_0015136,ensemble,sparseness,0.44732298209480614,
resnet18,ISIC_0015136,ensemble,complexity,11.567729949951172,
resnet18,ISIC_0015136,ensemble,model_parameter_randomisation,,nan
resnet18,ISIC_0015136,ensemble,random_logit,0.6716009329846828,
resnet18,ISIC_0015136,ensemble,completeness,,nan
resnet18,ISIC_0015136,ensemble,non_sensitivity,,nan
squeezenet,ISIC_0015136,ensemble,faithfulness_correlation,0.15046143531799316,
squeezenet,ISIC_0015136,ensemble,pixel_flipping,336.7396240234375,
squeezenet,ISIC_0015136,ensemble,max_sensitivity,1.103715419769287,
squeezenet,ISIC_0015136,ensemble,avg_sensitivity,1.0823431491851807,
squeezenet,ISIC_0015136,ensemble,relevance_mass_accuracy,0.5911146402359009,
squeezenet,ISIC_0015136,ensemble,pointing_game,1.0,
squeezenet,ISIC_0015136,ensemble,sparseness,0.6095889517028074,
squeezenet,ISIC_0015136,ensemble,complexity,11.230509757995605,
squeezenet,ISIC_0015136,ensemble,model_parameter_randomisation,,nan
squeezenet,ISIC_0015136,ensemble,random_logit,0.8418077442347539,
squeezenet,ISIC_0015136,ensemble,completeness,,nan
squeezenet,ISIC_0015136,ensemble,non_sensitivity,,nan
resnet18,ISIC_0015142,ensemble,faithfulness_correlation,-0.07639230787754059,
resnet18,ISIC_0015142,ensemble,pixel_flipping,147.56365966796875,
resnet18,ISIC_0015142,ensemble,max_sensitivity,0.9830871224403381,
resnet18,ISIC_0015142,ensemble,avg_sensitivity,0.965835040807724,
resnet18,ISIC_0015142,ensemble,relevance_mass_accuracy,0.6957642436027527,
resnet18,ISIC_0015142,ensemble,pointing_game,1.0,
resnet18,ISIC_0015142,ensemble,sparseness,0.4618800690890578,
resnet18,ISIC_0015142,ensemble,complexity,11.545997619628906,
resnet18,ISIC_0015142,ensemble,model_parameter_randomisation,,nan
resnet18,ISIC_0015142,ensemble,random_logit,0.629419751435101,
resnet18,ISIC_0015142,ensemble,completeness,,nan
resnet18,ISIC_0015142,ensemble,non_sensitivity,,nan
squeezenet,ISIC_0015142,ensemble,faithfulness_correlation,-0.11512862145900726,
squeezenet,ISIC_0015142,ensemble,pixel_flipping,406.33148193359375,
squeezenet,ISIC_0015142,ensemble,max_sensitivity,1.0449336767196655,
squeezenet,ISIC_0015142,ensemble,avg_sensitivity,1.0346370100975038,
squeezenet,ISIC_0015142,ensemble,relevance_mass_accuracy,0.7405436635017395,
squeezenet,ISIC_0015142,ensemble,pointing_game,1.0,
squeezenet,ISIC_0015142,ensemble,sparseness,0.526527798528725,
squeezenet,ISIC_0015142,ensemble,complexity,11.424741744995117,
squeezenet,ISIC_0015142,ensemble,model_parameter_randomisation,,nan
squeezenet,ISIC_0015142,ensemble,random_logit,0.673737079916124,
squeezenet,ISIC_0015142,ensemble,completeness,,nan
squeezenet,ISIC_0015142,ensemble,non_sensitivity,,nan
resnet18,ISIC_0015156,ensemble,faithfulness_correlation,0.06295518577098846,
resnet18,ISIC_0015156,ensemble,pixel_flipping,58.84170150756836,
resnet18,ISIC_0015156,ensemble,max_sensitivity,1.1163145303726196,
resnet18,ISIC_0015156,ensemble,avg_sensitivity,1.0872304558753967,
resnet18,ISIC_0015156,ensemble,relevance_mass_accuracy,0.5969527363777161,
resnet18,ISIC_0015156,ensemble,pointing_game,0.0,
resnet18,ISIC_0015156,ensemble,sparseness,0.4987955735161489,
resnet18,ISIC_0015156,ensemble,complexity,11.484408378601074,
resnet18,ISIC_0015156,ensemble,model_parameter_randomisation,,nan
resnet18,ISIC_0015156,ensemble,random_logit,0.6016137394474372,
resnet18,ISIC_0015156,ensemble,completeness,,nan
resnet18,ISIC_0015156,ensemble,non_sensitivity,,nan
squeezenet,ISIC_0015156,ensemble,faithfulness_correlation,0.2323855608701706,
squeezenet,ISIC_0015156,ensemble,pixel_flipping,262.411865234375,
squeezenet,ISIC_0015156,ensemble,max_sensitivity,1.0753800868988037,
squeezenet,ISIC_0015156,ensemble,avg_sensitivity,1.0538894295692445,
squeezenet,ISIC_0015156,ensemble,relevance_mass_accuracy,0.5393182635307312,
squeezenet,ISIC_0015156,ensemble,pointing_game,0.0,
squeezenet,ISIC_0015156,ensemble,sparseness,0.6232263723355632,
squeezenet,ISIC_0015156,ensemble,complexity,11.189270973205566,
squeezenet,ISIC_0015156,ensemble,model_parameter_randomisation,,nan
squeezenet,ISIC_0015156,ensemble,random_logit,0.8062944423568918,
squeezenet,ISIC_0015156,ensemble,completeness,,nan
squeezenet,ISIC_0015156,ensemble,non_sensitivity,,nan
resnet18,ISIC_0015167,ensemble,faithfulness_correlation,0.03063308820128441,
resnet18,ISIC_0015167,ensemble,pixel_flipping,116.79585266113281,
resnet18,ISIC_0015167,ensemble,max_sensitivity,1.055472493171692,
resnet18,ISIC_0015167,ensemble,avg_sensitivity,1.0136702537536622,
resnet18,ISIC_0015167,ensemble,relevance_mass_accuracy,0.7627658843994141,
resnet18,ISIC_0015167,ensemble,pointing_game,1.0,
resnet18,ISIC_0015167,ensemble,sparseness,0.4828203276013517,
resnet18,ISIC_0015167,ensemble,complexity,11.512492179870605,
resnet18,ISIC_0015167,ensemble,model_parameter_randomisation,,nan
resnet18,ISIC_0015167,ensemble,random_logit,0.6594175735374259,
resnet18,ISIC_0015167,ensemble,completeness,,nan
resnet18,ISIC_0015167,ensemble,non_sensitivity,,nan
squeezenet,ISIC_0015167,ensemble,faithfulness_correlation,-0.01096842996776104,
squeezenet,ISIC_0015167,ensemble,pixel_flipping,414.920654296875,
squeezenet,ISIC_0015167,ensemble,max_sensitivity,1.0430620908737183,
squeezenet,ISIC_0015167,ensemble,avg_sensitivity,1.026692396402359,
squeezenet,ISIC_0015167,ensemble,relevance_mass_accuracy,0.9373480081558228,
squeezenet,ISIC_0015167,ensemble,pointing_game,1.0,
squeezenet,ISIC_0015167,ensemble,sparseness,0.580064905181914,
squeezenet,ISIC_0015167,ensemble,complexity,11.297329902648926,
squeezenet,ISIC_0015167,ensemble,model_parameter_randomisation,,nan
squeezenet,ISIC_0015167,ensemble,random_logit,0.6160662126953877,
squeezenet,ISIC_0015167,ensemble,completeness,,nan
squeezenet,ISIC_0015167,ensemble,non_sensitivity,,nan
resnet18,ISIC_0015180,ensemble,faithfulness_correlation,-0.03327509015798569,
resnet18,ISIC_0015180,ensemble,pixel_flipping,342.0745849609375,
resnet18,ISIC_0015180,ensemble,max_sensitivity,1.1900001764297485,
resnet18,ISIC_0015180,ensemble,avg_sensitivity,1.1132729649543762,
resnet18,ISIC_0015180,ensemble,relevance_mass_accuracy,0.2670191824436188,
resnet18,ISIC_0015180,ensemble,pointing_game,1.0,
resnet18,ISIC_0015180,ensemble,sparseness,0.4973755214948625,
resnet18,ISIC_0015180,ensemble,complexity,11.48284912109375,
resnet18,ISIC_0015180,ensemble,model_parameter_randomisation,,nan
resnet18,ISIC_0015180,ensemble,random_logit,0.6502040161292811,
resnet18,ISIC_0015180,ensemble,completeness,,nan
resnet18,ISIC_0015180,ensemble,non_sensitivity,,nan
squeezenet,ISIC_0015180,ensemble,faithfulness_correlation,0.06299556791782379,
squeezenet,ISIC_0015180,ensemble,pixel_flipping,53.571205139160156,
squeezenet,ISIC_0015180,ensemble,max_sensitivity,1.1138780117034912,
squeezenet,ISIC_0015180,ensemble,avg_sensitivity,1.0805703997612,
squeezenet,ISIC_0015180,ensemble,relevance_mass_accuracy,0.2066766321659088,
squeezenet,ISIC_0015180,ensemble,pointing_game,0.0,
squeezenet,ISIC_0015180,ensemble,sparseness,0.5683361800807107,
squeezenet,ISIC_0015180,ensemble,complexity,11.331830024719238,
squeezenet,ISIC_0015180,ensemble,model_parameter_randomisation,,nan
squeezenet,ISIC_0015180,ensemble,random_logit,0.5222140890821709,
squeezenet,ISIC_0015180,ensemble,completeness,,nan
squeezenet,ISIC_0015180,ensemble,non_sensitivity,,nan
resnet18,ISIC_0015185,ensemble,faithfulness_correlation,0.05067935585975647,
resnet18,ISIC_0015185,ensemble,pixel_flipping,131.7431640625,
resnet18,ISIC_0015185,ensemble,max_sensitivity,0.9638151526451111,
resnet18,ISIC_0015185,ensemble,avg_sensitivity,0.9400544881820678,
resnet18,ISIC_0015185,ensemble,relevance_mass_accuracy,0.7079638838768005,
resnet18,ISIC_0015185,ensemble,pointing_game,0.0,
resnet18,ISIC_0015185,ensemble,sparseness,0.45595526849069673,
resnet18,ISIC_0015185,ensemble,complexity,11.548272132873535,
resnet18,ISIC_0015185,ensemble,model_parameter_randomisation,,nan
resnet18,ISIC_0015185,ensemble,random_logit,0.7378649967095519,
resnet18,ISIC_0015185,ensemble,completeness,,nan
resnet18,ISIC_0015185,ensemble,non_sensitivity,,nan
squeezenet,ISIC_0015185,ensemble,faithfulness_correlation,0.09619933366775513,
squeezenet,ISIC_0015185,ensemble,pixel_flipping,46.32139587402344,
squeezenet,ISIC_0015185,ensemble,max_sensitivity,0.9782499074935913,
squeezenet,ISIC_0015185,ensemble,avg_sensitivity,0.9510161876678467,
squeezenet,ISIC_0015185,ensemble,relevance_mass_accuracy,0.680399477481842,
squeezenet,ISIC_0015185,ensemble,pointing_game,1.0,
squeezenet,ISIC_0015185,ensemble,sparseness,0.6091206931295674,
squeezenet,ISIC_0015185,ensemble,complexity,11.22119426727295,
squeezenet,ISIC_0015185,ensemble,model_parameter_randomisation,,nan
squeezenet,ISIC_0015185,ensemble,random_logit,0.5689483860356249,
squeezenet,ISIC_0015185,ensemble,completeness,,nan
squeezenet,ISIC_0015185,ensemble,non_sensitivity,,nan
resnet18,ISIC_0015193,ensemble,faithfulness_correlation,-0.10847635567188263,
resnet18,ISIC_0015193,ensemble,pixel_flipping,545.4108276367188,
resnet18,ISIC_0015193,ensemble,max_sensitivity,1.0259143114089966,
resnet18,ISIC_0015193,ensemble,avg_sensitivity,1.0192472100257874,
resnet18,ISIC_0015193,ensemble,relevance_mass_accuracy,0.5976764559745789,
resnet18,ISIC_0015193,ensemble,pointing_game,0.0,
resnet18,ISIC_0015193,ensemble,sparseness,0.48424001911676073,
resnet18,ISIC_0015193,ensemble,complexity,11.51036262512207,
resnet18,ISIC_0015193,ensemble,model_parameter_randomisation,,nan
resnet18,ISIC_0015193,ensemble,random_logit,0.4142899148675512,
resnet18,ISIC_0015193,ensemble,completeness,,nan
resnet18,ISIC_0015193,ensemble,non_sensitivity,,nan
squeezenet,ISIC_0015193,ensemble,faithfulness_correlation,-0.019063912332057953,
squeezenet,ISIC_0015193,ensemble,pixel_flipping,32.62282943725586,
squeezenet,ISIC_0015193,ensemble,max_sensitivity,1.1278140544891357,
squeezenet,ISIC_0015193,ensemble,avg_sensitivity,1.104662251472473,
squeezenet,ISIC_0015193,ensemble,relevance_mass_accuracy,0.4929427206516266,
squeezenet,ISIC_0015193,ensemble,pointing_game,1.0,
squeezenet,ISIC_0015193,ensemble,sparseness,0.5381247541102157,
squeezenet,ISIC_0015193,ensemble,complexity,11.400489807128906,
squeezenet,ISIC_0015193,ensemble,model_parameter_randomisation,,nan
squeezenet,ISIC_0015193,ensemble,random_logit,0.6025085793469835,
squeezenet,ISIC_0015193,ensemble,completeness,,nan
squeezenet,ISIC_0015193,ensemble,non_sensitivity,,nan
resnet18,ISIC_0015229,ensemble,faithfulness_correlation,-0.08469168841838837,
resnet18,ISIC_0015229,ensemble,pixel_flipping,214.84121704101562,
resnet18,ISIC_0015229,ensemble,max_sensitivity,1.0496026277542114,
resnet18,ISIC_0015229,ensemble,avg_sensitivity,1.030228042602539,
resnet18,ISIC_0015229,ensemble,relevance_mass_accuracy,0.9754210710525513,
resnet18,ISIC_0015229,ensemble,pointing_game,1.0,
resnet18,ISIC_0015229,ensemble,sparseness,0.463340761467245,
resnet18,ISIC_0015229,ensemble,complexity,11.542069435119629,
resnet18,ISIC_0015229,ensemble,model_parameter_randomisation,,nan
resnet18,ISIC_0015229,ensemble,random_logit,0.6735374971481477,
resnet18,ISIC_0015229,ensemble,completeness,,nan
resnet18,ISIC_0015229,ensemble,non_sensitivity,,nan
squeezenet,ISIC_0015229,ensemble,faithfulness_correlation,0.10569637268781662,
squeezenet,ISIC_0015229,ensemble,pixel_flipping,301.1363830566406,
squeezenet,ISIC_0015229,ensemble,max_sensitivity,1.0456695556640625,
squeezenet,ISIC_0015229,ensemble,avg_sensitivity,1.0354761004447937,
squeezenet,ISIC_0015229,ensemble,relevance_mass_accuracy,0.9928299784660339,
squeezenet,ISIC_0015229,ensemble,pointing_game,1.0,
squeezenet,ISIC_0015229,ensemble,sparseness,0.5818509182544445,
squeezenet,ISIC_0015229,ensemble,complexity,11.306340217590332,
squeezenet,ISIC_0015229,ensemble,model_parameter_randomisation,,nan
squeezenet,ISIC_0015229,ensemble,random_logit,0.7766961774547234,
squeezenet,ISIC_0015229,ensemble,completeness,,nan
squeezenet,ISIC_0015229,ensemble,non_sensitivity,,nan
resnet18,ISIC_0015251,ensemble,faithfulness_correlation,-0.1224881112575531,
resnet18,ISIC_0015251,ensemble,pixel_flipping,596.8941650390625,
resnet18,ISIC_0015251,ensemble,max_sensitivity,1.0442161560058594,
resnet18,ISIC_0015251,ensemble,avg_sensitivity,1.0240529894828796,
resnet18,ISIC_0015251,ensemble,relevance_mass_accuracy,-0.0013863499043509364,
resnet18,ISIC_0015251,ensemble,pointing_game,0.0,
resnet18,ISIC_0015251,ensemble,sparseness,0.4769210758225516,
resnet18,ISIC_0015251,ensemble,complexity,11.521486282348633,
resnet18,ISIC_0015251,ensemble,model_parameter_randomisation,,nan
resnet18,ISIC_0015251,ensemble,random_logit,0.6512314808727045,
resnet18,ISIC_0015251,ensemble,completeness,,nan
resnet18,ISIC_0015251,ensemble,non_sensitivity,,nan
squeezenet,ISIC_0015251,ensemble,faithfulness_correlation,0.10378368198871613,
squeezenet,ISIC_0015251,ensemble,pixel_flipping,195.9248046875,
squeezenet,ISIC_0015251,ensemble,max_sensitivity,1.065421223640442,
squeezenet,ISIC_0015251,ensemble,avg_sensitivity,1.0540671706199647,
squeezenet,ISIC_0015251,ensemble,relevance_mass_accuracy,0.014583378098905087,
squeezenet,ISIC_0015251,ensemble,pointing_game,0.0,
squeezenet,ISIC_0015251,ensemble,sparseness,0.6085667743164752,
squeezenet,ISIC_0015251,ensemble,complexity,11.244720458984375,
squeezenet,ISIC_0015251,ensemble,model_parameter_randomisation,,nan
squeezenet,ISIC_0015251,ensemble,random_logit,0.6876609549350399,
squeezenet,ISIC_0015251,ensemble,completeness,,nan
squeezenet,ISIC_0015251,ensemble,non_sensitivity,,nan
resnet18,ISIC_0012092,ensemble,faithfulness_correlation,-0.04860597103834152,
resnet18,ISIC_0012092,ensemble,pixel_flipping,398.349853515625,
resnet18,ISIC_0012092,ensemble,max_sensitivity,1.0670018196105957,
resnet18,ISIC_0012092,ensemble,avg_sensitivity,1.036377477645874,
resnet18,ISIC_0012092,ensemble,relevance_mass_accuracy,0.2375752478837967,
resnet18,ISIC_0012092,ensemble,pointing_game,1.0,
resnet18,ISIC_0012092,ensemble,sparseness,0.4949014548396475,
resnet18,ISIC_0012092,ensemble,complexity,11.478206634521484,
resnet18,ISIC_0012092,ensemble,model_parameter_randomisation,,nan
resnet18,ISIC_0012092,ensemble,random_logit,0.6533950480094104,
resnet18,ISIC_0012092,ensemble,completeness,,nan
resnet18,ISIC_0012092,ensemble,non_sensitivity,,nan
squeezenet,ISIC_0012092,ensemble,faithfulness_correlation,0.2124013900756836,
squeezenet,ISIC_0012092,ensemble,pixel_flipping,304.21807861328125,
squeezenet,ISIC_0012092,ensemble,max_sensitivity,1.0965328216552734,
squeezenet,ISIC_0012092,ensemble,avg_sensitivity,1.0566539406776427,
squeezenet,ISIC_0012092,ensemble,relevance_mass_accuracy,0.50018310546875,
squeezenet,ISIC_0012092,ensemble,pointing_game,1.0,
squeezenet,ISIC_0012092,ensemble,sparseness,0.7285758132588306,
squeezenet,ISIC_0012092,ensemble,complexity,10.793984413146973,
squeezenet,ISIC_0012092,ensemble,model_parameter_randomisation,,nan
squeezenet,ISIC_0012092,ensemble,random_logit,0.9236923851846556,
squeezenet,ISIC_0012092,ensemble,completeness,,nan
squeezenet,ISIC_0012092,ensemble,non_sensitivity,,nan
resnet18,ISIC_0012095,ensemble,faithfulness_correlation,0.3341911733150482,
resnet18,ISIC_0012095,ensemble,pixel_flipping,496.2129821777344,
resnet18,ISIC_0012095,ensemble,max_sensitivity,1.0581456422805786,
resnet18,ISIC_0012095,ensemble,avg_sensitivity,1.0569146037101746,
resnet18,ISIC_0012095,ensemble,relevance_mass_accuracy,0.15383249521255493,
resnet18,ISIC_0012095,ensemble,pointing_game,1.0,
resnet18,ISIC_0012095,ensemble,sparseness,0.5207638649001122,
resnet18,ISIC_0012095,ensemble,complexity,11.441512107849121,
resnet18,ISIC_0012095,ensemble,model_parameter_randomisation,,nan
resnet18,ISIC_0012095,ensemble,random_logit,0.4976893269811073,
resnet18,ISIC_0012095,ensemble,completeness,,nan
resnet18,ISIC_0012095,ensemble,non_sensitivity,,nan
squeezenet,ISIC_0012095,ensemble,faithfulness_correlation,0.30260980129241943,
squeezenet,ISIC_0012095,ensemble,pixel_flipping,427.26251220703125,
squeezenet,ISIC_0012095,ensemble,max_sensitivity,1.1207913160324097,
squeezenet,ISIC_0012095,ensemble,avg_sensitivity,1.107011330127716,
squeezenet,ISIC_0012095,ensemble,relevance_mass_accuracy,0.4391971230506897,
squeezenet,ISIC_0012095,ensemble,pointing_game,1.0,
squeezenet,ISIC_0012095,ensemble,sparseness,0.6750324305344979,
squeezenet,ISIC_0012095,ensemble,complexity,10.991971969604492,
squeezenet,ISIC_0012095,ensemble,model_parameter_randomisation,,nan
squeezenet,ISIC_0012095,ensemble,random_logit,0.8190857606242987,
squeezenet,ISIC_0012095,ensemble,completeness,,nan
squeezenet,ISIC_0012095,ensemble,non_sensitivity,,nan
resnet18,ISIC_0012147,ensemble,faithfulness_correlation,0.05625559017062187,
resnet18,ISIC_0012147,ensemble,pixel_flipping,517.7806396484375,
resnet18,ISIC_0012147,ensemble,max_sensitivity,0.9588389992713928,
resnet18,ISIC_0012147,ensemble,avg_sensitivity,0.9410951614379883,
resnet18,ISIC_0012147,ensemble,relevance_mass_accuracy,0.08039333671331406,
resnet18,ISIC_0012147,ensemble,pointing_game,1.0,
resnet18,ISIC_0012147,ensemble,sparseness,0.4722621366251802,
resnet18,ISIC_0012147,ensemble,complexity,11.519539833068848,
resnet18,ISIC_0012147,ensemble,model_parameter_randomisation,,nan
resnet18,ISIC_0012147,ensemble,random_logit,0.6091261687140477,
resnet18,ISIC_0012147,ensemble,completeness,,nan
resnet18,ISIC_0012147,ensemble,non_sensitivity,,nan
squeezenet,ISIC_0012147,ensemble,faithfulness_correlation,0.1565786451101303,
squeezenet,ISIC_0012147,ensemble,pixel_flipping,464.35333251953125,
squeezenet,ISIC_0012147,ensemble,max_sensitivity,1.04195237159729,
squeezenet,ISIC_0012147,ensemble,avg_sensitivity,0.9981789648532867,
squeezenet,ISIC_0012147,ensemble,relevance_mass_accuracy,0.1929333209991455,
squeezenet,ISIC_0012147,ensemble,pointing_game,1.0,
squeezenet,ISIC_0012147,ensemble,sparseness,0.6244336574388859,
squeezenet,ISIC_0012147,ensemble,complexity,11.11719036102295,
squeezenet,ISIC_0012147,ensemble,model_parameter_randomisation,,nan
squeezenet,ISIC_0012147,ensemble,random_logit,0.8489308571953599,
squeezenet,ISIC_0012147,ensemble,completeness,,nan
squeezenet,ISIC_0012147,ensemble,non_sensitivity,,nan
resnet18,ISIC_0012149,ensemble,faithfulness_correlation,0.061353836208581924,
resnet18,ISIC_0012149,ensemble,pixel_flipping,493.7778625488281,
resnet18,ISIC_0012149,ensemble,max_sensitivity,0.932317316532135,
resnet18,ISIC_0012149,ensemble,avg_sensitivity,0.9118933260440827,
resnet18,ISIC_0012149,ensemble,relevance_mass_accuracy,0.09737429022789001,
resnet18,ISIC_0012149,ensemble,pointing_game,0.0,
resnet18,ISIC_0012149,ensemble,sparseness,0.4596589597704471,
resnet18,ISIC_0012149,ensemble,complexity,11.551492691040039,
resnet18,ISIC_0012149,ensemble,model_parameter_randomisation,,nan
resnet18,ISIC_0012149,ensemble,random_logit,0.6347204032452384,
resnet18,ISIC_0012149,ensemble,completeness,,nan
resnet18,ISIC_0012149,ensemble,non_sensitivity,,nan
squeezenet,ISIC_0012149,ensemble,faithfulness_correlation,0.046020183712244034,
squeezenet,ISIC_0012149,ensemble,pixel_flipping,66.06511688232422,
squeezenet,ISIC_0012149,ensemble,max_sensitivity,0.9541440010070801,
squeezenet,ISIC_0012149,ensemble,avg_sensitivity,0.9119519650936126,
squeezenet,ISIC_0012149,ensemble,relevance_mass_accuracy,0.17458395659923553,
squeezenet,ISIC_0012149,ensemble,pointing_game,1.0,
squeezenet,ISIC_0012149,ensemble,sparseness,0.62059567555679,
squeezenet,ISIC_0012149,ensemble,complexity,11.185768127441406,
squeezenet,ISIC_0012149,ensemble,model_parameter_randomisation,,nan
squeezenet,ISIC_0012149,ensemble,random_logit,0.6184034382363525,
squeezenet,ISIC_0012149,ensemble,completeness,,nan
squeezenet,ISIC_0012149,ensemble,non_sensitivity,,nan
resnet18,ISIC_0012152,ensemble,faithfulness_correlation,0.22521087527275085,
resnet18,ISIC_0012152,ensemble,pixel_flipping,403.5484924316406,
resnet18,ISIC_0012152,ensemble,max_sensitivity,1.0583261251449585,
resnet18,ISIC_0012152,ensemble,avg_sensitivity,1.0411696910858155,
resnet18,ISIC_0012152,ensemble,relevance_mass_accuracy,0.2144298553466797,
resnet18,ISIC_0012152,ensemble,pointing_game,0.0,
resnet18,ISIC_0012152,ensemble,sparseness,0.572239794041089,
resnet18,ISIC_0012152,ensemble,complexity,11.325347900390625,
resnet18,ISIC_0012152,ensemble,model_parameter_randomisation,,nan
resnet18,ISIC_0012152,ensemble,random_logit,0.5610267662023827,
resnet18,ISIC_0012152,ensemble,completeness,,nan
resnet18,ISIC_0012152,ensemble,non_sensitivity,,nan
squeezenet,ISIC_0012152,ensemble,faithfulness_correlation,0.33274924755096436,
squeezenet,ISIC_0012152,ensemble,pixel_flipping,377.543701171875,
squeezenet,ISIC_0012152,ensemble,max_sensitivity,1.1268714666366577,
squeezenet,ISIC_0012152,ensemble,avg_sensitivity,1.108331322669983,
squeezenet,ISIC_0012152,ensemble,relevance_mass_accuracy,0.4666720926761627,
squeezenet,ISIC_0012152,ensemble,pointing_game,1.0,
squeezenet,ISIC_0012152,ensemble,sparseness,0.6923099326024367,
squeezenet,ISIC_0012152,ensemble,complexity,10.948482513427734,
squeezenet,ISIC_0012152,ensemble,model_parameter_randomisation,,nan
squeezenet,ISIC_0012152,ensemble,random_logit,0.831016545272039,
squeezenet,ISIC_0012152,ensemble,completeness,,nan
squeezenet,ISIC_0012152,ensemble,non_sensitivity,,nan
resnet18,ISIC_0012216,ensemble,faithfulness_correlation,-0.004530437756329775,
resnet18,ISIC_0012216,ensemble,pixel_flipping,463.5217590332031,
resnet18,ISIC_0012216,ensemble,max_sensitivity,1.0734485387802124,
resnet18,ISIC_0012216,ensemble,avg_sensitivity,1.0603911638259889,
resnet18,ISIC_0012216,ensemble,relevance_mass_accuracy,0.3174263834953308,
resnet18,ISIC_0012216,ensemble,pointing_game,0.0,
resnet18,ISIC_0012216,ensemble,sparseness,0.4680507298033751,
resnet18,ISIC_0012216,ensemble,complexity,11.536277770996094,
resnet18,ISIC_0012216,ensemble,model_parameter_randomisation,,nan
resnet18,ISIC_0012216,ensemble,random_logit,0.544226147058354,
resnet18,ISIC_0012216,ensemble,completeness,,nan
resnet18,ISIC_0012216,ensemble,non_sensitivity,,nan
squeezenet,ISIC_0012216,ensemble,faithfulness_correlation,-0.039967745542526245,
squeezenet,ISIC_0012216,ensemble,pixel_flipping,67.89752197265625,
squeezenet,ISIC_0012216,ensemble,max_sensitivity,1.1589539051055908,
squeezenet,ISIC_0012216,ensemble,avg_sensitivity,1.1291478395462036,
squeezenet,ISIC_0012216,ensemble,relevance_mass_accuracy,0.09671039134263992,
squeezenet,ISIC_0012216,ensemble,pointing_game,0.0,
squeezenet,ISIC_0012216,ensemble,sparseness,0.6220841210357377,
squeezenet,ISIC_0012216,ensemble,complexity,11.201186180114746,
squeezenet,ISIC_0012216,ensemble,model_parameter_randomisation,,nan
squeezenet,ISIC_0012216,ensemble,random_logit,0.5458434354902691,
squeezenet,ISIC_0012216,ensemble,completeness,,nan
squeezenet,ISIC_0012216,ensemble,non_sensitivity,,nan
resnet18,ISIC_0012357,ensemble,faithfulness_correlation,-0.06368382275104523,
resnet18,ISIC_0012357,ensemble,pixel_flipping,30.885009765625,
resnet18,ISIC_0012357,ensemble,max_sensitivity,1.2229540348052979,
resnet18,ISIC_0012357,ensemble,avg_sensitivity,1.183784306049347,
resnet18,ISIC_0012357,ensemble,relevance_mass_accuracy,0.019274363294243813,
resnet18,ISIC_0012357,ensemble,pointing_game,0.0,
resnet18,ISIC_0012357,ensemble,sparseness,0.502823015702188,
resnet18,ISIC_0012357,ensemble,complexity,11.484682083129883,
resnet18,ISIC_0012357,ensemble,model_parameter_randomisation,,nan
resnet18,ISIC_0012357,ensemble,random_logit,0.5343519137735123,
resnet18,ISIC_0012357,ensemble,completeness,,nan
resnet18,ISIC_0012357,ensemble,non_sensitivity,,nan
squeezenet,ISIC_0012357,ensemble,faithfulness_correlation,0.43206924200057983,
squeezenet,ISIC_0012357,ensemble,pixel_flipping,124.48582458496094,
squeezenet,ISIC_0012357,ensemble,max_sensitivity,1.1271504163742065,
squeezenet,ISIC_0012357,ensemble,avg_sensitivity,1.116866934299469,
squeezenet,ISIC_0012357,ensemble,relevance_mass_accuracy,0.4333406090736389,
squeezenet,ISIC_0012357,ensemble,pointing_game,1.0,
squeezenet,ISIC_0012357,ensemble,sparseness,0.6400914992285075,
squeezenet,ISIC_0012357,ensemble,complexity,11.127976417541504,
squeezenet,ISIC_0012357,ensemble,model_parameter_randomisation,,nan
squeezenet,ISIC_0012357,ensemble,random_logit,0.8676444938333985,
squeezenet,ISIC_0012357,ensemble,completeness,,nan
squeezenet,ISIC_0012357,ensemble,non_sensitivity,,nan
resnet18,ISIC_0012484,ensemble,faithfulness_correlation,0.1951718032360077,
resnet18,ISIC_0012484,ensemble,pixel_flipping,25.77267837524414,
resnet18,ISIC_0012484,ensemble,max_sensitivity,1.123602271080017,
resnet18,ISIC_0012484,ensemble,avg_sensitivity,1.0556715369224547,
resnet18,ISIC_0012484,ensemble,relevance_mass_accuracy,0.149357408285141,
resnet18,ISIC_0012484,ensemble,pointing_game,0.0,
resnet18,ISIC_0012484,ensemble,sparseness,0.45095029584104845,
resnet18,ISIC_0012484,ensemble,complexity,11.563798904418945,
resnet18,ISIC_0012484,ensemble,model_parameter_randomisation,,nan
resnet18,ISIC_0012484,ensemble,random_logit,0.5849214655687824,
resnet18,ISIC_0012484,ensemble,completeness,,nan
resnet18,ISIC_0012484,ensemble,non_sensitivity,,nan
squeezenet,ISIC_0012484,ensemble,faithfulness_correlation,0.2579028606414795,
squeezenet,ISIC_0012484,ensemble,pixel_flipping,80.37458038330078,
squeezenet,ISIC_0012484,ensemble,max_sensitivity,1.093302607536316,
squeezenet,ISIC_0012484,ensemble,avg_sensitivity,1.0699495553970337,
squeezenet,ISIC_0012484,ensemble,relevance_mass_accuracy,0.4501189887523651,
squeezenet,ISIC_0012484,ensemble,pointing_game,1.0,
squeezenet,ISIC_0012484,ensemble,sparseness,0.6162608801129524,
squeezenet,ISIC_0012484,ensemble,complexity,11.183431625366211,
squeezenet,ISIC_0012484,ensemble,model_parameter_randomisation,,nan
squeezenet,ISIC_0012484,ensemble,random_logit,0.6518509514694772,
squeezenet,ISIC_0012484,ensemble,completeness,,nan
squeezenet,ISIC_0012484,ensemble,non_sensitivity,,nan
resnet18,ISIC_0012493,ensemble,faithfulness_correlation,0.017264068126678467,
resnet18,ISIC_0012493,ensemble,pixel_flipping,509.19976806640625,
resnet18,ISIC_0012493,ensemble,max_sensitivity,1.026993751525879,
resnet18,ISIC_0012493,ensemble,avg_sensitivity,1.0170623183250427,
resnet18,ISIC_0012493,ensemble,relevance_mass_accuracy,0.20419830083847046,
resnet18,ISIC_0012493,ensemble,pointing_game,1.0,
resnet18,ISIC_0012493,ensemble,sparseness,0.4988046877818307,
resnet18,ISIC_0012493,ensemble,complexity,11.47369384765625,
resnet18,ISIC_0012493,ensemble,model_parameter_randomisation,,nan
resnet18,ISIC_0012493,ensemble,random_logit,0.5078157032385585,
resnet18,ISIC_0012493,ensemble,completeness,,nan
resnet18,ISIC_0012493,ensemble,non_sensitivity,,nan
squeezenet,ISIC_0012493,ensemble,faithfulness_correlation,0.1395200490951538,
squeezenet,ISIC_0012493,ensemble,pixel_flipping,360.63946533203125,
squeezenet,ISIC_0012493,ensemble,max_sensitivity,1.0767841339111328,
squeezenet,ISIC_0012493,ensemble,avg_sensitivity,1.0382131457328796,
squeezenet,ISIC_0012493,ensemble,relevance_mass_accuracy,0.48836854100227356,
squeezenet,ISIC_0012493,ensemble,pointing_game,1.0,
squeezenet,ISIC_0012493,ensemble,sparseness,0.6738387024693052,
squeezenet,ISIC_0012493,ensemble,complexity,10.942704200744629,
squeezenet,ISIC_0012493,ensemble,model_parameter_randomisation,,nan
squeezenet,ISIC_0012493,ensemble,random_logit,0.9064378329970966,
squeezenet,ISIC_0012493,ensemble,completeness,,nan
squeezenet,ISIC_0012493,ensemble,non_sensitivity,,nan
resnet18,ISIC_0012551,ensemble,faithfulness_correlation,0.13316448032855988,
resnet18,ISIC_0012551,ensemble,pixel_flipping,509.56536865234375,
resnet18,ISIC_0012551,ensemble,max_sensitivity,1.0387862920761108,
resnet18,ISIC_0012551,ensemble,avg_sensitivity,1.0225120902061462,
resnet18,ISIC_0012551,ensemble,relevance_mass_accuracy,0.055514492094516754,
resnet18,ISIC_0012551,ensemble,pointing_game,1.0,
resnet18,ISIC_0012551,ensemble,sparseness,0.4803081415275851,
resnet18,ISIC_0012551,ensemble,complexity,11.495671272277832,
resnet18,ISIC_0012551,ensemble,model_parameter_randomisation,,nan
resnet18,ISIC_0012551,ensemble,random_logit,0.6289109639387991,
resnet18,ISIC_0012551,ensemble,completeness,,nan
resnet18,ISIC_0012551,ensemble,non_sensitivity,,nan
squeezenet,ISIC_0012551,ensemble,faithfulness_correlation,-0.31767016649246216,
squeezenet,ISIC_0012551,ensemble,pixel_flipping,63.155067443847656,
squeezenet,ISIC_0012551,ensemble,max_sensitivity,1.1108447313308716,
squeezenet,ISIC_0012551,ensemble,avg_sensitivity,1.072879707813263,
squeezenet,ISIC_0012551,ensemble,relevance_mass_accuracy,0.1454431712627411,
squeezenet,ISIC_0012551,ensemble,pointing_game,0.0,
squeezenet,ISIC_0012551,ensemble,sparseness,0.6766907113443837,
squeezenet,ISIC_0012551,ensemble,complexity,10.983253479003906,
squeezenet,ISIC_0012551,ensemble,model_parameter_randomisation,,nan
squeezenet,ISIC_0012551,ensemble,random_logit,0.7764834033253503,
squeezenet,ISIC_0012551,ensemble,completeness,,nan
squeezenet,ISIC_0012551,ensemble,non_sensitivity,,nan
resnet18,ISIC_0012654,ensemble,faithfulness_correlation,0.16144266724586487,
resnet18,ISIC_0012654,ensemble,pixel_flipping,507.3595275878906,
resnet18,ISIC_0012654,ensemble,max_sensitivity,1.0591766834259033,
resnet18,ISIC_0012654,ensemble,avg_sensitivity,1.0381979107856751,
resnet18,ISIC_0012654,ensemble,relevance_mass_accuracy,0.05391458421945572,
resnet18,ISIC_0012654,ensemble,pointing_game,1.0,
resnet18,ISIC_0012654,ensemble,sparseness,0.5065314215404209,
resnet18,ISIC_0012654,ensemble,complexity,11.435660362243652,
resnet18,ISIC_0012654,ensemble,model_parameter_randomisation,,nan
resnet18,ISIC_0012654,ensemble,random_logit,0.769504800123497,
resnet18,ISIC_0012654,ensemble,completeness,,nan
resnet18,ISIC_0012654,ensemble,non_sensitivity,,nan
squeezenet,ISIC_0012654,ensemble,faithfulness_correlation,0.12001407146453857,
squeezenet,ISIC_0012654,ensemble,pixel_flipping,318.16162109375,
squeezenet,ISIC_0012654,ensemble,max_sensitivity,1.0952023267745972,
squeezenet,ISIC_0012654,ensemble,avg_sensitivity,1.0622017502784729,
squeezenet,ISIC_0012654,ensemble,relevance_mass_accuracy,0.1589258909225464,
squeezenet,ISIC_0012654,ensemble,pointing_game,1.0,
squeezenet,ISIC_0012654,ensemble,sparseness,0.6578541026766949,
squeezenet,ISIC_0012654,ensemble,complexity,10.977607727050781,
squeezenet,ISIC_0012654,ensemble,model_parameter_randomisation,,nan
squeezenet,ISIC_0012654,ensemble,random_logit,0.9018603461518959,
squeezenet,ISIC_0012654,ensemble,completeness,,nan
squeezenet,ISIC_0012654,ensemble,non_sensitivity,,nan
resnet18,ISIC_0012656,ensemble,faithfulness_correlation,0.20297560095787048,
resnet18,ISIC_0012656,ensemble,pixel_flipping,584.278564453125,
resnet18,ISIC_0012656,ensemble,max_sensitivity,1.0599995851516724,
resnet18,ISIC_0012656,ensemble,avg_sensitivity,1.0553186297416688,
resnet18,ISIC_0012656,ensemble,relevance_mass_accuracy,0.22063478827476501,
resnet18,ISIC_0012656,ensemble,pointing_game,1.0,
resnet18,ISIC_0012656,ensemble,sparseness,0.5179655700068773,
resnet18,ISIC_0012656,ensemble,complexity,11.456975936889648,
resnet18,ISIC_0012656,ensemble,model_parameter_randomisation,,nan
resnet18,ISIC_0012656,ensemble,random_logit,0.4659755640464397,
resnet18,ISIC_0012656,ensemble,completeness,,nan
resnet18,ISIC_0012656,ensemble,non_sensitivity,,nan
squeezenet,ISIC_0012656,ensemble,faithfulness_correlation,0.31798815727233887,
squeezenet,ISIC_0012656,ensemble,pixel_flipping,382.3106689453125,
squeezenet,ISIC_0012656,ensemble,max_sensitivity,1.1181713342666626,
squeezenet,ISIC_0012656,ensemble,avg_sensitivity,1.0947786450386048,
squeezenet,ISIC_0012656,ensemble,relevance_mass_accuracy,0.47216808795928955,
squeezenet,ISIC_0012656,ensemble,pointing_game,0.0,
squeezenet,ISIC_0012656,ensemble,sparseness,0.6536306099441628,
squeezenet,ISIC_0012656,ensemble,complexity,11.083321571350098,
squeezenet,ISIC_0012656,ensemble,model_parameter_randomisation,,nan
squeezenet,ISIC_0012656,ensemble,random_logit,0.8636486768240641,
squeezenet,ISIC_0012656,ensemble,completeness,,nan
squeezenet,ISIC_0012656,ensemble,non_sensitivity,,nan
resnet18,ISIC_0012722,ensemble,faithfulness_correlation,0.21090105175971985,
resnet18,ISIC_0012722,ensemble,pixel_flipping,476.0768737792969,
resnet18,ISIC_0012722,ensemble,max_sensitivity,1.046445608139038,
resnet18,ISIC_0012722,ensemble,avg_sensitivity,1.0360976934432984,
resnet18,ISIC_0012722,ensemble,relevance_mass_accuracy,0.02100122906267643,
resnet18,ISIC_0012722,ensemble,pointing_game,1.0,
resnet18,ISIC_0012722,ensemble,sparseness,0.45567794932477385,
resnet18,ISIC_0012722,ensemble,complexity,11.54973030090332,
resnet18,ISIC_0012722,ensemble,model_parameter_randomisation,,nan
resnet18,ISIC_0012722,ensemble,random_logit,0.535865169337797,
resnet18,ISIC_0012722,ensemble,completeness,,nan
resnet18,ISIC_0012722,ensemble,non_sensitivity,,nan
squeezenet,ISIC_0012722,ensemble,faithfulness_correlation,0.26283392310142517,
squeezenet,ISIC_0012722,ensemble,pixel_flipping,476.5805969238281,
squeezenet,ISIC_0012722,ensemble,max_sensitivity,1.1253818273544312,
squeezenet,ISIC_0012722,ensemble,avg_sensitivity,1.0860067129135131,
squeezenet,ISIC_0012722,ensemble,relevance_mass_accuracy,0.08809446543455124,
squeezenet,ISIC_0012722,ensemble,pointing_game,1.0,
squeezenet,ISIC_0012722,ensemble,sparseness,0.6577239151257883,
squeezenet,ISIC_0012722,ensemble,complexity,11.039164543151855,
squeezenet,ISIC_0012722,ensemble,model_parameter_randomisation,,nan
squeezenet,ISIC_0012722,ensemble,random_logit,0.7916957515443852,
squeezenet,ISIC_0012722,ensemble,completeness,,nan
squeezenet,ISIC_0012722,ensemble,non_sensitivity,,nan
resnet18,ISIC_0012803,ensemble,faithfulness_correlation,0.060024991631507874,
resnet18,ISIC_0012803,ensemble,pixel_flipping,586.8426513671875,
resnet18,ISIC_0012803,ensemble,max_sensitivity,1.0482343435287476,
resnet18,ISIC_0012803,ensemble,avg_sensitivity,1.0170423984527588,
resnet18,ISIC_0012803,ensemble,relevance_mass_accuracy,0.17607299983501434,
resnet18,ISIC_0012803,ensemble,pointing_game,1.0,
resnet18,ISIC_0012803,ensemble,sparseness,0.5234530500762696,
resnet18,ISIC_0012803,ensemble,complexity,11.430794715881348,
resnet18,ISIC_0012803,ensemble,model_parameter_randomisation,,nan
resnet18,ISIC_0012803,ensemble,random_logit,0.618499022876358,
resnet18,ISIC_0012803,ensemble,completeness,,nan
resnet18,ISIC_0012803,ensemble,non_sensitivity,,nan
squeezenet,ISIC_0012803,ensemble,faithfulness_correlation,0.03854798898100853,
squeezenet,ISIC_0012803,ensemble,pixel_flipping,55.26728820800781,
squeezenet,ISIC_0012803,ensemble,max_sensitivity,1.0529669523239136,
squeezenet,ISIC_0012803,ensemble,avg_sensitivity,1.0326369524002075,
squeezenet,ISIC_0012803,ensemble,relevance_mass_accuracy,0.18571841716766357,
squeezenet,ISIC_0012803,ensemble,pointing_game,0.0,
squeezenet,ISIC_0012803,ensemble,sparseness,0.6289126377473616,
squeezenet,ISIC_0012803,ensemble,complexity,11.172782897949219,
squeezenet,ISIC_0012803,ensemble,model_parameter_randomisation,,nan
squeezenet,ISIC_0012803,ensemble,random_logit,0.6786583636153726,
squeezenet,ISIC_0012803,ensemble,completeness,,nan
squeezenet,ISIC_0012803,ensemble,non_sensitivity,,nan
resnet18,ISIC_0012836,ensemble,faithfulness_correlation,-0.035557664930820465,
resnet18,ISIC_0012836,ensemble,pixel_flipping,506.14349365234375,
resnet18,ISIC_0012836,ensemble,max_sensitivity,1.0082424879074097,
resnet18,ISIC_0012836,ensemble,avg_sensitivity,0.9984249591827392,
resnet18,ISIC_0012836,ensemble,relevance_mass_accuracy,0.053383227437734604,
resnet18,ISIC_0012836,ensemble,pointing_game,0.0,
resnet18,ISIC_0012836,ensemble,sparseness,0.525219115661231,
resnet18,ISIC_0012836,ensemble,complexity,11.42042064666748,
resnet18,ISIC_0012836,ensemble,model_parameter_randomisation,,nan
resnet18,ISIC_0012836,ensemble,random_logit,0.7352016188481368,
resnet18,ISIC_0012836,ensemble,completeness,,nan
resnet18,ISIC_0012836,ensemble,non_sensitivity,,nan
squeezenet,ISIC_0012836,ensemble,faithfulness_correlation,0.3228561580181122,
squeezenet,ISIC_0012836,ensemble,pixel_flipping,391.19305419921875,
squeezenet,ISIC_0012836,ensemble,max_sensitivity,1.1000603437423706,
squeezenet,ISIC_0012836,ensemble,avg_sensitivity,1.0558108329772948,
squeezenet,ISIC_0012836,ensemble,relevance_mass_accuracy,0.17866429686546326,
squeezenet,ISIC_0012836,ensemble,pointing_game,1.0,
squeezenet,ISIC_0012836,ensemble,sparseness,0.696501189800676,
squeezenet,ISIC_0012836,ensemble,complexity,10.903731346130371,
squeezenet,ISIC_0012836,ensemble,model_parameter_randomisation,,nan
squeezenet,ISIC_0012836,ensemble,random_logit,0.8476101789133297,
squeezenet,ISIC_0012836,ensemble,completeness,,nan
squeezenet,ISIC_0012836,ensemble,non_sensitivity,,nan
resnet18,ISIC_0012837,ensemble,faithfulness_correlation,0.12852360308170319,
resnet18,ISIC_0012837,ensemble,pixel_flipping,564.19921875,
resnet18,ISIC_0012837,ensemble,max_sensitivity,1.0280282497406006,
resnet18,ISIC_0012837,ensemble,avg_sensitivity,1.0095158636569976,
resnet18,ISIC_0012837,ensemble,relevance_mass_accuracy,0.7322352528572083,
resnet18,ISIC_0012837,ensemble,pointing_game,1.0,
resnet18,ISIC_0012837,ensemble,sparseness,0.5552073194224514,
resnet18,ISIC_0012837,ensemble,complexity,11.363475799560547,
resnet18,ISIC_0012837,ensemble,model_parameter_randomisation,,nan
resnet18,ISIC_0012837,ensemble,random_logit,0.5832801496347008,
resnet18,ISIC_0012837,ensemble,completeness,,nan
resnet18,ISIC_0012837,ensemble,non_sensitivity,,nan
squeezenet,ISIC_0012837,ensemble,faithfulness_correlation,0.12458795309066772,
squeezenet,ISIC_0012837,ensemble,pixel_flipping,32.43081283569336,
squeezenet,ISIC_0012837,ensemble,max_sensitivity,1.0786712169647217,
squeezenet,ISIC_0012837,ensemble,avg_sensitivity,1.0640944242477417,
squeezenet,ISIC_0012837,ensemble,relevance_mass_accuracy,0.6819329261779785,
squeezenet,ISIC_0012837,ensemble,pointing_game,1.0,
squeezenet,ISIC_0012837,ensemble,sparseness,0.5363577215305526,
squeezenet,ISIC_0012837,ensemble,complexity,11.405858993530273,
squeezenet,ISIC_0012837,ensemble,model_parameter_randomisation,,nan
squeezenet,ISIC_0012837,ensemble,random_logit,0.37840282678941184,
squeezenet,ISIC_0012837,ensemble,completeness,,nan
squeezenet,ISIC_0012837,ensemble,non_sensitivity,,nan
resnet18,ISIC_0012903,ensemble,faithfulness_correlation,-0.030102698132395744,
resnet18,ISIC_0012903,ensemble,pixel_flipping,589.73681640625,
resnet18,ISIC_0012903,ensemble,max_sensitivity,1.0379648208618164,
resnet18,ISIC_0012903,ensemble,avg_sensitivity,1.0340922713279723,
resnet18,ISIC_0012903,ensemble,relevance_mass_accuracy,0.0552242137491703,
resnet18,ISIC_0012903,ensemble,pointing_game,0.0,
resnet18,ISIC_0012903,ensemble,sparseness,0.45338175847636275,
resnet18,ISIC_0012903,ensemble,complexity,11.559191703796387,
resnet18,ISIC_0012903,ensemble,model_parameter_randomisation,,nan
resnet18,ISIC_0012903,ensemble,random_logit,0.6603206587836083,
resnet18,ISIC_0012903,ensemble,completeness,,nan
resnet18,ISIC_0012903,ensemble,non_sensitivity,,nan
squeezenet,ISIC_0012903,ensemble,faithfulness_correlation,0.2226814478635788,
squeezenet,ISIC_0012903,ensemble,pixel_flipping,457.3128356933594,
squeezenet,ISIC_0012903,ensemble,max_sensitivity,1.119552731513977,
squeezenet,ISIC_0012903,ensemble,avg_sensitivity,1.1137319087982178,
squeezenet,ISIC_0012903,ensemble,relevance_mass_accuracy,0.27029386162757874,
squeezenet,ISIC_0012903,ensemble,pointing_game,1.0,
squeezenet,ISIC_0012903,ensemble,sparseness,0.6501173803206498,
squeezenet,ISIC_0012903,ensemble,complexity,11.083922386169434,
squeezenet,ISIC_0012903,ensemble,model_parameter_randomisation,,nan
squeezenet,ISIC_0012903,ensemble,random_logit,0.7361705925946166,
squeezenet,ISIC_0012903,ensemble,completeness,,nan
squeezenet,ISIC_0012903,ensemble,non_sensitivity,,nan
resnet18,ISIC_0012904,ensemble,faithfulness_correlation,-0.20378781855106354,
resnet18,ISIC_0012904,ensemble,pixel_flipping,564.7506103515625,
resnet18,ISIC_0012904,ensemble,max_sensitivity,1.0535345077514648,
resnet18,ISIC_0012904,ensemble,avg_sensitivity,1.040854239463806,
resnet18,ISIC_0012904,ensemble,relevance_mass_accuracy,0.13448156416416168,
resnet18,ISIC_0012904,ensemble,pointing_game,0.0,
resnet18,ISIC_0012904,ensemble,sparseness,0.4473059926907917,
resnet18,ISIC_0012904,ensemble,complexity,11.571396827697754,
resnet18,ISIC_0012904,ensemble,model_parameter_randomisation,,nan
resnet18,ISIC_0012904,ensemble,random_logit,0.45580735442278164,
resnet18,ISIC_0012904,ensemble,completeness,,nan
resnet18,ISIC_0012904,ensemble,non_sensitivity,,nan
squeezenet,ISIC_0012904,ensemble,faithfulness_correlation,0.21983648836612701,
squeezenet,ISIC_0012904,ensemble,pixel_flipping,453.37884521484375,
squeezenet,ISIC_0012904,ensemble,max_sensitivity,1.1428792476654053,
squeezenet,ISIC_0012904,ensemble,avg_sensitivity,1.1190852403640748,
squeezenet,ISIC_0012904,ensemble,relevance_mass_accuracy,0.07446382194757462,
squeezenet,ISIC_0012904,ensemble,pointing_game,1.0,
squeezenet,ISIC_0012904,ensemble,sparseness,0.6565382221495154,
squeezenet,ISIC_0012904,ensemble,complexity,11.063122749328613,
squeezenet,ISIC_0012904,ensemble,model_parameter_randomisation,,nan
squeezenet,ISIC_0012904,ensemble,random_logit,0.8373093777488153,
squeezenet,ISIC_0012904,ensemble,completeness,,nan
squeezenet,ISIC_0012904,ensemble,non_sensitivity,,nan
resnet18,ISIC_0012941,ensemble,faithfulness_correlation,-0.011112844571471214,
resnet18,ISIC_0012941,ensemble,pixel_flipping,578.45849609375,
resnet18,ISIC_0012941,ensemble,max_sensitivity,1.0013999938964844,
resnet18,ISIC_0012941,ensemble,avg_sensitivity,0.9834494471549988,
resnet18,ISIC_0012941,ensemble,relevance_mass_accuracy,0.13439233601093292,
resnet18,ISIC_0012941,ensemble,pointing_game,0.0,
resnet18,ISIC_0012941,ensemble,sparseness,0.4510525787026704,
resnet18,ISIC_0012941,ensemble,complexity,11.567142486572266,
resnet18,ISIC_0012941,ensemble,model_parameter_randomisation,,nan
resnet18,ISIC_0012941,ensemble,random_logit,0.46197033250526737,
resnet18,ISIC_0012941,ensemble,completeness,,nan
resnet18,ISIC_0012941,ensemble,non_sensitivity,,nan
squeezenet,ISIC_0012941,ensemble,faithfulness_correlation,0.18993818759918213,
squeezenet,ISIC_0012941,ensemble,pixel_flipping,57.46990203857422,
squeezenet,ISIC_0012941,ensemble,max_sensitivity,1.0232696533203125,
squeezenet,ISIC_0012941,ensemble,avg_sensitivity,1.0081522941589356,
squeezenet,ISIC_0012941,ensemble,relevance_mass_accuracy,0.1014682725071907,
squeezenet,ISIC_0012941,ensemble,pointing_game,0.0,
squeezenet,ISIC_0012941,ensemble,sparseness,0.5587067914877852,
squeezenet,ISIC_0012941,ensemble,complexity,11.356734275817871,
squeezenet,ISIC_0012941,ensemble,model_parameter_randomisation,,nan
squeezenet,ISIC_0012941,ensemble,random_logit,0.5249204522422313,
squeezenet,ISIC_0012941,ensemble,completeness,,nan
squeezenet,ISIC_0012941,ensemble,non_sensitivity,,nan
resnet18,ISIC_0012967,ensemble,faithfulness_correlation,0.05406828969717026,
resnet18,ISIC_0012967,ensemble,pixel_flipping,13.253952980041504,
resnet18,ISIC_0012967,ensemble,max_sensitivity,1.084145426750183,
resnet18,ISIC_0012967,ensemble,avg_sensitivity,1.0619417548179626,
resnet18,ISIC_0012967,ensemble,relevance_mass_accuracy,0.2678760290145874,
resnet18,ISIC_0012967,ensemble,pointing_game,1.0,
resnet18,ISIC_0012967,ensemble,sparseness,0.46265119153107703,
resnet18,ISIC_0012967,ensemble,complexity,11.547672271728516,
resnet18,ISIC_0012967,ensemble,model_parameter_randomisation,,nan
resnet18,ISIC_0012967,ensemble,random_logit,0.6400384902102011,
resnet18,ISIC_0012967,ensemble,completeness,,nan
resnet18,ISIC_0012967,ensemble,non_sensitivity,,nan
squeezenet,ISIC_0012967,ensemble,faithfulness_correlation,0.20995326340198517,
squeezenet,ISIC_0012967,ensemble,pixel_flipping,93.49888610839844,
squeezenet,ISIC_0012967,ensemble,max_sensitivity,1.1259227991104126,
squeezenet,ISIC_0012967,ensemble,avg_sensitivity,1.1156938195228576,
squeezenet,ISIC_0012967,ensemble,relevance_mass_accuracy,0.21557512879371643,
squeezenet,ISIC_0012967,ensemble,pointing_game,1.0,
squeezenet,ISIC_0012967,ensemble,sparseness,0.5856395344951765,
squeezenet,ISIC_0012967,ensemble,complexity,11.291398048400879,
squeezenet,ISIC_0012967,ensemble,model_parameter_randomisation,,nan
squeezenet,ISIC_0012967,ensemble,random_logit,0.5671198118132963,
squeezenet,ISIC_0012967,ensemble,completeness,,nan
squeezenet,ISIC_0012967,ensemble,non_sensitivity,,nan
resnet18,ISIC_0013045,ensemble,faithfulness_correlation,0.16955386102199554,
resnet18,ISIC_0013045,ensemble,pixel_flipping,536.6494140625,
resnet18,ISIC_0013045,ensemble,max_sensitivity,1.0606297254562378,
resnet18,ISIC_0013045,ensemble,avg_sensitivity,1.0476053833961487,
resnet18,ISIC_0013045,ensemble,relevance_mass_accuracy,0.0954565703868866,
resnet18,ISIC_0013045,ensemble,pointing_game,1.0,
resnet18,ISIC_0013045,ensemble,sparseness,0.5136545965729278,
resnet18,ISIC_0013045,ensemble,complexity,11.453261375427246,
resnet18,ISIC_0013045,ensemble,model_parameter_randomisation,,nan
resnet18,ISIC_0013045,ensemble,random_logit,0.39074088859835177,
resnet18,ISIC_0013045,ensemble,completeness,,nan
resnet18,ISIC_0013045,ensemble,non_sensitivity,,nan
squeezenet,ISIC_0013045,ensemble,faithfulness_correlation,0.2871226668357849,
squeezenet,ISIC_0013045,ensemble,pixel_flipping,398.1674499511719,
squeezenet,ISIC_0013045,ensemble,max_sensitivity,1.1208720207214355,
squeezenet,ISIC_0013045,ensemble,avg_sensitivity,1.113744819164276,
squeezenet,ISIC_0013045,ensemble,relevance_mass_accuracy,0.31064745783805847,
squeezenet,ISIC_0013045,ensemble,pointing_game,1.0,
squeezenet,ISIC_0013045,ensemble,sparseness,0.6706204821035165,
squeezenet,ISIC_0013045,ensemble,complexity,11.014448165893555,
squeezenet,ISIC_0013045,ensemble,model_parameter_randomisation,,nan
squeezenet,ISIC_0013045,ensemble,random_logit,0.8542468455794734,
squeezenet,ISIC_0013045,ensemble,completeness,,nan
squeezenet,ISIC_0013045,ensemble,non_sensitivity,,nan
resnet18,ISIC_0013070,ensemble,faithfulness_correlation,0.14185473322868347,
resnet18,ISIC_0013070,ensemble,pixel_flipping,584.5599975585938,
resnet18,ISIC_0013070,ensemble,max_sensitivity,1.0422953367233276,
resnet18,ISIC_0013070,ensemble,avg_sensitivity,1.0359618067741394,
resnet18,ISIC_0013070,ensemble,relevance_mass_accuracy,0.11769576370716095,
resnet18,ISIC_0013070,ensemble,pointing_game,1.0,
resnet18,ISIC_0013070,ensemble,sparseness,0.528251301512348,
resnet18,ISIC_0013070,ensemble,complexity,11.414228439331055,
resnet18,ISIC_0013070,ensemble,model_parameter_randomisation,,nan
resnet18,ISIC_0013070,ensemble,random_logit,0.5443931727235367,
resnet18,ISIC_0013070,ensemble,completeness,,nan
resnet18,ISIC_0013070,ensemble,non_sensitivity,,nan
squeezenet,ISIC_0013070,ensemble,faithfulness_correlation,0.2542989253997803,
squeezenet,ISIC_0013070,ensemble,pixel_flipping,426.13543701171875,
squeezenet,ISIC_0013070,ensemble,max_sensitivity,1.1456354856491089,
squeezenet,ISIC_0013070,ensemble,avg_sensitivity,1.131028175354004,
squeezenet,ISIC_0013070,ensemble,relevance_mass_accuracy,0.3159160017967224,
squeezenet,ISIC_0013070,ensemble,pointing_game,1.0,
squeezenet,ISIC_0013070,ensemble,sparseness,0.6423819249002011,
squeezenet,ISIC_0013070,ensemble,complexity,11.101907730102539,
squeezenet,ISIC_0013070,ensemble,model_parameter_randomisation,,nan
squeezenet,ISIC_0013070,ensemble,random_logit,0.7664291424656494,
squeezenet,ISIC_0013070,ensemble,completeness,,nan
squeezenet,ISIC_0013070,ensemble,non_sensitivity,,nan
resnet18,ISIC_0013109,ensemble,faithfulness_correlation,-0.1815226525068283,
resnet18,ISIC_0013109,ensemble,pixel_flipping,517.349365234375,
resnet18,ISIC_0013109,ensemble,max_sensitivity,1.0529545545578003,
resnet18,ISIC_0013109,ensemble,avg_sensitivity,1.0457545876502992,
resnet18,ISIC_0013109,ensemble,relevance_mass_accuracy,0.04319612681865692,
resnet18,ISIC_0013109,ensemble,pointing_game,0.0,
resnet18,ISIC_0013109,ensemble,sparseness,0.502035012071911,
resnet18,ISIC_0013109,ensemble,complexity,11.467717170715332,
resnet18,ISIC_0013109,ensemble,model_parameter_randomisation,,nan
resnet18,ISIC_0013109,ensemble,random_logit,0.6517872495288691,
resnet18,ISIC_0013109,ensemble,completeness,,nan
resnet18,ISIC_0013109,ensemble,non_sensitivity,,nan
squeezenet,ISIC_0013109,ensemble,faithfulness_correlation,0.2903221547603607,
squeezenet,ISIC_0013109,ensemble,pixel_flipping,447.61944580078125,
squeezenet,ISIC_0013109,ensemble,max_sensitivity,1.1129767894744873,
squeezenet,ISIC_0013109,ensemble,avg_sensitivity,1.0886813879013062,
squeezenet,ISIC_0013109,ensemble,relevance_mass_accuracy,0.13116471469402313,
squeezenet,ISIC_0013109,ensemble,pointing_game,1.0,
squeezenet,ISIC_0013109,ensemble,sparseness,0.6433155441919315,
squeezenet,ISIC_0013109,ensemble,complexity,11.113582611083984,
squeezenet,ISIC_0013109,ensemble,model_parameter_randomisation,,nan
squeezenet,ISIC_0013109,ensemble,random_logit,0.6503909780108871,
squeezenet,ISIC_0013109,ensemble,completeness,,nan
squeezenet,ISIC_0013109,ensemble,non_sensitivity,,nan
resnet18,ISIC_0013159,ensemble,faithfulness_correlation,0.0021422142162919044,
resnet18,ISIC_0013159,ensemble,pixel_flipping,605.839599609375,
resnet18,ISIC_0013159,ensemble,max_sensitivity,1.0172297954559326,
resnet18,ISIC_0013159,ensemble,avg_sensitivity,1.007589477300644,
resnet18,ISIC_0013159,ensemble,relevance_mass_accuracy,0.22078004479408264,
resnet18,ISIC_0013159,ensemble,pointing_game,0.0,
resnet18,ISIC_0013159,ensemble,sparseness,0.5172505308339882,
resnet18,ISIC_0013159,ensemble,complexity,11.447263717651367,
resnet18,ISIC_0013159,ensemble,model_parameter_randomisation,,nan
resnet18,ISIC_0013159,ensemble,random_logit,0.6055645837524702,
resnet18,ISIC_0013159,ensemble,completeness,,nan
resnet18,ISIC_0013159,ensemble,non_sensitivity,,nan
squeezenet,ISIC_0013159,ensemble,faithfulness_correlation,0.03523405268788338,
squeezenet,ISIC_0013159,ensemble,pixel_flipping,50.73773956298828,
squeezenet,ISIC_0013159,ensemble,max_sensitivity,1.0466506481170654,
squeezenet,ISIC_0013159,ensemble,avg_sensitivity,1.0263553500175475,
squeezenet,ISIC_0013159,ensemble,relevance_mass_accuracy,0.11341176927089691,
squeezenet,ISIC_0013159,ensemble,pointing_game,0.0,
squeezenet,ISIC_0013159,ensemble,sparseness,0.582184684720345,
squeezenet,ISIC_0013159,ensemble,complexity,11.308734893798828,
squeezenet,ISIC_0013159,ensemble,model_parameter_randomisation,,nan
squeezenet,ISIC_0013159,ensemble,random_logit,0.4535866437061374,
squeezenet,ISIC_0013159,ensemble,completeness,,nan
squeezenet,ISIC_0013159,ensemble,non_sensitivity,,nan
resnet18,ISIC_0013164,ensemble,faithfulness_correlation,-0.08021624386310577,
resnet18,ISIC_0013164,ensemble,pixel_flipping,492.36920166015625,
resnet18,ISIC_0013164,ensemble,max_sensitivity,1.0101901292800903,
resnet18,ISIC_0013164,ensemble,avg_sensitivity,0.9799982011318207,
resnet18,ISIC_0013164,ensemble,relevance_mass_accuracy,0.02550896257162094,
resnet18,ISIC_0013164,ensemble,pointing_game,0.0,
resnet18,ISIC_0013164,ensemble,sparseness,0.46362266212986547,
resnet18,ISIC_0013164,ensemble,complexity,11.531530380249023,
resnet18,ISIC_0013164,ensemble,model_parameter_randomisation,,nan
resnet18,ISIC_0013164,ensemble,random_logit,0.5843868315618049,
resnet18,ISIC_0013164,ensemble,completeness,,nan
resnet18,ISIC_0013164,ensemble,non_sensitivity,,nan
squeezenet,ISIC_0013164,ensemble,faithfulness_correlation,0.04143727198243141,
squeezenet,ISIC_0013164,ensemble,pixel_flipping,242.510009765625,
squeezenet,ISIC_0013164,ensemble,max_sensitivity,1.0870378017425537,
squeezenet,ISIC_0013164,ensemble,avg_sensitivity,1.0165470600128175,
squeezenet,ISIC_0013164,ensemble,relevance_mass_accuracy,0.10017822682857513,
squeezenet,ISIC_0013164,ensemble,pointing_game,1.0,
squeezenet,ISIC_0013164,ensemble,sparseness,0.6241449694019078,
squeezenet,ISIC_0013164,ensemble,complexity,11.116427421569824,
squeezenet,ISIC_0013164,ensemble,model_parameter_randomisation,,nan
squeezenet,ISIC_0013164,ensemble,random_logit,0.827446049886903,
squeezenet,ISIC_0013164,ensemble,completeness,,nan
squeezenet,ISIC_0013164,ensemble,non_sensitivity,,nan
resnet18,ISIC_0013176,ensemble,faithfulness_correlation,0.27184608578681946,
resnet18,ISIC_0013176,ensemble,pixel_flipping,396.6483154296875,
resnet18,ISIC_0013176,ensemble,max_sensitivity,1.095200777053833,
resnet18,ISIC_0013176,ensemble,avg_sensitivity,1.0607194423675537,
resnet18,ISIC_0013176,ensemble,relevance_mass_accuracy,0.13298222422599792,
resnet18,ISIC_0013176,ensemble,pointing_game,0.0,
resnet18,ISIC_0013176,ensemble,sparseness,0.5447077335028764,
resnet18,ISIC_0013176,ensemble,complexity,11.388607025146484,
resnet18,ISIC_0013176,ensemble,model_parameter_randomisation,,nan
resnet18,ISIC_0013176,ensemble,random_logit,0.6756755914372071,
resnet18,ISIC_0013176,ensemble,completeness,,nan
resnet18,ISIC_0013176,ensemble,non_sensitivity,,nan
squeezenet,ISIC_0013176,ensemble,faithfulness_correlation,0.33842897415161133,
squeezenet,ISIC_0013176,ensemble,pixel_flipping,473.10357666015625,
squeezenet,ISIC_0013176,ensemble,max_sensitivity,1.1248067617416382,
squeezenet,ISIC_0013176,ensemble,avg_sensitivity,1.1103668093681336,
squeezenet,ISIC_0013176,ensemble,relevance_mass_accuracy,0.3284968137741089,
squeezenet,ISIC_0013176,ensemble,pointing_game,1.0,
squeezenet,ISIC_0013176,ensemble,sparseness,0.6755707826415818,
squeezenet,ISIC_0013176,ensemble,complexity,11.008101463317871,
squeezenet,ISIC_0013176,ensemble,model_parameter_randomisation,,nan
squeezenet,ISIC_0013176,ensemble,random_logit,0.8403716861188026,
squeezenet,ISIC_0013176,ensemble,completeness,,nan
squeezenet,ISIC_0013176,ensemble,non_sensitivity,,nan
resnet18,ISIC_0013191,ensemble,faithfulness_correlation,-0.019739458337426186,
resnet18,ISIC_0013191,ensemble,pixel_flipping,498.6905517578125,
resnet18,ISIC_0013191,ensemble,max_sensitivity,1.0131419897079468,
resnet18,ISIC_0013191,ensemble,avg_sensitivity,1.0009460031986237,
resnet18,ISIC_0013191,ensemble,relevance_mass_accuracy,0.21292060613632202,
resnet18,ISIC_0013191,ensemble,pointing_game,0.0,
resnet18,ISIC_0013191,ensemble,sparseness,0.4495881804105488,
resnet18,ISIC_0013191,ensemble,complexity,11.564921379089355,
resnet18,ISIC_0013191,ensemble,model_parameter_randomisation,,nan
resnet18,ISIC_0013191,ensemble,random_logit,0.4936197518248207,
resnet18,ISIC_0013191,ensemble,completeness,,nan
resnet18,ISIC_0013191,ensemble,non_sensitivity,,nan
squeezenet,ISIC_0013191,ensemble,faithfulness_correlation,0.20185215771198273,
squeezenet,ISIC_0013191,ensemble,pixel_flipping,46.56266403198242,
squeezenet,ISIC_0013191,ensemble,max_sensitivity,1.0574179887771606,
squeezenet,ISIC_0013191,ensemble,avg_sensitivity,1.0394044280052186,
squeezenet,ISIC_0013191,ensemble,relevance_mass_accuracy,0.0667317658662796,
squeezenet,ISIC_0013191,ensemble,pointing_game,0.0,
squeezenet,ISIC_0013191,ensemble,sparseness,0.5903344597559237,
squeezenet,ISIC_0013191,ensemble,complexity,11.287369728088379,
squeezenet,ISIC_0013191,ensemble,model_parameter_randomisation,,nan
squeezenet,ISIC_0013191,ensemble,random_logit,0.540815646435704,
squeezenet,ISIC_0013191,ensemble,completeness,,nan
squeezenet,ISIC_0013191,ensemble,non_sensitivity,,nan
resnet18,ISIC_0013216,ensemble,faithfulness_correlation,0.24277015030384064,
resnet18,ISIC_0013216,ensemble,pixel_flipping,576.7466430664062,
resnet18,ISIC_0013216,ensemble,max_sensitivity,1.0366952419281006,
resnet18,ISIC_0013216,ensemble,avg_sensitivity,1.030607557296753,
resnet18,ISIC_0013216,ensemble,relevance_mass_accuracy,0.1264619529247284,
resnet18,ISIC_0013216,ensemble,pointing_game,0.0,
resnet18,ISIC_0013216,ensemble,sparseness,0.5110870345014641,
resnet18,ISIC_0013216,ensemble,complexity,11.465744972229004,
resnet18,ISIC_0013216,ensemble,model_parameter_randomisation,,nan
resnet18,ISIC_0013216,ensemble,random_logit,0.6339939731705848,
resnet18,ISIC_0013216,ensemble,completeness,,nan
resnet18,ISIC_0013216,ensemble,non_sensitivity,,nan
squeezenet,ISIC_0013216,ensemble,faithfulness_correlation,0.13022297620773315,
squeezenet,ISIC_0013216,ensemble,pixel_flipping,361.2027587890625,
squeezenet,ISIC_0013216,ensemble,max_sensitivity,1.1225236654281616,
squeezenet,ISIC_0013216,ensemble,avg_sensitivity,1.0978530764579773,
squeezenet,ISIC_0013216,ensemble,relevance_mass_accuracy,0.3965744972229004,
squeezenet,ISIC_0013216,ensemble,pointing_game,1.0,
squeezenet,ISIC_0013216,ensemble,sparseness,0.6351896232657184,
squeezenet,ISIC_0013216,ensemble,complexity,11.144637107849121,
squeezenet,ISIC_0013216,ensemble,model_parameter_randomisation,,nan
squeezenet,ISIC_0013216,ensemble,random_logit,0.684633614528625,
squeezenet,ISIC_0013216,ensemble,completeness,,nan
squeezenet,ISIC_0013216,ensemble,non_sensitivity,,nan
resnet18,ISIC_0013226,ensemble,faithfulness_correlation,0.10237126797437668,
resnet18,ISIC_0013226,ensemble,pixel_flipping,567.8197631835938,
resnet18,ISIC_0013226,ensemble,max_sensitivity,1.0835660696029663,
resnet18,ISIC_0013226,ensemble,avg_sensitivity,1.068232572078705,
resnet18,ISIC_0013226,ensemble,relevance_mass_accuracy,0.06134457513689995,
resnet18,ISIC_0013226,ensemble,pointing_game,1.0,
resnet18,ISIC_0013226,ensemble,sparseness,0.49710745325435807,
resnet18,ISIC_0013226,ensemble,complexity,11.47136116027832,
resnet18,ISIC_0013226,ensemble,model_parameter_randomisation,,nan
resnet18,ISIC_0013226,ensemble,random_logit,0.66068148776093,
resnet18,ISIC_0013226,ensemble,completeness,,nan
resnet18,ISIC_0013226,ensemble,non_sensitivity,,nan
squeezenet,ISIC_0013226,ensemble,faithfulness_correlation,0.37975165247917175,
squeezenet,ISIC_0013226,ensemble,pixel_flipping,339.7095947265625,
squeezenet,ISIC_0013226,ensemble,max_sensitivity,1.1583137512207031,
squeezenet,ISIC_0013226,ensemble,avg_sensitivity,1.110988199710846,
squeezenet,ISIC_0013226,ensemble,relevance_mass_accuracy,0.2754516005516052,
squeezenet,ISIC_0013226,ensemble,pointing_game,1.0,
squeezenet,ISIC_0013226,ensemble,sparseness,0.6966619073289024,
squeezenet,ISIC_0013226,ensemble,complexity,10.902159690856934,
squeezenet,ISIC_0013226,ensemble,model_parameter_randomisation,,nan
squeezenet,ISIC_0013226,ensemble,random_logit,0.9350504425221504,
squeezenet,ISIC_0013226,ensemble,completeness,,nan
squeezenet,ISIC_0013226,ensemble,non_sensitivity,,nan
resnet18,ISIC_0013230,ensemble,faithfulness_correlation,0.25702884793281555,
resnet18,ISIC_0013230,ensemble,pixel_flipping,498.5554504394531,
resnet18,ISIC_0013230,ensemble,max_sensitivity,1.079376220703125,
resnet18,ISIC_0013230,ensemble,avg_sensitivity,1.0697808146476746,
resnet18,ISIC_0013230,ensemble,relevance_mass_accuracy,0.10241460800170898,
resnet18,ISIC_0013230,ensemble,pointing_game,0.0,
resnet18,ISIC_0013230,ensemble,sparseness,0.534284207589522,
resnet18,ISIC_0013230,ensemble,complexity,11.40688705444336,
resnet18,ISIC_0013230,ensemble,model_parameter_randomisation,,nan
resnet18,ISIC_0013230,ensemble,random_logit,0.7233767281374508,
resnet18,ISIC_0013230,ensemble,completeness,,nan
resnet18,ISIC_0013230,ensemble,non_sensitivity,,nan
squeezenet,ISIC_0013230,ensemble,faithfulness_correlation,0.19228029251098633,
squeezenet,ISIC_0013230,ensemble,pixel_flipping,494.99151611328125,
squeezenet,ISIC_0013230,ensemble,max_sensitivity,1.1589903831481934,
squeezenet,ISIC_0013230,ensemble,avg_sensitivity,1.1250065803527831,
squeezenet,ISIC_0013230,ensemble,relevance_mass_accuracy,0.3201581835746765,
squeezenet,ISIC_0013230,ensemble,pointing_game,0.0,
squeezenet,ISIC_0013230,ensemble,sparseness,0.6748356811798228,
squeezenet,ISIC_0013230,ensemble,complexity,10.989477157592773,
squeezenet,ISIC_0013230,ensemble,model_parameter_randomisation,,nan
squeezenet,ISIC_0013230,ensemble,random_logit,0.841723043695878,
squeezenet,ISIC_0013230,ensemble,completeness,,nan
squeezenet,ISIC_0013230,ensemble,non_sensitivity,,nan
resnet18,ISIC_0013269,ensemble,faithfulness_correlation,-0.0037369634956121445,
resnet18,ISIC_0013269,ensemble,pixel_flipping,262.1707458496094,
resnet18,ISIC_0013269,ensemble,max_sensitivity,1.1253784894943237,
resnet18,ISIC_0013269,ensemble,avg_sensitivity,1.096607494354248,
resnet18,ISIC_0013269,ensemble,relevance_mass_accuracy,0.07140720635652542,
resnet18,ISIC_0013269,ensemble,pointing_game,1.0,
resnet18,ISIC_0013269,ensemble,sparseness,0.5317265420986759,
resnet18,ISIC_0013269,ensemble,complexity,11.399262428283691,
resnet18,ISIC_0013269,ensemble,model_parameter_randomisation,,nan
resnet18,ISIC_0013269,ensemble,random_logit,0.6584962866770767,
resnet18,ISIC_0013269,ensemble,completeness,,nan
resnet18,ISIC_0013269,ensemble,non_sensitivity,,nan
squeezenet,ISIC_0013269,ensemble,faithfulness_correlation,0.22802801430225372,
squeezenet,ISIC_0013269,ensemble,pixel_flipping,151.74456787109375,
squeezenet,ISIC_0013269,ensemble,max_sensitivity,1.1010568141937256,
squeezenet,ISIC_0013269,ensemble,avg_sensitivity,1.0721840143203736,
squeezenet,ISIC_0013269,ensemble,relevance_mass_accuracy,0.19316014647483826,
squeezenet,ISIC_0013269,ensemble,pointing_game,1.0,
squeezenet,ISIC_0013269,ensemble,sparseness,0.6860178093523962,
squeezenet,ISIC_0013269,ensemble,complexity,10.942045211791992,
squeezenet,ISIC_0013269,ensemble,model_parameter_randomisation,,nan
squeezenet,ISIC_0013269,ensemble,random_logit,0.91217195226423,
squeezenet,ISIC_0013269,ensemble,completeness,,nan
squeezenet,ISIC_0013269,ensemble,non_sensitivity,,nan
resnet18,ISIC_0013291,ensemble,faithfulness_correlation,0.14158885180950165,
resnet18,ISIC_0013291,ensemble,pixel_flipping,429.099853515625,
resnet18,ISIC_0013291,ensemble,max_sensitivity,1.0850566625595093,
resnet18,ISIC_0013291,ensemble,avg_sensitivity,1.0598977565765382,
resnet18,ISIC_0013291,ensemble,relevance_mass_accuracy,0.12996427714824677,
resnet18,ISIC_0013291,ensemble,pointing_game,1.0,
resnet18,ISIC_0013291,ensemble,sparseness,0.5163501540282889,
resnet18,ISIC_0013291,ensemble,complexity,11.440415382385254,
resnet18,ISIC_0013291,ensemble,model_parameter_randomisation,,nan
resnet18,ISIC_0013291,ensemble,random_logit,0.6465808838694613,
resnet18,ISIC_0013291,ensemble,completeness,,nan
resnet18,ISIC_0013291,ensemble,non_sensitivity,,nan
squeezenet,ISIC_0013291,ensemble,faithfulness_correlation,0.44098690152168274,
squeezenet,ISIC_0013291,ensemble,pixel_flipping,490.84307861328125,
squeezenet,ISIC_0013291,ensemble,max_sensitivity,1.1287357807159424,
squeezenet,ISIC_0013291,ensemble,avg_sensitivity,1.1206920742988586,
squeezenet,ISIC_0013291,ensemble,relevance_mass_accuracy,0.39632853865623474,
squeezenet,ISIC_0013291,ensemble,pointing_game,1.0,
squeezenet,ISIC_0013291,ensemble,sparseness,0.6826025050204605,
squeezenet,ISIC_0013291,ensemble,complexity,10.969907760620117,
squeezenet,ISIC_0013291,ensemble,model_parameter_randomisation,,nan
squeezenet,ISIC_0013291,ensemble,random_logit,0.8442058043112218,
squeezenet,ISIC_0013291,ensemble,completeness,,nan
squeezenet,ISIC_0013291,ensemble,non_sensitivity,,nan
resnet18,ISIC_0013325,ensemble,faithfulness_correlation,0.10021892935037613,
resnet18,ISIC_0013325,ensemble,pixel_flipping,484.83636474609375,
resnet18,ISIC_0013325,ensemble,max_sensitivity,1.0329804420471191,
resnet18,ISIC_0013325,ensemble,avg_sensitivity,1.0193471550941466,
resnet18,ISIC_0013325,ensemble,relevance_mass_accuracy,0.10275071114301682,
resnet18,ISIC_0013325,ensemble,pointing_game,0.0,
resnet18,ISIC_0013325,ensemble,sparseness,0.5026681326297292,
resnet18,ISIC_0013325,ensemble,complexity,11.46786117553711,
resnet18,ISIC_0013325,ensemble,model_parameter_randomisation,,nan
resnet18,ISIC_0013325,ensemble,random_logit,0.6580477788154084,
resnet18,ISIC_0013325,ensemble,completeness,,nan
resnet18,ISIC_0013325,ensemble,non_sensitivity,,nan
squeezenet,ISIC_0013325,ensemble,faithfulness_correlation,0.15172891318798065,
squeezenet,ISIC_0013325,ensemble,pixel_flipping,461.40576171875,
squeezenet,ISIC_0013325,ensemble,max_sensitivity,1.0704749822616577,
squeezenet,ISIC_0013325,ensemble,avg_sensitivity,1.0658896327018739,
squeezenet,ISIC_0013325,ensemble,relevance_mass_accuracy,0.33955562114715576,
squeezenet,ISIC_0013325,ensemble,pointing_game,1.0,
squeezenet,ISIC_0013325,ensemble,sparseness,0.6977386731944616,
squeezenet,ISIC_0013325,ensemble,complexity,10.87086009979248,
squeezenet,ISIC_0013325,ensemble,model_parameter_randomisation,,nan
squeezenet,ISIC_0013325,ensemble,random_logit,0.8768883067248454,
squeezenet,ISIC_0013325,ensemble,completeness,,nan
squeezenet,ISIC_0013325,ensemble,non_sensitivity,,nan
resnet18,ISIC_0013399,ensemble,faithfulness_correlation,0.15990756452083588,
resnet18,ISIC_0013399,ensemble,pixel_flipping,459.72698974609375,
resnet18,ISIC_0013399,ensemble,max_sensitivity,1.0172383785247803,
resnet18,ISIC_0013399,ensemble,avg_sensitivity,1.0030739605426788,
resnet18,ISIC_0013399,ensemble,relevance_mass_accuracy,0.10176732391119003,
resnet18,ISIC_0013399,ensemble,pointing_game,1.0,
resnet18,ISIC_0013399,ensemble,sparseness,0.46760034654525096,
resnet18,ISIC_0013399,ensemble,complexity,11.525849342346191,
resnet18,ISIC_0013399,ensemble,model_parameter_randomisation,,nan
resnet18,ISIC_0013399,ensemble,random_logit,0.553193329070497,
resnet18,ISIC_0013399,ensemble,completeness,,nan
resnet18,ISIC_0013399,ensemble,non_sensitivity,,nan
squeezenet,ISIC_0013399,ensemble,faithfulness_correlation,0.22846277058124542,
squeezenet,ISIC_0013399,ensemble,pixel_flipping,366.469482421875,
squeezenet,ISIC_0013399,ensemble,max_sensitivity,1.0812058448791504,
squeezenet,ISIC_0013399,ensemble,avg_sensitivity,1.067725622653961,
squeezenet,ISIC_0013399,ensemble,relevance_mass_accuracy,0.29300209879875183,
squeezenet,ISIC_0013399,ensemble,pointing_game,1.0,
squeezenet,ISIC_0013399,ensemble,sparseness,0.5896431553709491,
squeezenet,ISIC_0013399,ensemble,complexity,11.239095687866211,
squeezenet,ISIC_0013399,ensemble,model_parameter_randomisation,,nan
squeezenet,ISIC_0013399,ensemble,random_logit,0.8113371398817801,
squeezenet,ISIC_0013399,ensemble,completeness,,nan
squeezenet,ISIC_0013399,ensemble,non_sensitivity,,nan
resnet18,ISIC_0013416,ensemble,faithfulness_correlation,0.18389450013637543,
resnet18,ISIC_0013416,ensemble,pixel_flipping,494.9356994628906,
resnet18,ISIC_0013416,ensemble,max_sensitivity,1.0414891242980957,
resnet18,ISIC_0013416,ensemble,avg_sensitivity,1.0203430891036986,
resnet18,ISIC_0013416,ensemble,relevance_mass_accuracy,0.024356000125408173,
resnet18,ISIC_0013416,ensemble,pointing_game,0.0,
resnet18,ISIC_0013416,ensemble,sparseness,0.5104829844645083,
resnet18,ISIC_0013416,ensemble,complexity,11.457496643066406,
resnet18,ISIC_0013416,ensemble,model_parameter_randomisation,,nan
resnet18,ISIC_0013416,ensemble,random_logit,0.6352879989838829,
resnet18,ISIC_0013416,ensemble,completeness,,nan
resnet18,ISIC_0013416,ensemble,non_sensitivity,,nan
squeezenet,ISIC_0013416,ensemble,faithfulness_correlation,-0.03318195044994354,
squeezenet,ISIC_0013416,ensemble,pixel_flipping,300.445068359375,
squeezenet,ISIC_0013416,ensemble,max_sensitivity,0.9852549433708191,
squeezenet,ISIC_0013416,ensemble,avg_sensitivity,0.9340140759944916,
squeezenet,ISIC_0013416,ensemble,relevance_mass_accuracy,0.08935077488422394,
squeezenet,ISIC_0013416,ensemble,pointing_game,1.0,
squeezenet,ISIC_0013416,ensemble,sparseness,0.6454647790787322,
squeezenet,ISIC_0013416,ensemble,complexity,11.042922973632812,
squeezenet,ISIC_0013416,ensemble,model_parameter_randomisation,,nan
squeezenet,ISIC_0013416,ensemble,random_logit,0.6573100472426132,
squeezenet,ISIC_0013416,ensemble,completeness,,nan
squeezenet,ISIC_0013416,ensemble,non_sensitivity,,nan
resnet18,ISIC_0013511,ensemble,faithfulness_correlation,0.008418078534305096,
resnet18,ISIC_0013511,ensemble,pixel_flipping,21.94139862060547,
resnet18,ISIC_0013511,ensemble,max_sensitivity,1.0679110288619995,
resnet18,ISIC_0013511,ensemble,avg_sensitivity,1.0513938665390015,
resnet18,ISIC_0013511,ensemble,relevance_mass_accuracy,-0.00017160689458251,
resnet18,ISIC_0013511,ensemble,pointing_game,0.0,
resnet18,ISIC_0013511,ensemble,sparseness,0.47486553194550585,
resnet18,ISIC_0013511,ensemble,complexity,11.522054672241211,
resnet18,ISIC_0013511,ensemble,model_parameter_randomisation,,nan
resnet18,ISIC_0013511,ensemble,random_logit,0.7481168248639989,
resnet18,ISIC_0013511,ensemble,completeness,,nan
resnet18,ISIC_0013511,ensemble,non_sensitivity,,nan
squeezenet,ISIC_0013511,ensemble,faithfulness_correlation,0.018894504755735397,
squeezenet,ISIC_0013511,ensemble,pixel_flipping,42.388450622558594,
squeezenet,ISIC_0013511,ensemble,max_sensitivity,1.08775794506073,
squeezenet,ISIC_0013511,ensemble,avg_sensitivity,1.0743799805641174,
squeezenet,ISIC_0013511,ensemble,relevance_mass_accuracy,0.041433971375226974,
squeezenet,ISIC_0013511,ensemble,pointing_game,0.0,
squeezenet,ISIC_0013511,ensemble,sparseness,0.5732437872532407,
squeezenet,ISIC_0013511,ensemble,complexity,11.316164016723633,
squeezenet,ISIC_0013511,ensemble,model_parameter_randomisation,,nan
squeezenet,ISIC_0013511,ensemble,random_logit,0.5537116297399445,
squeezenet,ISIC_0013511,ensemble,completeness,,nan
squeezenet,ISIC_0013511,ensemble,non_sensitivity,,nan
resnet18,ISIC_0013512,ensemble,faithfulness_correlation,-0.10989034175872803,
resnet18,ISIC_0013512,ensemble,pixel_flipping,357.9346008300781,
resnet18,ISIC_0013512,ensemble,max_sensitivity,1.0563923120498657,
resnet18,ISIC_0013512,ensemble,avg_sensitivity,1.0312947511672974,
resnet18,ISIC_0013512,ensemble,relevance_mass_accuracy,0.05334894731640816,
resnet18,ISIC_0013512,ensemble,pointing_game,1.0,
resnet18,ISIC_0013512,ensemble,sparseness,0.5384420638514976,
resnet18,ISIC_0013512,ensemble,complexity,11.3826904296875,
resnet18,ISIC_0013512,ensemble,model_parameter_randomisation,,nan
resnet18,ISIC_0013512,ensemble,random_logit,0.7189951022242906,
resnet18,ISIC_0013512,ensemble,completeness,,nan
resnet18,ISIC_0013512,ensemble,non_sensitivity,,nan
squeezenet,ISIC_0013512,ensemble,faithfulness_correlation,0.0760013684630394,
squeezenet,ISIC_0013512,ensemble,pixel_flipping,58.6281852722168,
squeezenet,ISIC_0013512,ensemble,max_sensitivity,1.171008586883545,
squeezenet,ISIC_0013512,ensemble,avg_sensitivity,1.1397331714630128,
squeezenet,ISIC_0013512,ensemble,relevance_mass_accuracy,0.007410130929201841,
squeezenet,ISIC_0013512,ensemble,pointing_game,0.0,
squeezenet,ISIC_0013512,ensemble,sparseness,0.5816064355842807,
squeezenet,ISIC_0013512,ensemble,complexity,11.295101165771484,
squeezenet,ISIC_0013512,ensemble,model_parameter_randomisation,,nan
squeezenet,ISIC_0013512,ensemble,random_logit,0.6877778860618807,
squeezenet,ISIC_0013512,ensemble,completeness,,nan
squeezenet,ISIC_0013512,ensemble,non_sensitivity,,nan
resnet18,ISIC_0013529,ensemble,faithfulness_correlation,0.1569901406764984,
resnet18,ISIC_0013529,ensemble,pixel_flipping,236.39974975585938,
resnet18,ISIC_0013529,ensemble,max_sensitivity,1.232684850692749,
resnet18,ISIC_0013529,ensemble,avg_sensitivity,1.2227794766426086,
resnet18,ISIC_0013529,ensemble,relevance_mass_accuracy,0.1255638599395752,
resnet18,ISIC_0013529,ensemble,pointing_game,1.0,
resnet18,ISIC_0013529,ensemble,sparseness,0.5503334502465478,
resnet18,ISIC_0013529,ensemble,complexity,11.349806785583496,
resnet18,ISIC_0013529,ensemble,model_parameter_randomisation,,nan
resnet18,ISIC_0013529,ensemble,random_logit,0.7190686313911344,
resnet18,ISIC_0013529,ensemble,completeness,,nan
resnet18,ISIC_0013529,ensemble,non_sensitivity,,nan
squeezenet,ISIC_0013529,ensemble,faithfulness_correlation,0.09965971112251282,
squeezenet,ISIC_0013529,ensemble,pixel_flipping,310.4557189941406,
squeezenet,ISIC_0013529,ensemble,max_sensitivity,1.1119707822799683,
squeezenet,ISIC_0013529,ensemble,avg_sensitivity,1.0619256019592285,
squeezenet,ISIC_0013529,ensemble,relevance_mass_accuracy,0.29378825426101685,
squeezenet,ISIC_0013529,ensemble,pointing_game,1.0,
squeezenet,ISIC_0013529,ensemble,sparseness,0.7236297216686374,
squeezenet,ISIC_0013529,ensemble,complexity,10.781737327575684,
squeezenet,ISIC_0013529,ensemble,model_parameter_randomisation,,nan
squeezenet,ISIC_0013529,ensemble,random_logit,0.9257913627748503,
squeezenet,ISIC_0013529,ensemble,completeness,,nan
squeezenet,ISIC_0013529,ensemble,non_sensitivity,,nan
resnet18,ISIC_0013600,ensemble,faithfulness_correlation,0.2636120617389679,
resnet18,ISIC_0013600,ensemble,pixel_flipping,594.0350341796875,
resnet18,ISIC_0013600,ensemble,max_sensitivity,1.0278806686401367,
resnet18,ISIC_0013600,ensemble,avg_sensitivity,1.0135004758834838,
resnet18,ISIC_0013600,ensemble,relevance_mass_accuracy,0.30069848895072937,
resnet18,ISIC_0013600,ensemble,pointing_game,1.0,
resnet18,ISIC_0013600,ensemble,sparseness,0.5366798276423415,
resnet18,ISIC_0013600,ensemble,complexity,11.399965286254883,
resnet18,ISIC_0013600,ensemble,model_parameter_randomisation,,nan
resnet18,ISIC_0013600,ensemble,random_logit,0.5310525644565534,
resnet18,ISIC_0013600,ensemble,completeness,,nan
resnet18,ISIC_0013600,ensemble,non_sensitivity,,nan
squeezenet,ISIC_0013600,ensemble,faithfulness_correlation,0.38205280900001526,
squeezenet,ISIC_0013600,ensemble,pixel_flipping,365.7150573730469,
squeezenet,ISIC_0013600,ensemble,max_sensitivity,1.1187819242477417,
squeezenet,ISIC_0013600,ensemble,avg_sensitivity,1.09839369058609,
squeezenet,ISIC_0013600,ensemble,relevance_mass_accuracy,0.6078746914863586,
squeezenet,ISIC_0013600,ensemble,pointing_game,1.0,
squeezenet,ISIC_0013600,ensemble,sparseness,0.6724715172056689,
squeezenet,ISIC_0013600,ensemble,complexity,10.997024536132812,
squeezenet,ISIC_0013600,ensemble,model_parameter_randomisation,,nan
squeezenet,ISIC_0013600,ensemble,random_logit,0.841569058815207,
squeezenet,ISIC_0013600,ensemble,completeness,,nan
squeezenet,ISIC_0013600,ensemble,non_sensitivity,,nan
resnet18,ISIC_0013602,ensemble,faithfulness_correlation,0.1347855180501938,
resnet18,ISIC_0013602,ensemble,pixel_flipping,572.5474853515625,
resnet18,ISIC_0013602,ensemble,max_sensitivity,1.031997799873352,
resnet18,ISIC_0013602,ensemble,avg_sensitivity,1.0262763500213623,
resnet18,ISIC_0013602,ensemble,relevance_mass_accuracy,0.12328089028596878,
resnet18,ISIC_0013602,ensemble,pointing_game,1.0,
resnet18,ISIC_0013602,ensemble,sparseness,0.503178424139145,
resnet18,ISIC_0013602,ensemble,complexity,11.467761993408203,
resnet18,ISIC_0013602,ensemble,model_parameter_randomisation,,nan
resnet18,ISIC_0013602,ensemble,random_logit,0.5295295267390993,
resnet18,ISIC_0013602,ensemble,completeness,,nan
resnet18,ISIC_0013602,ensemble,non_sensitivity,,nan
squeezenet,ISIC_0013602,ensemble,faithfulness_correlation,-0.03498160094022751,
squeezenet,ISIC_0013602,ensemble,pixel_flipping,42.62932586669922,
squeezenet,ISIC_0013602,ensemble,max_sensitivity,1.1239404678344727,
squeezenet,ISIC_0013602,ensemble,avg_sensitivity,1.0997099995613098,
squeezenet,ISIC_0013602,ensemble,relevance_mass_accuracy,0.2099953591823578,
squeezenet,ISIC_0013602,ensemble,pointing_game,1.0,
squeezenet,ISIC_0013602,ensemble,sparseness,0.6421712301273986,
squeezenet,ISIC_0013602,ensemble,complexity,11.124804496765137,
squeezenet,ISIC_0013602,ensemble,model_parameter_randomisation,,nan
squeezenet,ISIC_0013602,ensemble,random_logit,0.6230340484350279,
squeezenet,ISIC_0013602,ensemble,completeness,,nan
squeezenet,ISIC_0013602,ensemble,non_sensitivity,,nan
resnet18,ISIC_0013738,ensemble,faithfulness_correlation,-0.09355849027633667,
resnet18,ISIC_0013738,ensemble,pixel_flipping,496.5494079589844,
resnet18,ISIC_0013738,ensemble,max_sensitivity,0.9766701459884644,
resnet18,ISIC_0013738,ensemble,avg_sensitivity,0.9626732170581818,
resnet18,ISIC_0013738,ensemble,relevance_mass_accuracy,0.009679731912910938,
resnet18,ISIC_0013738,ensemble,pointing_game,1.0,
resnet18,ISIC_0013738,ensemble,sparseness,0.46400743463399874,
resnet18,ISIC_0013738,ensemble,complexity,11.507769584655762,
resnet18,ISIC_0013738,ensemble,model_parameter_randomisation,,nan
resnet18,ISIC_0013738,ensemble,random_logit,0.7257257369986938,
resnet18,ISIC_0013738,ensemble,completeness,,nan
resnet18,ISIC_0013738,ensemble,non_sensitivity,,nan
squeezenet,ISIC_0013738,ensemble,faithfulness_correlation,-0.035956330597400665,
squeezenet,ISIC_0013738,ensemble,pixel_flipping,260.33551025390625,
squeezenet,ISIC_0013738,ensemble,max_sensitivity,1.0658913850784302,
squeezenet,ISIC_0013738,ensemble,avg_sensitivity,1.029530143737793,
squeezenet,ISIC_0013738,ensemble,relevance_mass_accuracy,0.06777918338775635,
squeezenet,ISIC_0013738,ensemble,pointing_game,1.0,
squeezenet,ISIC_0013738,ensemble,sparseness,0.6446029972766046,
squeezenet,ISIC_0013738,ensemble,complexity,10.989398002624512,
squeezenet,ISIC_0013738,ensemble,model_parameter_randomisation,,nan
squeezenet,ISIC_0013738,ensemble,random_logit,0.821305263735142,
squeezenet,ISIC_0013738,ensemble,completeness,,nan
squeezenet,ISIC_0013738,ensemble,non_sensitivity,,nan
resnet18,ISIC_0013809,ensemble,faithfulness_correlation,0.2718164324760437,
resnet18,ISIC_0013809,ensemble,pixel_flipping,110.61137390136719,
resnet18,ISIC_0013809,ensemble,max_sensitivity,1.1552913188934326,
resnet18,ISIC_0013809,ensemble,avg_sensitivity,1.112816858291626,
resnet18,ISIC_0013809,ensemble,relevance_mass_accuracy,0.5126343965530396,
resnet18,ISIC_0013809,ensemble,pointing_game,0.0,
resnet18,ISIC_0013809,ensemble,sparseness,0.5077990186201158,
resnet18,ISIC_0013809,ensemble,complexity,11.4672212600708,
resnet18,ISIC_0013809,ensemble,model_parameter_randomisation,,nan
resnet18,ISIC_0013809,ensemble,random_logit,0.5086916860269364,
resnet18,ISIC_0013809,ensemble,completeness,,nan
resnet18,ISIC_0013809,ensemble,non_sensitivity,,nan
squeezenet,ISIC_0013809,ensemble,faithfulness_correlation,0.355350524187088,
squeezenet,ISIC_0013809,ensemble,pixel_flipping,209.0478057861328,
squeezenet,ISIC_0013809,ensemble,max_sensitivity,1.1241215467453003,
squeezenet,ISIC_0013809,ensemble,avg_sensitivity,1.1133995175361633,
squeezenet,ISIC_0013809,ensemble,relevance_mass_accuracy,0.8538728952407837,
squeezenet,ISIC_0013809,ensemble,pointing_game,1.0,
squeezenet,ISIC_0013809,ensemble,sparseness,0.6583709065770396,
squeezenet,ISIC_0013809,ensemble,complexity,11.068865776062012,
squeezenet,ISIC_0013809,ensemble,model_parameter_randomisation,,nan
squeezenet,ISIC_0013809,ensemble,random_logit,0.9129560142428317,
squeezenet,ISIC_0013809,ensemble,completeness,,nan
squeezenet,ISIC_0013809,ensemble,non_sensitivity,,nan
resnet18,ISIC_0013891,ensemble,faithfulness_correlation,0.028386740013957024,
resnet18,ISIC_0013891,ensemble,pixel_flipping,570.7142944335938,
resnet18,ISIC_0013891,ensemble,max_sensitivity,1.010004997253418,
resnet18,ISIC_0013891,ensemble,avg_sensitivity,0.9957655012607575,
resnet18,ISIC_0013891,ensemble,relevance_mass_accuracy,0.03951682522892952,
resnet18,ISIC_0013891,ensemble,pointing_game,1.0,
resnet18,ISIC_0013891,ensemble,sparseness,0.5124519360784691,
resnet18,ISIC_0013891,ensemble,complexity,11.44156551361084,
resnet18,ISIC_0013891,ensemble,model_parameter_randomisation,,nan
resnet18,ISIC_0013891,ensemble,random_logit,0.6256417544588081,
resnet18,ISIC_0013891,ensemble,completeness,,nan
resnet18,ISIC_0013891,ensemble,non_sensitivity,,nan
squeezenet,ISIC_0013891,ensemble,faithfulness_correlation,0.14683611690998077,
squeezenet,ISIC_0013891,ensemble,pixel_flipping,448.4517822265625,
squeezenet,ISIC_0013891,ensemble,max_sensitivity,1.0610787868499756,
squeezenet,ISIC_0013891,ensemble,avg_sensitivity,1.0263241469860076,
squeezenet,ISIC_0013891,ensemble,relevance_mass_accuracy,0.11515770852565765,
squeezenet,ISIC_0013891,ensemble,pointing_game,1.0,
squeezenet,ISIC_0013891,ensemble,sparseness,0.6614592704434411,
squeezenet,ISIC_0013891,ensemble,complexity,10.99836540222168,
squeezenet,ISIC_0013891,ensemble,model_parameter_randomisation,,nan
squeezenet,ISIC_0013891,ensemble,random_logit,0.6335207145936991,
squeezenet,ISIC_0013891,ensemble,completeness,,nan
squeezenet,ISIC_0013891,ensemble,non_sensitivity,,nan
resnet18,ISIC_0013897,ensemble,faithfulness_correlation,0.003094566287472844,
resnet18,ISIC_0013897,ensemble,pixel_flipping,533.9290771484375,
resnet18,ISIC_0013897,ensemble,max_sensitivity,1.0595306158065796,
resnet18,ISIC_0013897,ensemble,avg_sensitivity,1.037142241001129,
resnet18,ISIC_0013897,ensemble,relevance_mass_accuracy,0.06036057323217392,
resnet18,ISIC_0013897,ensemble,pointing_game,0.0,
resnet18,ISIC_0013897,ensemble,sparseness,0.47409324938274505,
resnet18,ISIC_0013897,ensemble,complexity,11.52115249633789,
resnet18,ISIC_0013897,ensemble,model_parameter_randomisation,,nan
resnet18,ISIC_0013897,ensemble,random_logit,0.6197263279803656,
resnet18,ISIC_0013897,ensemble,completeness,,nan
resnet18,ISIC_0013897,ensemble,non_sensitivity,,nan
squeezenet,ISIC_0013897,ensemble,faithfulness_correlation,0.1076253280043602,
squeezenet,ISIC_0013897,ensemble,pixel_flipping,50.52446365356445,
squeezenet,ISIC_0013897,ensemble,max_sensitivity,1.1351592540740967,
squeezenet,ISIC_0013897,ensemble,avg_sensitivity,1.0848259925842285,
squeezenet,ISIC_0013897,ensemble,relevance_mass_accuracy,0.027107523754239082,
squeezenet,ISIC_0013897,ensemble,pointing_game,0.0,
squeezenet,ISIC_0013897,ensemble,sparseness,0.5695948311581732,
squeezenet,ISIC_0013897,ensemble,complexity,11.329476356506348,
squeezenet,ISIC_0013897,ensemble,model_parameter_randomisation,,nan
squeezenet,ISIC_0013897,ensemble,random_logit,0.6497209347793863,
squeezenet,ISIC_0013897,ensemble,completeness,,nan
squeezenet,ISIC_0013897,ensemble,non_sensitivity,,nan
resnet18,ISIC_0013911,ensemble,faithfulness_correlation,0.08803272992372513,
resnet18,ISIC_0013911,ensemble,pixel_flipping,464.69329833984375,
resnet18,ISIC_0013911,ensemble,max_sensitivity,1.050655722618103,
resnet18,ISIC_0013911,ensemble,avg_sensitivity,1.0293041229248048,
resnet18,ISIC_0013911,ensemble,relevance_mass_accuracy,0.12626151740550995,
resnet18,ISIC_0013911,ensemble,pointing_game,1.0,
resnet18,ISIC_0013911,ensemble,sparseness,0.5658598398049324,
resnet18,ISIC_0013911,ensemble,complexity,11.307915687561035,
resnet18,ISIC_0013911,ensemble,model_parameter_randomisation,,nan
resnet18,ISIC_0013911,ensemble,random_logit,0.6465078726482045,
resnet18,ISIC_0013911,ensemble,completeness,,nan
resnet18,ISIC_0013911,ensemble,non_sensitivity,,nan
squeezenet,ISIC_0013911,ensemble,faithfulness_correlation,0.1764613687992096,
squeezenet,ISIC_0013911,ensemble,pixel_flipping,209.6293182373047,
squeezenet,ISIC_0013911,ensemble,max_sensitivity,1.086082935333252,
squeezenet,ISIC_0013911,ensemble,avg_sensitivity,1.072696077823639,
squeezenet,ISIC_0013911,ensemble,relevance_mass_accuracy,0.31077027320861816,
squeezenet,ISIC_0013911,ensemble,pointing_game,1.0,
squeezenet,ISIC_0013911,ensemble,sparseness,0.6744829855393645,
squeezenet,ISIC_0013911,ensemble,complexity,10.96095085144043,
squeezenet,ISIC_0013911,ensemble,model_parameter_randomisation,,nan
squeezenet,ISIC_0013911,ensemble,random_logit,0.8225223718571799,
squeezenet,ISIC_0013911,ensemble,completeness,,nan
squeezenet,ISIC_0013911,ensemble,non_sensitivity,,nan
resnet18,ISIC_0013966,ensemble,faithfulness_correlation,-0.06664220988750458,
resnet18,ISIC_0013966,ensemble,pixel_flipping,23.851896286010742,
resnet18,ISIC_0013966,ensemble,max_sensitivity,1.0702484846115112,
resnet18,ISIC_0013966,ensemble,avg_sensitivity,1.056568205356598,
resnet18,ISIC_0013966,ensemble,relevance_mass_accuracy,0.007960213348269463,
resnet18,ISIC_0013966,ensemble,pointing_game,0.0,
resnet18,ISIC_0013966,ensemble,sparseness,0.46935689030551314,
resnet18,ISIC_0013966,ensemble,complexity,11.532393455505371,
resnet18,ISIC_0013966,ensemble,model_parameter_randomisation,,nan
resnet18,ISIC_0013966,ensemble,random_logit,0.6380968059565237,
resnet18,ISIC_0013966,ensemble,completeness,,nan
resnet18,ISIC_0013966,ensemble,non_sensitivity,,nan
squeezenet,ISIC_0013966,ensemble,faithfulness_correlation,0.1770830601453781,
squeezenet,ISIC_0013966,ensemble,pixel_flipping,36.80762481689453,
squeezenet,ISIC_0013966,ensemble,max_sensitivity,1.0420749187469482,
squeezenet,ISIC_0013966,ensemble,avg_sensitivity,1.0267632126808166,
squeezenet,ISIC_0013966,ensemble,relevance_mass_accuracy,0.008183654397726059,
squeezenet,ISIC_0013966,ensemble,pointing_game,0.0,
squeezenet,ISIC_0013966,ensemble,sparseness,0.5722428877477395,
squeezenet,ISIC_0013966,ensemble,complexity,11.317082405090332,
squeezenet,ISIC_0013966,ensemble,model_parameter_randomisation,,nan
squeezenet,ISIC_0013966,ensemble,random_logit,0.661485072101432,
squeezenet,ISIC_0013966,ensemble,completeness,,nan
squeezenet,ISIC_0013966,ensemble,non_sensitivity,,nan
resnet18,ISIC_0013998,ensemble,faithfulness_correlation,-0.018054241314530373,
resnet18,ISIC_0013998,ensemble,pixel_flipping,423.8395080566406,
resnet18,ISIC_0013998,ensemble,max_sensitivity,1.073224425315857,
resnet18,ISIC_0013998,ensemble,avg_sensitivity,1.051378643512726,
resnet18,ISIC_0013998,ensemble,relevance_mass_accuracy,0.1442582607269287,
resnet18,ISIC_0013998,ensemble,pointing_game,0.0,
resnet18,ISIC_0013998,ensemble,sparseness,0.5248297758884097,
resnet18,ISIC_0013998,ensemble,complexity,11.406230926513672,
resnet18,ISIC_0013998,ensemble,model_parameter_randomisation,,nan
resnet18,ISIC_0013998,ensemble,random_logit,0.8257619489695097,
resnet18,ISIC_0013998,ensemble,completeness,,nan
resnet18,ISIC_0013998,ensemble,non_sensitivity,,nan
squeezenet,ISIC_0013998,ensemble,faithfulness_correlation,0.28119957447052,
squeezenet,ISIC_0013998,ensemble,pixel_flipping,235.24087524414062,
squeezenet,ISIC_0013998,ensemble,max_sensitivity,1.117570161819458,
squeezenet,ISIC_0013998,ensemble,avg_sensitivity,1.0947423934936524,
squeezenet,ISIC_0013998,ensemble,relevance_mass_accuracy,0.26112544536590576,
squeezenet,ISIC_0013998,ensemble,pointing_game,0.0,
squeezenet,ISIC_0013998,ensemble,sparseness,0.6688740377672263,
squeezenet,ISIC_0013998,ensemble,complexity,10.966605186462402,
squeezenet,ISIC_0013998,ensemble,model_parameter_randomisation,,nan
squeezenet,ISIC_0013998,ensemble,random_logit,0.950778136498565,
squeezenet,ISIC_0013998,ensemble,completeness,,nan
squeezenet,ISIC_0013998,ensemble,non_sensitivity,,nan
resnet18,ISIC_0014090,ensemble,faithfulness_correlation,0.07260776311159134,
resnet18,ISIC_0014090,ensemble,pixel_flipping,450.49627685546875,
resnet18,ISIC_0014090,ensemble,max_sensitivity,1.0966013669967651,
resnet18,ISIC_0014090,ensemble,avg_sensitivity,1.0832338094711305,
resnet18,ISIC_0014090,ensemble,relevance_mass_accuracy,0.04365599900484085,
resnet18,ISIC_0014090,ensemble,pointing_game,0.0,
resnet18,ISIC_0014090,ensemble,sparseness,0.5510490793820203,
resnet18,ISIC_0014090,ensemble,complexity,11.349709510803223,
resnet18,ISIC_0014090,ensemble,model_parameter_randomisation,,nan
resnet18,ISIC_0014090,ensemble,random_logit,0.6250511269458757,
resnet18,ISIC_0014090,ensemble,completeness,,nan
resnet18,ISIC_0014090,ensemble,non_sensitivity,,nan
squeezenet,ISIC_0014090,ensemble,faithfulness_correlation,0.40009865164756775,
squeezenet,ISIC_0014090,ensemble,pixel_flipping,437.10595703125,
squeezenet,ISIC_0014090,ensemble,max_sensitivity,1.1298741102218628,
squeezenet,ISIC_0014090,ensemble,avg_sensitivity,1.1086698055267334,
squeezenet,ISIC_0014090,ensemble,relevance_mass_accuracy,0.15550993382930756,
squeezenet,ISIC_0014090,ensemble,pointing_game,1.0,
squeezenet,ISIC_0014090,ensemble,sparseness,0.6720513406879649,
squeezenet,ISIC_0014090,ensemble,complexity,10.969954490661621,
squeezenet,ISIC_0014090,ensemble,model_parameter_randomisation,,nan
squeezenet,ISIC_0014090,ensemble,random_logit,0.8501512938680957,
squeezenet,ISIC_0014090,ensemble,completeness,,nan
squeezenet,ISIC_0014090,ensemble,non_sensitivity,,nan
resnet18,ISIC_0014117,ensemble,faithfulness_correlation,-0.05195815861225128,
resnet18,ISIC_0014117,ensemble,pixel_flipping,550.864013671875,
resnet18,ISIC_0014117,ensemble,max_sensitivity,1.0659211874008179,
resnet18,ISIC_0014117,ensemble,avg_sensitivity,1.0357038140296937,
resnet18,ISIC_0014117,ensemble,relevance_mass_accuracy,0.09390754997730255,
resnet18,ISIC_0014117,ensemble,pointing_game,1.0,
resnet18,ISIC_0014117,ensemble,sparseness,0.5147198750099867,
resnet18,ISIC_0014117,ensemble,complexity,11.444847106933594,
resnet18,ISIC_0014117,ensemble,model_parameter_randomisation,,nan
resnet18,ISIC_0014117,ensemble,random_logit,0.5894550225863099,
resnet18,ISIC_0014117,ensemble,completeness,,nan
resnet18,ISIC_0014117,ensemble,non_sensitivity,,nan
squeezenet,ISIC_0014117,ensemble,faithfulness_correlation,0.24185308814048767,
squeezenet,ISIC_0014117,ensemble,pixel_flipping,426.7998046875,
squeezenet,ISIC_0014117,ensemble,max_sensitivity,1.084054708480835,
squeezenet,ISIC_0014117,ensemble,avg_sensitivity,1.0571982502937316,
squeezenet,ISIC_0014117,ensemble,relevance_mass_accuracy,0.2994879484176636,
squeezenet,ISIC_0014117,ensemble,pointing_game,1.0,
squeezenet,ISIC_0014117,ensemble,sparseness,0.7049817616062922,
squeezenet,ISIC_0014117,ensemble,complexity,10.882431030273438,
squeezenet,ISIC_0014117,ensemble,model_parameter_randomisation,,nan
squeezenet,ISIC_0014117,ensemble,random_logit,0.8796227731748179,
squeezenet,ISIC_0014117,ensemble,completeness,,nan
squeezenet,ISIC_0014117,ensemble,non_sensitivity,,nan
resnet18,ISIC_0014470,ensemble,faithfulness_correlation,0.16033242642879486,
resnet18,ISIC_0014470,ensemble,pixel_flipping,17.512672424316406,
resnet18,ISIC_0014470,ensemble,max_sensitivity,1.1890218257904053,
resnet18,ISIC_0014470,ensemble,avg_sensitivity,1.1329383730888367,
resnet18,ISIC_0014470,ensemble,relevance_mass_accuracy,0.12092434614896774,
resnet18,ISIC_0014470,ensemble,pointing_game,0.0,
resnet18,ISIC_0014470,ensemble,sparseness,0.4752294152143591,
resnet18,ISIC_0014470,ensemble,complexity,11.527023315429688,
resnet18,ISIC_0014470,ensemble,model_parameter_randomisation,,nan
resnet18,ISIC_0014470,ensemble,random_logit,0.715277675293572,
resnet18,ISIC_0014470,ensemble,completeness,,nan
resnet18,ISIC_0014470,ensemble,non_sensitivity,,nan
squeezenet,ISIC_0014470,ensemble,faithfulness_correlation,0.020034747198224068,
squeezenet,ISIC_0014470,ensemble,pixel_flipping,60.98595428466797,
squeezenet,ISIC_0014470,ensemble,max_sensitivity,1.1817049980163574,
squeezenet,ISIC_0014470,ensemble,avg_sensitivity,1.1559108257293702,
squeezenet,ISIC_0014470,ensemble,relevance_mass_accuracy,0.07762636989355087,
squeezenet,ISIC_0014470,ensemble,pointing_game,1.0,
squeezenet,ISIC_0014470,ensemble,sparseness,0.5763296057648598,
squeezenet,ISIC_0014470,ensemble,complexity,11.31563663482666,
squeezenet,ISIC_0014470,ensemble,model_parameter_randomisation,,nan
squeezenet,ISIC_0014470,ensemble,random_logit,0.7213173868723011,
squeezenet,ISIC_0014470,ensemble,completeness,,nan
squeezenet,ISIC_0014470,ensemble,non_sensitivity,,nan
resnet18,ISIC_0014675,ensemble,faithfulness_correlation,0.13336819410324097,
resnet18,ISIC_0014675,ensemble,pixel_flipping,611.9886474609375,
resnet18,ISIC_0014675,ensemble,max_sensitivity,1.0108073949813843,
resnet18,ISIC_0014675,ensemble,avg_sensitivity,0.9960940659046174,
resnet18,ISIC_0014675,ensemble,relevance_mass_accuracy,0.21009527146816254,
resnet18,ISIC_0014675,ensemble,pointing_game,0.0,
resnet18,ISIC_0014675,ensemble,sparseness,0.48766500838608373,
resnet18,ISIC_0014675,ensemble,complexity,11.498043060302734,
resnet18,ISIC_0014675,ensemble,model_parameter_randomisation,,nan
resnet18,ISIC_0014675,ensemble,random_logit,0.8242308562910111,
resnet18,ISIC_0014675,ensemble,completeness,,nan
resnet18,ISIC_0014675,ensemble,non_sensitivity,,nan
squeezenet,ISIC_0014675,ensemble,faithfulness_correlation,0.19098982214927673,
squeezenet,ISIC_0014675,ensemble,pixel_flipping,373.152099609375,
squeezenet,ISIC_0014675,ensemble,max_sensitivity,1.0966379642486572,
squeezenet,ISIC_0014675,ensemble,avg_sensitivity,1.0754104018211366,
squeezenet,ISIC_0014675,ensemble,relevance_mass_accuracy,0.36489832401275635,
squeezenet,ISIC_0014675,ensemble,pointing_game,0.0,
squeezenet,ISIC_0014675,ensemble,sparseness,0.6398913928527642,
squeezenet,ISIC_0014675,ensemble,complexity,11.127230644226074,
squeezenet,ISIC_0014675,ensemble,model_parameter_randomisation,,nan
squeezenet,ISIC_0014675,ensemble,random_logit,0.8208586241956325,
squeezenet,ISIC_0014675,ensemble,completeness,,nan
squeezenet,ISIC_0014675,ensemble,non_sensitivity,,nan
resnet18,ISIC_0014677,ensemble,faithfulness_correlation,0.15496182441711426,
resnet18,ISIC_0014677,ensemble,pixel_flipping,589.17578125,
resnet18,ISIC_0014677,ensemble,max_sensitivity,0.9207970499992371,
resnet18,ISIC_0014677,ensemble,avg_sensitivity,0.9112674951553345,
resnet18,ISIC_0014677,ensemble,relevance_mass_accuracy,0.3139231503009796,
resnet18,ISIC_0014677,ensemble,pointing_game,1.0,
resnet18,ISIC_0014677,ensemble,sparseness,0.4466893039035381,
resnet18,ISIC_0014677,ensemble,complexity,11.568893432617188,
resnet18,ISIC_0014677,ensemble,model_parameter_randomisation,,nan
resnet18,ISIC_0014677,ensemble,random_logit,0.5581419016157612,
resnet18,ISIC_0014677,ensemble,completeness,,nan
resnet18,ISIC_0014677,ensemble,non_sensitivity,,nan
squeezenet,ISIC_0014677,ensemble,faithfulness_correlation,0.2139681875705719,
squeezenet,ISIC_0014677,ensemble,pixel_flipping,347.96539306640625,
squeezenet,ISIC_0014677,ensemble,max_sensitivity,0.9842368960380554,
squeezenet,ISIC_0014677,ensemble,avg_sensitivity,0.9754020571708679,
squeezenet,ISIC_0014677,ensemble,relevance_mass_accuracy,0.6061938405036926,
squeezenet,ISIC_0014677,ensemble,pointing_game,1.0,
squeezenet,ISIC_0014677,ensemble,sparseness,0.6919285905275069,
squeezenet,ISIC_0014677,ensemble,complexity,10.91202449798584,
squeezenet,ISIC_0014677,ensemble,model_parameter_randomisation,,nan
squeezenet,ISIC_0014677,ensemble,random_logit,0.9132298070240793,
squeezenet,ISIC_0014677,ensemble,completeness,,nan
squeezenet,ISIC_0014677,ensemble,non_sensitivity,,nan
resnet18,ISIC_0014687,ensemble,faithfulness_correlation,0.08811218291521072,
resnet18,ISIC_0014687,ensemble,pixel_flipping,599.4801025390625,
resnet18,ISIC_0014687,ensemble,max_sensitivity,1.0440677404403687,
resnet18,ISIC_0014687,ensemble,avg_sensitivity,1.0364969730377198,
resnet18,ISIC_0014687,ensemble,relevance_mass_accuracy,0.5373407006263733,
resnet18,ISIC_0014687,ensemble,pointing_game,0.0,
resnet18,ISIC_0014687,ensemble,sparseness,0.48769908843242216,
resnet18,ISIC_0014687,ensemble,complexity,11.508780479431152,
resnet18,ISIC_0014687,ensemble,model_parameter_randomisation,,nan
resnet18,ISIC_0014687,ensemble,random_logit,0.582098806250187,
resnet18,ISIC_0014687,ensemble,completeness,,nan
resnet18,ISIC_0014687,ensemble,non_sensitivity,,nan
squeezenet,ISIC_0014687,ensemble,faithfulness_correlation,0.0863332450389862,
squeezenet,ISIC_0014687,ensemble,pixel_flipping,333.42987060546875,
squeezenet,ISIC_0014687,ensemble,max_sensitivity,1.0931377410888672,
squeezenet,ISIC_0014687,ensemble,avg_sensitivity,1.0781205892562866,
squeezenet,ISIC_0014687,ensemble,relevance_mass_accuracy,0.6523323059082031,
squeezenet,ISIC_0014687,ensemble,pointing_game,1.0,
squeezenet,ISIC_0014687,ensemble,sparseness,0.5496240799687473,
squeezenet,ISIC_0014687,ensemble,complexity,11.386056900024414,
squeezenet,ISIC_0014687,ensemble,model_parameter_randomisation,,nan
squeezenet,ISIC_0014687,ensemble,random_logit,0.6945259179875078,
squeezenet,ISIC_0014687,ensemble,completeness,,nan
squeezenet,ISIC_0014687,ensemble,non_sensitivity,,nan
resnet18,ISIC_0014693,ensemble,faithfulness_correlation,0.09230116754770279,
resnet18,ISIC_0014693,ensemble,pixel_flipping,69.28466796875,
resnet18,ISIC_0014693,ensemble,max_sensitivity,1.1983429193496704,
resnet18,ISIC_0014693,ensemble,avg_sensitivity,1.0690311431884765,
resnet18,ISIC_0014693,ensemble,relevance_mass_accuracy,0.8240976333618164,
resnet18,ISIC_0014693,ensemble,pointing_game,1.0,
resnet18,ISIC_0014693,ensemble,sparseness,0.45137972092590783,
resnet18,ISIC_0014693,ensemble,complexity,11.567275047302246,
resnet18,ISIC_0014693,ensemble,model_parameter_randomisation,,nan
resnet18,ISIC_0014693,ensemble,random_logit,0.498171704403316,
resnet18,ISIC_0014693,ensemble,completeness,,nan
resnet18,ISIC_0014693,ensemble,non_sensitivity,,nan
squeezenet,ISIC_0014693,ensemble,faithfulness_correlation,0.09853377938270569,
squeezenet,ISIC_0014693,ensemble,pixel_flipping,187.30206298828125,
squeezenet,ISIC_0014693,ensemble,max_sensitivity,1.0925344228744507,
squeezenet,ISIC_0014693,ensemble,avg_sensitivity,1.0877753973007203,
squeezenet,ISIC_0014693,ensemble,relevance_mass_accuracy,0.7911830544471741,
squeezenet,ISIC_0014693,ensemble,pointing_game,1.0,
squeezenet,ISIC_0014693,ensemble,sparseness,0.5654285441323199,
squeezenet,ISIC_0014693,ensemble,complexity,11.346653938293457,
squeezenet,ISIC_0014693,ensemble,model_parameter_randomisation,,nan
squeezenet,ISIC_0014693,ensemble,random_logit,0.7896618531451045,
squeezenet,ISIC_0014693,ensemble,completeness,,nan
squeezenet,ISIC_0014693,ensemble,non_sensitivity,,nan
resnet18,ISIC_0014697,ensemble,faithfulness_correlation,0.10122085362672806,
resnet18,ISIC_0014697,ensemble,pixel_flipping,609.5377197265625,
resnet18,ISIC_0014697,ensemble,max_sensitivity,1.0074859857559204,
resnet18,ISIC_0014697,ensemble,avg_sensitivity,0.9966017365455627,
resnet18,ISIC_0014697,ensemble,relevance_mass_accuracy,0.23995140194892883,
resnet18,ISIC_0014697,ensemble,pointing_game,0.0,
resnet18,ISIC_0014697,ensemble,sparseness,0.4512588062860812,
resnet18,ISIC_0014697,ensemble,complexity,11.571600914001465,
resnet18,ISIC_0014697,ensemble,model_parameter_randomisation,,nan
resnet18,ISIC_0014697,ensemble,random_logit,0.4030020934216903,
resnet18,ISIC_0014697,ensemble,completeness,,nan
resnet18,ISIC_0014697,ensemble,non_sensitivity,,nan
squeezenet,ISIC_0014697,ensemble,faithfulness_correlation,0.08930381387472153,
squeezenet,ISIC_0014697,ensemble,pixel_flipping,60.6126823425293,
squeezenet,ISIC_0014697,ensemble,max_sensitivity,1.1245204210281372,
squeezenet,ISIC_0014697,ensemble,avg_sensitivity,1.0987820982933045,
squeezenet,ISIC_0014697,ensemble,relevance_mass_accuracy,0.25957193970680237,
squeezenet,ISIC_0014697,ensemble,pointing_game,1.0,
squeezenet,ISIC_0014697,ensemble,sparseness,0.5920158964404348,
squeezenet,ISIC_0014697,ensemble,complexity,11.269804000854492,
squeezenet,ISIC_0014697,ensemble,model_parameter_randomisation,,nan
squeezenet,ISIC_0014697,ensemble,random_logit,0.5978580253145439,
squeezenet,ISIC_0014697,ensemble,completeness,,nan
squeezenet,ISIC_0014697,ensemble,non_sensitivity,,nan
resnet18,ISIC_0014698,ensemble,faithfulness_correlation,0.10537076741456985,
resnet18,ISIC_0014698,ensemble,pixel_flipping,618.3695068359375,
resnet18,ISIC_0014698,ensemble,max_sensitivity,0.9900049567222595,
resnet18,ISIC_0014698,ensemble,avg_sensitivity,0.9806955814361572,
resnet18,ISIC_0014698,ensemble,relevance_mass_accuracy,0.17714257538318634,
resnet18,ISIC_0014698,ensemble,pointing_game,0.0,
resnet18,ISIC_0014698,ensemble,sparseness,0.4857940690232154,
resnet18,ISIC_0014698,ensemble,complexity,11.5116605758667,
resnet18,ISIC_0014698,ensemble,model_parameter_randomisation,,nan
resnet18,ISIC_0014698,ensemble,random_logit,0.46226523686793847,
resnet18,ISIC_0014698,ensemble,completeness,,nan
resnet18,ISIC_0014698,ensemble,non_sensitivity,,nan
squeezenet,ISIC_0014698,ensemble,faithfulness_correlation,-0.1346171349287033,
squeezenet,ISIC_0014698,ensemble,pixel_flipping,45.51964569091797,
squeezenet,ISIC_0014698,ensemble,max_sensitivity,1.0935165882110596,
squeezenet,ISIC_0014698,ensemble,avg_sensitivity,1.0665701031684875,
squeezenet,ISIC_0014698,ensemble,relevance_mass_accuracy,0.4844453036785126,
squeezenet,ISIC_0014698,ensemble,pointing_game,1.0,
squeezenet,ISIC_0014698,ensemble,sparseness,0.6424205319430052,
squeezenet,ISIC_0014698,ensemble,complexity,11.135992050170898,
squeezenet,ISIC_0014698,ensemble,model_parameter_randomisation,,nan
squeezenet,ISIC_0014698,ensemble,random_logit,0.5824331634459772,
squeezenet,ISIC_0014698,ensemble,completeness,,nan
squeezenet,ISIC_0014698,ensemble,non_sensitivity,,nan
resnet18,ISIC_0014720,ensemble,faithfulness_correlation,0.039356984198093414,
resnet18,ISIC_0014720,ensemble,pixel_flipping,604.7154541015625,
resnet18,ISIC_0014720,ensemble,max_sensitivity,1.0035984516143799,
resnet18,ISIC_0014720,ensemble,avg_sensitivity,0.9929551362991333,
resnet18,ISIC_0014720,ensemble,relevance_mass_accuracy,0.621151328086853,
resnet18,ISIC_0014720,ensemble,pointing_game,0.0,
resnet18,ISIC_0014720,ensemble,sparseness,0.44245477853903226,
resnet18,ISIC_0014720,ensemble,complexity,11.58076000213623,
resnet18,ISIC_0014720,ensemble,model_parameter_randomisation,,nan
resnet18,ISIC_0014720,ensemble,random_logit,0.457613935207721,
resnet18,ISIC_0014720,ensemble,completeness,,nan
resnet18,ISIC_0014720,ensemble,non_sensitivity,,nan
squeezenet,ISIC_0014720,ensemble,faithfulness_correlation,0.14046277105808258,
squeezenet,ISIC_0014720,ensemble,pixel_flipping,224.60806274414062,
squeezenet,ISIC_0014720,ensemble,max_sensitivity,1.0919461250305176,
squeezenet,ISIC_0014720,ensemble,avg_sensitivity,1.0756799697875976,
squeezenet,ISIC_0014720,ensemble,relevance_mass_accuracy,0.8218516111373901,
squeezenet,ISIC_0014720,ensemble,pointing_game,1.0,
squeezenet,ISIC_0014720,ensemble,sparseness,0.5741443273539597,
squeezenet,ISIC_0014720,ensemble,complexity,11.330270767211914,
squeezenet,ISIC_0014720,ensemble,model_parameter_randomisation,,nan
squeezenet,ISIC_0014720,ensemble,random_logit,0.7915075073843075,
squeezenet,ISIC_0014720,ensemble,completeness,,nan
squeezenet,ISIC_0014720,ensemble,non_sensitivity,,nan
resnet18,ISIC_0014725,ensemble,faithfulness_correlation,0.08191095292568207,
resnet18,ISIC_0014725,ensemble,pixel_flipping,617.4353637695312,
resnet18,ISIC_0014725,ensemble,max_sensitivity,1.0129585266113281,
resnet18,ISIC_0014725,ensemble,avg_sensitivity,1.0039413273334503,
resnet18,ISIC_0014725,ensemble,relevance_mass_accuracy,0.4962928593158722,
resnet18,ISIC_0014725,ensemble,pointing_game,1.0,
resnet18,ISIC_0014725,ensemble,sparseness,0.46421087247860754,
resnet18,ISIC_0014725,ensemble,complexity,11.54804801940918,
resnet18,ISIC_0014725,ensemble,model_parameter_randomisation,,nan
resnet18,ISIC_0014725,ensemble,random_logit,0.5813944937230149,
resnet18,ISIC_0014725,ensemble,completeness,,nan
resnet18,ISIC_0014725,ensemble,non_sensitivity,,nan
squeezenet,ISIC_0014725,ensemble,faithfulness_correlation,0.22765080630779266,
squeezenet,ISIC_0014725,ensemble,pixel_flipping,340.4237060546875,
squeezenet,ISIC_0014725,ensemble,max_sensitivity,1.0575426816940308,
squeezenet,ISIC_0014725,ensemble,avg_sensitivity,1.0496238708496093,
squeezenet,ISIC_0014725,ensemble,relevance_mass_accuracy,0.5545709133148193,
squeezenet,ISIC_0014725,ensemble,pointing_game,1.0,
squeezenet,ISIC_0014725,ensemble,sparseness,0.55504506779616,
squeezenet,ISIC_0014725,ensemble,complexity,11.370755195617676,
squeezenet,ISIC_0014725,ensemble,model_parameter_randomisation,,nan
squeezenet,ISIC_0014725,ensemble,random_logit,0.7486227366788629,
squeezenet,ISIC_0014725,ensemble,completeness,,nan
squeezenet,ISIC_0014725,ensemble,non_sensitivity,,nan
resnet18,ISIC_0014728,ensemble,faithfulness_correlation,-0.14562201499938965,
resnet18,ISIC_0014728,ensemble,pixel_flipping,628.946044921875,
resnet18,ISIC_0014728,ensemble,max_sensitivity,0.9691379070281982,
resnet18,ISIC_0014728,ensemble,avg_sensitivity,0.9528837323188781,
resnet18,ISIC_0014728,ensemble,relevance_mass_accuracy,0.6287660002708435,
resnet18,ISIC_0014728,ensemble,pointing_game,0.0,
resnet18,ISIC_0014728,ensemble,sparseness,0.4428566932910624,
resnet18,ISIC_0014728,ensemble,complexity,11.58100700378418,
resnet18,ISIC_0014728,ensemble,model_parameter_randomisation,,nan
resnet18,ISIC_0014728,ensemble,random_logit,0.5827706030016785,
resnet18,ISIC_0014728,ensemble,completeness,,nan
resnet18,ISIC_0014728,ensemble,non_sensitivity,,nan
squeezenet,ISIC_0014728,ensemble,faithfulness_correlation,0.18957459926605225,
squeezenet,ISIC_0014728,ensemble,pixel_flipping,468.4620056152344,
squeezenet,ISIC_0014728,ensemble,max_sensitivity,1.026879072189331,
squeezenet,ISIC_0014728,ensemble,avg_sensitivity,1.0190811514854432,
squeezenet,ISIC_0014728,ensemble,relevance_mass_accuracy,0.4876183271408081,
squeezenet,ISIC_0014728,ensemble,pointing_game,0.0,
squeezenet,ISIC_0014728,ensemble,sparseness,0.5241836512805673,
squeezenet,ISIC_0014728,ensemble,complexity,11.431715965270996,
squeezenet,ISIC_0014728,ensemble,model_parameter_randomisation,,nan
squeezenet,ISIC_0014728,ensemble,random_logit,0.7452878338485412,
squeezenet,ISIC_0014728,ensemble,completeness,,nan
squeezenet,ISIC_0014728,ensemble,non_sensitivity,,nan
resnet18,ISIC_0014729,ensemble,faithfulness_correlation,0.021960798650979996,
resnet18,ISIC_0014729,ensemble,pixel_flipping,608.882080078125,
resnet18,ISIC_0014729,ensemble,max_sensitivity,0.9837188720703125,
resnet18,ISIC_0014729,ensemble,avg_sensitivity,0.974322909116745,
resnet18,ISIC_0014729,ensemble,relevance_mass_accuracy,0.542156994342804,
resnet18,ISIC_0014729,ensemble,pointing_game,1.0,
resnet18,ISIC_0014729,ensemble,sparseness,0.46423998763109525,
resnet18,ISIC_0014729,ensemble,complexity,11.544189453125,
resnet18,ISIC_0014729,ensemble,model_parameter_randomisation,,nan
resnet18,ISIC_0014729,ensemble,random_logit,0.6925671347935695,
resnet18,ISIC_0014729,ensemble,completeness,,nan
resnet18,ISIC_0014729,ensemble,non_sensitivity,,nan
squeezenet,ISIC_0014729,ensemble,faithfulness_correlation,0.17778585851192474,
squeezenet,ISIC_0014729,ensemble,pixel_flipping,380.97906494140625,
squeezenet,ISIC_0014729,ensemble,max_sensitivity,1.0789899826049805,
squeezenet,ISIC_0014729,ensemble,avg_sensitivity,1.044153094291687,
squeezenet,ISIC_0014729,ensemble,relevance_mass_accuracy,0.9869421124458313,
squeezenet,ISIC_0014729,ensemble,pointing_game,1.0,
squeezenet,ISIC_0014729,ensemble,sparseness,0.5543760593650097,
squeezenet,ISIC_0014729,ensemble,complexity,11.3626708984375,
squeezenet,ISIC_0014729,ensemble,model_parameter_randomisation,,nan
squeezenet,ISIC_0014729,ensemble,random_logit,0.6195385941125412,
squeezenet,ISIC_0014729,ensemble,completeness,,nan
squeezenet,ISIC_0014729,ensemble,non_sensitivity,,nan
resnet18,ISIC_0014740,ensemble,faithfulness_correlation,-0.14827463030815125,
resnet18,ISIC_0014740,ensemble,pixel_flipping,541.2938232421875,
resnet18,ISIC_0014740,ensemble,max_sensitivity,1.0582630634307861,
resnet18,ISIC_0014740,ensemble,avg_sensitivity,1.039987564086914,
resnet18,ISIC_0014740,ensemble,relevance_mass_accuracy,0.42631497979164124,
resnet18,ISIC_0014740,ensemble,pointing_game,0.0,
resnet18,ISIC_0014740,ensemble,sparseness,0.47813179446907594,
resnet18,ISIC_0014740,ensemble,complexity,11.524887084960938,
resnet18,ISIC_0014740,ensemble,model_parameter_randomisation,,nan
resnet18,ISIC_0014740,ensemble,random_logit,0.51186110756128,
resnet18,ISIC_0014740,ensemble,completeness,,nan
resnet18,ISIC_0014740,ensemble,non_sensitivity,,nan
squeezenet,ISIC_0014740,ensemble,faithfulness_correlation,0.05732518061995506,
squeezenet,ISIC_0014740,ensemble,pixel_flipping,308.307861328125,
squeezenet,ISIC_0014740,ensemble,max_sensitivity,1.0780754089355469,
squeezenet,ISIC_0014740,ensemble,avg_sensitivity,1.0761527299880982,
squeezenet,ISIC_0014740,ensemble,relevance_mass_accuracy,0.7710206508636475,
squeezenet,ISIC_0014740,ensemble,pointing_game,1.0,
squeezenet,ISIC_0014740,ensemble,sparseness,0.5376929344749001,
squeezenet,ISIC_0014740,ensemble,complexity,11.404950141906738,
squeezenet,ISIC_0014740,ensemble,model_parameter_randomisation,,nan
squeezenet,ISIC_0014740,ensemble,random_logit,0.6532950045276621,
squeezenet,ISIC_0014740,ensemble,completeness,,nan
squeezenet,ISIC_0014740,ensemble,non_sensitivity,,nan
resnet18,ISIC_0014743,ensemble,faithfulness_correlation,-0.12853620946407318,
resnet18,ISIC_0014743,ensemble,pixel_flipping,581.3529052734375,
resnet18,ISIC_0014743,ensemble,max_sensitivity,0.954850971698761,
resnet18,ISIC_0014743,ensemble,avg_sensitivity,0.9529464483261109,
resnet18,ISIC_0014743,ensemble,relevance_mass_accuracy,0.650632917881012,
resnet18,ISIC_0014743,ensemble,pointing_game,0.0,
resnet18,ISIC_0014743,ensemble,sparseness,0.48102144007529857,
resnet18,ISIC_0014743,ensemble,complexity,11.5111083984375,
resnet18,ISIC_0014743,ensemble,model_parameter_randomisation,,nan
resnet18,ISIC_0014743,ensemble,random_logit,0.5641085337095249,
resnet18,ISIC_0014743,ensemble,completeness,,nan
resnet18,ISIC_0014743,ensemble,non_sensitivity,,nan
squeezenet,ISIC_0014743,ensemble,faithfulness_correlation,0.0655069425702095,
squeezenet,ISIC_0014743,ensemble,pixel_flipping,54.08043670654297,
squeezenet,ISIC_0014743,ensemble,max_sensitivity,1.0979816913604736,
squeezenet,ISIC_0014743,ensemble,avg_sensitivity,1.0825622916221618,
squeezenet,ISIC_0014743,ensemble,relevance_mass_accuracy,0.5347339510917664,
squeezenet,ISIC_0014743,ensemble,pointing_game,1.0,
squeezenet,ISIC_0014743,ensemble,sparseness,0.599232078752379,
squeezenet,ISIC_0014743,ensemble,complexity,11.259395599365234,
squeezenet,ISIC_0014743,ensemble,model_parameter_randomisation,,nan
squeezenet,ISIC_0014743,ensemble,random_logit,0.580133434672904,
squeezenet,ISIC_0014743,ensemble,completeness,,nan
squeezenet,ISIC_0014743,ensemble,non_sensitivity,,nan
resnet18,ISIC_0014746,ensemble,faithfulness_correlation,-0.04067043587565422,
resnet18,ISIC_0014746,ensemble,pixel_flipping,493.14483642578125,
resnet18,ISIC_0014746,ensemble,max_sensitivity,1.0130290985107422,
resnet18,ISIC_0014746,ensemble,avg_sensitivity,1.0031182229518891,
resnet18,ISIC_0014746,ensemble,relevance_mass_accuracy,0.5642716884613037,
resnet18,ISIC_0014746,ensemble,pointing_game,0.0,
resnet18,ISIC_0014746,ensemble,sparseness,0.43900450598418356,
resnet18,ISIC_0014746,ensemble,complexity,11.583666801452637,
resnet18,ISIC_0014746,ensemble,model_parameter_randomisation,,nan
resnet18,ISIC_0014746,ensemble,random_logit,0.615604584737994,
resnet18,ISIC_0014746,ensemble,completeness,,nan
resnet18,ISIC_0014746,ensemble,non_sensitivity,,nan
squeezenet,ISIC_0014746,ensemble,faithfulness_correlation,-0.08157822489738464,
squeezenet,ISIC_0014746,ensemble,pixel_flipping,273.6896667480469,
squeezenet,ISIC_0014746,ensemble,max_sensitivity,1.104494333267212,
squeezenet,ISIC_0014746,ensemble,avg_sensitivity,1.0944927334785461,
squeezenet,ISIC_0014746,ensemble,relevance_mass_accuracy,0.7890501618385315,
squeezenet,ISIC_0014746,ensemble,pointing_game,1.0,
squeezenet,ISIC_0014746,ensemble,sparseness,0.5363487051096703,
squeezenet,ISIC_0014746,ensemble,complexity,11.407917022705078,
squeezenet,ISIC_0014746,ensemble,model_parameter_randomisation,,nan
squeezenet,ISIC_0014746,ensemble,random_logit,0.643577418839434,
squeezenet,ISIC_0014746,ensemble,completeness,,nan
squeezenet,ISIC_0014746,ensemble,non_sensitivity,,nan
resnet18,ISIC_0014749,ensemble,faithfulness_correlation,-0.018878892064094543,
resnet18,ISIC_0014749,ensemble,pixel_flipping,603.0117797851562,
resnet18,ISIC_0014749,ensemble,max_sensitivity,0.9934067726135254,
resnet18,ISIC_0014749,ensemble,avg_sensitivity,0.978554618358612,
resnet18,ISIC_0014749,ensemble,relevance_mass_accuracy,0.5127850770950317,
resnet18,ISIC_0014749,ensemble,pointing_game,0.0,
resnet18,ISIC_0014749,ensemble,sparseness,0.4690442218225109,
resnet18,ISIC_0014749,ensemble,complexity,11.539468765258789,
resnet18,ISIC_0014749,ensemble,model_parameter_randomisation,,nan
resnet18,ISIC_0014749,ensemble,random_logit,0.6744840477265802,
resnet18,ISIC_0014749,ensemble,completeness,,nan
resnet18,ISIC_0014749,ensemble,non_sensitivity,,nan
squeezenet,ISIC_0014749,ensemble,faithfulness_correlation,0.08670663833618164,
squeezenet,ISIC_0014749,ensemble,pixel_flipping,303.9963684082031,
squeezenet,ISIC_0014749,ensemble,max_sensitivity,1.0649908781051636,
squeezenet,ISIC_0014749,ensemble,avg_sensitivity,1.0443875908851623,
squeezenet,ISIC_0014749,ensemble,relevance_mass_accuracy,0.7141745090484619,
squeezenet,ISIC_0014749,ensemble,pointing_game,1.0,
squeezenet,ISIC_0014749,ensemble,sparseness,0.5715740670421862,
squeezenet,ISIC_0014749,ensemble,complexity,11.326312065124512,
squeezenet,ISIC_0014749,ensemble,model_parameter_randomisation,,nan
squeezenet,ISIC_0014749,ensemble,random_logit,0.7555013091978571,
squeezenet,ISIC_0014749,ensemble,completeness,,nan
squeezenet,ISIC_0014749,ensemble,non_sensitivity,,nan
resnet18,ISIC_0014753,ensemble,faithfulness_correlation,0.17538639903068542,
resnet18,ISIC_0014753,ensemble,pixel_flipping,7.294528007507324,
resnet18,ISIC_0014753,ensemble,max_sensitivity,1.0893691778182983,
resnet18,ISIC_0014753,ensemble,avg_sensitivity,1.0757558345794678,
resnet18,ISIC_0014753,ensemble,relevance_mass_accuracy,0.3320997953414917,
resnet18,ISIC_0014753,ensemble,pointing_game,0.0,
resnet18,ISIC_0014753,ensemble,sparseness,0.45803108581908397,
resnet18,ISIC_0014753,ensemble,complexity,11.554068565368652,
resnet18,ISIC_0014753,ensemble,model_parameter_randomisation,,nan
resnet18,ISIC_0014753,ensemble,random_logit,0.4403324011696405,
resnet18,ISIC_0014753,ensemble,completeness,,nan
resnet18,ISIC_0014753,ensemble,non_sensitivity,,nan
squeezenet,ISIC_0014753,ensemble,faithfulness_correlation,-0.17169348895549774,
squeezenet,ISIC_0014753,ensemble,pixel_flipping,330.25323486328125,
squeezenet,ISIC_0014753,ensemble,max_sensitivity,1.1213736534118652,
squeezenet,ISIC_0014753,ensemble,avg_sensitivity,1.1090120315551757,
squeezenet,ISIC_0014753,ensemble,relevance_mass_accuracy,0.652990996837616,
squeezenet,ISIC_0014753,ensemble,pointing_game,1.0,
squeezenet,ISIC_0014753,ensemble,sparseness,0.5460158252736501,
squeezenet,ISIC_0014753,ensemble,complexity,11.391331672668457,
squeezenet,ISIC_0014753,ensemble,model_parameter_randomisation,,nan
squeezenet,ISIC_0014753,ensemble,random_logit,0.749384415486911,
squeezenet,ISIC_0014753,ensemble,completeness,,nan
squeezenet,ISIC_0014753,ensemble,non_sensitivity,,nan
resnet18,ISIC_0014755,ensemble,faithfulness_correlation,-0.072758749127388,
resnet18,ISIC_0014755,ensemble,pixel_flipping,555.9249267578125,
resnet18,ISIC_0014755,ensemble,max_sensitivity,0.9778815507888794,
resnet18,ISIC_0014755,ensemble,avg_sensitivity,0.9668964862823486,
resnet18,ISIC_0014755,ensemble,relevance_mass_accuracy,0.374563068151474,
resnet18,ISIC_0014755,ensemble,pointing_game,1.0,
resnet18,ISIC_0014755,ensemble,sparseness,0.4592538837308127,
resnet18,ISIC_0014755,ensemble,complexity,11.552836418151855,
resnet18,ISIC_0014755,ensemble,model_parameter_randomisation,,nan
resnet18,ISIC_0014755,ensemble,random_logit,0.5080289784616636,
resnet18,ISIC_0014755,ensemble,completeness,,nan
resnet18,ISIC_0014755,ensemble,non_sensitivity,,nan
squeezenet,ISIC_0014755,ensemble,faithfulness_correlation,0.1062999740242958,
squeezenet,ISIC_0014755,ensemble,pixel_flipping,289.808837890625,
squeezenet,ISIC_0014755,ensemble,max_sensitivity,1.03309166431427,
squeezenet,ISIC_0014755,ensemble,avg_sensitivity,1.0165449142456056,
squeezenet,ISIC_0014755,ensemble,relevance_mass_accuracy,0.38599225878715515,
squeezenet,ISIC_0014755,ensemble,pointing_game,1.0,
squeezenet,ISIC_0014755,ensemble,sparseness,0.5913554183607563,
squeezenet,ISIC_0014755,ensemble,complexity,11.278398513793945,
squeezenet,ISIC_0014755,ensemble,model_parameter_randomisation,,nan
squeezenet,ISIC_0014755,ensemble,random_logit,0.7816332652787606,
squeezenet,ISIC_0014755,ensemble,completeness,,nan
squeezenet,ISIC_0014755,ensemble,non_sensitivity,,nan
resnet18,ISIC_0014765,ensemble,faithfulness_correlation,0.05905517190694809,
resnet18,ISIC_0014765,ensemble,pixel_flipping,591.3031616210938,
resnet18,ISIC_0014765,ensemble,max_sensitivity,0.9981412887573242,
resnet18,ISIC_0014765,ensemble,avg_sensitivity,0.9885938405990601,
resnet18,ISIC_0014765,ensemble,relevance_mass_accuracy,0.3628922402858734,
resnet18,ISIC_0014765,ensemble,pointing_game,1.0,
resnet18,ISIC_0014765,ensemble,sparseness,0.42700265677224936,
resnet18,ISIC_0014765,ensemble,complexity,11.590149879455566,
resnet18,ISIC_0014765,ensemble,model_parameter_randomisation,,nan
resnet18,ISIC_0014765,ensemble,random_logit,0.7364392893584256,
resnet18,ISIC_0014765,ensemble,completeness,,nan
resnet18,ISIC_0014765,ensemble,non_sensitivity,,nan
squeezenet,ISIC_0014765,ensemble,faithfulness_correlation,0.05039616674184799,
squeezenet,ISIC_0014765,ensemble,pixel_flipping,284.9790954589844,
squeezenet,ISIC_0014765,ensemble,max_sensitivity,1.127573847770691,
squeezenet,ISIC_0014765,ensemble,avg_sensitivity,1.1043423652648925,
squeezenet,ISIC_0014765,ensemble,relevance_mass_accuracy,0.5355794429779053,
squeezenet,ISIC_0014765,ensemble,pointing_game,1.0,
squeezenet,ISIC_0014765,ensemble,sparseness,0.5825259587138054,
squeezenet,ISIC_0014765,ensemble,complexity,11.276281356811523,
squeezenet,ISIC_0014765,ensemble,model_parameter_randomisation,,nan
squeezenet,ISIC_0014765,ensemble,random_logit,0.7329454443492771,
squeezenet,ISIC_0014765,ensemble,completeness,,nan
squeezenet,ISIC_0014765,ensemble,non_sensitivity,,nan
resnet18,ISIC_0014768,ensemble,faithfulness_correlation,0.09182003885507584,
resnet18,ISIC_0014768,ensemble,pixel_flipping,609.6994018554688,
resnet18,ISIC_0014768,ensemble,max_sensitivity,0.9808118939399719,
resnet18,ISIC_0014768,ensemble,avg_sensitivity,0.9748446941375732,
resnet18,ISIC_0014768,ensemble,relevance_mass_accuracy,0.24902430176734924,
resnet18,ISIC_0014768,ensemble,pointing_game,1.0,
resnet18,ISIC_0014768,ensemble,sparseness,0.47410104574073536,
resnet18,ISIC_0014768,ensemble,complexity,11.50998306274414,
resnet18,ISIC_0014768,ensemble,model_parameter_randomisation,,nan
resnet18,ISIC_0014768,ensemble,random_logit,0.7153809829350363,
resnet18,ISIC_0014768,ensemble,completeness,,nan
resnet18,ISIC_0014768,ensemble,non_sensitivity,,nan
squeezenet,ISIC_0014768,ensemble,faithfulness_correlation,0.04896950349211693,
squeezenet,ISIC_0014768,ensemble,pixel_flipping,299.2673645019531,
squeezenet,ISIC_0014768,ensemble,max_sensitivity,1.0863351821899414,
squeezenet,ISIC_0014768,ensemble,avg_sensitivity,1.0732823848724364,
squeezenet,ISIC_0014768,ensemble,relevance_mass_accuracy,0.3570110499858856,
squeezenet,ISIC_0014768,ensemble,pointing_game,1.0,
squeezenet,ISIC_0014768,ensemble,sparseness,0.6257058825958198,
squeezenet,ISIC_0014768,ensemble,complexity,11.178128242492676,
squeezenet,ISIC_0014768,ensemble,model_parameter_randomisation,,nan
squeezenet,ISIC_0014768,ensemble,random_logit,0.8276991909785234,
squeezenet,ISIC_0014768,ensemble,completeness,,nan
squeezenet,ISIC_0014768,ensemble,non_sensitivity,,nan
resnet18,ISIC_0014773,ensemble,faithfulness_correlation,0.16172908246517181,
resnet18,ISIC_0014773,ensemble,pixel_flipping,546.9743041992188,
resnet18,ISIC_0014773,ensemble,max_sensitivity,1.0602154731750488,
resnet18,ISIC_0014773,ensemble,avg_sensitivity,1.0328509569168092,
resnet18,ISIC_0014773,ensemble,relevance_mass_accuracy,0.3374117612838745,
resnet18,ISIC_0014773,ensemble,pointing_game,1.0,
resnet18,ISIC_0014773,ensemble,sparseness,0.48947798631831835,
resnet18,ISIC_0014773,ensemble,complexity,11.497200012207031,
resnet18,ISIC_0014773,ensemble,model_parameter_randomisation,,nan
resnet18,ISIC_0014773,ensemble,random_logit,0.5953878139667123,
resnet18,ISIC_0014773,ensemble,completeness,,nan
resnet18,ISIC_0014773,ensemble,non_sensitivity,,nan
squeezenet,ISIC_0014773,ensemble,faithfulness_correlation,0.008015475235879421,
squeezenet,ISIC_0014773,ensemble,pixel_flipping,336.41253662109375,
squeezenet,ISIC_0014773,ensemble,max_sensitivity,1.1273571252822876,
squeezenet,ISIC_0014773,ensemble,avg_sensitivity,1.1174167275428772,
squeezenet,ISIC_0014773,ensemble,relevance_mass_accuracy,0.593418538570404,
squeezenet,ISIC_0014773,ensemble,pointing_game,1.0,
squeezenet,ISIC_0014773,ensemble,sparseness,0.6484859233258273,
squeezenet,ISIC_0014773,ensemble,complexity,11.120349884033203,
squeezenet,ISIC_0014773,ensemble,model_parameter_randomisation,,nan
squeezenet,ISIC_0014773,ensemble,random_logit,0.8521431427957737,
squeezenet,ISIC_0014773,ensemble,completeness,,nan
squeezenet,ISIC_0014773,ensemble,non_sensitivity,,nan
resnet18,ISIC_0014780,ensemble,faithfulness_correlation,0.0622028149664402,
resnet18,ISIC_0014780,ensemble,pixel_flipping,586.69189453125,
resnet18,ISIC_0014780,ensemble,max_sensitivity,1.0051558017730713,
resnet18,ISIC_0014780,ensemble,avg_sensitivity,0.9991103947162628,
resnet18,ISIC_0014780,ensemble,relevance_mass_accuracy,0.40082988142967224,
resnet18,ISIC_0014780,ensemble,pointing_game,1.0,
resnet18,ISIC_0014780,ensemble,sparseness,0.48193914696105067,
resnet18,ISIC_0014780,ensemble,complexity,11.517889022827148,
resnet18,ISIC_0014780,ensemble,model_parameter_randomisation,,nan
resnet18,ISIC_0014780,ensemble,random_logit,0.5129300480302242,
resnet18,ISIC_0014780,ensemble,completeness,,nan
resnet18,ISIC_0014780,ensemble,non_sensitivity,,nan
squeezenet,ISIC_0014780,ensemble,faithfulness_correlation,0.32744017243385315,
squeezenet,ISIC_0014780,ensemble,pixel_flipping,287.77728271484375,
squeezenet,ISIC_0014780,ensemble,max_sensitivity,1.0708495378494263,
squeezenet,ISIC_0014780,ensemble,avg_sensitivity,1.0498589396476745,
squeezenet,ISIC_0014780,ensemble,relevance_mass_accuracy,0.6040064096450806,
squeezenet,ISIC_0014780,ensemble,pointing_game,1.0,
squeezenet,ISIC_0014780,ensemble,sparseness,0.5984468693302003,
squeezenet,ISIC_0014780,ensemble,complexity,11.249246597290039,
squeezenet,ISIC_0014780,ensemble,model_parameter_randomisation,,nan
squeezenet,ISIC_0014780,ensemble,random_logit,0.8438644879223234,
squeezenet,ISIC_0014780,ensemble,completeness,,nan
squeezenet,ISIC_0014780,ensemble,non_sensitivity,,nan
resnet18,ISIC_0014786,ensemble,faithfulness_correlation,-0.07558292150497437,
resnet18,ISIC_0014786,ensemble,pixel_flipping,58.32148361206055,
resnet18,ISIC_0014786,ensemble,max_sensitivity,1.0680853128433228,
resnet18,ISIC_0014786,ensemble,avg_sensitivity,1.035142683982849,
resnet18,ISIC_0014786,ensemble,relevance_mass_accuracy,1.0151093006134033,
resnet18,ISIC_0014786,ensemble,pointing_game,1.0,
resnet18,ISIC_0014786,ensemble,sparseness,0.5403757001220776,
resnet18,ISIC_0014786,ensemble,complexity,11.399686813354492,
resnet18,ISIC_0014786,ensemble,model_parameter_randomisation,,nan
resnet18,ISIC_0014786,ensemble,random_logit,0.640566269561667,
resnet18,ISIC_0014786,ensemble,completeness,,nan
resnet18,ISIC_0014786,ensemble,non_sensitivity,,nan
squeezenet,ISIC_0014786,ensemble,faithfulness_correlation,0.031460925936698914,
squeezenet,ISIC_0014786,ensemble,pixel_flipping,300.64801025390625,
squeezenet,ISIC_0014786,ensemble,max_sensitivity,1.061335802078247,
squeezenet,ISIC_0014786,ensemble,avg_sensitivity,1.0438279271125794,
squeezenet,ISIC_0014786,ensemble,relevance_mass_accuracy,0.89356929063797,
squeezenet,ISIC_0014786,ensemble,pointing_game,1.0,
squeezenet,ISIC_0014786,ensemble,sparseness,0.6124192288533495,
squeezenet,ISIC_0014786,ensemble,complexity,11.234406471252441,
squeezenet,ISIC_0014786,ensemble,model_parameter_randomisation,,nan
squeezenet,ISIC_0014786,ensemble,random_logit,0.7417407532107788,
squeezenet,ISIC_0014786,ensemble,completeness,,nan
squeezenet,ISIC_0014786,ensemble,non_sensitivity,,nan
resnet18,ISIC_0014787,ensemble,faithfulness_correlation,-0.11784956604242325,
resnet18,ISIC_0014787,ensemble,pixel_flipping,612.2977294921875,
resnet18,ISIC_0014787,ensemble,max_sensitivity,1.0516120195388794,
resnet18,ISIC_0014787,ensemble,avg_sensitivity,1.0527735233306885,
resnet18,ISIC_0014787,ensemble,relevance_mass_accuracy,0.6489134430885315,
resnet18,ISIC_0014787,ensemble,pointing_game,0.0,
resnet18,ISIC_0014787,ensemble,sparseness,0.4608325113663955,
resnet18,ISIC_0014787,ensemble,complexity,11.552835464477539,
resnet18,ISIC_0014787,ensemble,model_parameter_randomisation,,nan
resnet18,ISIC_0014787,ensemble,random_logit,0.5521801810340384,
resnet18,ISIC_0014787,ensemble,completeness,,nan
resnet18,ISIC_0014787,ensemble,non_sensitivity,,nan
squeezenet,ISIC_0014787,ensemble,faithfulness_correlation,0.11331865191459656,
squeezenet,ISIC_0014787,ensemble,pixel_flipping,217.43402099609375,
squeezenet,ISIC_0014787,ensemble,max_sensitivity,1.1124337911605835,
squeezenet,ISIC_0014787,ensemble,avg_sensitivity,1.0962847590446472,
squeezenet,ISIC_0014787,ensemble,relevance_mass_accuracy,0.846988320350647,
squeezenet,ISIC_0014787,ensemble,pointing_game,1.0,
squeezenet,ISIC_0014787,ensemble,sparseness,0.5226511956444929,
squeezenet,ISIC_0014787,ensemble,complexity,11.43637466430664,
squeezenet,ISIC_0014787,ensemble,model_parameter_randomisation,,nan
squeezenet,ISIC_0014787,ensemble,random_logit,0.6909414776347325,
squeezenet,ISIC_0014787,ensemble,completeness,,nan
squeezenet,ISIC_0014787,ensemble,non_sensitivity,,nan
resnet18,ISIC_0014792,ensemble,faithfulness_correlation,-0.11411473155021667,
resnet18,ISIC_0014792,ensemble,pixel_flipping,536.9515380859375,
resnet18,ISIC_0014792,ensemble,max_sensitivity,0.9599048495292664,
resnet18,ISIC_0014792,ensemble,avg_sensitivity,0.9483222782611846,
resnet18,ISIC_0014792,ensemble,relevance_mass_accuracy,0.08083626627922058,
resnet18,ISIC_0014792,ensemble,pointing_game,0.0,
resnet18,ISIC_0014792,ensemble,sparseness,0.4878246355791428,
resnet18,ISIC_0014792,ensemble,complexity,11.48629093170166,
resnet18,ISIC_0014792,ensemble,model_parameter_randomisation,,nan
resnet18,ISIC_0014792,ensemble,random_logit,0.5794789365756233,
resnet18,ISIC_0014792,ensemble,completeness,,nan
resnet18,ISIC_0014792,ensemble,non_sensitivity,,nan
squeezenet,ISIC_0014792,ensemble,faithfulness_correlation,0.08145766705274582,
squeezenet,ISIC_0014792,ensemble,pixel_flipping,54.712825775146484,
squeezenet,ISIC_0014792,ensemble,max_sensitivity,1.0441938638687134,
squeezenet,ISIC_0014792,ensemble,avg_sensitivity,1.009650194644928,
squeezenet,ISIC_0014792,ensemble,relevance_mass_accuracy,0.12166783958673477,
squeezenet,ISIC_0014792,ensemble,pointing_game,1.0,
squeezenet,ISIC_0014792,ensemble,sparseness,0.587780411540211,
squeezenet,ISIC_0014792,ensemble,complexity,11.23930549621582,
squeezenet,ISIC_0014792,ensemble,model_parameter_randomisation,,nan
squeezenet,ISIC_0014792,ensemble,random_logit,0.6316938243849403,
squeezenet,ISIC_0014792,ensemble,completeness,,nan
squeezenet,ISIC_0014792,ensemble,non_sensitivity,,nan
resnet18,ISIC_0014796,ensemble,faithfulness_correlation,-0.21220026910305023,
resnet18,ISIC_0014796,ensemble,pixel_flipping,570.4434814453125,
resnet18,ISIC_0014796,ensemble,max_sensitivity,0.9778726696968079,
resnet18,ISIC_0014796,ensemble,avg_sensitivity,0.9644508600234986,
resnet18,ISIC_0014796,ensemble,relevance_mass_accuracy,0.24237582087516785,
resnet18,ISIC_0014796,ensemble,pointing_game,1.0,
resnet18,ISIC_0014796,ensemble,sparseness,0.4927714450093836,
resnet18,ISIC_0014796,ensemble,complexity,11.485759735107422,
resnet18,ISIC_0014796,ensemble,model_parameter_randomisation,,nan
resnet18,ISIC_0014796,ensemble,random_logit,0.6236045558931589,
resnet18,ISIC_0014796,ensemble,completeness,,nan
resnet18,ISIC_0014796,ensemble,non_sensitivity,,nan
squeezenet,ISIC_0014796,ensemble,faithfulness_correlation,0.06215381249785423,
squeezenet,ISIC_0014796,ensemble,pixel_flipping,300.689453125,
squeezenet,ISIC_0014796,ensemble,max_sensitivity,1.0551248788833618,
squeezenet,ISIC_0014796,ensemble,avg_sensitivity,1.0400522112846375,
squeezenet,ISIC_0014796,ensemble,relevance_mass_accuracy,0.41390424966812134,
squeezenet,ISIC_0014796,ensemble,pointing_game,1.0,
squeezenet,ISIC_0014796,ensemble,sparseness,0.6476419906730863,
squeezenet,ISIC_0014796,ensemble,complexity,11.109851837158203,
squeezenet,ISIC_0014796,ensemble,model_parameter_randomisation,,nan
squeezenet,ISIC_0014796,ensemble,random_logit,0.7847340186514904,
squeezenet,ISIC_0014796,ensemble,completeness,,nan
squeezenet,ISIC_0014796,ensemble,non_sensitivity,,nan
resnet18,ISIC_0014798,ensemble,faithfulness_correlation,0.11035260558128357,
resnet18,ISIC_0014798,ensemble,pixel_flipping,611.9619140625,
resnet18,ISIC_0014798,ensemble,max_sensitivity,0.9565412402153015,
resnet18,ISIC_0014798,ensemble,avg_sensitivity,0.9424816608428955,
resnet18,ISIC_0014798,ensemble,relevance_mass_accuracy,0.5026037096977234,
resnet18,ISIC_0014798,ensemble,pointing_game,0.0,
resnet18,ISIC_0014798,ensemble,sparseness,0.4619433815355022,
resnet18,ISIC_0014798,ensemble,complexity,11.555156707763672,
resnet18,ISIC_0014798,ensemble,model_parameter_randomisation,,nan
resnet18,ISIC_0014798,ensemble,random_logit,0.39557248076088736,
resnet18,ISIC_0014798,ensemble,completeness,,nan
resnet18,ISIC_0014798,ensemble,non_sensitivity,,nan
squeezenet,ISIC_0014798,ensemble,faithfulness_correlation,0.12160832434892654,
squeezenet,ISIC_0014798,ensemble,pixel_flipping,317.97247314453125,
squeezenet,ISIC_0014798,ensemble,max_sensitivity,0.9930608868598938,
squeezenet,ISIC_0014798,ensemble,avg_sensitivity,0.9665443241596222,
squeezenet,ISIC_0014798,ensemble,relevance_mass_accuracy,0.7615742087364197,
squeezenet,ISIC_0014798,ensemble,pointing_game,1.0,
squeezenet,ISIC_0014798,ensemble,sparseness,0.5973762634382948,
squeezenet,ISIC_0014798,ensemble,complexity,11.266379356384277,
squeezenet,ISIC_0014798,ensemble,model_parameter_randomisation,,nan
squeezenet,ISIC_0014798,ensemble,random_logit,0.8288573790911472,
squeezenet,ISIC_0014798,ensemble,completeness,,nan
squeezenet,ISIC_0014798,ensemble,non_sensitivity,,nan
resnet18,ISIC_0014807,ensemble,faithfulness_correlation,0.014719736762344837,
resnet18,ISIC_0014807,ensemble,pixel_flipping,629.2620849609375,
resnet18,ISIC_0014807,ensemble,max_sensitivity,0.9966545701026917,
resnet18,ISIC_0014807,ensemble,avg_sensitivity,0.9930518090724945,
resnet18,ISIC_0014807,ensemble,relevance_mass_accuracy,0.7133946418762207,
resnet18,ISIC_0014807,ensemble,pointing_game,0.0,
resnet18,ISIC_0014807,ensemble,sparseness,0.41717610816307116,
resnet18,ISIC_0014807,ensemble,complexity,11.617450714111328,
resnet18,ISIC_0014807,ensemble,model_parameter_randomisation,,nan
resnet18,ISIC_0014807,ensemble,random_logit,0.4643232041236563,
resnet18,ISIC_0014807,ensemble,completeness,,nan
resnet18,ISIC_0014807,ensemble,non_sensitivity,,nan
squeezenet,ISIC_0014807,ensemble,faithfulness_correlation,-0.03741312026977539,
squeezenet,ISIC_0014807,ensemble,pixel_flipping,268.137939453125,
squeezenet,ISIC_0014807,ensemble,max_sensitivity,1.0595639944076538,
squeezenet,ISIC_0014807,ensemble,avg_sensitivity,1.03350772857666,
squeezenet,ISIC_0014807,ensemble,relevance_mass_accuracy,0.7671148777008057,
squeezenet,ISIC_0014807,ensemble,pointing_game,1.0,
squeezenet,ISIC_0014807,ensemble,sparseness,0.5292282672823236,
squeezenet,ISIC_0014807,ensemble,complexity,11.422318458557129,
squeezenet,ISIC_0014807,ensemble,model_parameter_randomisation,,nan
squeezenet,ISIC_0014807,ensemble,random_logit,0.7530273919863822,
squeezenet,ISIC_0014807,ensemble,completeness,,nan
squeezenet,ISIC_0014807,ensemble,non_sensitivity,,nan
resnet18,ISIC_0014814,ensemble,faithfulness_correlation,0.08327026665210724,
resnet18,ISIC_0014814,ensemble,pixel_flipping,613.0809326171875,
resnet18,ISIC_0014814,ensemble,max_sensitivity,0.9922069311141968,
resnet18,ISIC_0014814,ensemble,avg_sensitivity,0.9873914003372193,
resnet18,ISIC_0014814,ensemble,relevance_mass_accuracy,0.29809269309043884,
resnet18,ISIC_0014814,ensemble,pointing_game,1.0,
resnet18,ISIC_0014814,ensemble,sparseness,0.48896740368390457,
resnet18,ISIC_0014814,ensemble,complexity,11.506264686584473,
resnet18,ISIC_0014814,ensemble,model_parameter_randomisation,,nan
resnet18,ISIC_0014814,ensemble,random_logit,0.5024953581580466,
resnet18,ISIC_0014814,ensemble,completeness,,nan
resnet18,ISIC_0014814,ensemble,non_sensitivity,,nan
squeezenet,ISIC_0014814,ensemble,faithfulness_correlation,0.04619776830077171,
squeezenet,ISIC_0014814,ensemble,pixel_flipping,323.4771728515625,
squeezenet,ISIC_0014814,ensemble,max_sensitivity,1.0783194303512573,
squeezenet,ISIC_0014814,ensemble,avg_sensitivity,1.0723599433898925,
squeezenet,ISIC_0014814,ensemble,relevance_mass_accuracy,0.46768060326576233,
squeezenet,ISIC_0014814,ensemble,pointing_game,1.0,
squeezenet,ISIC_0014814,ensemble,sparseness,0.6238973224702202,
squeezenet,ISIC_0014814,ensemble,complexity,11.194836616516113,
squeezenet,ISIC_0014814,ensemble,model_parameter_randomisation,,nan
squeezenet,ISIC_0014814,ensemble,random_logit,0.83166750763514,
squeezenet,ISIC_0014814,ensemble,completeness,,nan
squeezenet,ISIC_0014814,ensemble,non_sensitivity,,nan
resnet18,ISIC_0014815,ensemble,faithfulness_correlation,0.20221278071403503,
resnet18,ISIC_0014815,ensemble,pixel_flipping,590.966064453125,
resnet18,ISIC_0014815,ensemble,max_sensitivity,1.0347718000411987,
resnet18,ISIC_0014815,ensemble,avg_sensitivity,1.028045928478241,
resnet18,ISIC_0014815,ensemble,relevance_mass_accuracy,0.40238988399505615,
resnet18,ISIC_0014815,ensemble,pointing_game,1.0,
resnet18,ISIC_0014815,ensemble,sparseness,0.5185508098489822,
resnet18,ISIC_0014815,ensemble,complexity,11.44922924041748,
resnet18,ISIC_0014815,ensemble,model_parameter_randomisation,,nan
resnet18,ISIC_0014815,ensemble,random_logit,0.5492569308113167,
resnet18,ISIC_0014815,ensemble,completeness,,nan
resnet18,ISIC_0014815,ensemble,non_sensitivity,,nan
squeezenet,ISIC_0014815,ensemble,faithfulness_correlation,0.1678776890039444,
squeezenet,ISIC_0014815,ensemble,pixel_flipping,291.3065185546875,
squeezenet,ISIC_0014815,ensemble,max_sensitivity,1.0622221231460571,
squeezenet,ISIC_0014815,ensemble,avg_sensitivity,1.0483418345451354,
squeezenet,ISIC_0014815,ensemble,relevance_mass_accuracy,0.6438007950782776,
squeezenet,ISIC_0014815,ensemble,pointing_game,1.0,
squeezenet,ISIC_0014815,ensemble,sparseness,0.6633726286962592,
squeezenet,ISIC_0014815,ensemble,complexity,11.081393241882324,
squeezenet,ISIC_0014815,ensemble,model_parameter_randomisation,,nan
squeezenet,ISIC_0014815,ensemble,random_logit,0.8659234336062583,
squeezenet,ISIC_0014815,ensemble,completeness,,nan
squeezenet,ISIC_0014815,ensemble,non_sensitivity,,nan
resnet18,ISIC_0014820,ensemble,faithfulness_correlation,0.10342984646558762,
resnet18,ISIC_0014820,ensemble,pixel_flipping,630.7528076171875,
resnet18,ISIC_0014820,ensemble,max_sensitivity,0.9766814112663269,
resnet18,ISIC_0014820,ensemble,avg_sensitivity,0.970800930261612,
resnet18,ISIC_0014820,ensemble,relevance_mass_accuracy,0.08911053836345673,
resnet18,ISIC_0014820,ensemble,pointing_game,1.0,
resnet18,ISIC_0014820,ensemble,sparseness,0.49298819581559333,
resnet18,ISIC_0014820,ensemble,complexity,11.494698524475098,
resnet18,ISIC_0014820,ensemble,model_parameter_randomisation,,nan
resnet18,ISIC_0014820,ensemble,random_logit,0.4581136952848769,
resnet18,ISIC_0014820,ensemble,completeness,,nan
resnet18,ISIC_0014820,ensemble,non_sensitivity,,nan
squeezenet,ISIC_0014820,ensemble,faithfulness_correlation,0.029002942144870758,
squeezenet,ISIC_0014820,ensemble,pixel_flipping,314.9503479003906,
squeezenet,ISIC_0014820,ensemble,max_sensitivity,1.0399210453033447,
squeezenet,ISIC_0014820,ensemble,avg_sensitivity,1.0003721833229064,
squeezenet,ISIC_0014820,ensemble,relevance_mass_accuracy,0.15610085427761078,
squeezenet,ISIC_0014820,ensemble,pointing_game,1.0,
squeezenet,ISIC_0014820,ensemble,sparseness,0.5867042753206443,
squeezenet,ISIC_0014820,ensemble,complexity,11.253117561340332,
squeezenet,ISIC_0014820,ensemble,model_parameter_randomisation,,nan
squeezenet,ISIC_0014820,ensemble,random_logit,0.7531978703139928,
squeezenet,ISIC_0014820,ensemble,completeness,,nan
squeezenet,ISIC_0014820,ensemble,non_sensitivity,,nan
resnet18,ISIC_0014822,ensemble,faithfulness_correlation,0.026072178035974503,
resnet18,ISIC_0014822,ensemble,pixel_flipping,623.4559326171875,
resnet18,ISIC_0014822,ensemble,max_sensitivity,0.9603251218795776,
resnet18,ISIC_0014822,ensemble,avg_sensitivity,0.9465584754943848,
resnet18,ISIC_0014822,ensemble,relevance_mass_accuracy,0.5230359435081482,
resnet18,ISIC_0014822,ensemble,pointing_game,1.0,
resnet18,ISIC_0014822,ensemble,sparseness,0.479858338041889,
resnet18,ISIC_0014822,ensemble,complexity,11.521862983703613,
resnet18,ISIC_0014822,ensemble,model_parameter_randomisation,,nan
resnet18,ISIC_0014822,ensemble,random_logit,0.40487885886722264,
resnet18,ISIC_0014822,ensemble,completeness,,nan
resnet18,ISIC_0014822,ensemble,non_sensitivity,,nan
squeezenet,ISIC_0014822,ensemble,faithfulness_correlation,0.1163908913731575,
squeezenet,ISIC_0014822,ensemble,pixel_flipping,251.85227966308594,
squeezenet,ISIC_0014822,ensemble,max_sensitivity,1.0176788568496704,
squeezenet,ISIC_0014822,ensemble,avg_sensitivity,1.0061903119087219,
squeezenet,ISIC_0014822,ensemble,relevance_mass_accuracy,0.6881605386734009,
squeezenet,ISIC_0014822,ensemble,pointing_game,1.0,
squeezenet,ISIC_0014822,ensemble,sparseness,0.628827583320079,
squeezenet,ISIC_0014822,ensemble,complexity,11.174806594848633,
squeezenet,ISIC_0014822,ensemble,model_parameter_randomisation,,nan
squeezenet,ISIC_0014822,ensemble,random_logit,0.8382917565654576,
squeezenet,ISIC_0014822,ensemble,completeness,,nan
squeezenet,ISIC_0014822,ensemble,non_sensitivity,,nan
resnet18,ISIC_0014833,ensemble,faithfulness_correlation,-0.06803568452596664,
resnet18,ISIC_0014833,ensemble,pixel_flipping,33.27067184448242,
resnet18,ISIC_0014833,ensemble,max_sensitivity,1.0615466833114624,
resnet18,ISIC_0014833,ensemble,avg_sensitivity,1.0545957684516907,
resnet18,ISIC_0014833,ensemble,relevance_mass_accuracy,0.891683042049408,
resnet18,ISIC_0014833,ensemble,pointing_game,1.0,
resnet18,ISIC_0014833,ensemble,sparseness,0.4902924397076006,
resnet18,ISIC_0014833,ensemble,complexity,11.491473197937012,
resnet18,ISIC_0014833,ensemble,model_parameter_randomisation,,nan
resnet18,ISIC_0014833,ensemble,random_logit,0.7254696691025829,
resnet18,ISIC_0014833,ensemble,completeness,,nan
resnet18,ISIC_0014833,ensemble,non_sensitivity,,nan
squeezenet,ISIC_0014833,ensemble,faithfulness_correlation,0.02055123820900917,
squeezenet,ISIC_0014833,ensemble,pixel_flipping,28.278085708618164,
squeezenet,ISIC_0014833,ensemble,max_sensitivity,1.1112498044967651,
squeezenet,ISIC_0014833,ensemble,avg_sensitivity,1.093510913848877,
squeezenet,ISIC_0014833,ensemble,relevance_mass_accuracy,0.8689074516296387,
squeezenet,ISIC_0014833,ensemble,pointing_game,1.0,
squeezenet,ISIC_0014833,ensemble,sparseness,0.5124127345945662,
squeezenet,ISIC_0014833,ensemble,complexity,11.438796043395996,
squeezenet,ISIC_0014833,ensemble,model_parameter_randomisation,,nan
squeezenet,ISIC_0014833,ensemble,random_logit,0.5204945745070364,
squeezenet,ISIC_0014833,ensemble,completeness,,nan
squeezenet,ISIC_0014833,ensemble,non_sensitivity,,nan
resnet18,ISIC_0014835,ensemble,faithfulness_correlation,0.08025665581226349,
resnet18,ISIC_0014835,ensemble,pixel_flipping,586.2608642578125,
resnet18,ISIC_0014835,ensemble,max_sensitivity,1.1166419982910156,
resnet18,ISIC_0014835,ensemble,avg_sensitivity,1.0896731734275817,
resnet18,ISIC_0014835,ensemble,relevance_mass_accuracy,0.4865601062774658,
resnet18,ISIC_0014835,ensemble,pointing_game,0.0,
resnet18,ISIC_0014835,ensemble,sparseness,0.5016598138371812,
resnet18,ISIC_0014835,ensemble,complexity,11.477291107177734,
resnet18,ISIC_0014835,ensemble,model_parameter_randomisation,,nan
resnet18,ISIC_0014835,ensemble,random_logit,0.587148282020616,
resnet18,ISIC_0014835,ensemble,completeness,,nan
resnet18,ISIC_0014835,ensemble,non_sensitivity,,nan
squeezenet,ISIC_0014835,ensemble,faithfulness_correlation,-0.024651309475302696,
squeezenet,ISIC_0014835,ensemble,pixel_flipping,263.32354736328125,
squeezenet,ISIC_0014835,ensemble,max_sensitivity,1.1092414855957031,
squeezenet,ISIC_0014835,ensemble,avg_sensitivity,1.0970940113067627,
squeezenet,ISIC_0014835,ensemble,relevance_mass_accuracy,0.7735127210617065,
squeezenet,ISIC_0014835,ensemble,pointing_game,0.0,
squeezenet,ISIC_0014835,ensemble,sparseness,0.5692731092844411,
squeezenet,ISIC_0014835,ensemble,complexity,11.331748962402344,
squeezenet,ISIC_0014835,ensemble,model_parameter_randomisation,,nan
squeezenet,ISIC_0014835,ensemble,random_logit,0.7426308497079639,
squeezenet,ISIC_0014835,ensemble,completeness,,nan
squeezenet,ISIC_0014835,ensemble,non_sensitivity,,nan
resnet18,ISIC_0014844,ensemble,faithfulness_correlation,0.02532758191227913,
resnet18,ISIC_0014844,ensemble,pixel_flipping,596.7496337890625,
resnet18,ISIC_0014844,ensemble,max_sensitivity,1.097832441329956,
resnet18,ISIC_0014844,ensemble,avg_sensitivity,1.0650806069374084,
resnet18,ISIC_0014844,ensemble,relevance_mass_accuracy,0.30086106061935425,
resnet18,ISIC_0014844,ensemble,pointing_game,1.0,
resnet18,ISIC_0014844,ensemble,sparseness,0.5134887762349039,
resnet18,ISIC_0014844,ensemble,complexity,11.450458526611328,
resnet18,ISIC_0014844,ensemble,model_parameter_randomisation,,nan
resnet18,ISIC_0014844,ensemble,random_logit,0.6437303148656354,
resnet18,ISIC_0014844,ensemble,completeness,,nan
resnet18,ISIC_0014844,ensemble,non_sensitivity,,nan
squeezenet,ISIC_0014844,ensemble,faithfulness_correlation,0.19060271978378296,
squeezenet,ISIC_0014844,ensemble,pixel_flipping,232.86143493652344,
squeezenet,ISIC_0014844,ensemble,max_sensitivity,1.0560745000839233,
squeezenet,ISIC_0014844,ensemble,avg_sensitivity,1.0384469389915467,
squeezenet,ISIC_0014844,ensemble,relevance_mass_accuracy,0.48756593465805054,
squeezenet,ISIC_0014844,ensemble,pointing_game,1.0,
squeezenet,ISIC_0014844,ensemble,sparseness,0.6665231206052529,
squeezenet,ISIC_0014844,ensemble,complexity,11.076427459716797,
squeezenet,ISIC_0014844,ensemble,model_parameter_randomisation,,nan
squeezenet,ISIC_0014844,ensemble,random_logit,0.8061127693192172,
squeezenet,ISIC_0014844,ensemble,completeness,,nan
squeezenet,ISIC_0014844,ensemble,non_sensitivity,,nan
resnet18,ISIC_0014853,ensemble,faithfulness_correlation,-0.017938479781150818,
resnet18,ISIC_0014853,ensemble,pixel_flipping,606.9124755859375,
resnet18,ISIC_0014853,ensemble,max_sensitivity,0.9821714162826538,
resnet18,ISIC_0014853,ensemble,avg_sensitivity,0.9708554208278656,
resnet18,ISIC_0014853,ensemble,relevance_mass_accuracy,0.1657353937625885,
resnet18,ISIC_0014853,ensemble,pointing_game,1.0,
resnet18,ISIC_0014853,ensemble,sparseness,0.49606040397115864,
resnet18,ISIC_0014853,ensemble,complexity,11.495414733886719,
resnet18,ISIC_0014853,ensemble,model_parameter_randomisation,,nan
resnet18,ISIC_0014853,ensemble,random_logit,0.4354842998252294,
resnet18,ISIC_0014853,ensemble,completeness,,nan
resnet18,ISIC_0014853,ensemble,non_sensitivity,,nan
squeezenet,ISIC_0014853,ensemble,faithfulness_correlation,0.25234127044677734,
squeezenet,ISIC_0014853,ensemble,pixel_flipping,299.6143798828125,
squeezenet,ISIC_0014853,ensemble,max_sensitivity,1.0306270122528076,
squeezenet,ISIC_0014853,ensemble,avg_sensitivity,1.0145543098449707,
squeezenet,ISIC_0014853,ensemble,relevance_mass_accuracy,0.32563450932502747,
squeezenet,ISIC_0014853,ensemble,pointing_game,0.0,
squeezenet,ISIC_0014853,ensemble,sparseness,0.6328517962766202,
squeezenet,ISIC_0014853,ensemble,complexity,11.168421745300293,
squeezenet,ISIC_0014853,ensemble,model_parameter_randomisation,,nan
squeezenet,ISIC_0014853,ensemble,random_logit,0.8536312492755945,
squeezenet,ISIC_0014853,ensemble,completeness,,nan
squeezenet,ISIC_0014853,ensemble,non_sensitivity,,nan
resnet18,ISIC_0014854,ensemble,faithfulness_correlation,-0.019572105258703232,
resnet18,ISIC_0014854,ensemble,pixel_flipping,590.4154052734375,
resnet18,ISIC_0014854,ensemble,max_sensitivity,0.9889655113220215,
resnet18,ISIC_0014854,ensemble,avg_sensitivity,0.9861677348613739,
resnet18,ISIC_0014854,ensemble,relevance_mass_accuracy,0.5973014235496521,
resnet18,ISIC_0014854,ensemble,pointing_game,1.0,
resnet18,ISIC_0014854,ensemble,sparseness,0.44426500829275206,
resnet18,ISIC_0014854,ensemble,complexity,11.578627586364746,
resnet18,ISIC_0014854,ensemble,model_parameter_randomisation,,nan
resnet18,ISIC_0014854,ensemble,random_logit,0.5409130147731758,
resnet18,ISIC_0014854,ensemble,completeness,,nan
resnet18,ISIC_0014854,ensemble,non_sensitivity,,nan
squeezenet,ISIC_0014854,ensemble,faithfulness_correlation,0.09426066279411316,
squeezenet,ISIC_0014854,ensemble,pixel_flipping,254.90211486816406,
squeezenet,ISIC_0014854,ensemble,max_sensitivity,1.075670838356018,
squeezenet,ISIC_0014854,ensemble,avg_sensitivity,1.0557628870010376,
squeezenet,ISIC_0014854,ensemble,relevance_mass_accuracy,0.6280754208564758,
squeezenet,ISIC_0014854,ensemble,pointing_game,0.0,
squeezenet,ISIC_0014854,ensemble,sparseness,0.5299679325101876,
squeezenet,ISIC_0014854,ensemble,complexity,11.417387008666992,
squeezenet,ISIC_0014854,ensemble,model_parameter_randomisation,,nan
squeezenet,ISIC_0014854,ensemble,random_logit,0.6777844515822088,
squeezenet,ISIC_0014854,ensemble,completeness,,nan
squeezenet,ISIC_0014854,ensemble,non_sensitivity,,nan
resnet18,ISIC_0014863,ensemble,faithfulness_correlation,0.202870175242424,
resnet18,ISIC_0014863,ensemble,pixel_flipping,595.0991821289062,
resnet18,ISIC_0014863,ensemble,max_sensitivity,0.986595869064331,
resnet18,ISIC_0014863,ensemble,avg_sensitivity,0.9759180009365082,
resnet18,ISIC_0014863,ensemble,relevance_mass_accuracy,0.31449460983276367,
resnet18,ISIC_0014863,ensemble,pointing_game,0.0,
resnet18,ISIC_0014863,ensemble,sparseness,0.49874893886914884,
resnet18,ISIC_0014863,ensemble,complexity,11.486741065979004,
resnet18,ISIC_0014863,ensemble,model_parameter_randomisation,,nan
resnet18,ISIC_0014863,ensemble,random_logit,0.6060600125128106,
resnet18,ISIC_0014863,ensemble,completeness,,nan
resnet18,ISIC_0014863,ensemble,non_sensitivity,,nan
squeezenet,ISIC_0014863,ensemble,faithfulness_correlation,0.011652277782559395,
squeezenet,ISIC_0014863,ensemble,pixel_flipping,36.45101547241211,
squeezenet,ISIC_0014863,ensemble,max_sensitivity,1.0807746648788452,
squeezenet,ISIC_0014863,ensemble,avg_sensitivity,1.0444639801979065,
squeezenet,ISIC_0014863,ensemble,relevance_mass_accuracy,0.34465840458869934,
squeezenet,ISIC_0014863,ensemble,pointing_game,1.0,
squeezenet,ISIC_0014863,ensemble,sparseness,0.62662272102007,
squeezenet,ISIC_0014863,ensemble,complexity,11.178791046142578,
squeezenet,ISIC_0014863,ensemble,model_parameter_randomisation,,nan
squeezenet,ISIC_0014863,ensemble,random_logit,0.6607828736632266,
squeezenet,ISIC_0014863,ensemble,completeness,,nan
squeezenet,ISIC_0014863,ensemble,non_sensitivity,,nan
resnet18,ISIC_0014876,ensemble,faithfulness_correlation,0.10231509804725647,
resnet18,ISIC_0014876,ensemble,pixel_flipping,602.9979248046875,
resnet18,ISIC_0014876,ensemble,max_sensitivity,0.9575085043907166,
resnet18,ISIC_0014876,ensemble,avg_sensitivity,0.9515766978263855,
resnet18,ISIC_0014876,ensemble,relevance_mass_accuracy,0.5139291286468506,
resnet18,ISIC_0014876,ensemble,pointing_game,1.0,
resnet18,ISIC_0014876,ensemble,sparseness,0.4247444261674163,
resnet18,ISIC_0014876,ensemble,complexity,11.598957061767578,
resnet18,ISIC_0014876,ensemble,model_parameter_randomisation,,nan
resnet18,ISIC_0014876,ensemble,random_logit,0.6404782338855233,
resnet18,ISIC_0014876,ensemble,completeness,,nan
resnet18,ISIC_0014876,ensemble,non_sensitivity,,nan
squeezenet,ISIC_0014876,ensemble,faithfulness_correlation,-0.03935069590806961,
squeezenet,ISIC_0014876,ensemble,pixel_flipping,312.2803039550781,
squeezenet,ISIC_0014876,ensemble,max_sensitivity,1.0595015287399292,
squeezenet,ISIC_0014876,ensemble,avg_sensitivity,1.0328903555870057,
squeezenet,ISIC_0014876,ensemble,relevance_mass_accuracy,0.7088584899902344,
squeezenet,ISIC_0014876,ensemble,pointing_game,1.0,
squeezenet,ISIC_0014876,ensemble,sparseness,0.5634214449111743,
squeezenet,ISIC_0014876,ensemble,complexity,11.332755088806152,
squeezenet,ISIC_0014876,ensemble,model_parameter_randomisation,,nan
squeezenet,ISIC_0014876,ensemble,random_logit,0.7360545899282425,
squeezenet,ISIC_0014876,ensemble,completeness,,nan
squeezenet,ISIC_0014876,ensemble,non_sensitivity,,nan
resnet18,ISIC_0014879,ensemble,faithfulness_correlation,0.11440840363502502,
resnet18,ISIC_0014879,ensemble,pixel_flipping,623.2940673828125,
resnet18,ISIC_0014879,ensemble,max_sensitivity,0.995095431804657,
resnet18,ISIC_0014879,ensemble,avg_sensitivity,0.977864533662796,
resnet18,ISIC_0014879,ensemble,relevance_mass_accuracy,0.05291248857975006,
resnet18,ISIC_0014879,ensemble,pointing_game,0.0,
resnet18,ISIC_0014879,ensemble,sparseness,0.5012635766695561,
resnet18,ISIC_0014879,ensemble,complexity,11.480610847473145,
resnet18,ISIC_0014879,ensemble,model_parameter_randomisation,,nan
resnet18,ISIC_0014879,ensemble,random_logit,0.6709804358750541,
resnet18,ISIC_0014879,ensemble,completeness,,nan
resnet18,ISIC_0014879,ensemble,non_sensitivity,,nan
squeezenet,ISIC_0014879,ensemble,faithfulness_correlation,0.00948490109294653,
squeezenet,ISIC_0014879,ensemble,pixel_flipping,255.64349365234375,
squeezenet,ISIC_0014879,ensemble,max_sensitivity,1.062924861907959,
squeezenet,ISIC_0014879,ensemble,avg_sensitivity,1.051213836669922,
squeezenet,ISIC_0014879,ensemble,relevance_mass_accuracy,0.14791910350322723,
squeezenet,ISIC_0014879,ensemble,pointing_game,1.0,
squeezenet,ISIC_0014879,ensemble,sparseness,0.6401423442956834,
squeezenet,ISIC_0014879,ensemble,complexity,11.113362312316895,
squeezenet,ISIC_0014879,ensemble,model_parameter_randomisation,,nan
squeezenet,ISIC_0014879,ensemble,random_logit,0.5972937807960187,
squeezenet,ISIC_0014879,ensemble,completeness,,nan
squeezenet,ISIC_0014879,ensemble,non_sensitivity,,nan
resnet18,ISIC_0014901,ensemble,faithfulness_correlation,-0.032197076827287674,
resnet18,ISIC_0014901,ensemble,pixel_flipping,570.293212890625,
resnet18,ISIC_0014901,ensemble,max_sensitivity,0.9555683732032776,
resnet18,ISIC_0014901,ensemble,avg_sensitivity,0.9365671753883362,
resnet18,ISIC_0014901,ensemble,relevance_mass_accuracy,0.385891318321228,
resnet18,ISIC_0014901,ensemble,pointing_game,0.0,
resnet18,ISIC_0014901,ensemble,sparseness,0.5001684252932803,
resnet18,ISIC_0014901,ensemble,complexity,11.479854583740234,
resnet18,ISIC_0014901,ensemble,model_parameter_randomisation,,nan
resnet18,ISIC_0014901,ensemble,random_logit,0.7953105070710463,
resnet18,ISIC_0014901,ensemble,completeness,,nan
resnet18,ISIC_0014901,ensemble,non_sensitivity,,nan
squeezenet,ISIC_0014901,ensemble,faithfulness_correlation,0.29792529344558716,
squeezenet,ISIC_0014901,ensemble,pixel_flipping,338.57080078125,
squeezenet,ISIC_0014901,ensemble,max_sensitivity,1.0414447784423828,
squeezenet,ISIC_0014901,ensemble,avg_sensitivity,1.028339958190918,
squeezenet,ISIC_0014901,ensemble,relevance_mass_accuracy,0.530271589756012,
squeezenet,ISIC_0014901,ensemble,pointing_game,1.0,
squeezenet,ISIC_0014901,ensemble,sparseness,0.6404150232803693,
squeezenet,ISIC_0014901,ensemble,complexity,11.144434928894043,
squeezenet,ISIC_0014901,ensemble,model_parameter_randomisation,,nan
squeezenet,ISIC_0014901,ensemble,random_logit,0.8553848820200287,
squeezenet,ISIC_0014901,ensemble,completeness,,nan
squeezenet,ISIC_0014901,ensemble,non_sensitivity,,nan
resnet18,ISIC_0014907,ensemble,faithfulness_correlation,-0.10582812130451202,
resnet18,ISIC_0014907,ensemble,pixel_flipping,591.7579345703125,
resnet18,ISIC_0014907,ensemble,max_sensitivity,0.9448610544204712,
resnet18,ISIC_0014907,ensemble,avg_sensitivity,0.9326517641544342,
resnet18,ISIC_0014907,ensemble,relevance_mass_accuracy,0.2168056219816208,
resnet18,ISIC_0014907,ensemble,pointing_game,0.0,
resnet18,ISIC_0014907,ensemble,sparseness,0.419941457196741,
resnet18,ISIC_0014907,ensemble,complexity,11.6071138381958,
resnet18,ISIC_0014907,ensemble,model_parameter_randomisation,,nan
resnet18,ISIC_0014907,ensemble,random_logit,0.6035001971794026,
resnet18,ISIC_0014907,ensemble,completeness,,nan
resnet18,ISIC_0014907,ensemble,non_sensitivity,,nan
squeezenet,ISIC_0014907,ensemble,faithfulness_correlation,0.16219323873519897,
squeezenet,ISIC_0014907,ensemble,pixel_flipping,273.76422119140625,
squeezenet,ISIC_0014907,ensemble,max_sensitivity,1.007163643836975,
squeezenet,ISIC_0014907,ensemble,avg_sensitivity,0.9914088249206543,
squeezenet,ISIC_0014907,ensemble,relevance_mass_accuracy,0.7609612941741943,
squeezenet,ISIC_0014907,ensemble,pointing_game,1.0,
squeezenet,ISIC_0014907,ensemble,sparseness,0.6662396194375042,
squeezenet,ISIC_0014907,ensemble,complexity,11.019657135009766,
squeezenet,ISIC_0014907,ensemble,model_parameter_randomisation,,nan
squeezenet,ISIC_0014907,ensemble,random_logit,0.7973447934237841,
squeezenet,ISIC_0014907,ensemble,completeness,,nan
squeezenet,ISIC_0014907,ensemble,non_sensitivity,,nan
resnet18,ISIC_0014910,ensemble,faithfulness_correlation,0.006592957302927971,
resnet18,ISIC_0014910,ensemble,pixel_flipping,571.155517578125,
resnet18,ISIC_0014910,ensemble,max_sensitivity,1.0283517837524414,
resnet18,ISIC_0014910,ensemble,avg_sensitivity,1.0163460493087768,
resnet18,ISIC_0014910,ensemble,relevance_mass_accuracy,0.6055630445480347,
resnet18,ISIC_0014910,ensemble,pointing_game,1.0,
resnet18,ISIC_0014910,ensemble,sparseness,0.44775530349788883,
resnet18,ISIC_0014910,ensemble,complexity,11.573400497436523,
resnet18,ISIC_0014910,ensemble,model_parameter_randomisation,,nan
resnet18,ISIC_0014910,ensemble,random_logit,0.467994960704079,
resnet18,ISIC_0014910,ensemble,completeness,,nan
resnet18,ISIC_0014910,ensemble,non_sensitivity,,nan
squeezenet,ISIC_0014910,ensemble,faithfulness_correlation,0.22967961430549622,
squeezenet,ISIC_0014910,ensemble,pixel_flipping,232.430908203125,
squeezenet,ISIC_0014910,ensemble,max_sensitivity,1.1119235754013062,
squeezenet,ISIC_0014910,ensemble,avg_sensitivity,1.0943551898002624,
squeezenet,ISIC_0014910,ensemble,relevance_mass_accuracy,0.744461715221405,
squeezenet,ISIC_0014910,ensemble,pointing_game,1.0,
squeezenet,ISIC_0014910,ensemble,sparseness,0.5707434552376234,
squeezenet,ISIC_0014910,ensemble,complexity,11.334647178649902,
squeezenet,ISIC_0014910,ensemble,model_parameter_randomisation,,nan
squeezenet,ISIC_0014910,ensemble,random_logit,0.7238868904787722,
squeezenet,ISIC_0014910,ensemble,completeness,,nan
squeezenet,ISIC_0014910,ensemble,non_sensitivity,,nan
resnet18,ISIC_0014921,ensemble,faithfulness_correlation,0.1336999237537384,
resnet18,ISIC_0014921,ensemble,pixel_flipping,594.3467407226562,
resnet18,ISIC_0014921,ensemble,max_sensitivity,0.9926733374595642,
resnet18,ISIC_0014921,ensemble,avg_sensitivity,0.972745269536972,
resnet18,ISIC_0014921,ensemble,relevance_mass_accuracy,0.362620085477829,
resnet18,ISIC_0014921,ensemble,pointing_game,0.0,
resnet18,ISIC_0014921,ensemble,sparseness,0.46016154690914585,
resnet18,ISIC_0014921,ensemble,complexity,11.556611061096191,
resnet18,ISIC_0014921,ensemble,model_parameter_randomisation,,nan
resnet18,ISIC_0014921,ensemble,random_logit,0.45593637822820077,
resnet18,ISIC_0014921,ensemble,completeness,,nan
resnet18,ISIC_0014921,ensemble,non_sensitivity,,nan
squeezenet,ISIC_0014921,ensemble,faithfulness_correlation,0.09544167667627335,
squeezenet,ISIC_0014921,ensemble,pixel_flipping,299.0050048828125,
squeezenet,ISIC_0014921,ensemble,max_sensitivity,1.044272780418396,
squeezenet,ISIC_0014921,ensemble,avg_sensitivity,1.0358380794525146,
squeezenet,ISIC_0014921,ensemble,relevance_mass_accuracy,0.4204687476158142,
squeezenet,ISIC_0014921,ensemble,pointing_game,1.0,
squeezenet,ISIC_0014921,ensemble,sparseness,0.5656733780128033,
squeezenet,ISIC_0014921,ensemble,complexity,11.34721565246582,
squeezenet,ISIC_0014921,ensemble,model_parameter_randomisation,,nan
squeezenet,ISIC_0014921,ensemble,random_logit,0.8133118497286794,
squeezenet,ISIC_0014921,ensemble,completeness,,nan
squeezenet,ISIC_0014921,ensemble,non_sensitivity,,nan
resnet18,ISIC_0014927,ensemble,faithfulness_correlation,0.04448731616139412,
resnet18,ISIC_0014927,ensemble,pixel_flipping,603.34814453125,
resnet18,ISIC_0014927,ensemble,max_sensitivity,0.953740119934082,
resnet18,ISIC_0014927,ensemble,avg_sensitivity,0.929365599155426,
resnet18,ISIC_0014927,ensemble,relevance_mass_accuracy,0.60013347864151,
resnet18,ISIC_0014927,ensemble,pointing_game,1.0,
resnet18,ISIC_0014927,ensemble,sparseness,0.4138611571178122,
resnet18,ISIC_0014927,ensemble,complexity,11.621939659118652,
resnet18,ISIC_0014927,ensemble,model_parameter_randomisation,,nan
resnet18,ISIC_0014927,ensemble,random_logit,0.5252336945345643,
resnet18,ISIC_0014927,ensemble,completeness,,nan
resnet18,ISIC_0014927,ensemble,non_sensitivity,,nan
squeezenet,ISIC_0014927,ensemble,faithfulness_correlation,0.19922278821468353,
squeezenet,ISIC_0014927,ensemble,pixel_flipping,445.9498291015625,
squeezenet,ISIC_0014927,ensemble,max_sensitivity,1.0262607336044312,
squeezenet,ISIC_0014927,ensemble,avg_sensitivity,1.0130365371704102,
squeezenet,ISIC_0014927,ensemble,relevance_mass_accuracy,0.5224411487579346,
squeezenet,ISIC_0014927,ensemble,pointing_game,0.0,
squeezenet,ISIC_0014927,ensemble,sparseness,0.5388792793374871,
squeezenet,ISIC_0014927,ensemble,complexity,11.40074348449707,
squeezenet,ISIC_0014927,ensemble,model_parameter_randomisation,,nan
squeezenet,ISIC_0014927,ensemble,random_logit,0.7551459497745227,
squeezenet,ISIC_0014927,ensemble,completeness,,nan
squeezenet,ISIC_0014927,ensemble,non_sensitivity,,nan
resnet18,ISIC_0014938,ensemble,faithfulness_correlation,0.13155891001224518,
resnet18,ISIC_0014938,ensemble,pixel_flipping,576.9976806640625,
resnet18,ISIC_0014938,ensemble,max_sensitivity,1.0008647441864014,
resnet18,ISIC_0014938,ensemble,avg_sensitivity,0.9840216517448426,
resnet18,ISIC_0014938,ensemble,relevance_mass_accuracy,0.36466240882873535,
resnet18,ISIC_0014938,ensemble,pointing_game,0.0,
resnet18,ISIC_0014938,ensemble,sparseness,0.4987698443111284,
resnet18,ISIC_0014938,ensemble,complexity,11.489011764526367,
resnet18,ISIC_0014938,ensemble,model_parameter_randomisation,,nan
resnet18,ISIC_0014938,ensemble,random_logit,0.5851237892089177,
resnet18,ISIC_0014938,ensemble,completeness,,nan
resnet18,ISIC_0014938,ensemble,non_sensitivity,,nan
squeezenet,ISIC_0014938,ensemble,faithfulness_correlation,0.14710046350955963,
squeezenet,ISIC_0014938,ensemble,pixel_flipping,331.4301452636719,
squeezenet,ISIC_0014938,ensemble,max_sensitivity,1.0638614892959595,
squeezenet,ISIC_0014938,ensemble,avg_sensitivity,1.0446490406990052,
squeezenet,ISIC_0014938,ensemble,relevance_mass_accuracy,0.465230792760849,
squeezenet,ISIC_0014938,ensemble,pointing_game,0.0,
squeezenet,ISIC_0014938,ensemble,sparseness,0.5925386245636377,
squeezenet,ISIC_0014938,ensemble,complexity,11.278191566467285,
squeezenet,ISIC_0014938,ensemble,model_parameter_randomisation,,nan
squeezenet,ISIC_0014938,ensemble,random_logit,0.8087758470192491,
squeezenet,ISIC_0014938,ensemble,completeness,,nan
squeezenet,ISIC_0014938,ensemble,non_sensitivity,,nan
resnet18,ISIC_0014940,ensemble,faithfulness_correlation,0.05538865551352501,
resnet18,ISIC_0014940,ensemble,pixel_flipping,605.4180908203125,
resnet18,ISIC_0014940,ensemble,max_sensitivity,1.0214707851409912,
resnet18,ISIC_0014940,ensemble,avg_sensitivity,1.0053797304630279,
resnet18,ISIC_0014940,ensemble,relevance_mass_accuracy,0.3814290165901184,
resnet18,ISIC_0014940,ensemble,pointing_game,0.0,
resnet18,ISIC_0014940,ensemble,sparseness,0.47059492757021854,
resnet18,ISIC_0014940,ensemble,complexity,11.537090301513672,
resnet18,ISIC_0014940,ensemble,model_parameter_randomisation,,nan
resnet18,ISIC_0014940,ensemble,random_logit,0.5079948777527998,
resnet18,ISIC_0014940,ensemble,completeness,,nan
resnet18,ISIC_0014940,ensemble,non_sensitivity,,nan
squeezenet,ISIC_0014940,ensemble,faithfulness_correlation,0.30280032753944397,
squeezenet,ISIC_0014940,ensemble,pixel_flipping,392.6490173339844,
squeezenet,ISIC_0014940,ensemble,max_sensitivity,1.125827431678772,
squeezenet,ISIC_0014940,ensemble,avg_sensitivity,1.1085643291473388,
squeezenet,ISIC_0014940,ensemble,relevance_mass_accuracy,0.47856318950653076,
squeezenet,ISIC_0014940,ensemble,pointing_game,1.0,
squeezenet,ISIC_0014940,ensemble,sparseness,0.5726808818727454,
squeezenet,ISIC_0014940,ensemble,complexity,11.331002235412598,
squeezenet,ISIC_0014940,ensemble,model_parameter_randomisation,,nan
squeezenet,ISIC_0014940,ensemble,random_logit,0.7378588241018541,
squeezenet,ISIC_0014940,ensemble,completeness,,nan
squeezenet,ISIC_0014940,ensemble,non_sensitivity,,nan
resnet18,ISIC_0014941,ensemble,faithfulness_correlation,0.03746020793914795,
resnet18,ISIC_0014941,ensemble,pixel_flipping,584.8090209960938,
resnet18,ISIC_0014941,ensemble,max_sensitivity,0.9866781830787659,
resnet18,ISIC_0014941,ensemble,avg_sensitivity,0.9826240599155426,
resnet18,ISIC_0014941,ensemble,relevance_mass_accuracy,0.46670663356781006,
resnet18,ISIC_0014941,ensemble,pointing_game,0.0,
resnet18,ISIC_0014941,ensemble,sparseness,0.4557055839940871,
resnet18,ISIC_0014941,ensemble,complexity,11.56121826171875,
resnet18,ISIC_0014941,ensemble,model_parameter_randomisation,,nan
resnet18,ISIC_0014941,ensemble,random_logit,0.4606699099553201,
resnet18,ISIC_0014941,ensemble,completeness,,nan
resnet18,ISIC_0014941,ensemble,non_sensitivity,,nan
squeezenet,ISIC_0014941,ensemble,faithfulness_correlation,0.2812296450138092,
squeezenet,ISIC_0014941,ensemble,pixel_flipping,379.72564697265625,
squeezenet,ISIC_0014941,ensemble,max_sensitivity,1.0564167499542236,
squeezenet,ISIC_0014941,ensemble,avg_sensitivity,1.031855547428131,
squeezenet,ISIC_0014941,ensemble,relevance_mass_accuracy,0.5608372092247009,
squeezenet,ISIC_0014941,ensemble,pointing_game,0.0,
squeezenet,ISIC_0014941,ensemble,sparseness,0.5865428354573854,
squeezenet,ISIC_0014941,ensemble,complexity,11.286495208740234,
squeezenet,ISIC_0014941,ensemble,model_parameter_randomisation,,nan
squeezenet,ISIC_0014941,ensemble,random_logit,0.8987137607888972,
squeezenet,ISIC_0014941,ensemble,completeness,,nan
squeezenet,ISIC_0014941,ensemble,non_sensitivity,,nan
resnet18,ISIC_0014942,ensemble,faithfulness_correlation,0.08862020820379257,
resnet18,ISIC_0014942,ensemble,pixel_flipping,603.62548828125,
resnet18,ISIC_0014942,ensemble,max_sensitivity,0.9942141175270081,
resnet18,ISIC_0014942,ensemble,avg_sensitivity,0.9811326682567596,
resnet18,ISIC_0014942,ensemble,relevance_mass_accuracy,0.22595426440238953,
resnet18,ISIC_0014942,ensemble,pointing_game,0.0,
resnet18,ISIC_0014942,ensemble,sparseness,0.5137521635869579,
resnet18,ISIC_0014942,ensemble,complexity,11.457910537719727,
resnet18,ISIC_0014942,ensemble,model_parameter_randomisation,,nan
resnet18,ISIC_0014942,ensemble,random_logit,0.52974605790861,
resnet18,ISIC_0014942,ensemble,completeness,,nan
resnet18,ISIC_0014942,ensemble,non_sensitivity,,nan
squeezenet,ISIC_0014942,ensemble,faithfulness_correlation,0.2580114006996155,
squeezenet,ISIC_0014942,ensemble,pixel_flipping,331.61468505859375,
squeezenet,ISIC_0014942,ensemble,max_sensitivity,1.0461993217468262,
squeezenet,ISIC_0014942,ensemble,avg_sensitivity,1.028115451335907,
squeezenet,ISIC_0014942,ensemble,relevance_mass_accuracy,0.4979509711265564,
squeezenet,ISIC_0014942,ensemble,pointing_game,1.0,
squeezenet,ISIC_0014942,ensemble,sparseness,0.6559502615245226,
squeezenet,ISIC_0014942,ensemble,complexity,11.071279525756836,
squeezenet,ISIC_0014942,ensemble,model_parameter_randomisation,,nan
squeezenet,ISIC_0014942,ensemble,random_logit,0.83279182173326,
squeezenet,ISIC_0014942,ensemble,completeness,,nan
squeezenet,ISIC_0014942,ensemble,non_sensitivity,,nan
resnet18,ISIC_0014944,ensemble,faithfulness_correlation,0.21432630717754364,
resnet18,ISIC_0014944,ensemble,pixel_flipping,585.679443359375,
resnet18,ISIC_0014944,ensemble,max_sensitivity,1.0581599473953247,
resnet18,ISIC_0014944,ensemble,avg_sensitivity,1.0406957864761353,
resnet18,ISIC_0014944,ensemble,relevance_mass_accuracy,0.23174837231636047,
resnet18,ISIC_0014944,ensemble,pointing_game,0.0,
resnet18,ISIC_0014944,ensemble,sparseness,0.48856485438435576,
resnet18,ISIC_0014944,ensemble,complexity,11.505260467529297,
resnet18,ISIC_0014944,ensemble,model_parameter_randomisation,,nan
resnet18,ISIC_0014944,ensemble,random_logit,0.7446033554793721,
resnet18,ISIC_0014944,ensemble,completeness,,nan
resnet18,ISIC_0014944,ensemble,non_sensitivity,,nan
squeezenet,ISIC_0014944,ensemble,faithfulness_correlation,0.29577651619911194,
squeezenet,ISIC_0014944,ensemble,pixel_flipping,231.56396484375,
squeezenet,ISIC_0014944,ensemble,max_sensitivity,1.0981383323669434,
squeezenet,ISIC_0014944,ensemble,avg_sensitivity,1.0885127067565918,
squeezenet,ISIC_0014944,ensemble,relevance_mass_accuracy,0.3955211341381073,
squeezenet,ISIC_0014944,ensemble,pointing_game,0.0,
squeezenet,ISIC_0014944,ensemble,sparseness,0.6544805765431321,
squeezenet,ISIC_0014944,ensemble,complexity,11.114383697509766,
squeezenet,ISIC_0014944,ensemble,model_parameter_randomisation,,nan
squeezenet,ISIC_0014944,ensemble,random_logit,0.8050651091592034,
squeezenet,ISIC_0014944,ensemble,completeness,,nan
squeezenet,ISIC_0014944,ensemble,non_sensitivity,,nan
resnet18,ISIC_0014947,ensemble,faithfulness_correlation,0.12026059627532959,
resnet18,ISIC_0014947,ensemble,pixel_flipping,587.941162109375,
resnet18,ISIC_0014947,ensemble,max_sensitivity,0.9885199666023254,
resnet18,ISIC_0014947,ensemble,avg_sensitivity,0.9806228458881379,
resnet18,ISIC_0014947,ensemble,relevance_mass_accuracy,0.449813574552536,
resnet18,ISIC_0014947,ensemble,pointing_game,0.0,
resnet18,ISIC_0014947,ensemble,sparseness,0.5027817897163646,
resnet18,ISIC_0014947,ensemble,complexity,11.482813835144043,
resnet18,ISIC_0014947,ensemble,model_parameter_randomisation,,nan
resnet18,ISIC_0014947,ensemble,random_logit,0.46225188553320734,
resnet18,ISIC_0014947,ensemble,completeness,,nan
resnet18,ISIC_0014947,ensemble,non_sensitivity,,nan
squeezenet,ISIC_0014947,ensemble,faithfulness_correlation,-0.014291263185441494,
squeezenet,ISIC_0014947,ensemble,pixel_flipping,283.1668701171875,
squeezenet,ISIC_0014947,ensemble,max_sensitivity,1.0402759313583374,
squeezenet,ISIC_0014947,ensemble,avg_sensitivity,1.0247291326522827,
squeezenet,ISIC_0014947,ensemble,relevance_mass_accuracy,0.5193127989768982,
squeezenet,ISIC_0014947,ensemble,pointing_game,1.0,
squeezenet,ISIC_0014947,ensemble,sparseness,0.6054320916138702,
squeezenet,ISIC_0014947,ensemble,complexity,11.243050575256348,
squeezenet,ISIC_0014947,ensemble,model_parameter_randomisation,,nan
squeezenet,ISIC_0014947,ensemble,random_logit,0.68955755400023,
squeezenet,ISIC_0014947,ensemble,completeness,,nan
squeezenet,ISIC_0014947,ensemble,non_sensitivity,,nan
resnet18,ISIC_0014948,ensemble,faithfulness_correlation,0.07112984359264374,
resnet18,ISIC_0014948,ensemble,pixel_flipping,100.68077087402344,
resnet18,ISIC_0014948,ensemble,max_sensitivity,1.04358971118927,
resnet18,ISIC_0014948,ensemble,avg_sensitivity,0.9854896366596222,
resnet18,ISIC_0014948,ensemble,relevance_mass_accuracy,0.8190199136734009,
resnet18,ISIC_0014948,ensemble,pointing_game,1.0,
resnet18,ISIC_0014948,ensemble,sparseness,0.4292922618870701,
resnet18,ISIC_0014948,ensemble,complexity,11.591327667236328,
resnet18,ISIC_0014948,ensemble,model_parameter_randomisation,,nan
resnet18,ISIC_0014948,ensemble,random_logit,0.759963115694765,
resnet18,ISIC_0014948,ensemble,completeness,,nan
resnet18,ISIC_0014948,ensemble,non_sensitivity,,nan
squeezenet,ISIC_0014948,ensemble,faithfulness_correlation,0.19222602248191833,
squeezenet,ISIC_0014948,ensemble,pixel_flipping,168.08688354492188,
squeezenet,ISIC_0014948,ensemble,max_sensitivity,1.0769872665405273,
squeezenet,ISIC_0014948,ensemble,avg_sensitivity,1.0542904019355774,
squeezenet,ISIC_0014948,ensemble,relevance_mass_accuracy,0.9688412547111511,
squeezenet,ISIC_0014948,ensemble,pointing_game,1.0,
squeezenet,ISIC_0014948,ensemble,sparseness,0.5557189352996144,
squeezenet,ISIC_0014948,ensemble,complexity,11.37177562713623,
squeezenet,ISIC_0014948,ensemble,model_parameter_randomisation,,nan
squeezenet,ISIC_0014948,ensemble,random_logit,0.7176902820061813,
squeezenet,ISIC_0014948,ensemble,completeness,,nan
squeezenet,ISIC_0014948,ensemble,non_sensitivity,,nan
resnet18,ISIC_0014949,ensemble,faithfulness_correlation,-0.04186781495809555,
resnet18,ISIC_0014949,ensemble,pixel_flipping,618.22900390625,
resnet18,ISIC_0014949,ensemble,max_sensitivity,1.015434741973877,
resnet18,ISIC_0014949,ensemble,avg_sensitivity,1.010099869966507,
resnet18,ISIC_0014949,ensemble,relevance_mass_accuracy,0.4772631525993347,
resnet18,ISIC_0014949,ensemble,pointing_game,0.0,
resnet18,ISIC_0014949,ensemble,sparseness,0.4564512338282318,
resnet18,ISIC_0014949,ensemble,complexity,11.559103965759277,
resnet18,ISIC_0014949,ensemble,model_parameter_randomisation,,nan
resnet18,ISIC_0014949,ensemble,random_logit,0.6622652312217995,
resnet18,ISIC_0014949,ensemble,completeness,,nan
resnet18,ISIC_0014949,ensemble,non_sensitivity,,nan
squeezenet,ISIC_0014949,ensemble,faithfulness_correlation,0.21456016600131989,
squeezenet,ISIC_0014949,ensemble,pixel_flipping,400.68804931640625,
squeezenet,ISIC_0014949,ensemble,max_sensitivity,1.1174111366271973,
squeezenet,ISIC_0014949,ensemble,avg_sensitivity,1.1046239376068114,
squeezenet,ISIC_0014949,ensemble,relevance_mass_accuracy,0.5685277581214905,
squeezenet,ISIC_0014949,ensemble,pointing_game,1.0,
squeezenet,ISIC_0014949,ensemble,sparseness,0.5701807765242386,
squeezenet,ISIC_0014949,ensemble,complexity,11.333700180053711,
squeezenet,ISIC_0014949,ensemble,model_parameter_randomisation,,nan
squeezenet,ISIC_0014949,ensemble,random_logit,0.824149933573934,
squeezenet,ISIC_0014949,ensemble,completeness,,nan
squeezenet,ISIC_0014949,ensemble,non_sensitivity,,nan
resnet18,ISIC_0014952,ensemble,faithfulness_correlation,0.0010389545932412148,
resnet18,ISIC_0014952,ensemble,pixel_flipping,610.3819580078125,
resnet18,ISIC_0014952,ensemble,max_sensitivity,1.0041866302490234,
resnet18,ISIC_0014952,ensemble,avg_sensitivity,0.9914085328578949,
resnet18,ISIC_0014952,ensemble,relevance_mass_accuracy,0.4916837811470032,
resnet18,ISIC_0014952,ensemble,pointing_game,0.0,
resnet18,ISIC_0014952,ensemble,sparseness,0.445537411016556,
resnet18,ISIC_0014952,ensemble,complexity,11.577754020690918,
resnet18,ISIC_0014952,ensemble,model_parameter_randomisation,,nan
resnet18,ISIC_0014952,ensemble,random_logit,0.5791181377130903,
resnet18,ISIC_0014952,ensemble,completeness,,nan
resnet18,ISIC_0014952,ensemble,non_sensitivity,,nan
squeezenet,ISIC_0014952,ensemble,faithfulness_correlation,0.28258252143859863,
squeezenet,ISIC_0014952,ensemble,pixel_flipping,323.11444091796875,
squeezenet,ISIC_0014952,ensemble,max_sensitivity,1.0726299285888672,
squeezenet,ISIC_0014952,ensemble,avg_sensitivity,1.061560082435608,
squeezenet,ISIC_0014952,ensemble,relevance_mass_accuracy,0.6131578087806702,
squeezenet,ISIC_0014952,ensemble,pointing_game,1.0,
squeezenet,ISIC_0014952,ensemble,sparseness,0.5609969778417572,
squeezenet,ISIC_0014952,ensemble,complexity,11.34589672088623,
squeezenet,ISIC_0014952,ensemble,model_parameter_randomisation,,nan
squeezenet,ISIC_0014952,ensemble,random_logit,0.6837543136227007,
squeezenet,ISIC_0014952,ensemble,completeness,,nan
squeezenet,ISIC_0014952,ensemble,non_sensitivity,,nan
resnet18,ISIC_0014955,ensemble,faithfulness_correlation,0.07288100570440292,
resnet18,ISIC_0014955,ensemble,pixel_flipping,81.96565246582031,
resnet18,ISIC_0014955,ensemble,max_sensitivity,1.1117709875106812,
resnet18,ISIC_0014955,ensemble,avg_sensitivity,1.0591390609741211,
resnet18,ISIC_0014955,ensemble,relevance_mass_accuracy,0.2704217731952667,
resnet18,ISIC_0014955,ensemble,pointing_game,0.0,
resnet18,ISIC_0014955,ensemble,sparseness,0.4889350319590131,
resnet18,ISIC_0014955,ensemble,complexity,11.499556541442871,
resnet18,ISIC_0014955,ensemble,model_parameter_randomisation,,nan
resnet18,ISIC_0014955,ensemble,random_logit,0.5729524567149858,
resnet18,ISIC_0014955,ensemble,completeness,,nan
resnet18,ISIC_0014955,ensemble,non_sensitivity,,nan
squeezenet,ISIC_0014955,ensemble,faithfulness_correlation,-0.04377187415957451,
squeezenet,ISIC_0014955,ensemble,pixel_flipping,317.61126708984375,
squeezenet,ISIC_0014955,ensemble,max_sensitivity,1.0689880847930908,
squeezenet,ISIC_0014955,ensemble,avg_sensitivity,1.0562029361724854,
squeezenet,ISIC_0014955,ensemble,relevance_mass_accuracy,0.33725351095199585,
squeezenet,ISIC_0014955,ensemble,pointing_game,1.0,
squeezenet,ISIC_0014955,ensemble,sparseness,0.5852035894579912,
squeezenet,ISIC_0014955,ensemble,complexity,11.295742988586426,
squeezenet,ISIC_0014955,ensemble,model_parameter_randomisation,,nan
squeezenet,ISIC_0014955,ensemble,random_logit,0.7289260653588067,
squeezenet,ISIC_0014955,ensemble,completeness,,nan
squeezenet,ISIC_0014955,ensemble,non_sensitivity,,nan
resnet18,ISIC_0014957,ensemble,faithfulness_correlation,0.035125602036714554,
resnet18,ISIC_0014957,ensemble,pixel_flipping,634.14697265625,
resnet18,ISIC_0014957,ensemble,max_sensitivity,0.990291178226471,
resnet18,ISIC_0014957,ensemble,avg_sensitivity,0.9792787432670593,
resnet18,ISIC_0014957,ensemble,relevance_mass_accuracy,0.48832273483276367,
resnet18,ISIC_0014957,ensemble,pointing_game,0.0,
resnet18,ISIC_0014957,ensemble,sparseness,0.4543190100467273,
resnet18,ISIC_0014957,ensemble,complexity,11.563597679138184,
resnet18,ISIC_0014957,ensemble,model_parameter_randomisation,,nan
resnet18,ISIC_0014957,ensemble,random_logit,0.4450511829095577,
resnet18,ISIC_0014957,ensemble,completeness,,nan
resnet18,ISIC_0014957,ensemble,non_sensitivity,,nan
squeezenet,ISIC_0014957,ensemble,faithfulness_correlation,0.10961329936981201,
squeezenet,ISIC_0014957,ensemble,pixel_flipping,412.8362731933594,
squeezenet,ISIC_0014957,ensemble,max_sensitivity,1.0229785442352295,
squeezenet,ISIC_0014957,ensemble,avg_sensitivity,1.0142219543457032,
squeezenet,ISIC_0014957,ensemble,relevance_mass_accuracy,0.5952673554420471,
squeezenet,ISIC_0014957,ensemble,pointing_game,0.0,
squeezenet,ISIC_0014957,ensemble,sparseness,0.5398021548208579,
squeezenet,ISIC_0014957,ensemble,complexity,11.408158302307129,
squeezenet,ISIC_0014957,ensemble,model_parameter_randomisation,,nan
squeezenet,ISIC_0014957,ensemble,random_logit,0.7663054353882177,
squeezenet,ISIC_0014957,ensemble,completeness,,nan
squeezenet,ISIC_0014957,ensemble,non_sensitivity,,nan
resnet18,ISIC_0014958,ensemble,faithfulness_correlation,0.14792360365390778,
resnet18,ISIC_0014958,ensemble,pixel_flipping,80.72440338134766,
resnet18,ISIC_0014958,ensemble,max_sensitivity,1.0342904329299927,
resnet18,ISIC_0014958,ensemble,avg_sensitivity,1.0138631165027618,
resnet18,ISIC_0014958,ensemble,relevance_mass_accuracy,0.46070951223373413,
resnet18,ISIC_0014958,ensemble,pointing_game,1.0,
resnet18,ISIC_0014958,ensemble,sparseness,0.4895159067935803,
resnet18,ISIC_0014958,ensemble,complexity,11.501362800598145,
resnet18,ISIC_0014958,ensemble,model_parameter_randomisation,,nan
resnet18,ISIC_0014958,ensemble,random_logit,0.5936882947032617,
resnet18,ISIC_0014958,ensemble,completeness,,nan
resnet18,ISIC_0014958,ensemble,non_sensitivity,,nan
squeezenet,ISIC_0014958,ensemble,faithfulness_correlation,-0.16292409598827362,
squeezenet,ISIC_0014958,ensemble,pixel_flipping,66.30858612060547,
squeezenet,ISIC_0014958,ensemble,max_sensitivity,1.077829122543335,
squeezenet,ISIC_0014958,ensemble,avg_sensitivity,1.0615315675735473,
squeezenet,ISIC_0014958,ensemble,relevance_mass_accuracy,0.6502197980880737,
squeezenet,ISIC_0014958,ensemble,pointing_game,1.0,
squeezenet,ISIC_0014958,ensemble,sparseness,0.6073072385696895,
squeezenet,ISIC_0014958,ensemble,complexity,11.233843803405762,
squeezenet,ISIC_0014958,ensemble,model_parameter_randomisation,,nan
squeezenet,ISIC_0014958,ensemble,random_logit,0.6601991864597259,
squeezenet,ISIC_0014958,ensemble,completeness,,nan
squeezenet,ISIC_0014958,ensemble,non_sensitivity,,nan
resnet18,ISIC_0014959,ensemble,faithfulness_correlation,-0.07760929316282272,
resnet18,ISIC_0014959,ensemble,pixel_flipping,568.4871826171875,
resnet18,ISIC_0014959,ensemble,max_sensitivity,0.9906163811683655,
resnet18,ISIC_0014959,ensemble,avg_sensitivity,0.980403733253479,
resnet18,ISIC_0014959,ensemble,relevance_mass_accuracy,0.30048778653144836,
resnet18,ISIC_0014959,ensemble,pointing_game,1.0,
resnet18,ISIC_0014959,ensemble,sparseness,0.4946152555506092,
resnet18,ISIC_0014959,ensemble,complexity,11.495248794555664,
resnet18,ISIC_0014959,ensemble,model_parameter_randomisation,,nan
resnet18,ISIC_0014959,ensemble,random_logit,0.449281590643438,
resnet18,ISIC_0014959,ensemble,completeness,,nan
resnet18,ISIC_0014959,ensemble,non_sensitivity,,nan
squeezenet,ISIC_0014959,ensemble,faithfulness_correlation,0.3208690583705902,
squeezenet,ISIC_0014959,ensemble,pixel_flipping,421.6314697265625,
squeezenet,ISIC_0014959,ensemble,max_sensitivity,1.0626296997070312,
squeezenet,ISIC_0014959,ensemble,avg_sensitivity,1.0554769873619079,
squeezenet,ISIC_0014959,ensemble,relevance_mass_accuracy,0.400751531124115,
squeezenet,ISIC_0014959,ensemble,pointing_game,1.0,
squeezenet,ISIC_0014959,ensemble,sparseness,0.603327637718246,
squeezenet,ISIC_0014959,ensemble,complexity,11.24630069732666,
squeezenet,ISIC_0014959,ensemble,model_parameter_randomisation,,nan
squeezenet,ISIC_0014959,ensemble,random_logit,0.7739121893236409,
squeezenet,ISIC_0014959,ensemble,completeness,,nan
squeezenet,ISIC_0014959,ensemble,non_sensitivity,,nan
resnet18,ISIC_0014961,ensemble,faithfulness_correlation,0.18439386785030365,
resnet18,ISIC_0014961,ensemble,pixel_flipping,139.2119140625,
resnet18,ISIC_0014961,ensemble,max_sensitivity,1.1094919443130493,
resnet18,ISIC_0014961,ensemble,avg_sensitivity,1.0821604490280152,
resnet18,ISIC_0014961,ensemble,relevance_mass_accuracy,0.691463828086853,
resnet18,ISIC_0014961,ensemble,pointing_game,0.0,
resnet18,ISIC_0014961,ensemble,sparseness,0.4361262217077254,
resnet18,ISIC_0014961,ensemble,complexity,11.583120346069336,
resnet18,ISIC_0014961,ensemble,model_parameter_randomisation,,nan
resnet18,ISIC_0014961,ensemble,random_logit,0.484690023710432,
resnet18,ISIC_0014961,ensemble,completeness,,nan
resnet18,ISIC_0014961,ensemble,non_sensitivity,,nan
squeezenet,ISIC_0014961,ensemble,faithfulness_correlation,0.033559951931238174,
squeezenet,ISIC_0014961,ensemble,pixel_flipping,219.17340087890625,
squeezenet,ISIC_0014961,ensemble,max_sensitivity,1.0780020952224731,
squeezenet,ISIC_0014961,ensemble,avg_sensitivity,1.060430634021759,
squeezenet,ISIC_0014961,ensemble,relevance_mass_accuracy,0.7770995497703552,
squeezenet,ISIC_0014961,ensemble,pointing_game,1.0,
squeezenet,ISIC_0014961,ensemble,sparseness,0.5693464948932611,
squeezenet,ISIC_0014961,ensemble,complexity,11.331925392150879,
squeezenet,ISIC_0014961,ensemble,model_parameter_randomisation,,nan
squeezenet,ISIC_0014961,ensemble,random_logit,0.764757842713631,
squeezenet,ISIC_0014961,ensemble,completeness,,nan
squeezenet,ISIC_0014961,ensemble,non_sensitivity,,nan
resnet18,ISIC_0014962,ensemble,faithfulness_correlation,-0.1101764440536499,
resnet18,ISIC_0014962,ensemble,pixel_flipping,626.7926025390625,
resnet18,ISIC_0014962,ensemble,max_sensitivity,0.9487758874893188,
resnet18,ISIC_0014962,ensemble,avg_sensitivity,0.9438098967075348,
resnet18,ISIC_0014962,ensemble,relevance_mass_accuracy,0.6090771555900574,
resnet18,ISIC_0014962,ensemble,pointing_game,0.0,
resnet18,ISIC_0014962,ensemble,sparseness,0.4497700855361189,
resnet18,ISIC_0014962,ensemble,complexity,11.571152687072754,
resnet18,ISIC_0014962,ensemble,model_parameter_randomisation,,nan
resnet18,ISIC_0014962,ensemble,random_logit,0.4469142173968844,
resnet18,ISIC_0014962,ensemble,completeness,,nan
resnet18,ISIC_0014962,ensemble,non_sensitivity,,nan
squeezenet,ISIC_0014962,ensemble,faithfulness_correlation,-0.05437382310628891,
squeezenet,ISIC_0014962,ensemble,pixel_flipping,277.84600830078125,
squeezenet,ISIC_0014962,ensemble,max_sensitivity,1.012493371963501,
squeezenet,ISIC_0014962,ensemble,avg_sensitivity,1.0080021739006042,
squeezenet,ISIC_0014962,ensemble,relevance_mass_accuracy,0.8288183808326721,
squeezenet,ISIC_0014962,ensemble,pointing_game,1.0,
squeezenet,ISIC_0014962,ensemble,sparseness,0.5966171678065051,
squeezenet,ISIC_0014962,ensemble,complexity,11.259577751159668,
squeezenet,ISIC_0014962,ensemble,model_parameter_randomisation,,nan
squeezenet,ISIC_0014962,ensemble,random_logit,0.768670151590809,
squeezenet,ISIC_0014962,ensemble,completeness,,nan
squeezenet,ISIC_0014962,ensemble,non_sensitivity,,nan
resnet18,ISIC_0014964,ensemble,faithfulness_correlation,-0.09909261763095856,
resnet18,ISIC_0014964,ensemble,pixel_flipping,637.571533203125,
resnet18,ISIC_0014964,ensemble,max_sensitivity,0.9586958289146423,
resnet18,ISIC_0014964,ensemble,avg_sensitivity,0.9560764133930206,
resnet18,ISIC_0014964,ensemble,relevance_mass_accuracy,0.4719375967979431,
resnet18,ISIC_0014964,ensemble,pointing_game,0.0,
resnet18,ISIC_0014964,ensemble,sparseness,0.43292363068522494,
resnet18,ISIC_0014964,ensemble,complexity,11.593893051147461,
resnet18,ISIC_0014964,ensemble,model_parameter_randomisation,,nan
resnet18,ISIC_0014964,ensemble,random_logit,0.5433664233037098,
resnet18,ISIC_0014964,ensemble,completeness,,nan
resnet18,ISIC_0014964,ensemble,non_sensitivity,,nan
squeezenet,ISIC_0014964,ensemble,faithfulness_correlation,0.2743668854236603,
squeezenet,ISIC_0014964,ensemble,pixel_flipping,384.17333984375,
squeezenet,ISIC_0014964,ensemble,max_sensitivity,1.033228874206543,
squeezenet,ISIC_0014964,ensemble,avg_sensitivity,1.0179184079170227,
squeezenet,ISIC_0014964,ensemble,relevance_mass_accuracy,0.5479746460914612,
squeezenet,ISIC_0014964,ensemble,pointing_game,0.0,
squeezenet,ISIC_0014964,ensemble,sparseness,0.5244231995066115,
squeezenet,ISIC_0014964,ensemble,complexity,11.43535041809082,
squeezenet,ISIC_0014964,ensemble,model_parameter_randomisation,,nan
squeezenet,ISIC_0014964,ensemble,random_logit,0.7385472551002596,
squeezenet,ISIC_0014964,ensemble,completeness,,nan
squeezenet,ISIC_0014964,ensemble,non_sensitivity,,nan
resnet18,ISIC_0014966,ensemble,faithfulness_correlation,-0.04879524186253548,
resnet18,ISIC_0014966,ensemble,pixel_flipping,548.0571899414062,
resnet18,ISIC_0014966,ensemble,max_sensitivity,1.1311720609664917,
resnet18,ISIC_0014966,ensemble,avg_sensitivity,1.0841456294059753,
resnet18,ISIC_0014966,ensemble,relevance_mass_accuracy,0.4041880667209625,
resnet18,ISIC_0014966,ensemble,pointing_game,1.0,
resnet18,ISIC_0014966,ensemble,sparseness,0.48213520838196927,
resnet18,ISIC_0014966,ensemble,complexity,11.507174491882324,
resnet18,ISIC_0014966,ensemble,model_parameter_randomisation,,nan
resnet18,ISIC_0014966,ensemble,random_logit,0.6559654114170195,
resnet18,ISIC_0014966,ensemble,completeness,,nan
resnet18,ISIC_0014966,ensemble,non_sensitivity,,nan
squeezenet,ISIC_0014966,ensemble,faithfulness_correlation,-0.012700658291578293,
squeezenet,ISIC_0014966,ensemble,pixel_flipping,213.39817810058594,
squeezenet,ISIC_0014966,ensemble,max_sensitivity,1.081054925918579,
squeezenet,ISIC_0014966,ensemble,avg_sensitivity,1.070849883556366,
squeezenet,ISIC_0014966,ensemble,relevance_mass_accuracy,0.5917590856552124,
squeezenet,ISIC_0014966,ensemble,pointing_game,1.0,
squeezenet,ISIC_0014966,ensemble,sparseness,0.5718699856090017,
squeezenet,ISIC_0014966,ensemble,complexity,11.33152961730957,
squeezenet,ISIC_0014966,ensemble,model_parameter_randomisation,,nan
squeezenet,ISIC_0014966,ensemble,random_logit,0.7302891543604605,
squeezenet,ISIC_0014966,ensemble,completeness,,nan
squeezenet,ISIC_0014966,ensemble,non_sensitivity,,nan
resnet18,ISIC_0014969,ensemble,faithfulness_correlation,0.02388175018131733,
resnet18,ISIC_0014969,ensemble,pixel_flipping,616.0462646484375,
resnet18,ISIC_0014969,ensemble,max_sensitivity,0.9708556532859802,
resnet18,ISIC_0014969,ensemble,avg_sensitivity,0.9520109474658967,
resnet18,ISIC_0014969,ensemble,relevance_mass_accuracy,0.45478948950767517,
resnet18,ISIC_0014969,ensemble,pointing_game,0.0,
resnet18,ISIC_0014969,ensemble,sparseness,0.4615736426313419,
resnet18,ISIC_0014969,ensemble,complexity,11.549676895141602,
resnet18,ISIC_0014969,ensemble,model_parameter_randomisation,,nan
resnet18,ISIC_0014969,ensemble,random_logit,0.4951914346560153,
resnet18,ISIC_0014969,ensemble,completeness,,nan
resnet18,ISIC_0014969,ensemble,non_sensitivity,,nan
squeezenet,ISIC_0014969,ensemble,faithfulness_correlation,-0.05375004932284355,
squeezenet,ISIC_0014969,ensemble,pixel_flipping,69.12407684326172,
squeezenet,ISIC_0014969,ensemble,max_sensitivity,1.050889015197754,
squeezenet,ISIC_0014969,ensemble,avg_sensitivity,1.025327694416046,
squeezenet,ISIC_0014969,ensemble,relevance_mass_accuracy,0.4887041449546814,
squeezenet,ISIC_0014969,ensemble,pointing_game,0.0,
squeezenet,ISIC_0014969,ensemble,sparseness,0.5652521863032939,
squeezenet,ISIC_0014969,ensemble,complexity,11.342289924621582,
squeezenet,ISIC_0014969,ensemble,model_parameter_randomisation,,nan
squeezenet,ISIC_0014969,ensemble,random_logit,0.6253406503266906,
squeezenet,ISIC_0014969,ensemble,completeness,,nan
squeezenet,ISIC_0014969,ensemble,non_sensitivity,,nan
resnet18,ISIC_0014974,ensemble,faithfulness_correlation,-0.018382906913757324,
resnet18,ISIC_0014974,ensemble,pixel_flipping,598.657958984375,
resnet18,ISIC_0014974,ensemble,max_sensitivity,0.994504988193512,
resnet18,ISIC_0014974,ensemble,avg_sensitivity,0.9762011110782624,
resnet18,ISIC_0014974,ensemble,relevance_mass_accuracy,0.31149306893348694,
resnet18,ISIC_0014974,ensemble,pointing_game,0.0,
resnet18,ISIC_0014974,ensemble,sparseness,0.49968922136857935,
resnet18,ISIC_0014974,ensemble,complexity,11.485392570495605,
resnet18,ISIC_0014974,ensemble,model_parameter_randomisation,,nan
resnet18,ISIC_0014974,ensemble,random_logit,0.536892408299348,
resnet18,ISIC_0014974,ensemble,completeness,,nan
resnet18,ISIC_0014974,ensemble,non_sensitivity,,nan
squeezenet,ISIC_0014974,ensemble,faithfulness_correlation,-0.033834267407655716,
squeezenet,ISIC_0014974,ensemble,pixel_flipping,361.93359375,
squeezenet,ISIC_0014974,ensemble,max_sensitivity,1.0576916933059692,
squeezenet,ISIC_0014974,ensemble,avg_sensitivity,1.0316938996315002,
squeezenet,ISIC_0014974,ensemble,relevance_mass_accuracy,0.35327398777008057,
squeezenet,ISIC_0014974,ensemble,pointing_game,0.0,
squeezenet,ISIC_0014974,ensemble,sparseness,0.5751950030604225,
squeezenet,ISIC_0014974,ensemble,complexity,11.322237014770508,
squeezenet,ISIC_0014974,ensemble,model_parameter_randomisation,,nan
squeezenet,ISIC_0014974,ensemble,random_logit,0.6048703944779291,
squeezenet,ISIC_0014974,ensemble,completeness,,nan
squeezenet,ISIC_0014974,ensemble,non_sensitivity,,nan
resnet18,ISIC_0014977,ensemble,faithfulness_correlation,0.0921519324183464,
resnet18,ISIC_0014977,ensemble,pixel_flipping,587.2542724609375,
resnet18,ISIC_0014977,ensemble,max_sensitivity,1.0337580442428589,
resnet18,ISIC_0014977,ensemble,avg_sensitivity,1.0163352966308594,
resnet18,ISIC_0014977,ensemble,relevance_mass_accuracy,0.23706407845020294,
resnet18,ISIC_0014977,ensemble,pointing_game,1.0,
resnet18,ISIC_0014977,ensemble,sparseness,0.5048126885188796,
resnet18,ISIC_0014977,ensemble,complexity,11.466534614562988,
resnet18,ISIC_0014977,ensemble,model_parameter_randomisation,,nan
resnet18,ISIC_0014977,ensemble,random_logit,0.6763830757881442,
resnet18,ISIC_0014977,ensemble,completeness,,nan
resnet18,ISIC_0014977,ensemble,non_sensitivity,,nan
squeezenet,ISIC_0014977,ensemble,faithfulness_correlation,0.042766373604536057,
squeezenet,ISIC_0014977,ensemble,pixel_flipping,324.3750915527344,
squeezenet,ISIC_0014977,ensemble,max_sensitivity,1.0806870460510254,
squeezenet,ISIC_0014977,ensemble,avg_sensitivity,1.0651453495025636,
squeezenet,ISIC_0014977,ensemble,relevance_mass_accuracy,0.33968451619148254,
squeezenet,ISIC_0014977,ensemble,pointing_game,0.0,
squeezenet,ISIC_0014977,ensemble,sparseness,0.6680277033959418,
squeezenet,ISIC_0014977,ensemble,complexity,11.076871871948242,
squeezenet,ISIC_0014977,ensemble,model_parameter_randomisation,,nan
squeezenet,ISIC_0014977,ensemble,random_logit,0.8332471209278989,
squeezenet,ISIC_0014977,ensemble,completeness,,nan
squeezenet,ISIC_0014977,ensemble,non_sensitivity,,nan
resnet18,ISIC_0014992,ensemble,faithfulness_correlation,-0.053189389407634735,
resnet18,ISIC_0014992,ensemble,pixel_flipping,596.2313232421875,
resnet18,ISIC_0014992,ensemble,max_sensitivity,1.0098854303359985,
resnet18,ISIC_0014992,ensemble,avg_sensitivity,0.9976171910762787,
resnet18,ISIC_0014992,ensemble,relevance_mass_accuracy,0.43366506695747375,
resnet18,ISIC_0014992,ensemble,pointing_game,1.0,
resnet18,ISIC_0014992,ensemble,sparseness,0.4732440379510212,
resnet18,ISIC_0014992,ensemble,complexity,11.52657413482666,
resnet18,ISIC_0014992,ensemble,model_parameter_randomisation,,nan
resnet18,ISIC_0014992,ensemble,random_logit,0.6734632290066261,
resnet18,ISIC_0014992,ensemble,completeness,,nan
resnet18,ISIC_0014992,ensemble,non_sensitivity,,nan
squeezenet,ISIC_0014992,ensemble,faithfulness_correlation,0.08114079385995865,
squeezenet,ISIC_0014992,ensemble,pixel_flipping,304.51849365234375,
squeezenet,ISIC_0014992,ensemble,max_sensitivity,1.1130651235580444,
squeezenet,ISIC_0014992,ensemble,avg_sensitivity,1.1046396017074585,
squeezenet,ISIC_0014992,ensemble,relevance_mass_accuracy,0.5317813754081726,
squeezenet,ISIC_0014992,ensemble,pointing_game,1.0,
squeezenet,ISIC_0014992,ensemble,sparseness,0.5797363522433343,
squeezenet,ISIC_0014992,ensemble,complexity,11.306285858154297,
squeezenet,ISIC_0014992,ensemble,model_parameter_randomisation,,nan
squeezenet,ISIC_0014992,ensemble,random_logit,0.8636959190669313,
squeezenet,ISIC_0014992,ensemble,completeness,,nan
squeezenet,ISIC_0014992,ensemble,non_sensitivity,,nan
resnet18,ISIC_0014994,ensemble,faithfulness_correlation,-0.04200418293476105,
resnet18,ISIC_0014994,ensemble,pixel_flipping,611.6903686523438,
resnet18,ISIC_0014994,ensemble,max_sensitivity,0.9746778607368469,
resnet18,ISIC_0014994,ensemble,avg_sensitivity,0.9638120055198669,
resnet18,ISIC_0014994,ensemble,relevance_mass_accuracy,0.2119215577840805,
resnet18,ISIC_0014994,ensemble,pointing_game,0.0,
resnet18,ISIC_0014994,ensemble,sparseness,0.5411386766124905,
resnet18,ISIC_0014994,ensemble,complexity,11.391167640686035,
resnet18,ISIC_0014994,ensemble,model_parameter_randomisation,,nan
resnet18,ISIC_0014994,ensemble,random_logit,0.8558026927526182,
resnet18,ISIC_0014994,ensemble,completeness,,nan
resnet18,ISIC_0014994,ensemble,non_sensitivity,,nan
squeezenet,ISIC_0014994,ensemble,faithfulness_correlation,0.1925549954175949,
squeezenet,ISIC_0014994,ensemble,pixel_flipping,226.971435546875,
squeezenet,ISIC_0014994,ensemble,max_sensitivity,1.151158094406128,
squeezenet,ISIC_0014994,ensemble,avg_sensitivity,1.1308468341827393,
squeezenet,ISIC_0014994,ensemble,relevance_mass_accuracy,0.43612802028656006,
squeezenet,ISIC_0014994,ensemble,pointing_game,1.0,
squeezenet,ISIC_0014994,ensemble,sparseness,0.7007265277600144,
squeezenet,ISIC_0014994,ensemble,complexity,10.897374153137207,
squeezenet,ISIC_0014994,ensemble,model_parameter_randomisation,,nan
squeezenet,ISIC_0014994,ensemble,random_logit,0.8703437761595167,
squeezenet,ISIC_0014994,ensemble,completeness,,nan
squeezenet,ISIC_0014994,ensemble,non_sensitivity,,nan
resnet18,ISIC_0014998,ensemble,faithfulness_correlation,-0.05361875891685486,
resnet18,ISIC_0014998,ensemble,pixel_flipping,578.37451171875,
resnet18,ISIC_0014998,ensemble,max_sensitivity,0.9925610423088074,
resnet18,ISIC_0014998,ensemble,avg_sensitivity,0.978398448228836,
resnet18,ISIC_0014998,ensemble,relevance_mass_accuracy,0.6903547048568726,
resnet18,ISIC_0014998,ensemble,pointing_game,1.0,
resnet18,ISIC_0014998,ensemble,sparseness,0.5088476705945396,
resnet18,ISIC_0014998,ensemble,complexity,11.46472454071045,
resnet18,ISIC_0014998,ensemble,model_parameter_randomisation,,nan
resnet18,ISIC_0014998,ensemble,random_logit,0.615478314805065,
resnet18,ISIC_0014998,ensemble,completeness,,nan
resnet18,ISIC_0014998,ensemble,non_sensitivity,,nan
squeezenet,ISIC_0014998,ensemble,faithfulness_correlation,0.08616708219051361,
squeezenet,ISIC_0014998,ensemble,pixel_flipping,336.4635009765625,
squeezenet,ISIC_0014998,ensemble,max_sensitivity,1.1189740896224976,
squeezenet,ISIC_0014998,ensemble,avg_sensitivity,1.079495871067047,
squeezenet,ISIC_0014998,ensemble,relevance_mass_accuracy,0.8980602025985718,
squeezenet,ISIC_0014998,ensemble,pointing_game,1.0,
squeezenet,ISIC_0014998,ensemble,sparseness,0.6000684384593665,
squeezenet,ISIC_0014998,ensemble,complexity,11.25341510772705,
squeezenet,ISIC_0014998,ensemble,model_parameter_randomisation,,nan
squeezenet,ISIC_0014998,ensemble,random_logit,0.7435795172572549,
squeezenet,ISIC_0014998,ensemble,completeness,,nan
squeezenet,ISIC_0014998,ensemble,non_sensitivity,,nan
resnet18,ISIC_0015002,ensemble,faithfulness_correlation,-0.09170863032341003,
resnet18,ISIC_0015002,ensemble,pixel_flipping,637.8515625,
resnet18,ISIC_0015002,ensemble,max_sensitivity,0.9743146896362305,
resnet18,ISIC_0015002,ensemble,avg_sensitivity,0.9688091933727264,
resnet18,ISIC_0015002,ensemble,relevance_mass_accuracy,0.4895377457141876,
resnet18,ISIC_0015002,ensemble,pointing_game,0.0,
resnet18,ISIC_0015002,ensemble,sparseness,0.40881218116773566,
resnet18,ISIC_0015002,ensemble,complexity,11.626518249511719,
resnet18,ISIC_0015002,ensemble,model_parameter_randomisation,,nan
resnet18,ISIC_0015002,ensemble,random_logit,0.5674300662332723,
resnet18,ISIC_0015002,ensemble,completeness,,nan
resnet18,ISIC_0015002,ensemble,non_sensitivity,,nan
squeezenet,ISIC_0015002,ensemble,faithfulness_correlation,0.16240093111991882,
squeezenet,ISIC_0015002,ensemble,pixel_flipping,326.87841796875,
squeezenet,ISIC_0015002,ensemble,max_sensitivity,1.0265510082244873,
squeezenet,ISIC_0015002,ensemble,avg_sensitivity,1.017190945148468,
squeezenet,ISIC_0015002,ensemble,relevance_mass_accuracy,0.5274882316589355,
squeezenet,ISIC_0015002,ensemble,pointing_game,0.0,
squeezenet,ISIC_0015002,ensemble,sparseness,0.5533685844529368,
squeezenet,ISIC_0015002,ensemble,complexity,11.372529029846191,
squeezenet,ISIC_0015002,ensemble,model_parameter_randomisation,,nan
squeezenet,ISIC_0015002,ensemble,random_logit,0.5936525880372808,
squeezenet,ISIC_0015002,ensemble,completeness,,nan
squeezenet,ISIC_0015002,ensemble,non_sensitivity,,nan
resnet18,ISIC_0015003,ensemble,faithfulness_correlation,0.13276897370815277,
resnet18,ISIC_0015003,ensemble,pixel_flipping,56.457271575927734,
resnet18,ISIC_0015003,ensemble,max_sensitivity,1.217921495437622,
resnet18,ISIC_0015003,ensemble,avg_sensitivity,1.1923537969589233,
resnet18,ISIC_0015003,ensemble,relevance_mass_accuracy,0.5618022680282593,
resnet18,ISIC_0015003,ensemble,pointing_game,0.0,
resnet18,ISIC_0015003,ensemble,sparseness,0.450487647635636,
resnet18,ISIC_0015003,ensemble,complexity,11.565838813781738,
resnet18,ISIC_0015003,ensemble,model_parameter_randomisation,,nan
resnet18,ISIC_0015003,ensemble,random_logit,0.4594690787568692,
resnet18,ISIC_0015003,ensemble,completeness,,nan
resnet18,ISIC_0015003,ensemble,non_sensitivity,,nan
squeezenet,ISIC_0015003,ensemble,faithfulness_correlation,0.121475450694561,
squeezenet,ISIC_0015003,ensemble,pixel_flipping,340.12701416015625,
squeezenet,ISIC_0015003,ensemble,max_sensitivity,1.0827771425247192,
squeezenet,ISIC_0015003,ensemble,avg_sensitivity,1.064232861995697,
squeezenet,ISIC_0015003,ensemble,relevance_mass_accuracy,0.8122705221176147,
squeezenet,ISIC_0015003,ensemble,pointing_game,1.0,
squeezenet,ISIC_0015003,ensemble,sparseness,0.5926166520877094,
squeezenet,ISIC_0015003,ensemble,complexity,11.273905754089355,
squeezenet,ISIC_0015003,ensemble,model_parameter_randomisation,,nan
squeezenet,ISIC_0015003,ensemble,random_logit,0.8207037898705005,
squeezenet,ISIC_0015003,ensemble,completeness,,nan
squeezenet,ISIC_0015003,ensemble,non_sensitivity,,nan
resnet18,ISIC_0015007,ensemble,faithfulness_correlation,-0.026784192770719528,
resnet18,ISIC_0015007,ensemble,pixel_flipping,618.9967651367188,
resnet18,ISIC_0015007,ensemble,max_sensitivity,0.9554354548454285,
resnet18,ISIC_0015007,ensemble,avg_sensitivity,0.9483750581741333,
resnet18,ISIC_0015007,ensemble,relevance_mass_accuracy,0.34482455253601074,
resnet18,ISIC_0015007,ensemble,pointing_game,1.0,
resnet18,ISIC_0015007,ensemble,sparseness,0.4575864210140216,
resnet18,ISIC_0015007,ensemble,complexity,11.545654296875,
resnet18,ISIC_0015007,ensemble,model_parameter_randomisation,,nan
resnet18,ISIC_0015007,ensemble,random_logit,0.5837442416195778,
resnet18,ISIC_0015007,ensemble,completeness,,nan
resnet18,ISIC_0015007,ensemble,non_sensitivity,,nan
squeezenet,ISIC_0015007,ensemble,faithfulness_correlation,0.0029701958410441875,
squeezenet,ISIC_0015007,ensemble,pixel_flipping,379.19921875,
squeezenet,ISIC_0015007,ensemble,max_sensitivity,1.1084946393966675,
squeezenet,ISIC_0015007,ensemble,avg_sensitivity,1.0879499197006226,
squeezenet,ISIC_0015007,ensemble,relevance_mass_accuracy,0.43594104051589966,
squeezenet,ISIC_0015007,ensemble,pointing_game,1.0,
squeezenet,ISIC_0015007,ensemble,sparseness,0.580495654270744,
squeezenet,ISIC_0015007,ensemble,complexity,11.3046875,
squeezenet,ISIC_0015007,ensemble,model_parameter_randomisation,,nan
squeezenet,ISIC_0015007,ensemble,random_logit,0.6959462929549401,
squeezenet,ISIC_0015007,ensemble,completeness,,nan
squeezenet,ISIC_0015007,ensemble,non_sensitivity,,nan
resnet18,ISIC_0015008,ensemble,faithfulness_correlation,0.015956807881593704,
resnet18,ISIC_0015008,ensemble,pixel_flipping,486.6532897949219,
resnet18,ISIC_0015008,ensemble,max_sensitivity,0.9347736239433289,
resnet18,ISIC_0015008,ensemble,avg_sensitivity,0.9163033843040467,
resnet18,ISIC_0015008,ensemble,relevance_mass_accuracy,0.9172862768173218,
resnet18,ISIC_0015008,ensemble,pointing_game,1.0,
resnet18,ISIC_0015008,ensemble,sparseness,0.4346283640271137,
resnet18,ISIC_0015008,ensemble,complexity,11.590197563171387,
resnet18,ISIC_0015008,ensemble,model_parameter_randomisation,,nan
resnet18,ISIC_0015008,ensemble,random_logit,0.5886145503561256,
resnet18,ISIC_0015008,ensemble,completeness,,nan
resnet18,ISIC_0015008,ensemble,non_sensitivity,,nan
squeezenet,ISIC_0015008,ensemble,faithfulness_correlation,-0.03450494259595871,
squeezenet,ISIC_0015008,ensemble,pixel_flipping,62.474212646484375,
squeezenet,ISIC_0015008,ensemble,max_sensitivity,0.9802871942520142,
squeezenet,ISIC_0015008,ensemble,avg_sensitivity,0.9559987604618072,
squeezenet,ISIC_0015008,ensemble,relevance_mass_accuracy,0.8819745182991028,
squeezenet,ISIC_0015008,ensemble,pointing_game,0.0,
squeezenet,ISIC_0015008,ensemble,sparseness,0.5372159283755686,
squeezenet,ISIC_0015008,ensemble,complexity,11.403679847717285,
squeezenet,ISIC_0015008,ensemble,model_parameter_randomisation,,nan
squeezenet,ISIC_0015008,ensemble,random_logit,0.525176284288608,
squeezenet,ISIC_0015008,ensemble,completeness,,nan
squeezenet,ISIC_0015008,ensemble,non_sensitivity,,nan
resnet18,ISIC_0015009,ensemble,faithfulness_correlation,0.0686112642288208,
resnet18,ISIC_0015009,ensemble,pixel_flipping,331.6771240234375,
resnet18,ISIC_0015009,ensemble,max_sensitivity,0.9885707497596741,
resnet18,ISIC_0015009,ensemble,avg_sensitivity,0.9676136016845703,
resnet18,ISIC_0015009,ensemble,relevance_mass_accuracy,0.5575312972068787,
resnet18,ISIC_0015009,ensemble,pointing_game,1.0,
resnet18,ISIC_0015009,ensemble,sparseness,0.48921854604674264,
resnet18,ISIC_0015009,ensemble,complexity,11.502464294433594,
resnet18,ISIC_0015009,ensemble,model_parameter_randomisation,,nan
resnet18,ISIC_0015009,ensemble,random_logit,0.6577619770808641,
resnet18,ISIC_0015009,ensemble,completeness,,nan
resnet18,ISIC_0015009,ensemble,non_sensitivity,,nan
squeezenet,ISIC_0015009,ensemble,faithfulness_correlation,-0.04256812483072281,
squeezenet,ISIC_0015009,ensemble,pixel_flipping,45.48661422729492,
squeezenet,ISIC_0015009,ensemble,max_sensitivity,0.9946019053459167,
squeezenet,ISIC_0015009,ensemble,avg_sensitivity,0.9807779431343079,
squeezenet,ISIC_0015009,ensemble,relevance_mass_accuracy,0.737004280090332,
squeezenet,ISIC_0015009,ensemble,pointing_game,0.0,
squeezenet,ISIC_0015009,ensemble,sparseness,0.5942467695019905,
squeezenet,ISIC_0015009,ensemble,complexity,11.272431373596191,
squeezenet,ISIC_0015009,ensemble,model_parameter_randomisation,,nan
squeezenet,ISIC_0015009,ensemble,random_logit,0.5286917437388572,
squeezenet,ISIC_0015009,ensemble,completeness,,nan
squeezenet,ISIC_0015009,ensemble,non_sensitivity,,nan
resnet18,ISIC_0015011,ensemble,faithfulness_correlation,-0.04879920557141304,
resnet18,ISIC_0015011,ensemble,pixel_flipping,566.76318359375,
resnet18,ISIC_0015011,ensemble,max_sensitivity,1.012723445892334,
resnet18,ISIC_0015011,ensemble,avg_sensitivity,1.0033335745334626,
resnet18,ISIC_0015011,ensemble,relevance_mass_accuracy,0.5848639011383057,
resnet18,ISIC_0015011,ensemble,pointing_game,1.0,
resnet18,ISIC_0015011,ensemble,sparseness,0.5025630487360463,
resnet18,ISIC_0015011,ensemble,complexity,11.476912498474121,
resnet18,ISIC_0015011,ensemble,model_parameter_randomisation,,nan
resnet18,ISIC_0015011,ensemble,random_logit,0.6970847886919133,
resnet18,ISIC_0015011,ensemble,completeness,,nan
resnet18,ISIC_0015011,ensemble,non_sensitivity,,nan
squeezenet,ISIC_0015011,ensemble,faithfulness_correlation,0.03727507218718529,
squeezenet,ISIC_0015011,ensemble,pixel_flipping,285.5814514160156,
squeezenet,ISIC_0015011,ensemble,max_sensitivity,1.025424599647522,
squeezenet,ISIC_0015011,ensemble,avg_sensitivity,1.0141508162021637,
squeezenet,ISIC_0015011,ensemble,relevance_mass_accuracy,0.8039143681526184,
squeezenet,ISIC_0015011,ensemble,pointing_game,0.0,
squeezenet,ISIC_0015011,ensemble,sparseness,0.5934291345830108,
squeezenet,ISIC_0015011,ensemble,complexity,11.284322738647461,
squeezenet,ISIC_0015011,ensemble,model_parameter_randomisation,,nan
squeezenet,ISIC_0015011,ensemble,random_logit,0.8562340025399676,
squeezenet,ISIC_0015011,ensemble,completeness,,nan
squeezenet,ISIC_0015011,ensemble,non_sensitivity,,nan
resnet18,ISIC_0015013,ensemble,faithfulness_correlation,-0.1536443531513214,
resnet18,ISIC_0015013,ensemble,pixel_flipping,584.5637817382812,
resnet18,ISIC_0015013,ensemble,max_sensitivity,1.0905934572219849,
resnet18,ISIC_0015013,ensemble,avg_sensitivity,1.0799692153930665,
resnet18,ISIC_0015013,ensemble,relevance_mass_accuracy,0.6245220303535461,
resnet18,ISIC_0015013,ensemble,pointing_game,1.0,
resnet18,ISIC_0015013,ensemble,sparseness,0.45282752503957163,
resnet18,ISIC_0015013,ensemble,complexity,11.564223289489746,
resnet18,ISIC_0015013,ensemble,model_parameter_randomisation,,nan
resnet18,ISIC_0015013,ensemble,random_logit,0.659760785339959,
resnet18,ISIC_0015013,ensemble,completeness,,nan
resnet18,ISIC_0015013,ensemble,non_sensitivity,,nan
squeezenet,ISIC_0015013,ensemble,faithfulness_correlation,0.027708863839507103,
squeezenet,ISIC_0015013,ensemble,pixel_flipping,344.1168212890625,
squeezenet,ISIC_0015013,ensemble,max_sensitivity,1.106396198272705,
squeezenet,ISIC_0015013,ensemble,avg_sensitivity,1.0908650994300841,
squeezenet,ISIC_0015013,ensemble,relevance_mass_accuracy,0.6563061475753784,
squeezenet,ISIC_0015013,ensemble,pointing_game,0.0,
squeezenet,ISIC_0015013,ensemble,sparseness,0.5822562324485401,
squeezenet,ISIC_0015013,ensemble,complexity,11.304827690124512,
squeezenet,ISIC_0015013,ensemble,model_parameter_randomisation,,nan
squeezenet,ISIC_0015013,ensemble,random_logit,0.678485936965538,
squeezenet,ISIC_0015013,ensemble,completeness,,nan
squeezenet,ISIC_0015013,ensemble,non_sensitivity,,nan
resnet18,ISIC_0015015,ensemble,faithfulness_correlation,-0.09478532522916794,
resnet18,ISIC_0015015,ensemble,pixel_flipping,617.8037109375,
resnet18,ISIC_0015015,ensemble,max_sensitivity,0.984242856502533,
resnet18,ISIC_0015015,ensemble,avg_sensitivity,0.977103340625763,
resnet18,ISIC_0015015,ensemble,relevance_mass_accuracy,0.5678132772445679,
resnet18,ISIC_0015015,ensemble,pointing_game,0.0,
resnet18,ISIC_0015015,ensemble,sparseness,0.44511540180171183,
resnet18,ISIC_0015015,ensemble,complexity,11.571449279785156,
resnet18,ISIC_0015015,ensemble,model_parameter_randomisation,,nan
resnet18,ISIC_0015015,ensemble,random_logit,0.6121823202086194,
resnet18,ISIC_0015015,ensemble,completeness,,nan
resnet18,ISIC_0015015,ensemble,non_sensitivity,,nan
squeezenet,ISIC_0015015,ensemble,faithfulness_correlation,0.17154169082641602,
squeezenet,ISIC_0015015,ensemble,pixel_flipping,319.73431396484375,
squeezenet,ISIC_0015015,ensemble,max_sensitivity,1.070966362953186,
squeezenet,ISIC_0015015,ensemble,avg_sensitivity,1.0520612001419067,
squeezenet,ISIC_0015015,ensemble,relevance_mass_accuracy,0.898982048034668,
squeezenet,ISIC_0015015,ensemble,pointing_game,1.0,
squeezenet,ISIC_0015015,ensemble,sparseness,0.6079430355680171,
squeezenet,ISIC_0015015,ensemble,complexity,11.241805076599121,
squeezenet,ISIC_0015015,ensemble,model_parameter_randomisation,,nan
squeezenet,ISIC_0015015,ensemble,random_logit,0.759696434235798,
squeezenet,ISIC_0015015,ensemble,completeness,,nan
squeezenet,ISIC_0015015,ensemble,non_sensitivity,,nan
resnet18,ISIC_0015018,ensemble,faithfulness_correlation,0.027859844267368317,
resnet18,ISIC_0015018,ensemble,pixel_flipping,589.9530639648438,
resnet18,ISIC_0015018,ensemble,max_sensitivity,0.9572197794914246,
resnet18,ISIC_0015018,ensemble,avg_sensitivity,0.9400770008563996,
resnet18,ISIC_0015018,ensemble,relevance_mass_accuracy,0.24024435877799988,
resnet18,ISIC_0015018,ensemble,pointing_game,1.0,
resnet18,ISIC_0015018,ensemble,sparseness,0.4343767243574692,
resnet18,ISIC_0015018,ensemble,complexity,11.583135604858398,
resnet18,ISIC_0015018,ensemble,model_parameter_randomisation,,nan
resnet18,ISIC_0015018,ensemble,random_logit,0.6540285043482036,
resnet18,ISIC_0015018,ensemble,completeness,,nan
resnet18,ISIC_0015018,ensemble,non_sensitivity,,nan
squeezenet,ISIC_0015018,ensemble,faithfulness_correlation,-0.14138801395893097,
squeezenet,ISIC_0015018,ensemble,pixel_flipping,216.29244995117188,
squeezenet,ISIC_0015018,ensemble,max_sensitivity,1.1559654474258423,
squeezenet,ISIC_0015018,ensemble,avg_sensitivity,1.1367170810699463,
squeezenet,ISIC_0015018,ensemble,relevance_mass_accuracy,0.5536795258522034,
squeezenet,ISIC_0015018,ensemble,pointing_game,1.0,
squeezenet,ISIC_0015018,ensemble,sparseness,0.6212273768409425,
squeezenet,ISIC_0015018,ensemble,complexity,11.174880981445312,
squeezenet,ISIC_0015018,ensemble,model_parameter_randomisation,,nan
squeezenet,ISIC_0015018,ensemble,random_logit,0.8063798067917305,
squeezenet,ISIC_0015018,ensemble,completeness,,nan
squeezenet,ISIC_0015018,ensemble,non_sensitivity,,nan
resnet18,ISIC_0015019,ensemble,faithfulness_correlation,0.14596885442733765,
resnet18,ISIC_0015019,ensemble,pixel_flipping,583.701904296875,
resnet18,ISIC_0015019,ensemble,max_sensitivity,1.1361814737319946,
resnet18,ISIC_0015019,ensemble,avg_sensitivity,1.0993184208869935,
resnet18,ISIC_0015019,ensemble,relevance_mass_accuracy,0.5714450478553772,
resnet18,ISIC_0015019,ensemble,pointing_game,0.0,
resnet18,ISIC_0015019,ensemble,sparseness,0.470857832471659,
resnet18,ISIC_0015019,ensemble,complexity,11.536714553833008,
resnet18,ISIC_0015019,ensemble,model_parameter_randomisation,,nan
resnet18,ISIC_0015019,ensemble,random_logit,0.5689240721909918,
resnet18,ISIC_0015019,ensemble,completeness,,nan
resnet18,ISIC_0015019,ensemble,non_sensitivity,,nan
squeezenet,ISIC_0015019,ensemble,faithfulness_correlation,-0.04577624052762985,
squeezenet,ISIC_0015019,ensemble,pixel_flipping,304.830810546875,
squeezenet,ISIC_0015019,ensemble,max_sensitivity,1.0420329570770264,
squeezenet,ISIC_0015019,ensemble,avg_sensitivity,1.0269944429397584,
squeezenet,ISIC_0015019,ensemble,relevance_mass_accuracy,0.8537856340408325,
squeezenet,ISIC_0015019,ensemble,pointing_game,1.0,
squeezenet,ISIC_0015019,ensemble,sparseness,0.5939381596925528,
squeezenet,ISIC_0015019,ensemble,complexity,11.266342163085938,
squeezenet,ISIC_0015019,ensemble,model_parameter_randomisation,,nan
squeezenet,ISIC_0015019,ensemble,random_logit,0.8257800970433259,
squeezenet,ISIC_0015019,ensemble,completeness,,nan
squeezenet,ISIC_0015019,ensemble,non_sensitivity,,nan
resnet18,ISIC_0015020,ensemble,faithfulness_correlation,-0.07907000184059143,
resnet18,ISIC_0015020,ensemble,pixel_flipping,50.91313171386719,
resnet18,ISIC_0015020,ensemble,max_sensitivity,0.9635339379310608,
resnet18,ISIC_0015020,ensemble,avg_sensitivity,0.9537946879863739,
resnet18,ISIC_0015020,ensemble,relevance_mass_accuracy,0.7286428809165955,
resnet18,ISIC_0015020,ensemble,pointing_game,1.0,
resnet18,ISIC_0015020,ensemble,sparseness,0.41177331560924,
resnet18,ISIC_0015020,ensemble,complexity,11.621374130249023,
resnet18,ISIC_0015020,ensemble,model_parameter_randomisation,,nan
resnet18,ISIC_0015020,ensemble,random_logit,0.628856154459846,
resnet18,ISIC_0015020,ensemble,completeness,,nan
resnet18,ISIC_0015020,ensemble,non_sensitivity,,nan
squeezenet,ISIC_0015020,ensemble,faithfulness_correlation,0.1211104542016983,
squeezenet,ISIC_0015020,ensemble,pixel_flipping,247.962646484375,
squeezenet,ISIC_0015020,ensemble,max_sensitivity,1.0036256313323975,
squeezenet,ISIC_0015020,ensemble,avg_sensitivity,0.9983664453029633,
squeezenet,ISIC_0015020,ensemble,relevance_mass_accuracy,0.9947023987770081,
squeezenet,ISIC_0015020,ensemble,pointing_game,1.0,
squeezenet,ISIC_0015020,ensemble,sparseness,0.5550206544925024,
squeezenet,ISIC_0015020,ensemble,complexity,11.365495681762695,
squeezenet,ISIC_0015020,ensemble,model_parameter_randomisation,,nan
squeezenet,ISIC_0015020,ensemble,random_logit,0.7520618730133056,
squeezenet,ISIC_0015020,ensemble,completeness,,nan
squeezenet,ISIC_0015020,ensemble,non_sensitivity,,nan
resnet18,ISIC_0015021,ensemble,faithfulness_correlation,-0.15030016005039215,
resnet18,ISIC_0015021,ensemble,pixel_flipping,558.8856201171875,
resnet18,ISIC_0015021,ensemble,max_sensitivity,0.9357427954673767,
resnet18,ISIC_0015021,ensemble,avg_sensitivity,0.9250508427619935,
resnet18,ISIC_0015021,ensemble,relevance_mass_accuracy,0.32258644700050354,
resnet18,ISIC_0015021,ensemble,pointing_game,0.0,
resnet18,ISIC_0015021,ensemble,sparseness,0.46914441265047174,
resnet18,ISIC_0015021,ensemble,complexity,11.528545379638672,
resnet18,ISIC_0015021,ensemble,model_parameter_randomisation,,nan
resnet18,ISIC_0015021,ensemble,random_logit,0.6576648336869981,
resnet18,ISIC_0015021,ensemble,completeness,,nan
resnet18,ISIC_0015021,ensemble,non_sensitivity,,nan
squeezenet,ISIC_0015021,ensemble,faithfulness_correlation,-0.16895459592342377,
squeezenet,ISIC_0015021,ensemble,pixel_flipping,28.270263671875,
squeezenet,ISIC_0015021,ensemble,max_sensitivity,1.0306206941604614,
squeezenet,ISIC_0015021,ensemble,avg_sensitivity,0.9986062228679657,
squeezenet,ISIC_0015021,ensemble,relevance_mass_accuracy,0.2873440086841583,
squeezenet,ISIC_0015021,ensemble,pointing_game,1.0,
squeezenet,ISIC_0015021,ensemble,sparseness,0.5634619188069969,
squeezenet,ISIC_0015021,ensemble,complexity,11.343120574951172,
squeezenet,ISIC_0015021,ensemble,model_parameter_randomisation,,nan
squeezenet,ISIC_0015021,ensemble,random_logit,0.5947700228676989,
squeezenet,ISIC_0015021,ensemble,completeness,,nan
squeezenet,ISIC_0015021,ensemble,non_sensitivity,,nan
resnet18,ISIC_0015026,ensemble,faithfulness_correlation,0.12990841269493103,
resnet18,ISIC_0015026,ensemble,pixel_flipping,607.0546264648438,
resnet18,ISIC_0015026,ensemble,max_sensitivity,1.0754165649414062,
resnet18,ISIC_0015026,ensemble,avg_sensitivity,1.0638447761535645,
resnet18,ISIC_0015026,ensemble,relevance_mass_accuracy,0.12157654762268066,
resnet18,ISIC_0015026,ensemble,pointing_game,1.0,
resnet18,ISIC_0015026,ensemble,sparseness,0.5254993011271795,
resnet18,ISIC_0015026,ensemble,complexity,11.435413360595703,
resnet18,ISIC_0015026,ensemble,model_parameter_randomisation,,nan
resnet18,ISIC_0015026,ensemble,random_logit,0.5595086685593056,
resnet18,ISIC_0015026,ensemble,completeness,,nan
resnet18,ISIC_0015026,ensemble,non_sensitivity,,nan
squeezenet,ISIC_0015026,ensemble,faithfulness_correlation,0.10232087969779968,
squeezenet,ISIC_0015026,ensemble,pixel_flipping,25.725399017333984,
squeezenet,ISIC_0015026,ensemble,max_sensitivity,1.0556131601333618,
squeezenet,ISIC_0015026,ensemble,avg_sensitivity,1.0204619288444519,
squeezenet,ISIC_0015026,ensemble,relevance_mass_accuracy,0.0008464938146062195,
squeezenet,ISIC_0015026,ensemble,pointing_game,0.0,
squeezenet,ISIC_0015026,ensemble,sparseness,0.6105889184441826,
squeezenet,ISIC_0015026,ensemble,complexity,11.220925331115723,
squeezenet,ISIC_0015026,ensemble,model_parameter_randomisation,,nan
squeezenet,ISIC_0015026,ensemble,random_logit,0.6362119161705799,
squeezenet,ISIC_0015026,ensemble,completeness,,nan
squeezenet,ISIC_0015026,ensemble,non_sensitivity,,nan
resnet18,ISIC_0015030,ensemble,faithfulness_correlation,-0.005742987152189016,
resnet18,ISIC_0015030,ensemble,pixel_flipping,599.661865234375,
resnet18,ISIC_0015030,ensemble,max_sensitivity,0.9956628680229187,
resnet18,ISIC_0015030,ensemble,avg_sensitivity,0.9797732532024384,
resnet18,ISIC_0015030,ensemble,relevance_mass_accuracy,0.3250110149383545,
resnet18,ISIC_0015030,ensemble,pointing_game,1.0,
resnet18,ISIC_0015030,ensemble,sparseness,0.47014041515498073,
resnet18,ISIC_0015030,ensemble,complexity,11.526527404785156,
resnet18,ISIC_0015030,ensemble,model_parameter_randomisation,,nan
resnet18,ISIC_0015030,ensemble,random_logit,0.6983775463759202,
resnet18,ISIC_0015030,ensemble,completeness,,nan
resnet18,ISIC_0015030,ensemble,non_sensitivity,,nan
squeezenet,ISIC_0015030,ensemble,faithfulness_correlation,0.14437109231948853,
squeezenet,ISIC_0015030,ensemble,pixel_flipping,322.6036376953125,
squeezenet,ISIC_0015030,ensemble,max_sensitivity,1.0662591457366943,
squeezenet,ISIC_0015030,ensemble,avg_sensitivity,1.0493743658065795,
squeezenet,ISIC_0015030,ensemble,relevance_mass_accuracy,0.39138558506965637,
squeezenet,ISIC_0015030,ensemble,pointing_game,1.0,
squeezenet,ISIC_0015030,ensemble,sparseness,0.5917794989885822,
squeezenet,ISIC_0015030,ensemble,complexity,11.262660026550293,
squeezenet,ISIC_0015030,ensemble,model_parameter_randomisation,,nan
squeezenet,ISIC_0015030,ensemble,random_logit,0.8614360245619103,
squeezenet,ISIC_0015030,ensemble,completeness,,nan
squeezenet,ISIC_0015030,ensemble,non_sensitivity,,nan
resnet18,ISIC_0015031,ensemble,faithfulness_correlation,-0.08483704179525375,
resnet18,ISIC_0015031,ensemble,pixel_flipping,21.835674285888672,
resnet18,ISIC_0015031,ensemble,max_sensitivity,0.9162583351135254,
resnet18,ISIC_0015031,ensemble,avg_sensitivity,0.9027662515640259,
resnet18,ISIC_0015031,ensemble,relevance_mass_accuracy,0.5240705013275146,
resnet18,ISIC_0015031,ensemble,pointing_game,0.0,
resnet18,ISIC_0015031,ensemble,sparseness,0.4567109557755355,
resnet18,ISIC_0015031,ensemble,complexity,11.550755500793457,
resnet18,ISIC_0015031,ensemble,model_parameter_randomisation,,nan
resnet18,ISIC_0015031,ensemble,random_logit,0.647348199652807,
resnet18,ISIC_0015031,ensemble,completeness,,nan
resnet18,ISIC_0015031,ensemble,non_sensitivity,,nan
squeezenet,ISIC_0015031,ensemble,faithfulness_correlation,-0.036293599754571915,
squeezenet,ISIC_0015031,ensemble,pixel_flipping,68.6146011352539,
squeezenet,ISIC_0015031,ensemble,max_sensitivity,0.9421378970146179,
squeezenet,ISIC_0015031,ensemble,avg_sensitivity,0.919907683134079,
squeezenet,ISIC_0015031,ensemble,relevance_mass_accuracy,0.416328489780426,
squeezenet,ISIC_0015031,ensemble,pointing_game,0.0,
squeezenet,ISIC_0015031,ensemble,sparseness,0.5597920490359939,
squeezenet,ISIC_0015031,ensemble,complexity,11.340921401977539,
squeezenet,ISIC_0015031,ensemble,model_parameter_randomisation,,nan
squeezenet,ISIC_0015031,ensemble,random_logit,0.6523238237015091,
squeezenet,ISIC_0015031,ensemble,completeness,,nan
squeezenet,ISIC_0015031,ensemble,non_sensitivity,,nan
resnet18,ISIC_0015035,ensemble,faithfulness_correlation,-0.03761463612318039,
resnet18,ISIC_0015035,ensemble,pixel_flipping,596.4618530273438,
resnet18,ISIC_0015035,ensemble,max_sensitivity,1.1555514335632324,
resnet18,ISIC_0015035,ensemble,avg_sensitivity,1.1201887607574463,
resnet18,ISIC_0015035,ensemble,relevance_mass_accuracy,0.027788136154413223,
resnet18,ISIC_0015035,ensemble,pointing_game,0.0,
resnet18,ISIC_0015035,ensemble,sparseness,0.48390844435180663,
resnet18,ISIC_0015035,ensemble,complexity,11.51002025604248,
resnet18,ISIC_0015035,ensemble,model_parameter_randomisation,,nan
resnet18,ISIC_0015035,ensemble,random_logit,0.6010381791723136,
resnet18,ISIC_0015035,ensemble,completeness,,nan
resnet18,ISIC_0015035,ensemble,non_sensitivity,,nan
squeezenet,ISIC_0015035,ensemble,faithfulness_correlation,-0.04249408841133118,
squeezenet,ISIC_0015035,ensemble,pixel_flipping,46.00226593017578,
squeezenet,ISIC_0015035,ensemble,max_sensitivity,1.100937843322754,
squeezenet,ISIC_0015035,ensemble,avg_sensitivity,1.0685509204864503,
squeezenet,ISIC_0015035,ensemble,relevance_mass_accuracy,0.16097265481948853,
squeezenet,ISIC_0015035,ensemble,pointing_game,1.0,
squeezenet,ISIC_0015035,ensemble,sparseness,0.6921168249441133,
squeezenet,ISIC_0015035,ensemble,complexity,10.947687149047852,
squeezenet,ISIC_0015035,ensemble,model_parameter_randomisation,,nan
squeezenet,ISIC_0015035,ensemble,random_logit,0.583156164181285,
squeezenet,ISIC_0015035,ensemble,completeness,,nan
squeezenet,ISIC_0015035,ensemble,non_sensitivity,,nan
resnet18,ISIC_0015037,ensemble,faithfulness_correlation,0.22320684790611267,
resnet18,ISIC_0015037,ensemble,pixel_flipping,566.6493530273438,
resnet18,ISIC_0015037,ensemble,max_sensitivity,0.9830904006958008,
resnet18,ISIC_0015037,ensemble,avg_sensitivity,0.9636162281036377,
resnet18,ISIC_0015037,ensemble,relevance_mass_accuracy,0.6583079695701599,
resnet18,ISIC_0015037,ensemble,pointing_game,1.0,
resnet18,ISIC_0015037,ensemble,sparseness,0.44468901439934705,
resnet18,ISIC_0015037,ensemble,complexity,11.567928314208984,
resnet18,ISIC_0015037,ensemble,model_parameter_randomisation,,nan
resnet18,ISIC_0015037,ensemble,random_logit,0.5984797052156278,
resnet18,ISIC_0015037,ensemble,completeness,,nan
resnet18,ISIC_0015037,ensemble,non_sensitivity,,nan
squeezenet,ISIC_0015037,ensemble,faithfulness_correlation,0.005797958932816982,
squeezenet,ISIC_0015037,ensemble,pixel_flipping,278.86138916015625,
squeezenet,ISIC_0015037,ensemble,max_sensitivity,1.100075602531433,
squeezenet,ISIC_0015037,ensemble,avg_sensitivity,1.0883922219276427,
squeezenet,ISIC_0015037,ensemble,relevance_mass_accuracy,0.8662832379341125,
squeezenet,ISIC_0015037,ensemble,pointing_game,1.0,
squeezenet,ISIC_0015037,ensemble,sparseness,0.5344071690228862,
squeezenet,ISIC_0015037,ensemble,complexity,11.408780097961426,
squeezenet,ISIC_0015037,ensemble,model_parameter_randomisation,,nan
squeezenet,ISIC_0015037,ensemble,random_logit,0.6951397270631557,
squeezenet,ISIC_0015037,ensemble,completeness,,nan
squeezenet,ISIC_0015037,ensemble,non_sensitivity,,nan
resnet18,ISIC_0015040,ensemble,faithfulness_correlation,0.08980223536491394,
resnet18,ISIC_0015040,ensemble,pixel_flipping,586.892578125,
resnet18,ISIC_0015040,ensemble,max_sensitivity,1.0184659957885742,
resnet18,ISIC_0015040,ensemble,avg_sensitivity,1.0131969809532166,
resnet18,ISIC_0015040,ensemble,relevance_mass_accuracy,0.19447103142738342,
resnet18,ISIC_0015040,ensemble,pointing_game,1.0,
resnet18,ISIC_0015040,ensemble,sparseness,0.5121505014877613,
resnet18,ISIC_0015040,ensemble,complexity,11.448253631591797,
resnet18,ISIC_0015040,ensemble,model_parameter_randomisation,,nan
resnet18,ISIC_0015040,ensemble,random_logit,0.632083590777267,
resnet18,ISIC_0015040,ensemble,completeness,,nan
resnet18,ISIC_0015040,ensemble,non_sensitivity,,nan
squeezenet,ISIC_0015040,ensemble,faithfulness_correlation,0.33553895354270935,
squeezenet,ISIC_0015040,ensemble,pixel_flipping,330.6520690917969,
squeezenet,ISIC_0015040,ensemble,max_sensitivity,1.1124733686447144,
squeezenet,ISIC_0015040,ensemble,avg_sensitivity,1.0865954637527466,
squeezenet,ISIC_0015040,ensemble,relevance_mass_accuracy,0.49287331104278564,
squeezenet,ISIC_0015040,ensemble,pointing_game,1.0,
squeezenet,ISIC_0015040,ensemble,sparseness,0.7106787091177271,
squeezenet,ISIC_0015040,ensemble,complexity,10.856340408325195,
squeezenet,ISIC_0015040,ensemble,model_parameter_randomisation,,nan
squeezenet,ISIC_0015040,ensemble,random_logit,0.890215583316758,
squeezenet,ISIC_0015040,ensemble,completeness,,nan
squeezenet,ISIC_0015040,ensemble,non_sensitivity,,nan
resnet18,ISIC_0015051,ensemble,faithfulness_correlation,0.11914287507534027,
resnet18,ISIC_0015051,ensemble,pixel_flipping,609.9144897460938,
resnet18,ISIC_0015051,ensemble,max_sensitivity,1.0261611938476562,
resnet18,ISIC_0015051,ensemble,avg_sensitivity,1.0052346408367157,
resnet18,ISIC_0015051,ensemble,relevance_mass_accuracy,0.3739311099052429,
resnet18,ISIC_0015051,ensemble,pointing_game,0.0,
resnet18,ISIC_0015051,ensemble,sparseness,0.46374233217650973,
resnet18,ISIC_0015051,ensemble,complexity,11.544259071350098,
resnet18,ISIC_0015051,ensemble,model_parameter_randomisation,,nan
resnet18,ISIC_0015051,ensemble,random_logit,0.5832104886672366,
resnet18,ISIC_0015051,ensemble,completeness,,nan
resnet18,ISIC_0015051,ensemble,non_sensitivity,,nan
squeezenet,ISIC_0015051,ensemble,faithfulness_correlation,0.19159455597400665,
squeezenet,ISIC_0015051,ensemble,pixel_flipping,254.81021118164062,
squeezenet,ISIC_0015051,ensemble,max_sensitivity,1.1088742017745972,
squeezenet,ISIC_0015051,ensemble,avg_sensitivity,1.0852409243583678,
squeezenet,ISIC_0015051,ensemble,relevance_mass_accuracy,0.7283568382263184,
squeezenet,ISIC_0015051,ensemble,pointing_game,1.0,
squeezenet,ISIC_0015051,ensemble,sparseness,0.6495001777673797,
squeezenet,ISIC_0015051,ensemble,complexity,11.128751754760742,
squeezenet,ISIC_0015051,ensemble,model_parameter_randomisation,,nan
squeezenet,ISIC_0015051,ensemble,random_logit,0.8302142840068891,
squeezenet,ISIC_0015051,ensemble,completeness,,nan
squeezenet,ISIC_0015051,ensemble,non_sensitivity,,nan
resnet18,ISIC_0015056,ensemble,faithfulness_correlation,-0.11385337263345718,
resnet18,ISIC_0015056,ensemble,pixel_flipping,131.49044799804688,
resnet18,ISIC_0015056,ensemble,max_sensitivity,1.1858811378479004,
resnet18,ISIC_0015056,ensemble,avg_sensitivity,1.160731053352356,
resnet18,ISIC_0015056,ensemble,relevance_mass_accuracy,0.6299657821655273,
resnet18,ISIC_0015056,ensemble,pointing_game,1.0,
resnet18,ISIC_0015056,ensemble,sparseness,0.4695373970952123,
resnet18,ISIC_0015056,ensemble,complexity,11.523392677307129,
resnet18,ISIC_0015056,ensemble,model_parameter_randomisation,,nan
resnet18,ISIC_0015056,ensemble,random_logit,0.6112535197828004,
resnet18,ISIC_0015056,ensemble,completeness,,nan
resnet18,ISIC_0015056,ensemble,non_sensitivity,,nan
squeezenet,ISIC_0015056,ensemble,faithfulness_correlation,0.02961520291864872,
squeezenet,ISIC_0015056,ensemble,pixel_flipping,302.61456298828125,
squeezenet,ISIC_0015056,ensemble,max_sensitivity,1.108552098274231,
squeezenet,ISIC_0015056,ensemble,avg_sensitivity,1.0914323806762696,
squeezenet,ISIC_0015056,ensemble,relevance_mass_accuracy,0.7379685640335083,
squeezenet,ISIC_0015056,ensemble,pointing_game,1.0,
squeezenet,ISIC_0015056,ensemble,sparseness,0.5853487419341755,
squeezenet,ISIC_0015056,ensemble,complexity,11.293742179870605,
squeezenet,ISIC_0015056,ensemble,model_parameter_randomisation,,nan
squeezenet,ISIC_0015056,ensemble,random_logit,0.7295903674300331,
squeezenet,ISIC_0015056,ensemble,completeness,,nan
squeezenet,ISIC_0015056,ensemble,non_sensitivity,,nan
resnet18,ISIC_0015057,ensemble,faithfulness_correlation,0.015376719646155834,
resnet18,ISIC_0015057,ensemble,pixel_flipping,538.93896484375,
resnet18,ISIC_0015057,ensemble,max_sensitivity,0.9594306349754333,
resnet18,ISIC_0015057,ensemble,avg_sensitivity,0.9453048646450043,
resnet18,ISIC_0015057,ensemble,relevance_mass_accuracy,0.4241485595703125,
resnet18,ISIC_0015057,ensemble,pointing_game,1.0,
resnet18,ISIC_0015057,ensemble,sparseness,0.44124337725390983,
resnet18,ISIC_0015057,ensemble,complexity,11.575559616088867,
resnet18,ISIC_0015057,ensemble,model_parameter_randomisation,,nan
resnet18,ISIC_0015057,ensemble,random_logit,0.6073302051879155,
resnet18,ISIC_0015057,ensemble,completeness,,nan
resnet18,ISIC_0015057,ensemble,non_sensitivity,,nan
squeezenet,ISIC_0015057,ensemble,faithfulness_correlation,-0.011742543429136276,
squeezenet,ISIC_0015057,ensemble,pixel_flipping,48.986419677734375,
squeezenet,ISIC_0015057,ensemble,max_sensitivity,1.0066487789154053,
squeezenet,ISIC_0015057,ensemble,avg_sensitivity,0.9985563158988953,
squeezenet,ISIC_0015057,ensemble,relevance_mass_accuracy,0.2814575731754303,
squeezenet,ISIC_0015057,ensemble,pointing_game,0.0,
squeezenet,ISIC_0015057,ensemble,sparseness,0.550856138339802,
squeezenet,ISIC_0015057,ensemble,complexity,11.36866569519043,
squeezenet,ISIC_0015057,ensemble,model_parameter_randomisation,,nan
squeezenet,ISIC_0015057,ensemble,random_logit,0.5083616579007879,
squeezenet,ISIC_0015057,ensemble,completeness,,nan
squeezenet,ISIC_0015057,ensemble,non_sensitivity,,nan
resnet18,ISIC_0015060,ensemble,faithfulness_correlation,0.06146220117807388,
resnet18,ISIC_0015060,ensemble,pixel_flipping,612.2066040039062,
resnet18,ISIC_0015060,ensemble,max_sensitivity,1.003783106803894,
resnet18,ISIC_0015060,ensemble,avg_sensitivity,0.9914267659187317,
resnet18,ISIC_0015060,ensemble,relevance_mass_accuracy,0.49933263659477234,
resnet18,ISIC_0015060,ensemble,pointing_game,1.0,
resnet18,ISIC_0015060,ensemble,sparseness,0.4759064709150848,
resnet18,ISIC_0015060,ensemble,complexity,11.522717475891113,
resnet18,ISIC_0015060,ensemble,model_parameter_randomisation,,nan
resnet18,ISIC_0015060,ensemble,random_logit,0.6784920444349595,
resnet18,ISIC_0015060,ensemble,completeness,,nan
resnet18,ISIC_0015060,ensemble,non_sensitivity,,nan
squeezenet,ISIC_0015060,ensemble,faithfulness_correlation,0.015002856031060219,
squeezenet,ISIC_0015060,ensemble,pixel_flipping,401.2286376953125,
squeezenet,ISIC_0015060,ensemble,max_sensitivity,1.077222228050232,
squeezenet,ISIC_0015060,ensemble,avg_sensitivity,1.056647574901581,
squeezenet,ISIC_0015060,ensemble,relevance_mass_accuracy,0.8516131639480591,
squeezenet,ISIC_0015060,ensemble,pointing_game,1.0,
squeezenet,ISIC_0015060,ensemble,sparseness,0.6483482132859555,
squeezenet,ISIC_0015060,ensemble,complexity,11.095538139343262,
squeezenet,ISIC_0015060,ensemble,model_parameter_randomisation,,nan
squeezenet,ISIC_0015060,ensemble,random_logit,0.7824082402056048,
squeezenet,ISIC_0015060,ensemble,completeness,,nan
squeezenet,ISIC_0015060,ensemble,non_sensitivity,,nan
resnet18,ISIC_0015064,ensemble,faithfulness_correlation,-0.05942244082689285,
resnet18,ISIC_0015064,ensemble,pixel_flipping,105.00029754638672,
resnet18,ISIC_0015064,ensemble,max_sensitivity,1.2427890300750732,
resnet18,ISIC_0015064,ensemble,avg_sensitivity,1.1935765147209167,
resnet18,ISIC_0015064,ensemble,relevance_mass_accuracy,0.737567126750946,
resnet18,ISIC_0015064,ensemble,pointing_game,1.0,
resnet18,ISIC_0015064,ensemble,sparseness,0.48683454394236886,
resnet18,ISIC_0015064,ensemble,complexity,11.506074905395508,
resnet18,ISIC_0015064,ensemble,model_parameter_randomisation,,nan
resnet18,ISIC_0015064,ensemble,random_logit,0.48060600288350214,
resnet18,ISIC_0015064,ensemble,completeness,,nan
resnet18,ISIC_0015064,ensemble,non_sensitivity,,nan
squeezenet,ISIC_0015064,ensemble,faithfulness_correlation,-0.06354167312383652,
squeezenet,ISIC_0015064,ensemble,pixel_flipping,277.4351806640625,
squeezenet,ISIC_0015064,ensemble,max_sensitivity,1.084752082824707,
squeezenet,ISIC_0015064,ensemble,avg_sensitivity,1.0617409944534302,
squeezenet,ISIC_0015064,ensemble,relevance_mass_accuracy,0.8370764851570129,
squeezenet,ISIC_0015064,ensemble,pointing_game,1.0,
squeezenet,ISIC_0015064,ensemble,sparseness,0.5834895919153438,
squeezenet,ISIC_0015064,ensemble,complexity,11.299186706542969,
squeezenet,ISIC_0015064,ensemble,model_parameter_randomisation,,nan
squeezenet,ISIC_0015064,ensemble,random_logit,0.7944202934332342,
squeezenet,ISIC_0015064,ensemble,completeness,,nan
squeezenet,ISIC_0015064,ensemble,non_sensitivity,,nan
resnet18,ISIC_0015078,ensemble,faithfulness_correlation,-0.10234730690717697,
resnet18,ISIC_0015078,ensemble,pixel_flipping,10.048465728759766,
resnet18,ISIC_0015078,ensemble,max_sensitivity,1.0458803176879883,
resnet18,ISIC_0015078,ensemble,avg_sensitivity,0.9765654325485229,
resnet18,ISIC_0015078,ensemble,relevance_mass_accuracy,0.5906295776367188,
resnet18,ISIC_0015078,ensemble,pointing_game,0.0,
resnet18,ISIC_0015078,ensemble,sparseness,0.43665687883857157,
resnet18,ISIC_0015078,ensemble,complexity,11.584978103637695,
resnet18,ISIC_0015078,ensemble,model_parameter_randomisation,,nan
resnet18,ISIC_0015078,ensemble,random_logit,0.6253679085912964,
resnet18,ISIC_0015078,ensemble,completeness,,nan
resnet18,ISIC_0015078,ensemble,non_sensitivity,,nan
squeezenet,ISIC_0015078,ensemble,faithfulness_correlation,-0.015180814079940319,
squeezenet,ISIC_0015078,ensemble,pixel_flipping,58.80504608154297,
squeezenet,ISIC_0015078,ensemble,max_sensitivity,0.9553214311599731,
squeezenet,ISIC_0015078,ensemble,avg_sensitivity,0.9187597930431366,
squeezenet,ISIC_0015078,ensemble,relevance_mass_accuracy,0.7062585949897766,
squeezenet,ISIC_0015078,ensemble,pointing_game,1.0,
squeezenet,ISIC_0015078,ensemble,sparseness,0.5524248232875385,
squeezenet,ISIC_0015078,ensemble,complexity,11.358192443847656,
squeezenet,ISIC_0015078,ensemble,model_parameter_randomisation,,nan
squeezenet,ISIC_0015078,ensemble,random_logit,0.6313208400444177,
squeezenet,ISIC_0015078,ensemble,completeness,,nan
squeezenet,ISIC_0015078,ensemble,non_sensitivity,,nan
resnet18,ISIC_0015089,ensemble,faithfulness_correlation,-0.10882499068975449,
resnet18,ISIC_0015089,ensemble,pixel_flipping,592.079345703125,
resnet18,ISIC_0015089,ensemble,max_sensitivity,0.936596691608429,
resnet18,ISIC_0015089,ensemble,avg_sensitivity,0.9187527060508728,
resnet18,ISIC_0015089,ensemble,relevance_mass_accuracy,0.6739509701728821,
resnet18,ISIC_0015089,ensemble,pointing_game,0.0,
resnet18,ISIC_0015089,ensemble,sparseness,0.42703164842043656,
resnet18,ISIC_0015089,ensemble,complexity,11.607758522033691,
resnet18,ISIC_0015089,ensemble,model_parameter_randomisation,,nan
resnet18,ISIC_0015089,ensemble,random_logit,0.4249287514714334,
resnet18,ISIC_0015089,ensemble,completeness,,nan
resnet18,ISIC_0015089,ensemble,non_sensitivity,,nan
squeezenet,ISIC_0015089,ensemble,faithfulness_correlation,0.06570880115032196,
squeezenet,ISIC_0015089,ensemble,pixel_flipping,426.07061767578125,
squeezenet,ISIC_0015089,ensemble,max_sensitivity,1.0172741413116455,
squeezenet,ISIC_0015089,ensemble,avg_sensitivity,1.0063843309879303,
squeezenet,ISIC_0015089,ensemble,relevance_mass_accuracy,0.7099254727363586,
squeezenet,ISIC_0015089,ensemble,pointing_game,1.0,
squeezenet,ISIC_0015089,ensemble,sparseness,0.5429694492192508,
squeezenet,ISIC_0015089,ensemble,complexity,11.397459983825684,
squeezenet,ISIC_0015089,ensemble,model_parameter_randomisation,,nan
squeezenet,ISIC_0015089,ensemble,random_logit,0.705533260571586,
squeezenet,ISIC_0015089,ensemble,completeness,,nan
squeezenet,ISIC_0015089,ensemble,non_sensitivity,,nan
resnet18,ISIC_0015102,ensemble,faithfulness_correlation,0.13440197706222534,
resnet18,ISIC_0015102,ensemble,pixel_flipping,564.6004638671875,
resnet18,ISIC_0015102,ensemble,max_sensitivity,0.9764936566352844,
resnet18,ISIC_0015102,ensemble,avg_sensitivity,0.9700546860694885,
resnet18,ISIC_0015102,ensemble,relevance_mass_accuracy,0.786619246006012,
resnet18,ISIC_0015102,ensemble,pointing_game,0.0,
resnet18,ISIC_0015102,ensemble,sparseness,0.4461067110859943,
resnet18,ISIC_0015102,ensemble,complexity,11.578036308288574,
resnet18,ISIC_0015102,ensemble,model_parameter_randomisation,,nan
resnet18,ISIC_0015102,ensemble,random_logit,0.5165103445061078,
resnet18,ISIC_0015102,ensemble,completeness,,nan
resnet18,ISIC_0015102,ensemble,non_sensitivity,,nan
squeezenet,ISIC_0015102,ensemble,faithfulness_correlation,0.12034542858600616,
squeezenet,ISIC_0015102,ensemble,pixel_flipping,242.44827270507812,
squeezenet,ISIC_0015102,ensemble,max_sensitivity,1.044204592704773,
squeezenet,ISIC_0015102,ensemble,avg_sensitivity,1.0344086050987245,
squeezenet,ISIC_0015102,ensemble,relevance_mass_accuracy,0.8091480135917664,
squeezenet,ISIC_0015102,ensemble,pointing_game,1.0,
squeezenet,ISIC_0015102,ensemble,sparseness,0.5773969841944605,
squeezenet,ISIC_0015102,ensemble,complexity,11.306116104125977,
squeezenet,ISIC_0015102,ensemble,model_parameter_randomisation,,nan
squeezenet,ISIC_0015102,ensemble,random_logit,0.8094833762579878,
squeezenet,ISIC_0015102,ensemble,completeness,,nan
squeezenet,ISIC_0015102,ensemble,non_sensitivity,,nan
resnet18,ISIC_0015118,ensemble,faithfulness_correlation,0.04620794951915741,
resnet18,ISIC_0015118,ensemble,pixel_flipping,595.7984619140625,
resnet18,ISIC_0015118,ensemble,max_sensitivity,1.0103493928909302,
resnet18,ISIC_0015118,ensemble,avg_sensitivity,0.9864496231079102,
resnet18,ISIC_0015118,ensemble,relevance_mass_accuracy,0.7580889463424683,
resnet18,ISIC_0015118,ensemble,pointing_game,0.0,
resnet18,ISIC_0015118,ensemble,sparseness,0.46268083870629356,
resnet18,ISIC_0015118,ensemble,complexity,11.55161190032959,
resnet18,ISIC_0015118,ensemble,model_parameter_randomisation,,nan
resnet18,ISIC_0015118,ensemble,random_logit,0.35346005912363343,
resnet18,ISIC_0015118,ensemble,completeness,,nan
resnet18,ISIC_0015118,ensemble,non_sensitivity,,nan
squeezenet,ISIC_0015118,ensemble,faithfulness_correlation,0.006871308200061321,
squeezenet,ISIC_0015118,ensemble,pixel_flipping,258.69329833984375,
squeezenet,ISIC_0015118,ensemble,max_sensitivity,1.0728166103363037,
squeezenet,ISIC_0015118,ensemble,avg_sensitivity,1.061102819442749,
squeezenet,ISIC_0015118,ensemble,relevance_mass_accuracy,0.8711874485015869,
squeezenet,ISIC_0015118,ensemble,pointing_game,1.0,
squeezenet,ISIC_0015118,ensemble,sparseness,0.5592895144653744,
squeezenet,ISIC_0015118,ensemble,complexity,11.3611478805542,
squeezenet,ISIC_0015118,ensemble,model_parameter_randomisation,,nan
squeezenet,ISIC_0015118,ensemble,random_logit,0.7691201062116554,
squeezenet,ISIC_0015118,ensemble,completeness,,nan
squeezenet,ISIC_0015118,ensemble,non_sensitivity,,nan
resnet18,ISIC_0015125,ensemble,faithfulness_correlation,-0.10718680173158646,
resnet18,ISIC_0015125,ensemble,pixel_flipping,546.0224609375,
resnet18,ISIC_0015125,ensemble,max_sensitivity,0.9600057005882263,
resnet18,ISIC_0015125,ensemble,avg_sensitivity,0.9544337332248688,
resnet18,ISIC_0015125,ensemble,relevance_mass_accuracy,0.37898093461990356,
resnet18,ISIC_0015125,ensemble,pointing_game,0.0,
resnet18,ISIC_0015125,ensemble,sparseness,0.5124911955894093,
resnet18,ISIC_0015125,ensemble,complexity,11.460265159606934,
resnet18,ISIC_0015125,ensemble,model_parameter_randomisation,,nan
resnet18,ISIC_0015125,ensemble,random_logit,0.7056147619724392,
resnet18,ISIC_0015125,ensemble,completeness,,nan
resnet18,ISIC_0015125,ensemble,non_sensitivity,,nan
squeezenet,ISIC_0015125,ensemble,faithfulness_correlation,0.08415406942367554,
squeezenet,ISIC_0015125,ensemble,pixel_flipping,350.08575439453125,
squeezenet,ISIC_0015125,ensemble,max_sensitivity,0.9970694184303284,
squeezenet,ISIC_0015125,ensemble,avg_sensitivity,0.9813607335090637,
squeezenet,ISIC_0015125,ensemble,relevance_mass_accuracy,0.5320786833763123,
squeezenet,ISIC_0015125,ensemble,pointing_game,1.0,
squeezenet,ISIC_0015125,ensemble,sparseness,0.6195758993667719,
squeezenet,ISIC_0015125,ensemble,complexity,11.207830429077148,
squeezenet,ISIC_0015125,ensemble,model_parameter_randomisation,,nan
squeezenet,ISIC_0015125,ensemble,random_logit,0.8150010059175451,
squeezenet,ISIC_0015125,ensemble,completeness,,nan
squeezenet,ISIC_0015125,ensemble,non_sensitivity,,nan
resnet18,ISIC_0015129,ensemble,faithfulness_correlation,0.004303056746721268,
resnet18,ISIC_0015129,ensemble,pixel_flipping,142.91615295410156,
resnet18,ISIC_0015129,ensemble,max_sensitivity,0.9916309714317322,
resnet18,ISIC_0015129,ensemble,avg_sensitivity,0.9906992971897125,
resnet18,ISIC_0015129,ensemble,relevance_mass_accuracy,0.1929510235786438,
resnet18,ISIC_0015129,ensemble,pointing_game,0.0,
resnet18,ISIC_0015129,ensemble,sparseness,0.47499963011907387,
resnet18,ISIC_0015129,ensemble,complexity,11.522574424743652,
resnet18,ISIC_0015129,ensemble,model_parameter_randomisation,,nan
resnet18,ISIC_0015129,ensemble,random_logit,0.5613907876539925,
resnet18,ISIC_0015129,ensemble,completeness,,nan
resnet18,ISIC_0015129,ensemble,non_sensitivity,,nan
squeezenet,ISIC_0015129,ensemble,faithfulness_correlation,-0.26835528016090393,
squeezenet,ISIC_0015129,ensemble,pixel_flipping,57.70397186279297,
squeezenet,ISIC_0015129,ensemble,max_sensitivity,1.0403218269348145,
squeezenet,ISIC_0015129,ensemble,avg_sensitivity,1.0212034344673158,
squeezenet,ISIC_0015129,ensemble,relevance_mass_accuracy,0.4173729419708252,
squeezenet,ISIC_0015129,ensemble,pointing_game,0.0,
squeezenet,ISIC_0015129,ensemble,sparseness,0.6547043092007367,
squeezenet,ISIC_0015129,ensemble,complexity,11.107342720031738,
squeezenet,ISIC_0015129,ensemble,model_parameter_randomisation,,nan
squeezenet,ISIC_0015129,ensemble,random_logit,0.6923622037123924,
squeezenet,ISIC_0015129,ensemble,completeness,,nan
squeezenet,ISIC_0015129,ensemble,non_sensitivity,,nan
resnet18,ISIC_0015130,ensemble,faithfulness_correlation,0.21058444678783417,
resnet18,ISIC_0015130,ensemble,pixel_flipping,617.583251953125,
resnet18,ISIC_0015130,ensemble,max_sensitivity,1.0154173374176025,
resnet18,ISIC_0015130,ensemble,avg_sensitivity,1.0130582928657532,
resnet18,ISIC_0015130,ensemble,relevance_mass_accuracy,0.29424479603767395,
resnet18,ISIC_0015130,ensemble,pointing_game,1.0,
resnet18,ISIC_0015130,ensemble,sparseness,0.4498470051568193,
resnet18,ISIC_0015130,ensemble,complexity,11.56676959991455,
resnet18,ISIC_0015130,ensemble,model_parameter_randomisation,,nan
resnet18,ISIC_0015130,ensemble,random_logit,0.5872847158286776,
resnet18,ISIC_0015130,ensemble,completeness,,nan
resnet18,ISIC_0015130,ensemble,non_sensitivity,,nan
squeezenet,ISIC_0015130,ensemble,faithfulness_correlation,0.10145262628793716,
squeezenet,ISIC_0015130,ensemble,pixel_flipping,449.10723876953125,
squeezenet,ISIC_0015130,ensemble,max_sensitivity,1.070568323135376,
squeezenet,ISIC_0015130,ensemble,avg_sensitivity,1.0529131531715392,
squeezenet,ISIC_0015130,ensemble,relevance_mass_accuracy,0.3668666481971741,
squeezenet,ISIC_0015130,ensemble,pointing_game,0.0,
squeezenet,ISIC_0015130,ensemble,sparseness,0.5209302439875861,
squeezenet,ISIC_0015130,ensemble,complexity,11.444241523742676,
squeezenet,ISIC_0015130,ensemble,model_parameter_randomisation,,nan
squeezenet,ISIC_0015130,ensemble,random_logit,0.6384362699081482,
squeezenet,ISIC_0015130,ensemble,completeness,,nan
squeezenet,ISIC_0015130,ensemble,non_sensitivity,,nan
resnet18,ISIC_0015140,ensemble,faithfulness_correlation,0.19627535343170166,
resnet18,ISIC_0015140,ensemble,pixel_flipping,75.15470886230469,
resnet18,ISIC_0015140,ensemble,max_sensitivity,1.1173880100250244,
resnet18,ISIC_0015140,ensemble,avg_sensitivity,1.063744878768921,
resnet18,ISIC_0015140,ensemble,relevance_mass_accuracy,0.7203329205513,
resnet18,ISIC_0015140,ensemble,pointing_game,0.0,
resnet18,ISIC_0015140,ensemble,sparseness,0.4472329938854657,
resnet18,ISIC_0015140,ensemble,complexity,11.57362174987793,
resnet18,ISIC_0015140,ensemble,model_parameter_randomisation,,nan
resnet18,ISIC_0015140,ensemble,random_logit,0.3919968603847286,
resnet18,ISIC_0015140,ensemble,completeness,,nan
resnet18,ISIC_0015140,ensemble,non_sensitivity,,nan
squeezenet,ISIC_0015140,ensemble,faithfulness_correlation,0.16347305476665497,
squeezenet,ISIC_0015140,ensemble,pixel_flipping,233.16571044921875,
squeezenet,ISIC_0015140,ensemble,max_sensitivity,1.02245032787323,
squeezenet,ISIC_0015140,ensemble,avg_sensitivity,1.0059635937213898,
squeezenet,ISIC_0015140,ensemble,relevance_mass_accuracy,0.7678966522216797,
squeezenet,ISIC_0015140,ensemble,pointing_game,0.0,
squeezenet,ISIC_0015140,ensemble,sparseness,0.5453254500117984,
squeezenet,ISIC_0015140,ensemble,complexity,11.391202926635742,
squeezenet,ISIC_0015140,ensemble,model_parameter_randomisation,,nan
squeezenet,ISIC_0015140,ensemble,random_logit,0.7795120982601804,
squeezenet,ISIC_0015140,ensemble,completeness,,nan
squeezenet,ISIC_0015140,ensemble,non_sensitivity,,nan
resnet18,ISIC_0015146,ensemble,faithfulness_correlation,0.05428146570920944,
resnet18,ISIC_0015146,ensemble,pixel_flipping,625.8349609375,
resnet18,ISIC_0015146,ensemble,max_sensitivity,0.9711322784423828,
resnet18,ISIC_0015146,ensemble,avg_sensitivity,0.9609639286994934,
resnet18,ISIC_0015146,ensemble,relevance_mass_accuracy,0.38010749220848083,
resnet18,ISIC_0015146,ensemble,pointing_game,1.0,
resnet18,ISIC_0015146,ensemble,sparseness,0.47591462700056525,
resnet18,ISIC_0015146,ensemble,complexity,11.532485961914062,
resnet18,ISIC_0015146,ensemble,model_parameter_randomisation,,nan
resnet18,ISIC_0015146,ensemble,random_logit,0.5600490724381972,
resnet18,ISIC_0015146,ensemble,completeness,,nan
resnet18,ISIC_0015146,ensemble,non_sensitivity,,nan
squeezenet,ISIC_0015146,ensemble,faithfulness_correlation,0.05276228114962578,
squeezenet,ISIC_0015146,ensemble,pixel_flipping,336.7620849609375,
squeezenet,ISIC_0015146,ensemble,max_sensitivity,1.0666699409484863,
squeezenet,ISIC_0015146,ensemble,avg_sensitivity,1.051867163181305,
squeezenet,ISIC_0015146,ensemble,relevance_mass_accuracy,0.4412006139755249,
squeezenet,ISIC_0015146,ensemble,pointing_game,1.0,
squeezenet,ISIC_0015146,ensemble,sparseness,0.5616295346520928,
squeezenet,ISIC_0015146,ensemble,complexity,11.360305786132812,
squeezenet,ISIC_0015146,ensemble,model_parameter_randomisation,,nan
squeezenet,ISIC_0015146,ensemble,random_logit,0.6933555304049213,
squeezenet,ISIC_0015146,ensemble,completeness,,nan
squeezenet,ISIC_0015146,ensemble,non_sensitivity,,nan
resnet18,ISIC_0015150,ensemble,faithfulness_correlation,-0.07860115170478821,
resnet18,ISIC_0015150,ensemble,pixel_flipping,576.1171875,
resnet18,ISIC_0015150,ensemble,max_sensitivity,1.0171366930007935,
resnet18,ISIC_0015150,ensemble,avg_sensitivity,0.9973189353942871,
resnet18,ISIC_0015150,ensemble,relevance_mass_accuracy,0.5591784119606018,
resnet18,ISIC_0015150,ensemble,pointing_game,0.0,
resnet18,ISIC_0015150,ensemble,sparseness,0.4819219138445003,
resnet18,ISIC_0015150,ensemble,complexity,11.512473106384277,
resnet18,ISIC_0015150,ensemble,model_parameter_randomisation,,nan
resnet18,ISIC_0015150,ensemble,random_logit,0.6613455003247832,
resnet18,ISIC_0015150,ensemble,completeness,,nan
resnet18,ISIC_0015150,ensemble,non_sensitivity,,nan
squeezenet,ISIC_0015150,ensemble,faithfulness_correlation,0.0038624682929366827,
squeezenet,ISIC_0015150,ensemble,pixel_flipping,312.10308837890625,
squeezenet,ISIC_0015150,ensemble,max_sensitivity,1.0792465209960938,
squeezenet,ISIC_0015150,ensemble,avg_sensitivity,1.0557921528816223,
squeezenet,ISIC_0015150,ensemble,relevance_mass_accuracy,0.7121776342391968,
squeezenet,ISIC_0015150,ensemble,pointing_game,1.0,
squeezenet,ISIC_0015150,ensemble,sparseness,0.606649331084682,
squeezenet,ISIC_0015150,ensemble,complexity,11.241199493408203,
squeezenet,ISIC_0015150,ensemble,model_parameter_randomisation,,nan
squeezenet,ISIC_0015150,ensemble,random_logit,0.7768905748876741,
squeezenet,ISIC_0015150,ensemble,completeness,,nan
squeezenet,ISIC_0015150,ensemble,non_sensitivity,,nan
resnet18,ISIC_0015152,ensemble,faithfulness_correlation,-0.12004993110895157,
resnet18,ISIC_0015152,ensemble,pixel_flipping,605.6341552734375,
resnet18,ISIC_0015152,ensemble,max_sensitivity,0.9264802932739258,
resnet18,ISIC_0015152,ensemble,avg_sensitivity,0.9134357988834381,
resnet18,ISIC_0015152,ensemble,relevance_mass_accuracy,0.41915276646614075,
resnet18,ISIC_0015152,ensemble,pointing_game,1.0,
resnet18,ISIC_0015152,ensemble,sparseness,0.4417690726619088,
resnet18,ISIC_0015152,ensemble,complexity,11.578405380249023,
resnet18,ISIC_0015152,ensemble,model_parameter_randomisation,,nan
resnet18,ISIC_0015152,ensemble,random_logit,0.6230535187891549,
resnet18,ISIC_0015152,ensemble,completeness,,nan
resnet18,ISIC_0015152,ensemble,non_sensitivity,,nan
squeezenet,ISIC_0015152,ensemble,faithfulness_correlation,-0.11394733190536499,
squeezenet,ISIC_0015152,ensemble,pixel_flipping,61.197357177734375,
squeezenet,ISIC_0015152,ensemble,max_sensitivity,0.9992830157279968,
squeezenet,ISIC_0015152,ensemble,avg_sensitivity,0.9860031008720398,
squeezenet,ISIC_0015152,ensemble,relevance_mass_accuracy,0.43591052293777466,
squeezenet,ISIC_0015152,ensemble,pointing_game,0.0,
squeezenet,ISIC_0015152,ensemble,sparseness,0.5800743587651961,
squeezenet,ISIC_0015152,ensemble,complexity,11.305948257446289,
squeezenet,ISIC_0015152,ensemble,model_parameter_randomisation,,nan
squeezenet,ISIC_0015152,ensemble,random_logit,0.7385059464766757,
squeezenet,ISIC_0015152,ensemble,completeness,,nan
squeezenet,ISIC_0015152,ensemble,non_sensitivity,,nan
resnet18,ISIC_0015155,ensemble,faithfulness_correlation,-0.0048278216272592545,
resnet18,ISIC_0015155,ensemble,pixel_flipping,600.60595703125,
resnet18,ISIC_0015155,ensemble,max_sensitivity,1.049404501914978,
resnet18,ISIC_0015155,ensemble,avg_sensitivity,1.0416030645370484,
resnet18,ISIC_0015155,ensemble,relevance_mass_accuracy,0.40796226263046265,
resnet18,ISIC_0015155,ensemble,pointing_game,0.0,
resnet18,ISIC_0015155,ensemble,sparseness,0.4698838501990389,
resnet18,ISIC_0015155,ensemble,complexity,11.533609390258789,
resnet18,ISIC_0015155,ensemble,model_parameter_randomisation,,nan
resnet18,ISIC_0015155,ensemble,random_logit,0.5919726978255417,
resnet18,ISIC_0015155,ensemble,completeness,,nan
resnet18,ISIC_0015155,ensemble,non_sensitivity,,nan
squeezenet,ISIC_0015155,ensemble,faithfulness_correlation,0.23148351907730103,
squeezenet,ISIC_0015155,ensemble,pixel_flipping,373.66607666015625,
squeezenet,ISIC_0015155,ensemble,max_sensitivity,1.1281150579452515,
squeezenet,ISIC_0015155,ensemble,avg_sensitivity,1.1147863864898682,
squeezenet,ISIC_0015155,ensemble,relevance_mass_accuracy,0.362272173166275,
squeezenet,ISIC_0015155,ensemble,pointing_game,0.0,
squeezenet,ISIC_0015155,ensemble,sparseness,0.5474427858970474,
squeezenet,ISIC_0015155,ensemble,complexity,11.386411666870117,
squeezenet,ISIC_0015155,ensemble,model_parameter_randomisation,,nan
squeezenet,ISIC_0015155,ensemble,random_logit,0.5968652953262261,
squeezenet,ISIC_0015155,ensemble,completeness,,nan
squeezenet,ISIC_0015155,ensemble,non_sensitivity,,nan
resnet18,ISIC_0015157,ensemble,faithfulness_correlation,-0.13242705166339874,
resnet18,ISIC_0015157,ensemble,pixel_flipping,562.4078369140625,
resnet18,ISIC_0015157,ensemble,max_sensitivity,1.014742136001587,
resnet18,ISIC_0015157,ensemble,avg_sensitivity,1.0028958022594452,
resnet18,ISIC_0015157,ensemble,relevance_mass_accuracy,0.4813610017299652,
resnet18,ISIC_0015157,ensemble,pointing_game,1.0,
resnet18,ISIC_0015157,ensemble,sparseness,0.46189199465048425,
resnet18,ISIC_0015157,ensemble,complexity,11.542037963867188,
resnet18,ISIC_0015157,ensemble,model_parameter_randomisation,,nan
resnet18,ISIC_0015157,ensemble,random_logit,0.8071621356808589,
resnet18,ISIC_0015157,ensemble,completeness,,nan
resnet18,ISIC_0015157,ensemble,non_sensitivity,,nan
squeezenet,ISIC_0015157,ensemble,faithfulness_correlation,0.10586007684469223,
squeezenet,ISIC_0015157,ensemble,pixel_flipping,194.86277770996094,
squeezenet,ISIC_0015157,ensemble,max_sensitivity,1.1189628839492798,
squeezenet,ISIC_0015157,ensemble,avg_sensitivity,1.1062578201293944,
squeezenet,ISIC_0015157,ensemble,relevance_mass_accuracy,0.731512725353241,
squeezenet,ISIC_0015157,ensemble,pointing_game,1.0,
squeezenet,ISIC_0015157,ensemble,sparseness,0.6242064440567597,
squeezenet,ISIC_0015157,ensemble,complexity,11.195413589477539,
squeezenet,ISIC_0015157,ensemble,model_parameter_randomisation,,nan
squeezenet,ISIC_0015157,ensemble,random_logit,0.8259253333405163,
squeezenet,ISIC_0015157,ensemble,completeness,,nan
squeezenet,ISIC_0015157,ensemble,non_sensitivity,,nan
resnet18,ISIC_0015161,ensemble,faithfulness_correlation,0.018243368715047836,
resnet18,ISIC_0015161,ensemble,pixel_flipping,613.6764526367188,
resnet18,ISIC_0015161,ensemble,max_sensitivity,1.0086002349853516,
resnet18,ISIC_0015161,ensemble,avg_sensitivity,0.9911169230937957,
resnet18,ISIC_0015161,ensemble,relevance_mass_accuracy,0.4851672947406769,
resnet18,ISIC_0015161,ensemble,pointing_game,0.0,
resnet18,ISIC_0015161,ensemble,sparseness,0.4470204240931366,
resnet18,ISIC_0015161,ensemble,complexity,11.568047523498535,
resnet18,ISIC_0015161,ensemble,model_parameter_randomisation,,nan
resnet18,ISIC_0015161,ensemble,random_logit,0.6412710544029214,
resnet18,ISIC_0015161,ensemble,completeness,,nan
resnet18,ISIC_0015161,ensemble,non_sensitivity,,nan
squeezenet,ISIC_0015161,ensemble,faithfulness_correlation,0.21962879598140717,
squeezenet,ISIC_0015161,ensemble,pixel_flipping,44.97487258911133,
squeezenet,ISIC_0015161,ensemble,max_sensitivity,1.0386395454406738,
squeezenet,ISIC_0015161,ensemble,avg_sensitivity,1.0043311893939972,
squeezenet,ISIC_0015161,ensemble,relevance_mass_accuracy,0.35667380690574646,
squeezenet,ISIC_0015161,ensemble,pointing_game,1.0,
squeezenet,ISIC_0015161,ensemble,sparseness,0.56862954933909,
squeezenet,ISIC_0015161,ensemble,complexity,11.332789421081543,
squeezenet,ISIC_0015161,ensemble,model_parameter_randomisation,,nan
squeezenet,ISIC_0015161,ensemble,random_logit,0.5512427624983539,
squeezenet,ISIC_0015161,ensemble,completeness,,nan
squeezenet,ISIC_0015161,ensemble,non_sensitivity,,nan
resnet18,ISIC_0015171,ensemble,faithfulness_correlation,0.03738792613148689,
resnet18,ISIC_0015171,ensemble,pixel_flipping,563.2631225585938,
resnet18,ISIC_0015171,ensemble,max_sensitivity,1.0976817607879639,
resnet18,ISIC_0015171,ensemble,avg_sensitivity,1.0874134302139282,
resnet18,ISIC_0015171,ensemble,relevance_mass_accuracy,0.9015591740608215,
resnet18,ISIC_0015171,ensemble,pointing_game,0.0,
resnet18,ISIC_0015171,ensemble,sparseness,0.4684421076830309,
resnet18,ISIC_0015171,ensemble,complexity,11.529650688171387,
resnet18,ISIC_0015171,ensemble,model_parameter_randomisation,,nan
resnet18,ISIC_0015171,ensemble,random_logit,0.7270377640058907,
resnet18,ISIC_0015171,ensemble,completeness,,nan
resnet18,ISIC_0015171,ensemble,non_sensitivity,,nan
squeezenet,ISIC_0015171,ensemble,faithfulness_correlation,0.025051411241292953,
squeezenet,ISIC_0015171,ensemble,pixel_flipping,24.08673667907715,
squeezenet,ISIC_0015171,ensemble,max_sensitivity,1.1187407970428467,
squeezenet,ISIC_0015171,ensemble,avg_sensitivity,1.0919167518615722,
squeezenet,ISIC_0015171,ensemble,relevance_mass_accuracy,0.8254225850105286,
squeezenet,ISIC_0015171,ensemble,pointing_game,1.0,
squeezenet,ISIC_0015171,ensemble,sparseness,0.563428006162247,
squeezenet,ISIC_0015171,ensemble,complexity,11.333587646484375,
squeezenet,ISIC_0015171,ensemble,model_parameter_randomisation,,nan
squeezenet,ISIC_0015171,ensemble,random_logit,0.6885197014527668,
squeezenet,ISIC_0015171,ensemble,completeness,,nan
squeezenet,ISIC_0015171,ensemble,non_sensitivity,,nan
resnet18,ISIC_0015173,ensemble,faithfulness_correlation,0.08042176812887192,
resnet18,ISIC_0015173,ensemble,pixel_flipping,562.6185302734375,
resnet18,ISIC_0015173,ensemble,max_sensitivity,0.9566807746887207,
resnet18,ISIC_0015173,ensemble,avg_sensitivity,0.9471604645252227,
resnet18,ISIC_0015173,ensemble,relevance_mass_accuracy,0.6339521408081055,
resnet18,ISIC_0015173,ensemble,pointing_game,0.0,
resnet18,ISIC_0015173,ensemble,sparseness,0.48118764902012545,
resnet18,ISIC_0015173,ensemble,complexity,11.525556564331055,
resnet18,ISIC_0015173,ensemble,model_parameter_randomisation,,nan
resnet18,ISIC_0015173,ensemble,random_logit,0.37797822839101414,
resnet18,ISIC_0015173,ensemble,completeness,,nan
resnet18,ISIC_0015173,ensemble,non_sensitivity,,nan
squeezenet,ISIC_0015173,ensemble,faithfulness_correlation,0.16963408887386322,
squeezenet,ISIC_0015173,ensemble,pixel_flipping,296.88238525390625,
squeezenet,ISIC_0015173,ensemble,max_sensitivity,1.0280039310455322,
squeezenet,ISIC_0015173,ensemble,avg_sensitivity,1.016386866569519,
squeezenet,ISIC_0015173,ensemble,relevance_mass_accuracy,0.7351260781288147,
squeezenet,ISIC_0015173,ensemble,pointing_game,1.0,
squeezenet,ISIC_0015173,ensemble,sparseness,0.5880917343871448,
squeezenet,ISIC_0015173,ensemble,complexity,11.291136741638184,
squeezenet,ISIC_0015173,ensemble,model_parameter_randomisation,,nan
squeezenet,ISIC_0015173,ensemble,random_logit,0.775539115663405,
squeezenet,ISIC_0015173,ensemble,completeness,,nan
squeezenet,ISIC_0015173,ensemble,non_sensitivity,,nan
resnet18,ISIC_0015175,ensemble,faithfulness_correlation,0.19829751551151276,
resnet18,ISIC_0015175,ensemble,pixel_flipping,601.4658203125,
resnet18,ISIC_0015175,ensemble,max_sensitivity,0.9596874117851257,
resnet18,ISIC_0015175,ensemble,avg_sensitivity,0.9431881070137024,
resnet18,ISIC_0015175,ensemble,relevance_mass_accuracy,0.3706508278846741,
resnet18,ISIC_0015175,ensemble,pointing_game,0.0,
resnet18,ISIC_0015175,ensemble,sparseness,0.5053311487328119,
resnet18,ISIC_0015175,ensemble,complexity,11.478349685668945,
resnet18,ISIC_0015175,ensemble,model_parameter_randomisation,,nan
resnet18,ISIC_0015175,ensemble,random_logit,0.564649347960821,
resnet18,ISIC_0015175,ensemble,completeness,,nan
resnet18,ISIC_0015175,ensemble,non_sensitivity,,nan
squeezenet,ISIC_0015175,ensemble,faithfulness_correlation,0.15521012246608734,
squeezenet,ISIC_0015175,ensemble,pixel_flipping,387.007568359375,
squeezenet,ISIC_0015175,ensemble,max_sensitivity,1.0249704122543335,
squeezenet,ISIC_0015175,ensemble,avg_sensitivity,1.012388527393341,
squeezenet,ISIC_0015175,ensemble,relevance_mass_accuracy,0.44396889209747314,
squeezenet,ISIC_0015175,ensemble,pointing_game,1.0,
squeezenet,ISIC_0015175,ensemble,sparseness,0.5827191177808454,
squeezenet,ISIC_0015175,ensemble,complexity,11.30519962310791,
squeezenet,ISIC_0015175,ensemble,model_parameter_randomisation,,nan
squeezenet,ISIC_0015175,ensemble,random_logit,0.7828683062148111,
squeezenet,ISIC_0015175,ensemble,completeness,,nan
squeezenet,ISIC_0015175,ensemble,non_sensitivity,,nan
resnet18,ISIC_0015176,ensemble,faithfulness_correlation,0.06470979005098343,
resnet18,ISIC_0015176,ensemble,pixel_flipping,582.2662353515625,
resnet18,ISIC_0015176,ensemble,max_sensitivity,0.9395477175712585,
resnet18,ISIC_0015176,ensemble,avg_sensitivity,0.9365634143352508,
resnet18,ISIC_0015176,ensemble,relevance_mass_accuracy,0.663352906703949,
resnet18,ISIC_0015176,ensemble,pointing_game,0.0,
resnet18,ISIC_0015176,ensemble,sparseness,0.4389012744284465,
resnet18,ISIC_0015176,ensemble,complexity,11.5841646194458,
resnet18,ISIC_0015176,ensemble,model_parameter_randomisation,,nan
resnet18,ISIC_0015176,ensemble,random_logit,0.5245747429163559,
resnet18,ISIC_0015176,ensemble,completeness,,nan
resnet18,ISIC_0015176,ensemble,non_sensitivity,,nan
squeezenet,ISIC_0015176,ensemble,faithfulness_correlation,0.1409422606229782,
squeezenet,ISIC_0015176,ensemble,pixel_flipping,261.9036865234375,
squeezenet,ISIC_0015176,ensemble,max_sensitivity,1.0755058526992798,
squeezenet,ISIC_0015176,ensemble,avg_sensitivity,1.061033022403717,
squeezenet,ISIC_0015176,ensemble,relevance_mass_accuracy,0.9221171140670776,
squeezenet,ISIC_0015176,ensemble,pointing_game,1.0,
squeezenet,ISIC_0015176,ensemble,sparseness,0.5957442172657352,
squeezenet,ISIC_0015176,ensemble,complexity,11.269083976745605,
squeezenet,ISIC_0015176,ensemble,model_parameter_randomisation,,nan
squeezenet,ISIC_0015176,ensemble,random_logit,0.7996106485041186,
squeezenet,ISIC_0015176,ensemble,completeness,,nan
squeezenet,ISIC_0015176,ensemble,non_sensitivity,,nan
resnet18,ISIC_0015179,ensemble,faithfulness_correlation,0.02751721814274788,
resnet18,ISIC_0015179,ensemble,pixel_flipping,605.9691772460938,
resnet18,ISIC_0015179,ensemble,max_sensitivity,1.014189600944519,
resnet18,ISIC_0015179,ensemble,avg_sensitivity,0.9847820103168488,
resnet18,ISIC_0015179,ensemble,relevance_mass_accuracy,0.47681134939193726,
resnet18,ISIC_0015179,ensemble,pointing_game,1.0,
resnet18,ISIC_0015179,ensemble,sparseness,0.5014467874851938,
resnet18,ISIC_0015179,ensemble,complexity,11.476292610168457,
resnet18,ISIC_0015179,ensemble,model_parameter_randomisation,,nan
resnet18,ISIC_0015179,ensemble,random_logit,0.6160765937687119,
resnet18,ISIC_0015179,ensemble,completeness,,nan
resnet18,ISIC_0015179,ensemble,non_sensitivity,,nan
squeezenet,ISIC_0015179,ensemble,faithfulness_correlation,0.22199410200119019,
squeezenet,ISIC_0015179,ensemble,pixel_flipping,276.52093505859375,
squeezenet,ISIC_0015179,ensemble,max_sensitivity,1.011041522026062,
squeezenet,ISIC_0015179,ensemble,avg_sensitivity,0.9959929049015045,
squeezenet,ISIC_0015179,ensemble,relevance_mass_accuracy,0.7114733457565308,
squeezenet,ISIC_0015179,ensemble,pointing_game,1.0,
squeezenet,ISIC_0015179,ensemble,sparseness,0.6256223714741843,
squeezenet,ISIC_0015179,ensemble,complexity,11.19123649597168,
squeezenet,ISIC_0015179,ensemble,model_parameter_randomisation,,nan
squeezenet,ISIC_0015179,ensemble,random_logit,0.843888698035967,
squeezenet,ISIC_0015179,ensemble,completeness,,nan
squeezenet,ISIC_0015179,ensemble,non_sensitivity,,nan
resnet18,ISIC_0015184,ensemble,faithfulness_correlation,0.2581413686275482,
resnet18,ISIC_0015184,ensemble,pixel_flipping,630.60302734375,
resnet18,ISIC_0015184,ensemble,max_sensitivity,1.0099091529846191,
resnet18,ISIC_0015184,ensemble,avg_sensitivity,1.002102130651474,
resnet18,ISIC_0015184,ensemble,relevance_mass_accuracy,0.23728719353675842,
resnet18,ISIC_0015184,ensemble,pointing_game,0.0,
resnet18,ISIC_0015184,ensemble,sparseness,0.46507631735550975,
resnet18,ISIC_0015184,ensemble,complexity,11.547380447387695,
resnet18,ISIC_0015184,ensemble,model_parameter_randomisation,,nan
resnet18,ISIC_0015184,ensemble,random_logit,0.4695813430596684,
resnet18,ISIC_0015184,ensemble,completeness,,nan
resnet18,ISIC_0015184,ensemble,non_sensitivity,,nan
squeezenet,ISIC_0015184,ensemble,faithfulness_correlation,0.14942312240600586,
squeezenet,ISIC_0015184,ensemble,pixel_flipping,368.45416259765625,
squeezenet,ISIC_0015184,ensemble,max_sensitivity,1.021383285522461,
squeezenet,ISIC_0015184,ensemble,avg_sensitivity,1.0157742142677306,
squeezenet,ISIC_0015184,ensemble,relevance_mass_accuracy,0.5516409277915955,
squeezenet,ISIC_0015184,ensemble,pointing_game,1.0,
squeezenet,ISIC_0015184,ensemble,sparseness,0.6057324863294345,
squeezenet,ISIC_0015184,ensemble,complexity,11.253134727478027,
squeezenet,ISIC_0015184,ensemble,model_parameter_randomisation,,nan
squeezenet,ISIC_0015184,ensemble,random_logit,0.7272299137180203,
squeezenet,ISIC_0015184,ensemble,completeness,,nan
squeezenet,ISIC_0015184,ensemble,non_sensitivity,,nan
resnet18,ISIC_0015201,ensemble,faithfulness_correlation,-0.07942454516887665,
resnet18,ISIC_0015201,ensemble,pixel_flipping,554.91162109375,
resnet18,ISIC_0015201,ensemble,max_sensitivity,1.0364261865615845,
resnet18,ISIC_0015201,ensemble,avg_sensitivity,1.019876492023468,
resnet18,ISIC_0015201,ensemble,relevance_mass_accuracy,0.42930006980895996,
resnet18,ISIC_0015201,ensemble,pointing_game,0.0,
resnet18,ISIC_0015201,ensemble,sparseness,0.48933155278991125,
resnet18,ISIC_0015201,ensemble,complexity,11.511141777038574,
resnet18,ISIC_0015201,ensemble,model_parameter_randomisation,,nan
resnet18,ISIC_0015201,ensemble,random_logit,0.43493766150976343,
resnet18,ISIC_0015201,ensemble,completeness,,nan
resnet18,ISIC_0015201,ensemble,non_sensitivity,,nan
squeezenet,ISIC_0015201,ensemble,faithfulness_correlation,0.13114851713180542,
squeezenet,ISIC_0015201,ensemble,pixel_flipping,305.864013671875,
squeezenet,ISIC_0015201,ensemble,max_sensitivity,1.0657438039779663,
squeezenet,ISIC_0015201,ensemble,avg_sensitivity,1.0584455013275147,
squeezenet,ISIC_0015201,ensemble,relevance_mass_accuracy,0.4526485204696655,
squeezenet,ISIC_0015201,ensemble,pointing_game,0.0,
squeezenet,ISIC_0015201,ensemble,sparseness,0.5593724870498178,
squeezenet,ISIC_0015201,ensemble,complexity,11.358231544494629,
squeezenet,ISIC_0015201,ensemble,model_parameter_randomisation,,nan
squeezenet,ISIC_0015201,ensemble,random_logit,0.7653116011699014,
squeezenet,ISIC_0015201,ensemble,completeness,,nan
squeezenet,ISIC_0015201,ensemble,non_sensitivity,,nan
resnet18,ISIC_0015202,ensemble,faithfulness_correlation,0.1734219640493393,
resnet18,ISIC_0015202,ensemble,pixel_flipping,611.4802856445312,
resnet18,ISIC_0015202,ensemble,max_sensitivity,0.9627172350883484,
resnet18,ISIC_0015202,ensemble,avg_sensitivity,0.9558328986167908,
resnet18,ISIC_0015202,ensemble,relevance_mass_accuracy,0.3277234435081482,
resnet18,ISIC_0015202,ensemble,pointing_game,1.0,
resnet18,ISIC_0015202,ensemble,sparseness,0.4911119621974351,
resnet18,ISIC_0015202,ensemble,complexity,11.502362251281738,
resnet18,ISIC_0015202,ensemble,model_parameter_randomisation,,nan
resnet18,ISIC_0015202,ensemble,random_logit,0.6515643356308483,
resnet18,ISIC_0015202,ensemble,completeness,,nan
resnet18,ISIC_0015202,ensemble,non_sensitivity,,nan
squeezenet,ISIC_0015202,ensemble,faithfulness_correlation,0.18841108679771423,
squeezenet,ISIC_0015202,ensemble,pixel_flipping,426.88714599609375,
squeezenet,ISIC_0015202,ensemble,max_sensitivity,1.0145777463912964,
squeezenet,ISIC_0015202,ensemble,avg_sensitivity,1.0057907938957213,
squeezenet,ISIC_0015202,ensemble,relevance_mass_accuracy,0.5202133655548096,
squeezenet,ISIC_0015202,ensemble,pointing_game,1.0,
squeezenet,ISIC_0015202,ensemble,sparseness,0.6177065744558653,
squeezenet,ISIC_0015202,ensemble,complexity,11.207042694091797,
squeezenet,ISIC_0015202,ensemble,model_parameter_randomisation,,nan
squeezenet,ISIC_0015202,ensemble,random_logit,0.8133149090495015,
squeezenet,ISIC_0015202,ensemble,completeness,,nan
squeezenet,ISIC_0015202,ensemble,non_sensitivity,,nan
resnet18,ISIC_0015207,ensemble,faithfulness_correlation,0.0682060569524765,
resnet18,ISIC_0015207,ensemble,pixel_flipping,616.281005859375,
resnet18,ISIC_0015207,ensemble,max_sensitivity,1.1044923067092896,
resnet18,ISIC_0015207,ensemble,avg_sensitivity,1.0921066641807555,
resnet18,ISIC_0015207,ensemble,relevance_mass_accuracy,0.4685153067111969,
resnet18,ISIC_0015207,ensemble,pointing_game,0.0,
resnet18,ISIC_0015207,ensemble,sparseness,0.48653809200964615,
resnet18,ISIC_0015207,ensemble,complexity,11.505481719970703,
resnet18,ISIC_0015207,ensemble,model_parameter_randomisation,,nan
resnet18,ISIC_0015207,ensemble,random_logit,0.5819577577364567,
resnet18,ISIC_0015207,ensemble,completeness,,nan
resnet18,ISIC_0015207,ensemble,non_sensitivity,,nan
squeezenet,ISIC_0015207,ensemble,faithfulness_correlation,-0.08217130601406097,
squeezenet,ISIC_0015207,ensemble,pixel_flipping,270.620849609375,
squeezenet,ISIC_0015207,ensemble,max_sensitivity,1.129001259803772,
squeezenet,ISIC_0015207,ensemble,avg_sensitivity,1.111132764816284,
squeezenet,ISIC_0015207,ensemble,relevance_mass_accuracy,0.7779470682144165,
squeezenet,ISIC_0015207,ensemble,pointing_game,1.0,
squeezenet,ISIC_0015207,ensemble,sparseness,0.6337762313028981,
squeezenet,ISIC_0015207,ensemble,complexity,11.159608840942383,
squeezenet,ISIC_0015207,ensemble,model_parameter_randomisation,,nan
squeezenet,ISIC_0015207,ensemble,random_logit,0.7001367118502487,
squeezenet,ISIC_0015207,ensemble,completeness,,nan
squeezenet,ISIC_0015207,ensemble,non_sensitivity,,nan
resnet18,ISIC_0015208,ensemble,faithfulness_correlation,0.05479905381798744,
resnet18,ISIC_0015208,ensemble,pixel_flipping,590.2908935546875,
resnet18,ISIC_0015208,ensemble,max_sensitivity,1.0198578834533691,
resnet18,ISIC_0015208,ensemble,avg_sensitivity,1.0092586874961853,
resnet18,ISIC_0015208,ensemble,relevance_mass_accuracy,0.5203465819358826,
resnet18,ISIC_0015208,ensemble,pointing_game,1.0,
resnet18,ISIC_0015208,ensemble,sparseness,0.47862580177175645,
resnet18,ISIC_0015208,ensemble,complexity,11.52426815032959,
resnet18,ISIC_0015208,ensemble,model_parameter_randomisation,,nan
resnet18,ISIC_0015208,ensemble,random_logit,0.5319478541967928,
resnet18,ISIC_0015208,ensemble,completeness,,nan
resnet18,ISIC_0015208,ensemble,non_sensitivity,,nan
squeezenet,ISIC_0015208,ensemble,faithfulness_correlation,0.26623451709747314,
squeezenet,ISIC_0015208,ensemble,pixel_flipping,250.82327270507812,
squeezenet,ISIC_0015208,ensemble,max_sensitivity,1.115808129310608,
squeezenet,ISIC_0015208,ensemble,avg_sensitivity,1.098373579978943,
squeezenet,ISIC_0015208,ensemble,relevance_mass_accuracy,0.6361328959465027,
squeezenet,ISIC_0015208,ensemble,pointing_game,0.0,
squeezenet,ISIC_0015208,ensemble,sparseness,0.585111173891151,
squeezenet,ISIC_0015208,ensemble,complexity,11.30079460144043,
squeezenet,ISIC_0015208,ensemble,model_parameter_randomisation,,nan
squeezenet,ISIC_0015208,ensemble,random_logit,0.8401070742729193,
squeezenet,ISIC_0015208,ensemble,completeness,,nan
squeezenet,ISIC_0015208,ensemble,non_sensitivity,,nan
resnet18,ISIC_0015212,ensemble,faithfulness_correlation,0.1513405442237854,
resnet18,ISIC_0015212,ensemble,pixel_flipping,611.0242309570312,
resnet18,ISIC_0015212,ensemble,max_sensitivity,1.0300670862197876,
resnet18,ISIC_0015212,ensemble,avg_sensitivity,1.026520836353302,
resnet18,ISIC_0015212,ensemble,relevance_mass_accuracy,0.14641739428043365,
resnet18,ISIC_0015212,ensemble,pointing_game,0.0,
resnet18,ISIC_0015212,ensemble,sparseness,0.4874035626087205,
resnet18,ISIC_0015212,ensemble,complexity,11.503376960754395,
resnet18,ISIC_0015212,ensemble,model_parameter_randomisation,,nan
resnet18,ISIC_0015212,ensemble,random_logit,0.548532056499814,
resnet18,ISIC_0015212,ensemble,completeness,,nan
resnet18,ISIC_0015212,ensemble,non_sensitivity,,nan
squeezenet,ISIC_0015212,ensemble,faithfulness_correlation,0.20222988724708557,
squeezenet,ISIC_0015212,ensemble,pixel_flipping,257.92620849609375,
squeezenet,ISIC_0015212,ensemble,max_sensitivity,1.1494277715682983,
squeezenet,ISIC_0015212,ensemble,avg_sensitivity,1.1142433762550354,
squeezenet,ISIC_0015212,ensemble,relevance_mass_accuracy,0.35857945680618286,
squeezenet,ISIC_0015212,ensemble,pointing_game,1.0,
squeezenet,ISIC_0015212,ensemble,sparseness,0.6716839755725281,
squeezenet,ISIC_0015212,ensemble,complexity,11.011848449707031,
squeezenet,ISIC_0015212,ensemble,model_parameter_randomisation,,nan
squeezenet,ISIC_0015212,ensemble,random_logit,0.863993209012734,
squeezenet,ISIC_0015212,ensemble,completeness,,nan
squeezenet,ISIC_0015212,ensemble,non_sensitivity,,nan
resnet18,ISIC_0015215,ensemble,faithfulness_correlation,-0.06288337707519531,
resnet18,ISIC_0015215,ensemble,pixel_flipping,611.0338134765625,
resnet18,ISIC_0015215,ensemble,max_sensitivity,1.0003609657287598,
resnet18,ISIC_0015215,ensemble,avg_sensitivity,0.9758256196975708,
resnet18,ISIC_0015215,ensemble,relevance_mass_accuracy,0.41171178221702576,
resnet18,ISIC_0015215,ensemble,pointing_game,0.0,
resnet18,ISIC_0015215,ensemble,sparseness,0.5164765671786061,
resnet18,ISIC_0015215,ensemble,complexity,11.450072288513184,
resnet18,ISIC_0015215,ensemble,model_parameter_randomisation,,nan
resnet18,ISIC_0015215,ensemble,random_logit,0.5327099514256313,
resnet18,ISIC_0015215,ensemble,completeness,,nan
resnet18,ISIC_0015215,ensemble,non_sensitivity,,nan
squeezenet,ISIC_0015215,ensemble,faithfulness_correlation,0.2605871856212616,
squeezenet,ISIC_0015215,ensemble,pixel_flipping,361.2898254394531,
squeezenet,ISIC_0015215,ensemble,max_sensitivity,1.030887484550476,
squeezenet,ISIC_0015215,ensemble,avg_sensitivity,0.9935295641422272,
squeezenet,ISIC_0015215,ensemble,relevance_mass_accuracy,0.5822176337242126,
squeezenet,ISIC_0015215,ensemble,pointing_game,1.0,
squeezenet,ISIC_0015215,ensemble,sparseness,0.6218889274175281,
squeezenet,ISIC_0015215,ensemble,complexity,11.188121795654297,
squeezenet,ISIC_0015215,ensemble,model_parameter_randomisation,,nan
squeezenet,ISIC_0015215,ensemble,random_logit,0.8554049651675282,
squeezenet,ISIC_0015215,ensemble,completeness,,nan
squeezenet,ISIC_0015215,ensemble,non_sensitivity,,nan
resnet18,ISIC_0015216,ensemble,faithfulness_correlation,-0.16871458292007446,
resnet18,ISIC_0015216,ensemble,pixel_flipping,566.4876708984375,
resnet18,ISIC_0015216,ensemble,max_sensitivity,0.9119282364845276,
resnet18,ISIC_0015216,ensemble,avg_sensitivity,0.9031797409057617,
resnet18,ISIC_0015216,ensemble,relevance_mass_accuracy,0.9210475087165833,
resnet18,ISIC_0015216,ensemble,pointing_game,1.0,
resnet18,ISIC_0015216,ensemble,sparseness,0.4448400372100901,
resnet18,ISIC_0015216,ensemble,complexity,11.57628345489502,
resnet18,ISIC_0015216,ensemble,model_parameter_randomisation,,nan
resnet18,ISIC_0015216,ensemble,random_logit,0.635666329327492,
resnet18,ISIC_0015216,ensemble,completeness,,nan
resnet18,ISIC_0015216,ensemble,non_sensitivity,,nan
squeezenet,ISIC_0015216,ensemble,faithfulness_correlation,-0.11346450448036194,
squeezenet,ISIC_0015216,ensemble,pixel_flipping,40.2705078125,
squeezenet,ISIC_0015216,ensemble,max_sensitivity,0.9954506158828735,
squeezenet,ISIC_0015216,ensemble,avg_sensitivity,0.9728580474853515,
squeezenet,ISIC_0015216,ensemble,relevance_mass_accuracy,0.7697397470474243,
squeezenet,ISIC_0015216,ensemble,pointing_game,0.0,
squeezenet,ISIC_0015216,ensemble,sparseness,0.561720143338932,
squeezenet,ISIC_0015216,ensemble,complexity,11.34306526184082,
squeezenet,ISIC_0015216,ensemble,model_parameter_randomisation,,nan
squeezenet,ISIC_0015216,ensemble,random_logit,0.48226264092853344,
squeezenet,ISIC_0015216,ensemble,completeness,,nan
squeezenet,ISIC_0015216,ensemble,non_sensitivity,,nan
resnet18,ISIC_0015217,ensemble,faithfulness_correlation,0.0726250410079956,
resnet18,ISIC_0015217,ensemble,pixel_flipping,633.744140625,
resnet18,ISIC_0015217,ensemble,max_sensitivity,0.9965243935585022,
resnet18,ISIC_0015217,ensemble,avg_sensitivity,0.9804020941257476,
resnet18,ISIC_0015217,ensemble,relevance_mass_accuracy,0.22328348457813263,
resnet18,ISIC_0015217,ensemble,pointing_game,0.0,
resnet18,ISIC_0015217,ensemble,sparseness,0.5407668730134441,
resnet18,ISIC_0015217,ensemble,complexity,11.404061317443848,
resnet18,ISIC_0015217,ensemble,model_parameter_randomisation,,nan
resnet18,ISIC_0015217,ensemble,random_logit,0.5563468494054876,
resnet18,ISIC_0015217,ensemble,completeness,,nan
resnet18,ISIC_0015217,ensemble,non_sensitivity,,nan
squeezenet,ISIC_0015217,ensemble,faithfulness_correlation,0.13805986940860748,
squeezenet,ISIC_0015217,ensemble,pixel_flipping,317.207763671875,
squeezenet,ISIC_0015217,ensemble,max_sensitivity,1.0240356922149658,
squeezenet,ISIC_0015217,ensemble,avg_sensitivity,1.030748724937439,
squeezenet,ISIC_0015217,ensemble,relevance_mass_accuracy,0.48190003633499146,
squeezenet,ISIC_0015217,ensemble,pointing_game,1.0,
squeezenet,ISIC_0015217,ensemble,sparseness,0.6669796040837062,
squeezenet,ISIC_0015217,ensemble,complexity,11.036725997924805,
squeezenet,ISIC_0015217,ensemble,model_parameter_randomisation,,nan
squeezenet,ISIC_0015217,ensemble,random_logit,0.8549875065839067,
squeezenet,ISIC_0015217,ensemble,completeness,,nan
squeezenet,ISIC_0015217,ensemble,non_sensitivity,,nan
resnet18,ISIC_0015218,ensemble,faithfulness_correlation,-0.026936527341604233,
resnet18,ISIC_0015218,ensemble,pixel_flipping,612.2515869140625,
resnet18,ISIC_0015218,ensemble,max_sensitivity,0.9772023558616638,
resnet18,ISIC_0015218,ensemble,avg_sensitivity,0.9615159273147583,
resnet18,ISIC_0015218,ensemble,relevance_mass_accuracy,0.4503873884677887,
resnet18,ISIC_0015218,ensemble,pointing_game,0.0,
resnet18,ISIC_0015218,ensemble,sparseness,0.5157666413309884,
resnet18,ISIC_0015218,ensemble,complexity,11.45045280456543,
resnet18,ISIC_0015218,ensemble,model_parameter_randomisation,,nan
resnet18,ISIC_0015218,ensemble,random_logit,0.7059543151900443,
resnet18,ISIC_0015218,ensemble,completeness,,nan
resnet18,ISIC_0015218,ensemble,non_sensitivity,,nan
squeezenet,ISIC_0015218,ensemble,faithfulness_correlation,0.07744652032852173,
squeezenet,ISIC_0015218,ensemble,pixel_flipping,367.9403991699219,
squeezenet,ISIC_0015218,ensemble,max_sensitivity,1.1227344274520874,
squeezenet,ISIC_0015218,ensemble,avg_sensitivity,1.114016830921173,
squeezenet,ISIC_0015218,ensemble,relevance_mass_accuracy,0.6746848225593567,
squeezenet,ISIC_0015218,ensemble,pointing_game,1.0,
squeezenet,ISIC_0015218,ensemble,sparseness,0.6220689285759851,
squeezenet,ISIC_0015218,ensemble,complexity,11.188425064086914,
squeezenet,ISIC_0015218,ensemble,model_parameter_randomisation,,nan
squeezenet,ISIC_0015218,ensemble,random_logit,0.8198760812791549,
squeezenet,ISIC_0015218,ensemble,completeness,,nan
squeezenet,ISIC_0015218,ensemble,non_sensitivity,,nan
resnet18,ISIC_0015223,ensemble,faithfulness_correlation,0.15323694050312042,
resnet18,ISIC_0015223,ensemble,pixel_flipping,619.796875,
resnet18,ISIC_0015223,ensemble,max_sensitivity,0.9735047221183777,
resnet18,ISIC_0015223,ensemble,avg_sensitivity,0.966303825378418,
resnet18,ISIC_0015223,ensemble,relevance_mass_accuracy,0.1142064779996872,
resnet18,ISIC_0015223,ensemble,pointing_game,1.0,
resnet18,ISIC_0015223,ensemble,sparseness,0.510412861548121,
resnet18,ISIC_0015223,ensemble,complexity,11.456110000610352,
resnet18,ISIC_0015223,ensemble,model_parameter_randomisation,,nan
resnet18,ISIC_0015223,ensemble,random_logit,0.6121744699698987,
resnet18,ISIC_0015223,ensemble,completeness,,nan
resnet18,ISIC_0015223,ensemble,non_sensitivity,,nan
squeezenet,ISIC_0015223,ensemble,faithfulness_correlation,0.1560152769088745,
squeezenet,ISIC_0015223,ensemble,pixel_flipping,343.368896484375,
squeezenet,ISIC_0015223,ensemble,max_sensitivity,1.0991027355194092,
squeezenet,ISIC_0015223,ensemble,avg_sensitivity,1.06832275390625,
squeezenet,ISIC_0015223,ensemble,relevance_mass_accuracy,0.29979220032691956,
squeezenet,ISIC_0015223,ensemble,pointing_game,1.0,
squeezenet,ISIC_0015223,ensemble,sparseness,0.6989908693940203,
squeezenet,ISIC_0015223,ensemble,complexity,10.906262397766113,
squeezenet,ISIC_0015223,ensemble,model_parameter_randomisation,,nan
squeezenet,ISIC_0015223,ensemble,random_logit,0.8037787393382845,
squeezenet,ISIC_0015223,ensemble,completeness,,nan
squeezenet,ISIC_0015223,ensemble,non_sensitivity,,nan
resnet18,ISIC_0015224,ensemble,faithfulness_correlation,0.13751068711280823,
resnet18,ISIC_0015224,ensemble,pixel_flipping,604.17431640625,
resnet18,ISIC_0015224,ensemble,max_sensitivity,0.9953135848045349,
resnet18,ISIC_0015224,ensemble,avg_sensitivity,0.9809876143932342,
resnet18,ISIC_0015224,ensemble,relevance_mass_accuracy,0.8346080183982849,
resnet18,ISIC_0015224,ensemble,pointing_game,1.0,
resnet18,ISIC_0015224,ensemble,sparseness,0.4679840327028928,
resnet18,ISIC_0015224,ensemble,complexity,11.53632926940918,
resnet18,ISIC_0015224,ensemble,model_parameter_randomisation,,nan
resnet18,ISIC_0015224,ensemble,random_logit,0.7568576587501928,
resnet18,ISIC_0015224,ensemble,completeness,,nan
resnet18,ISIC_0015224,ensemble,non_sensitivity,,nan
squeezenet,ISIC_0015224,ensemble,faithfulness_correlation,0.1896514743566513,
squeezenet,ISIC_0015224,ensemble,pixel_flipping,56.759559631347656,
squeezenet,ISIC_0015224,ensemble,max_sensitivity,1.0154876708984375,
squeezenet,ISIC_0015224,ensemble,avg_sensitivity,0.9898173332214355,
squeezenet,ISIC_0015224,ensemble,relevance_mass_accuracy,0.6955095529556274,
squeezenet,ISIC_0015224,ensemble,pointing_game,0.0,
squeezenet,ISIC_0015224,ensemble,sparseness,0.6410236019716333,
squeezenet,ISIC_0015224,ensemble,complexity,11.07138442993164,
squeezenet,ISIC_0015224,ensemble,model_parameter_randomisation,,nan
squeezenet,ISIC_0015224,ensemble,random_logit,0.6483710230073272,
squeezenet,ISIC_0015224,ensemble,completeness,,nan
squeezenet,ISIC_0015224,ensemble,non_sensitivity,,nan
resnet18,ISIC_0015226,ensemble,faithfulness_correlation,0.045634884387254715,
resnet18,ISIC_0015226,ensemble,pixel_flipping,600.5211791992188,
resnet18,ISIC_0015226,ensemble,max_sensitivity,0.9906495809555054,
resnet18,ISIC_0015226,ensemble,avg_sensitivity,0.9813666343688965,
resnet18,ISIC_0015226,ensemble,relevance_mass_accuracy,0.06601376831531525,
resnet18,ISIC_0015226,ensemble,pointing_game,0.0,
resnet18,ISIC_0015226,ensemble,sparseness,0.49996860572570967,
resnet18,ISIC_0015226,ensemble,complexity,11.475208282470703,
resnet18,ISIC_0015226,ensemble,model_parameter_randomisation,,nan
resnet18,ISIC_0015226,ensemble,random_logit,0.6516418436710839,
resnet18,ISIC_0015226,ensemble,completeness,,nan
resnet18,ISIC_0015226,ensemble,non_sensitivity,,nan
squeezenet,ISIC_0015226,ensemble,faithfulness_correlation,0.04145347326993942,
squeezenet,ISIC_0015226,ensemble,pixel_flipping,257.47613525390625,
squeezenet,ISIC_0015226,ensemble,max_sensitivity,1.0925546884536743,
squeezenet,ISIC_0015226,ensemble,avg_sensitivity,1.071007287502289,
squeezenet,ISIC_0015226,ensemble,relevance_mass_accuracy,0.27654483914375305,
squeezenet,ISIC_0015226,ensemble,pointing_game,1.0,
squeezenet,ISIC_0015226,ensemble,sparseness,0.6868518466293878,
squeezenet,ISIC_0015226,ensemble,complexity,10.955001831054688,
squeezenet,ISIC_0015226,ensemble,model_parameter_randomisation,,nan
squeezenet,ISIC_0015226,ensemble,random_logit,0.8180403080995919,
squeezenet,ISIC_0015226,ensemble,completeness,,nan
squeezenet,ISIC_0015226,ensemble,non_sensitivity,,nan
resnet18,ISIC_0015232,ensemble,faithfulness_correlation,0.09701745957136154,
resnet18,ISIC_0015232,ensemble,pixel_flipping,47.80439758300781,
resnet18,ISIC_0015232,ensemble,max_sensitivity,1.1247152090072632,
resnet18,ISIC_0015232,ensemble,avg_sensitivity,1.0749662876129151,
resnet18,ISIC_0015232,ensemble,relevance_mass_accuracy,0.5881813764572144,
resnet18,ISIC_0015232,ensemble,pointing_game,1.0,
resnet18,ISIC_0015232,ensemble,sparseness,0.4931525752493372,
resnet18,ISIC_0015232,ensemble,complexity,11.492801666259766,
resnet18,ISIC_0015232,ensemble,model_parameter_randomisation,,nan
resnet18,ISIC_0015232,ensemble,random_logit,0.5533034498937491,
resnet18,ISIC_0015232,ensemble,completeness,,nan
resnet18,ISIC_0015232,ensemble,non_sensitivity,,nan
squeezenet,ISIC_0015232,ensemble,faithfulness_correlation,0.34296855330467224,
squeezenet,ISIC_0015232,ensemble,pixel_flipping,353.9898681640625,
squeezenet,ISIC_0015232,ensemble,max_sensitivity,1.068611741065979,
squeezenet,ISIC_0015232,ensemble,avg_sensitivity,1.0577613711357117,
squeezenet,ISIC_0015232,ensemble,relevance_mass_accuracy,0.8257871270179749,
squeezenet,ISIC_0015232,ensemble,pointing_game,1.0,
squeezenet,ISIC_0015232,ensemble,sparseness,0.6070066978677071,
squeezenet,ISIC_0015232,ensemble,complexity,11.24734878540039,
squeezenet,ISIC_0015232,ensemble,model_parameter_randomisation,,nan
squeezenet,ISIC_0015232,ensemble,random_logit,0.7373858841144473,
squeezenet,ISIC_0015232,ensemble,completeness,,nan
squeezenet,ISIC_0015232,ensemble,non_sensitivity,,nan
resnet18,ISIC_0015237,ensemble,faithfulness_correlation,-0.0794890895485878,
resnet18,ISIC_0015237,ensemble,pixel_flipping,73.55809020996094,
resnet18,ISIC_0015237,ensemble,max_sensitivity,1.1569619178771973,
resnet18,ISIC_0015237,ensemble,avg_sensitivity,1.054897379875183,
resnet18,ISIC_0015237,ensemble,relevance_mass_accuracy,0.7459385395050049,
resnet18,ISIC_0015237,ensemble,pointing_game,0.0,
resnet18,ISIC_0015237,ensemble,sparseness,0.4947876337506286,
resnet18,ISIC_0015237,ensemble,complexity,11.497045516967773,
resnet18,ISIC_0015237,ensemble,model_parameter_randomisation,,nan
resnet18,ISIC_0015237,ensemble,random_logit,0.4907149100345514,
resnet18,ISIC_0015237,ensemble,completeness,,nan
resnet18,ISIC_0015237,ensemble,non_sensitivity,,nan
squeezenet,ISIC_0015237,ensemble,faithfulness_correlation,0.08680898696184158,
squeezenet,ISIC_0015237,ensemble,pixel_flipping,265.8914489746094,
squeezenet,ISIC_0015237,ensemble,max_sensitivity,1.0595653057098389,
squeezenet,ISIC_0015237,ensemble,avg_sensitivity,1.0315365195274353,
squeezenet,ISIC_0015237,ensemble,relevance_mass_accuracy,0.8926963210105896,
squeezenet,ISIC_0015237,ensemble,pointing_game,1.0,
squeezenet,ISIC_0015237,ensemble,sparseness,0.5908722565754153,
squeezenet,ISIC_0015237,ensemble,complexity,11.288485527038574,
squeezenet,ISIC_0015237,ensemble,model_parameter_randomisation,,nan
squeezenet,ISIC_0015237,ensemble,random_logit,0.7286578908648048,
squeezenet,ISIC_0015237,ensemble,completeness,,nan
squeezenet,ISIC_0015237,ensemble,non_sensitivity,,nan
resnet18,ISIC_0015241,ensemble,faithfulness_correlation,0.11303651332855225,
resnet18,ISIC_0015241,ensemble,pixel_flipping,605.156005859375,
resnet18,ISIC_0015241,ensemble,max_sensitivity,0.979378879070282,
resnet18,ISIC_0015241,ensemble,avg_sensitivity,0.96929891705513,
resnet18,ISIC_0015241,ensemble,relevance_mass_accuracy,0.24818795919418335,
resnet18,ISIC_0015241,ensemble,pointing_game,0.0,
resnet18,ISIC_0015241,ensemble,sparseness,0.4678415328642648,
resnet18,ISIC_0015241,ensemble,complexity,11.540384292602539,
resnet18,ISIC_0015241,ensemble,model_parameter_randomisation,,nan
resnet18,ISIC_0015241,ensemble,random_logit,0.5846952515422033,
resnet18,ISIC_0015241,ensemble,completeness,,nan
resnet18,ISIC_0015241,ensemble,non_sensitivity,,nan
squeezenet,ISIC_0015241,ensemble,faithfulness_correlation,0.1417708843946457,
squeezenet,ISIC_0015241,ensemble,pixel_flipping,363.40496826171875,
squeezenet,ISIC_0015241,ensemble,max_sensitivity,1.0633695125579834,
squeezenet,ISIC_0015241,ensemble,avg_sensitivity,1.0479444026947022,
squeezenet,ISIC_0015241,ensemble,relevance_mass_accuracy,0.4682433307170868,
squeezenet,ISIC_0015241,ensemble,pointing_game,1.0,
squeezenet,ISIC_0015241,ensemble,sparseness,0.6500923080516556,
squeezenet,ISIC_0015241,ensemble,complexity,11.125310897827148,
squeezenet,ISIC_0015241,ensemble,model_parameter_randomisation,,nan
squeezenet,ISIC_0015241,ensemble,random_logit,0.8644416940706635,
squeezenet,ISIC_0015241,ensemble,completeness,,nan
squeezenet,ISIC_0015241,ensemble,non_sensitivity,,nan
resnet18,ISIC_0015245,ensemble,faithfulness_correlation,0.07758571952581406,
resnet18,ISIC_0015245,ensemble,pixel_flipping,549.2620849609375,
resnet18,ISIC_0015245,ensemble,max_sensitivity,1.026678442955017,
resnet18,ISIC_0015245,ensemble,avg_sensitivity,1.0126443743705749,
resnet18,ISIC_0015245,ensemble,relevance_mass_accuracy,0.6667044162750244,
resnet18,ISIC_0015245,ensemble,pointing_game,0.0,
resnet18,ISIC_0015245,ensemble,sparseness,0.47640111942548863,
resnet18,ISIC_0015245,ensemble,complexity,11.52627944946289,
resnet18,ISIC_0015245,ensemble,model_parameter_randomisation,,nan
resnet18,ISIC_0015245,ensemble,random_logit,0.6255034112250536,
resnet18,ISIC_0015245,ensemble,completeness,,nan
resnet18,ISIC_0015245,ensemble,non_sensitivity,,nan
squeezenet,ISIC_0015245,ensemble,faithfulness_correlation,-0.17898046970367432,
squeezenet,ISIC_0015245,ensemble,pixel_flipping,30.654722213745117,
squeezenet,ISIC_0015245,ensemble,max_sensitivity,1.0253673791885376,
squeezenet,ISIC_0015245,ensemble,avg_sensitivity,1.0144823670387269,
squeezenet,ISIC_0015245,ensemble,relevance_mass_accuracy,0.5174764394760132,
squeezenet,ISIC_0015245,ensemble,pointing_game,1.0,
squeezenet,ISIC_0015245,ensemble,sparseness,0.5531097692353093,
squeezenet,ISIC_0015245,ensemble,complexity,11.367598533630371,
squeezenet,ISIC_0015245,ensemble,model_parameter_randomisation,,nan
squeezenet,ISIC_0015245,ensemble,random_logit,0.5224326959105253,
squeezenet,ISIC_0015245,ensemble,completeness,,nan
squeezenet,ISIC_0015245,ensemble,non_sensitivity,,nan
resnet18,ISIC_0015250,ensemble,faithfulness_correlation,0.029974304139614105,
resnet18,ISIC_0015250,ensemble,pixel_flipping,17.34172821044922,
resnet18,ISIC_0015250,ensemble,max_sensitivity,1.0126512050628662,
resnet18,ISIC_0015250,ensemble,avg_sensitivity,0.9743805050849914,
resnet18,ISIC_0015250,ensemble,relevance_mass_accuracy,0.1700529009103775,
resnet18,ISIC_0015250,ensemble,pointing_game,0.0,
resnet18,ISIC_0015250,ensemble,sparseness,0.4670545896246015,
resnet18,ISIC_0015250,ensemble,complexity,11.533105850219727,
resnet18,ISIC_0015250,ensemble,model_parameter_randomisation,,nan
resnet18,ISIC_0015250,ensemble,random_logit,0.6583656700365,
resnet18,ISIC_0015250,ensemble,completeness,,nan
resnet18,ISIC_0015250,ensemble,non_sensitivity,,nan
squeezenet,ISIC_0015250,ensemble,faithfulness_correlation,0.15411919355392456,
squeezenet,ISIC_0015250,ensemble,pixel_flipping,365.4813232421875,
squeezenet,ISIC_0015250,ensemble,max_sensitivity,1.0286492109298706,
squeezenet,ISIC_0015250,ensemble,avg_sensitivity,1.0159446835517882,
squeezenet,ISIC_0015250,ensemble,relevance_mass_accuracy,0.6294645667076111,
squeezenet,ISIC_0015250,ensemble,pointing_game,1.0,
squeezenet,ISIC_0015250,ensemble,sparseness,0.6546593214905719,
squeezenet,ISIC_0015250,ensemble,complexity,11.094594955444336,
squeezenet,ISIC_0015250,ensemble,model_parameter_randomisation,,nan
squeezenet,ISIC_0015250,ensemble,random_logit,0.8151394594097747,
squeezenet,ISIC_0015250,ensemble,completeness,,nan
squeezenet,ISIC_0015250,ensemble,non_sensitivity,,nan
resnet18,ISIC_0015254,ensemble,faithfulness_correlation,0.32962194085121155,
resnet18,ISIC_0015254,ensemble,pixel_flipping,557.5784301757812,
resnet18,ISIC_0015254,ensemble,max_sensitivity,1.0314979553222656,
resnet18,ISIC_0015254,ensemble,avg_sensitivity,1.022761297225952,
resnet18,ISIC_0015254,ensemble,relevance_mass_accuracy,0.4927354156970978,
resnet18,ISIC_0015254,ensemble,pointing_game,0.0,
resnet18,ISIC_0015254,ensemble,sparseness,0.49646212144038826,
resnet18,ISIC_0015254,ensemble,complexity,11.488897323608398,
resnet18,ISIC_0015254,ensemble,model_parameter_randomisation,,nan
resnet18,ISIC_0015254,ensemble,random_logit,0.59132433645334,
resnet18,ISIC_0015254,ensemble,completeness,,nan
resnet18,ISIC_0015254,ensemble,non_sensitivity,,nan
squeezenet,ISIC_0015254,ensemble,faithfulness_correlation,0.107476606965065,
squeezenet,ISIC_0015254,ensemble,pixel_flipping,335.2194519042969,
squeezenet,ISIC_0015254,ensemble,max_sensitivity,1.020485520362854,
squeezenet,ISIC_0015254,ensemble,avg_sensitivity,1.0065698444843292,
squeezenet,ISIC_0015254,ensemble,relevance_mass_accuracy,0.7709004282951355,
squeezenet,ISIC_0015254,ensemble,pointing_game,1.0,
squeezenet,ISIC_0015254,ensemble,sparseness,0.6552640887177745,
squeezenet,ISIC_0015254,ensemble,complexity,11.105635643005371,
squeezenet,ISIC_0015254,ensemble,model_parameter_randomisation,,nan
squeezenet,ISIC_0015254,ensemble,random_logit,0.8939359581464795,
squeezenet,ISIC_0015254,ensemble,completeness,,nan
squeezenet,ISIC_0015254,ensemble,non_sensitivity,,nan
resnet18,ISIC_0015255,ensemble,faithfulness_correlation,-0.0944945439696312,
resnet18,ISIC_0015255,ensemble,pixel_flipping,535.13134765625,
resnet18,ISIC_0015255,ensemble,max_sensitivity,0.9690156579017639,
resnet18,ISIC_0015255,ensemble,avg_sensitivity,0.956192535161972,
resnet18,ISIC_0015255,ensemble,relevance_mass_accuracy,0.8534570932388306,
resnet18,ISIC_0015255,ensemble,pointing_game,1.0,
resnet18,ISIC_0015255,ensemble,sparseness,0.415847866869754,
resnet18,ISIC_0015255,ensemble,complexity,11.609477043151855,
resnet18,ISIC_0015255,ensemble,model_parameter_randomisation,,nan
resnet18,ISIC_0015255,ensemble,random_logit,0.6138715333141387,
resnet18,ISIC_0015255,ensemble,completeness,,nan
resnet18,ISIC_0015255,ensemble,non_sensitivity,,nan
squeezenet,ISIC_0015255,ensemble,faithfulness_correlation,0.06451357901096344,
squeezenet,ISIC_0015255,ensemble,pixel_flipping,47.597164154052734,
squeezenet,ISIC_0015255,ensemble,max_sensitivity,0.9804683923721313,
squeezenet,ISIC_0015255,ensemble,avg_sensitivity,0.9671766519546509,
squeezenet,ISIC_0015255,ensemble,relevance_mass_accuracy,0.7101102471351624,
squeezenet,ISIC_0015255,ensemble,pointing_game,0.0,
squeezenet,ISIC_0015255,ensemble,sparseness,0.5920594413699959,
squeezenet,ISIC_0015255,ensemble,complexity,11.250922203063965,
squeezenet,ISIC_0015255,ensemble,model_parameter_randomisation,,nan
squeezenet,ISIC_0015255,ensemble,random_logit,0.5201910011687273,
squeezenet,ISIC_0015255,ensemble,completeness,,nan
squeezenet,ISIC_0015255,ensemble,non_sensitivity,,nan
resnet18,ISIC_0015258,ensemble,faithfulness_correlation,-0.1122630164027214,
resnet18,ISIC_0015258,ensemble,pixel_flipping,600.33447265625,
resnet18,ISIC_0015258,ensemble,max_sensitivity,0.9281551837921143,
resnet18,ISIC_0015258,ensemble,avg_sensitivity,0.922649335861206,
resnet18,ISIC_0015258,ensemble,relevance_mass_accuracy,0.8312951326370239,
resnet18,ISIC_0015258,ensemble,pointing_game,1.0,
resnet18,ISIC_0015258,ensemble,sparseness,0.44178434867165006,
resnet18,ISIC_0015258,ensemble,complexity,11.580022811889648,
resnet18,ISIC_0015258,ensemble,model_parameter_randomisation,,nan
resnet18,ISIC_0015258,ensemble,random_logit,0.7073288405271088,
resnet18,ISIC_0015258,ensemble,completeness,,nan
resnet18,ISIC_0015258,ensemble,non_sensitivity,,nan
squeezenet,ISIC_0015258,ensemble,faithfulness_correlation,0.003473605029284954,
squeezenet,ISIC_0015258,ensemble,pixel_flipping,295.1153564453125,
squeezenet,ISIC_0015258,ensemble,max_sensitivity,1.0468167066574097,
squeezenet,ISIC_0015258,ensemble,avg_sensitivity,1.016900885105133,
squeezenet,ISIC_0015258,ensemble,relevance_mass_accuracy,1.037768006324768,
squeezenet,ISIC_0015258,ensemble,pointing_game,1.0,
squeezenet,ISIC_0015258,ensemble,sparseness,0.5572410217698105,
squeezenet,ISIC_0015258,ensemble,complexity,11.339744567871094,
squeezenet,ISIC_0015258,ensemble,model_parameter_randomisation,,nan
squeezenet,ISIC_0015258,ensemble,random_logit,0.7811586729426631,
squeezenet,ISIC_0015258,ensemble,completeness,,nan
squeezenet,ISIC_0015258,ensemble,non_sensitivity,,nan
resnet18,ISIC_0015264,ensemble,faithfulness_correlation,0.04809267073869705,
resnet18,ISIC_0015264,ensemble,pixel_flipping,593.6165161132812,
resnet18,ISIC_0015264,ensemble,max_sensitivity,0.9778876304626465,
resnet18,ISIC_0015264,ensemble,avg_sensitivity,0.9645645260810852,
resnet18,ISIC_0015264,ensemble,relevance_mass_accuracy,0.1510203778743744,
resnet18,ISIC_0015264,ensemble,pointing_game,0.0,
resnet18,ISIC_0015264,ensemble,sparseness,0.5310392670801218,
resnet18,ISIC_0015264,ensemble,complexity,11.416804313659668,
resnet18,ISIC_0015264,ensemble,model_parameter_randomisation,,nan
resnet18,ISIC_0015264,ensemble,random_logit,0.6739744245044444,
resnet18,ISIC_0015264,ensemble,completeness,,nan
resnet18,ISIC_0015264,ensemble,non_sensitivity,,nan
squeezenet,ISIC_0015264,ensemble,faithfulness_correlation,0.2675933539867401,
squeezenet,ISIC_0015264,ensemble,pixel_flipping,326.10003662109375,
squeezenet,ISIC_0015264,ensemble,max_sensitivity,1.0135434865951538,
squeezenet,ISIC_0015264,ensemble,avg_sensitivity,0.9968340754508972,
squeezenet,ISIC_0015264,ensemble,relevance_mass_accuracy,0.4397519528865814,
squeezenet,ISIC_0015264,ensemble,pointing_game,1.0,
squeezenet,ISIC_0015264,ensemble,sparseness,0.6535137119267753,
squeezenet,ISIC_0015264,ensemble,complexity,11.085354804992676,
squeezenet,ISIC_0015264,ensemble,model_parameter_randomisation,,nan
squeezenet,ISIC_0015264,ensemble,random_logit,0.8012024805764723,
squeezenet,ISIC_0015264,ensemble,completeness,,nan
squeezenet,ISIC_0015264,ensemble,non_sensitivity,,nan
resnet18,ISIC_0015270,ensemble,faithfulness_correlation,0.10142853856086731,
resnet18,ISIC_0015270,ensemble,pixel_flipping,554.578125,
resnet18,ISIC_0015270,ensemble,max_sensitivity,1.0022895336151123,
resnet18,ISIC_0015270,ensemble,avg_sensitivity,0.9827927410602569,
resnet18,ISIC_0015270,ensemble,relevance_mass_accuracy,0.4049353301525116,
resnet18,ISIC_0015270,ensemble,pointing_game,0.0,
resnet18,ISIC_0015270,ensemble,sparseness,0.5090272689656488,
resnet18,ISIC_0015270,ensemble,complexity,11.469287872314453,
resnet18,ISIC_0015270,ensemble,model_parameter_randomisation,,nan
resnet18,ISIC_0015270,ensemble,random_logit,0.5435131105000278,
resnet18,ISIC_0015270,ensemble,completeness,,nan
resnet18,ISIC_0015270,ensemble,non_sensitivity,,nan
squeezenet,ISIC_0015270,ensemble,faithfulness_correlation,0.15713833272457123,
squeezenet,ISIC_0015270,ensemble,pixel_flipping,272.26776123046875,
squeezenet,ISIC_0015270,ensemble,max_sensitivity,1.0393145084381104,
squeezenet,ISIC_0015270,ensemble,avg_sensitivity,1.026430070400238,
squeezenet,ISIC_0015270,ensemble,relevance_mass_accuracy,0.6531968712806702,
squeezenet,ISIC_0015270,ensemble,pointing_game,1.0,
squeezenet,ISIC_0015270,ensemble,sparseness,0.6195033684339333,
squeezenet,ISIC_0015270,ensemble,complexity,11.204058647155762,
squeezenet,ISIC_0015270,ensemble,model_parameter_randomisation,,nan
squeezenet,ISIC_0015270,ensemble,random_logit,0.753806097807609,
squeezenet,ISIC_0015270,ensemble,completeness,,nan
squeezenet,ISIC_0015270,ensemble,non_sensitivity,,nan
resnet18,ISIC_0015274,ensemble,faithfulness_correlation,-0.11274179816246033,
resnet18,ISIC_0015274,ensemble,pixel_flipping,576.4817504882812,
resnet18,ISIC_0015274,ensemble,max_sensitivity,1.045413851737976,
resnet18,ISIC_0015274,ensemble,avg_sensitivity,1.008045071363449,
resnet18,ISIC_0015274,ensemble,relevance_mass_accuracy,0.8957508206367493,
resnet18,ISIC_0015274,ensemble,pointing_game,1.0,
resnet18,ISIC_0015274,ensemble,sparseness,0.4441262223871911,
resnet18,ISIC_0015274,ensemble,complexity,11.561273574829102,
resnet18,ISIC_0015274,ensemble,model_parameter_randomisation,,nan
resnet18,ISIC_0015274,ensemble,random_logit,0.6164626846911596,
resnet18,ISIC_0015274,ensemble,completeness,,nan
resnet18,ISIC_0015274,ensemble,non_sensitivity,,nan
squeezenet,ISIC_0015274,ensemble,faithfulness_correlation,0.10469593107700348,
squeezenet,ISIC_0015274,ensemble,pixel_flipping,300.4277038574219,
squeezenet,ISIC_0015274,ensemble,max_sensitivity,1.098494529724121,
squeezenet,ISIC_0015274,ensemble,avg_sensitivity,1.0814810276031495,
squeezenet,ISIC_0015274,ensemble,relevance_mass_accuracy,0.9852880835533142,
squeezenet,ISIC_0015274,ensemble,pointing_game,1.0,
squeezenet,ISIC_0015274,ensemble,sparseness,0.5813417773345411,
squeezenet,ISIC_0015274,ensemble,complexity,11.29951000213623,
squeezenet,ISIC_0015274,ensemble,model_parameter_randomisation,,nan
squeezenet,ISIC_0015274,ensemble,random_logit,0.6855756329238459,
squeezenet,ISIC_0015274,ensemble,completeness,,nan
squeezenet,ISIC_0015274,ensemble,non_sensitivity,,nan
resnet18,ISIC_0015276,ensemble,faithfulness_correlation,0.07967820763587952,
resnet18,ISIC_0015276,ensemble,pixel_flipping,612.4246826171875,
resnet18,ISIC_0015276,ensemble,max_sensitivity,0.9548433423042297,
resnet18,ISIC_0015276,ensemble,avg_sensitivity,0.9421850800514221,
resnet18,ISIC_0015276,ensemble,relevance_mass_accuracy,0.1131146028637886,
resnet18,ISIC_0015276,ensemble,pointing_game,0.0,
resnet18,ISIC_0015276,ensemble,sparseness,0.49899706708183245,
resnet18,ISIC_0015276,ensemble,complexity,11.471321105957031,
resnet18,ISIC_0015276,ensemble,model_parameter_randomisation,,nan
resnet18,ISIC_0015276,ensemble,random_logit,0.6374526723243046,
resnet18,ISIC_0015276,ensemble,completeness,,nan
resnet18,ISIC_0015276,ensemble,non_sensitivity,,nan
squeezenet,ISIC_0015276,ensemble,faithfulness_correlation,0.11123552173376083,
squeezenet,ISIC_0015276,ensemble,pixel_flipping,200.64715576171875,
squeezenet,ISIC_0015276,ensemble,max_sensitivity,1.0677239894866943,
squeezenet,ISIC_0015276,ensemble,avg_sensitivity,1.0434859275817872,
squeezenet,ISIC_0015276,ensemble,relevance_mass_accuracy,0.2924683094024658,
squeezenet,ISIC_0015276,ensemble,pointing_game,1.0,
squeezenet,ISIC_0015276,ensemble,sparseness,0.678024366308235,
squeezenet,ISIC_0015276,ensemble,complexity,10.993779182434082,
squeezenet,ISIC_0015276,ensemble,model_parameter_randomisation,,nan
squeezenet,ISIC_0015276,ensemble,random_logit,0.8283625185631385,
squeezenet,ISIC_0015276,ensemble,completeness,,nan
squeezenet,ISIC_0015276,ensemble,non_sensitivity,,nan
resnet18,ISIC_0015279,ensemble,faithfulness_correlation,-0.226710706949234,
resnet18,ISIC_0015279,ensemble,pixel_flipping,542.6485595703125,
resnet18,ISIC_0015279,ensemble,max_sensitivity,1.0000954866409302,
resnet18,ISIC_0015279,ensemble,avg_sensitivity,0.9898628294467926,
resnet18,ISIC_0015279,ensemble,relevance_mass_accuracy,0.2703488767147064,
resnet18,ISIC_0015279,ensemble,pointing_game,1.0,
resnet18,ISIC_0015279,ensemble,sparseness,0.45192102340594525,
resnet18,ISIC_0015279,ensemble,complexity,11.560742378234863,
resnet18,ISIC_0015279,ensemble,model_parameter_randomisation,,nan
resnet18,ISIC_0015279,ensemble,random_logit,0.6210864344677991,
resnet18,ISIC_0015279,ensemble,completeness,,nan
resnet18,ISIC_0015279,ensemble,non_sensitivity,,nan
squeezenet,ISIC_0015279,ensemble,faithfulness_correlation,-0.09284549951553345,
squeezenet,ISIC_0015279,ensemble,pixel_flipping,54.1739501953125,
squeezenet,ISIC_0015279,ensemble,max_sensitivity,1.040499210357666,
squeezenet,ISIC_0015279,ensemble,avg_sensitivity,1.0324806213378905,
squeezenet,ISIC_0015279,ensemble,relevance_mass_accuracy,0.29117482900619507,
squeezenet,ISIC_0015279,ensemble,pointing_game,0.0,
squeezenet,ISIC_0015279,ensemble,sparseness,0.5587170075942195,
squeezenet,ISIC_0015279,ensemble,complexity,11.345281600952148,
squeezenet,ISIC_0015279,ensemble,model_parameter_randomisation,,nan
squeezenet,ISIC_0015279,ensemble,random_logit,0.5772035858586319,
squeezenet,ISIC_0015279,ensemble,completeness,,nan
squeezenet,ISIC_0015279,ensemble,non_sensitivity,,nan
resnet18,ISIC_0015283,ensemble,faithfulness_correlation,0.10271137207746506,
resnet18,ISIC_0015283,ensemble,pixel_flipping,649.587646484375,
resnet18,ISIC_0015283,ensemble,max_sensitivity,0.994087815284729,
resnet18,ISIC_0015283,ensemble,avg_sensitivity,0.9884513080120086,
resnet18,ISIC_0015283,ensemble,relevance_mass_accuracy,0.5321550965309143,
resnet18,ISIC_0015283,ensemble,pointing_game,0.0,
resnet18,ISIC_0015283,ensemble,sparseness,0.4477624899588055,
resnet18,ISIC_0015283,ensemble,complexity,11.574419975280762,
resnet18,ISIC_0015283,ensemble,model_parameter_randomisation,,nan
resnet18,ISIC_0015283,ensemble,random_logit,0.4141933546297811,
resnet18,ISIC_0015283,ensemble,completeness,,nan
resnet18,ISIC_0015283,ensemble,non_sensitivity,,nan
squeezenet,ISIC_0015283,ensemble,faithfulness_correlation,0.1530786007642746,
squeezenet,ISIC_0015283,ensemble,pixel_flipping,344.0555114746094,
squeezenet,ISIC_0015283,ensemble,max_sensitivity,1.0574942827224731,
squeezenet,ISIC_0015283,ensemble,avg_sensitivity,1.0447644352912904,
squeezenet,ISIC_0015283,ensemble,relevance_mass_accuracy,0.5912438631057739,
squeezenet,ISIC_0015283,ensemble,pointing_game,0.0,
squeezenet,ISIC_0015283,ensemble,sparseness,0.5473344135355581,
squeezenet,ISIC_0015283,ensemble,complexity,11.387436866760254,
squeezenet,ISIC_0015283,ensemble,model_parameter_randomisation,,nan
squeezenet,ISIC_0015283,ensemble,random_logit,0.7694387870559645,
squeezenet,ISIC_0015283,ensemble,completeness,,nan
squeezenet,ISIC_0015283,ensemble,non_sensitivity,,nan
resnet18,ISIC_0015291,ensemble,faithfulness_correlation,0.025246182456612587,
resnet18,ISIC_0015291,ensemble,pixel_flipping,575.2696533203125,
resnet18,ISIC_0015291,ensemble,max_sensitivity,1.017891764640808,
resnet18,ISIC_0015291,ensemble,avg_sensitivity,0.9992135524749756,
resnet18,ISIC_0015291,ensemble,relevance_mass_accuracy,0.25214239954948425,
resnet18,ISIC_0015291,ensemble,pointing_game,0.0,
resnet18,ISIC_0015291,ensemble,sparseness,0.4483287912676918,
resnet18,ISIC_0015291,ensemble,complexity,11.56254768371582,
resnet18,ISIC_0015291,ensemble,model_parameter_randomisation,,nan
resnet18,ISIC_0015291,ensemble,random_logit,0.6421662677414681,
resnet18,ISIC_0015291,ensemble,completeness,,nan
resnet18,ISIC_0015291,ensemble,non_sensitivity,,nan
squeezenet,ISIC_0015291,ensemble,faithfulness_correlation,0.16168291866779327,
squeezenet,ISIC_0015291,ensemble,pixel_flipping,387.9630126953125,
squeezenet,ISIC_0015291,ensemble,max_sensitivity,1.103299856185913,
squeezenet,ISIC_0015291,ensemble,avg_sensitivity,1.084575390815735,
squeezenet,ISIC_0015291,ensemble,relevance_mass_accuracy,0.36217767000198364,
squeezenet,ISIC_0015291,ensemble,pointing_game,1.0,
squeezenet,ISIC_0015291,ensemble,sparseness,0.5692599418163838,
squeezenet,ISIC_0015291,ensemble,complexity,11.329957008361816,
squeezenet,ISIC_0015291,ensemble,model_parameter_randomisation,,nan
squeezenet,ISIC_0015291,ensemble,random_logit,0.680300536163405,
squeezenet,ISIC_0015291,ensemble,completeness,,nan
squeezenet,ISIC_0015291,ensemble,non_sensitivity,,nan
resnet18,ISIC_0015293,ensemble,faithfulness_correlation,-0.017587900161743164,
resnet18,ISIC_0015293,ensemble,pixel_flipping,590.087646484375,
resnet18,ISIC_0015293,ensemble,max_sensitivity,0.9697197079658508,
resnet18,ISIC_0015293,ensemble,avg_sensitivity,0.9603622198104859,
resnet18,ISIC_0015293,ensemble,relevance_mass_accuracy,0.24926678836345673,
resnet18,ISIC_0015293,ensemble,pointing_game,0.0,
resnet18,ISIC_0015293,ensemble,sparseness,0.5076589973551321,
resnet18,ISIC_0015293,ensemble,complexity,11.47070026397705,
resnet18,ISIC_0015293,ensemble,model_parameter_randomisation,,nan
resnet18,ISIC_0015293,ensemble,random_logit,0.5257460203684453,
resnet18,ISIC_0015293,ensemble,completeness,,nan
resnet18,ISIC_0015293,ensemble,non_sensitivity,,nan
squeezenet,ISIC_0015293,ensemble,faithfulness_correlation,0.34701770544052124,
squeezenet,ISIC_0015293,ensemble,pixel_flipping,291.9732666015625,
squeezenet,ISIC_0015293,ensemble,max_sensitivity,1.030383586883545,
squeezenet,ISIC_0015293,ensemble,avg_sensitivity,1.0215476632118226,
squeezenet,ISIC_0015293,ensemble,relevance_mass_accuracy,0.5417253375053406,
squeezenet,ISIC_0015293,ensemble,pointing_game,1.0,
squeezenet,ISIC_0015293,ensemble,sparseness,0.6447484661222734,
squeezenet,ISIC_0015293,ensemble,complexity,11.129904747009277,
squeezenet,ISIC_0015293,ensemble,model_parameter_randomisation,,nan
squeezenet,ISIC_0015293,ensemble,random_logit,0.8284330857047195,
squeezenet,ISIC_0015293,ensemble,completeness,,nan
squeezenet,ISIC_0015293,ensemble,non_sensitivity,,nan
resnet18,ISIC_0015298,ensemble,faithfulness_correlation,-0.10701058804988861,
resnet18,ISIC_0015298,ensemble,pixel_flipping,610.1616821289062,
resnet18,ISIC_0015298,ensemble,max_sensitivity,1.0258758068084717,
resnet18,ISIC_0015298,ensemble,avg_sensitivity,1.013271164894104,
resnet18,ISIC_0015298,ensemble,relevance_mass_accuracy,0.27116090059280396,
resnet18,ISIC_0015298,ensemble,pointing_game,1.0,
resnet18,ISIC_0015298,ensemble,sparseness,0.5175781994588619,
resnet18,ISIC_0015298,ensemble,complexity,11.450549125671387,
resnet18,ISIC_0015298,ensemble,model_parameter_randomisation,,nan
resnet18,ISIC_0015298,ensemble,random_logit,0.5265597083634109,
resnet18,ISIC_0015298,ensemble,completeness,,nan
resnet18,ISIC_0015298,ensemble,non_sensitivity,,nan
squeezenet,ISIC_0015298,ensemble,faithfulness_correlation,0.18222178518772125,
squeezenet,ISIC_0015298,ensemble,pixel_flipping,293.54693603515625,
squeezenet,ISIC_0015298,ensemble,max_sensitivity,1.0217307806015015,
squeezenet,ISIC_0015298,ensemble,avg_sensitivity,1.0134400725364685,
squeezenet,ISIC_0015298,ensemble,relevance_mass_accuracy,0.4926796853542328,
squeezenet,ISIC_0015298,ensemble,pointing_game,1.0,
squeezenet,ISIC_0015298,ensemble,sparseness,0.6136705379948393,
squeezenet,ISIC_0015298,ensemble,complexity,11.212990760803223,
squeezenet,ISIC_0015298,ensemble,model_parameter_randomisation,,nan
squeezenet,ISIC_0015298,ensemble,random_logit,0.8473823615427567,
squeezenet,ISIC_0015298,ensemble,completeness,,nan
squeezenet,ISIC_0015298,ensemble,non_sensitivity,,nan
resnet18,ISIC_0015310,ensemble,faithfulness_correlation,0.08094580471515656,
resnet18,ISIC_0015310,ensemble,pixel_flipping,611.9581909179688,
resnet18,ISIC_0015310,ensemble,max_sensitivity,0.9768129587173462,
resnet18,ISIC_0015310,ensemble,avg_sensitivity,0.9772293448448182,
resnet18,ISIC_0015310,ensemble,relevance_mass_accuracy,0.5473593473434448,
resnet18,ISIC_0015310,ensemble,pointing_game,0.0,
resnet18,ISIC_0015310,ensemble,sparseness,0.4682387695539505,
resnet18,ISIC_0015310,ensemble,complexity,11.536445617675781,
resnet18,ISIC_0015310,ensemble,model_parameter_randomisation,,nan
resnet18,ISIC_0015310,ensemble,random_logit,0.7116413329416363,
resnet18,ISIC_0015310,ensemble,completeness,,nan
resnet18,ISIC_0015310,ensemble,non_sensitivity,,nan
squeezenet,ISIC_0015310,ensemble,faithfulness_correlation,0.015969442203640938,
squeezenet,ISIC_0015310,ensemble,pixel_flipping,27.39004898071289,
squeezenet,ISIC_0015310,ensemble,max_sensitivity,1.1566139459609985,
squeezenet,ISIC_0015310,ensemble,avg_sensitivity,1.1427981853485107,
squeezenet,ISIC_0015310,ensemble,relevance_mass_accuracy,0.5856331586837769,
squeezenet,ISIC_0015310,ensemble,pointing_game,1.0,
squeezenet,ISIC_0015310,ensemble,sparseness,0.5580726760707635,
squeezenet,ISIC_0015310,ensemble,complexity,11.353829383850098,
squeezenet,ISIC_0015310,ensemble,model_parameter_randomisation,,nan
squeezenet,ISIC_0015310,ensemble,random_logit,0.5386172707498487,
squeezenet,ISIC_0015310,ensemble,completeness,,nan
squeezenet,ISIC_0015310,ensemble,non_sensitivity,,nan
resnet18,ISIC_0015311,ensemble,faithfulness_correlation,0.19934137165546417,
resnet18,ISIC_0015311,ensemble,pixel_flipping,614.8388671875,
resnet18,ISIC_0015311,ensemble,max_sensitivity,1.0295441150665283,
resnet18,ISIC_0015311,ensemble,avg_sensitivity,1.0075571060180664,
resnet18,ISIC_0015311,ensemble,relevance_mass_accuracy,0.5952955484390259,
resnet18,ISIC_0015311,ensemble,pointing_game,1.0,
resnet18,ISIC_0015311,ensemble,sparseness,0.43238966165143855,
resnet18,ISIC_0015311,ensemble,complexity,11.598026275634766,
resnet18,ISIC_0015311,ensemble,model_parameter_randomisation,,nan
resnet18,ISIC_0015311,ensemble,random_logit,0.5076360735946873,
resnet18,ISIC_0015311,ensemble,completeness,,nan
resnet18,ISIC_0015311,ensemble,non_sensitivity,,nan
squeezenet,ISIC_0015311,ensemble,faithfulness_correlation,0.06536120176315308,
squeezenet,ISIC_0015311,ensemble,pixel_flipping,354.78497314453125,
squeezenet,ISIC_0015311,ensemble,max_sensitivity,1.0578014850616455,
squeezenet,ISIC_0015311,ensemble,avg_sensitivity,1.052129578590393,
squeezenet,ISIC_0015311,ensemble,relevance_mass_accuracy,0.6469858288764954,
squeezenet,ISIC_0015311,ensemble,pointing_game,0.0,
squeezenet,ISIC_0015311,ensemble,sparseness,0.5544713301828802,
squeezenet,ISIC_0015311,ensemble,complexity,11.370170593261719,
squeezenet,ISIC_0015311,ensemble,model_parameter_randomisation,,nan
squeezenet,ISIC_0015311,ensemble,random_logit,0.805475950545041,
squeezenet,ISIC_0015311,ensemble,completeness,,nan
squeezenet,ISIC_0015311,ensemble,non_sensitivity,,nan
resnet18,ISIC_0015312,ensemble,faithfulness_correlation,-0.07273947447538376,
resnet18,ISIC_0015312,ensemble,pixel_flipping,599.1812133789062,
resnet18,ISIC_0015312,ensemble,max_sensitivity,1.0004684925079346,
resnet18,ISIC_0015312,ensemble,avg_sensitivity,0.9894849359989166,
resnet18,ISIC_0015312,ensemble,relevance_mass_accuracy,0.5957343578338623,
resnet18,ISIC_0015312,ensemble,pointing_game,0.0,
resnet18,ISIC_0015312,ensemble,sparseness,0.4833532786632732,
resnet18,ISIC_0015312,ensemble,complexity,11.517276763916016,
resnet18,ISIC_0015312,ensemble,model_parameter_randomisation,,nan
resnet18,ISIC_0015312,ensemble,random_logit,0.37544783049037034,
resnet18,ISIC_0015312,ensemble,completeness,,nan
resnet18,ISIC_0015312,ensemble,non_sensitivity,,nan
squeezenet,ISIC_0015312,ensemble,faithfulness_correlation,0.13711567223072052,
squeezenet,ISIC_0015312,ensemble,pixel_flipping,401.5002746582031,
squeezenet,ISIC_0015312,ensemble,max_sensitivity,1.0602127313613892,
squeezenet,ISIC_0015312,ensemble,avg_sensitivity,1.050431501865387,
squeezenet,ISIC_0015312,ensemble,relevance_mass_accuracy,0.529091477394104,
squeezenet,ISIC_0015312,ensemble,pointing_game,1.0,
squeezenet,ISIC_0015312,ensemble,sparseness,0.5456238064382528,
squeezenet,ISIC_0015312,ensemble,complexity,11.391161918640137,
squeezenet,ISIC_0015312,ensemble,model_parameter_randomisation,,nan
squeezenet,ISIC_0015312,ensemble,random_logit,0.668009673641371,
squeezenet,ISIC_0015312,ensemble,completeness,,nan
squeezenet,ISIC_0015312,ensemble,non_sensitivity,,nan
resnet18,ISIC_0015330,ensemble,faithfulness_correlation,0.032554741948843,
resnet18,ISIC_0015330,ensemble,pixel_flipping,618.1329345703125,
resnet18,ISIC_0015330,ensemble,max_sensitivity,1.0327718257904053,
resnet18,ISIC_0015330,ensemble,avg_sensitivity,1.014723938703537,
resnet18,ISIC_0015330,ensemble,relevance_mass_accuracy,0.37275388836860657,
resnet18,ISIC_0015330,ensemble,pointing_game,0.0,
resnet18,ISIC_0015330,ensemble,sparseness,0.5060305426000917,
resnet18,ISIC_0015330,ensemble,complexity,11.473609924316406,
resnet18,ISIC_0015330,ensemble,model_parameter_randomisation,,nan
resnet18,ISIC_0015330,ensemble,random_logit,0.6122903981137029,
resnet18,ISIC_0015330,ensemble,completeness,,nan
resnet18,ISIC_0015330,ensemble,non_sensitivity,,nan
squeezenet,ISIC_0015330,ensemble,faithfulness_correlation,0.2419734001159668,
squeezenet,ISIC_0015330,ensemble,pixel_flipping,350.2864074707031,
squeezenet,ISIC_0015330,ensemble,max_sensitivity,1.0876368284225464,
squeezenet,ISIC_0015330,ensemble,avg_sensitivity,1.0708999991416932,
squeezenet,ISIC_0015330,ensemble,relevance_mass_accuracy,0.49579334259033203,
squeezenet,ISIC_0015330,ensemble,pointing_game,0.0,
squeezenet,ISIC_0015330,ensemble,sparseness,0.591475410934933,
squeezenet,ISIC_0015330,ensemble,complexity,11.278717994689941,
squeezenet,ISIC_0015330,ensemble,model_parameter_randomisation,,nan
squeezenet,ISIC_0015330,ensemble,random_logit,0.7660584195889009,
squeezenet,ISIC_0015330,ensemble,completeness,,nan
squeezenet,ISIC_0015330,ensemble,non_sensitivity,,nan
resnet18,ISIC_0015331,ensemble,faithfulness_correlation,0.011125151999294758,
resnet18,ISIC_0015331,ensemble,pixel_flipping,595.256103515625,
resnet18,ISIC_0015331,ensemble,max_sensitivity,0.9752784967422485,
resnet18,ISIC_0015331,ensemble,avg_sensitivity,0.9723438739776611,
resnet18,ISIC_0015331,ensemble,relevance_mass_accuracy,0.4124472737312317,
resnet18,ISIC_0015331,ensemble,pointing_game,1.0,
resnet18,ISIC_0015331,ensemble,sparseness,0.46457396106566906,
resnet18,ISIC_0015331,ensemble,complexity,11.538324356079102,
resnet18,ISIC_0015331,ensemble,model_parameter_randomisation,,nan
resnet18,ISIC_0015331,ensemble,random_logit,0.5910572568020926,
resnet18,ISIC_0015331,ensemble,completeness,,nan
resnet18,ISIC_0015331,ensemble,non_sensitivity,,nan
squeezenet,ISIC_0015331,ensemble,faithfulness_correlation,0.08736564964056015,
squeezenet,ISIC_0015331,ensemble,pixel_flipping,52.76615905761719,
squeezenet,ISIC_0015331,ensemble,max_sensitivity,1.0667495727539062,
squeezenet,ISIC_0015331,ensemble,avg_sensitivity,1.0665425539016724,
squeezenet,ISIC_0015331,ensemble,relevance_mass_accuracy,0.5671004056930542,
squeezenet,ISIC_0015331,ensemble,pointing_game,1.0,
squeezenet,ISIC_0015331,ensemble,sparseness,0.6337423211852536,
squeezenet,ISIC_0015331,ensemble,complexity,11.156617164611816,
squeezenet,ISIC_0015331,ensemble,model_parameter_randomisation,,nan
squeezenet,ISIC_0015331,ensemble,random_logit,0.6316268392831146,
squeezenet,ISIC_0015331,ensemble,completeness,,nan
squeezenet,ISIC_0015331,ensemble,non_sensitivity,,nan
resnet18,ISIC_0015347,ensemble,faithfulness_correlation,0.06591832637786865,
resnet18,ISIC_0015347,ensemble,pixel_flipping,564.5012817382812,
resnet18,ISIC_0015347,ensemble,max_sensitivity,1.0042766332626343,
resnet18,ISIC_0015347,ensemble,avg_sensitivity,0.9925444662570954,
resnet18,ISIC_0015347,ensemble,relevance_mass_accuracy,0.2973892390727997,
resnet18,ISIC_0015347,ensemble,pointing_game,0.0,
resnet18,ISIC_0015347,ensemble,sparseness,0.5005790827291703,
resnet18,ISIC_0015347,ensemble,complexity,11.475714683532715,
resnet18,ISIC_0015347,ensemble,model_parameter_randomisation,,nan
resnet18,ISIC_0015347,ensemble,random_logit,0.6407663816074998,
resnet18,ISIC_0015347,ensemble,completeness,,nan
resnet18,ISIC_0015347,ensemble,non_sensitivity,,nan
squeezenet,ISIC_0015347,ensemble,faithfulness_correlation,0.24832698702812195,
squeezenet,ISIC_0015347,ensemble,pixel_flipping,434.3211975097656,
squeezenet,ISIC_0015347,ensemble,max_sensitivity,1.0639535188674927,
squeezenet,ISIC_0015347,ensemble,avg_sensitivity,1.0498306512832642,
squeezenet,ISIC_0015347,ensemble,relevance_mass_accuracy,0.4372459948062897,
squeezenet,ISIC_0015347,ensemble,pointing_game,1.0,
squeezenet,ISIC_0015347,ensemble,sparseness,0.6106655137020066,
squeezenet,ISIC_0015347,ensemble,complexity,11.216756820678711,
squeezenet,ISIC_0015347,ensemble,model_parameter_randomisation,,nan
squeezenet,ISIC_0015347,ensemble,random_logit,0.8176894369371792,
squeezenet,ISIC_0015347,ensemble,completeness,,nan
squeezenet,ISIC_0015347,ensemble,non_sensitivity,,nan
resnet18,ISIC_0015353,ensemble,faithfulness_correlation,0.17679111659526825,
resnet18,ISIC_0015353,ensemble,pixel_flipping,96.38776397705078,
resnet18,ISIC_0015353,ensemble,max_sensitivity,1.1022226810455322,
resnet18,ISIC_0015353,ensemble,avg_sensitivity,1.0294434368610381,
resnet18,ISIC_0015353,ensemble,relevance_mass_accuracy,0.12667053937911987,
resnet18,ISIC_0015353,ensemble,pointing_game,0.0,
resnet18,ISIC_0015353,ensemble,sparseness,0.4451372141038999,
resnet18,ISIC_0015353,ensemble,complexity,11.571974754333496,
resnet18,ISIC_0015353,ensemble,model_parameter_randomisation,,nan
resnet18,ISIC_0015353,ensemble,random_logit,0.6006753681826413,
resnet18,ISIC_0015353,ensemble,completeness,,nan
resnet18,ISIC_0015353,ensemble,non_sensitivity,,nan
squeezenet,ISIC_0015353,ensemble,faithfulness_correlation,0.057874567806720734,
squeezenet,ISIC_0015353,ensemble,pixel_flipping,278.85601806640625,
squeezenet,ISIC_0015353,ensemble,max_sensitivity,1.043195128440857,
squeezenet,ISIC_0015353,ensemble,avg_sensitivity,1.0276938080787659,
squeezenet,ISIC_0015353,ensemble,relevance_mass_accuracy,0.2001541703939438,
squeezenet,ISIC_0015353,ensemble,pointing_game,0.0,
squeezenet,ISIC_0015353,ensemble,sparseness,0.5628486037006659,
squeezenet,ISIC_0015353,ensemble,complexity,11.33116626739502,
squeezenet,ISIC_0015353,ensemble,model_parameter_randomisation,,nan
squeezenet,ISIC_0015353,ensemble,random_logit,0.8373608297499704,
squeezenet,ISIC_0015353,ensemble,completeness,,nan
squeezenet,ISIC_0015353,ensemble,non_sensitivity,,nan
resnet18,ISIC_0015355,ensemble,faithfulness_correlation,-0.10142744332551956,
resnet18,ISIC_0015355,ensemble,pixel_flipping,598.7025146484375,
resnet18,ISIC_0015355,ensemble,max_sensitivity,1.0180121660232544,
resnet18,ISIC_0015355,ensemble,avg_sensitivity,0.9944302141666412,
resnet18,ISIC_0015355,ensemble,relevance_mass_accuracy,0.09216750413179398,
resnet18,ISIC_0015355,ensemble,pointing_game,0.0,
resnet18,ISIC_0015355,ensemble,sparseness,0.4380523267877292,
resnet18,ISIC_0015355,ensemble,complexity,11.586061477661133,
resnet18,ISIC_0015355,ensemble,model_parameter_randomisation,,nan
resnet18,ISIC_0015355,ensemble,random_logit,0.5845988157510607,
resnet18,ISIC_0015355,ensemble,completeness,,nan
resnet18,ISIC_0015355,ensemble,non_sensitivity,,nan
squeezenet,ISIC_0015355,ensemble,faithfulness_correlation,0.014397558756172657,
squeezenet,ISIC_0015355,ensemble,pixel_flipping,394.869873046875,
squeezenet,ISIC_0015355,ensemble,max_sensitivity,1.061769962310791,
squeezenet,ISIC_0015355,ensemble,avg_sensitivity,1.0454654574394227,
squeezenet,ISIC_0015355,ensemble,relevance_mass_accuracy,0.2219449132680893,
squeezenet,ISIC_0015355,ensemble,pointing_game,1.0,
squeezenet,ISIC_0015355,ensemble,sparseness,0.5452293264657906,
squeezenet,ISIC_0015355,ensemble,complexity,11.382004737854004,
squeezenet,ISIC_0015355,ensemble,model_parameter_randomisation,,nan
squeezenet,ISIC_0015355,ensemble,random_logit,0.6185248844827097,
squeezenet,ISIC_0015355,ensemble,completeness,,nan
squeezenet,ISIC_0015355,ensemble,non_sensitivity,,nan
resnet18,ISIC_0015357,ensemble,faithfulness_correlation,0.1498398333787918,
resnet18,ISIC_0015357,ensemble,pixel_flipping,618.142578125,
resnet18,ISIC_0015357,ensemble,max_sensitivity,0.9989468455314636,
resnet18,ISIC_0015357,ensemble,avg_sensitivity,0.9916548728942871,
resnet18,ISIC_0015357,ensemble,relevance_mass_accuracy,0.22800104320049286,
resnet18,ISIC_0015357,ensemble,pointing_game,0.0,
resnet18,ISIC_0015357,ensemble,sparseness,0.5066589679630008,
resnet18,ISIC_0015357,ensemble,complexity,11.466818809509277,
resnet18,ISIC_0015357,ensemble,model_parameter_randomisation,,nan
resnet18,ISIC_0015357,ensemble,random_logit,0.7132284172468709,
resnet18,ISIC_0015357,ensemble,completeness,,nan
resnet18,ISIC_0015357,ensemble,non_sensitivity,,nan
squeezenet,ISIC_0015357,ensemble,faithfulness_correlation,0.05380188301205635,
squeezenet,ISIC_0015357,ensemble,pixel_flipping,283.2350158691406,
squeezenet,ISIC_0015357,ensemble,max_sensitivity,1.072125792503357,
squeezenet,ISIC_0015357,ensemble,avg_sensitivity,1.0409703373908996,
squeezenet,ISIC_0015357,ensemble,relevance_mass_accuracy,0.5016713738441467,
squeezenet,ISIC_0015357,ensemble,pointing_game,1.0,
squeezenet,ISIC_0015357,ensemble,sparseness,0.6617675736747133,
squeezenet,ISIC_0015357,ensemble,complexity,11.058293342590332,
squeezenet,ISIC_0015357,ensemble,model_parameter_randomisation,,nan
squeezenet,ISIC_0015357,ensemble,random_logit,0.8646750568303825,
squeezenet,ISIC_0015357,ensemble,completeness,,nan
squeezenet,ISIC_0015357,ensemble,non_sensitivity,,nan
resnet18,ISIC_0015360,ensemble,faithfulness_correlation,-0.04232336953282356,
resnet18,ISIC_0015360,ensemble,pixel_flipping,82.56483459472656,
resnet18,ISIC_0015360,ensemble,max_sensitivity,0.9893224239349365,
resnet18,ISIC_0015360,ensemble,avg_sensitivity,0.9765968203544617,
resnet18,ISIC_0015360,ensemble,relevance_mass_accuracy,0.5464490056037903,
resnet18,ISIC_0015360,ensemble,pointing_game,0.0,
resnet18,ISIC_0015360,ensemble,sparseness,0.4894968872892,
resnet18,ISIC_0015360,ensemble,complexity,11.507871627807617,
resnet18,ISIC_0015360,ensemble,model_parameter_randomisation,,nan
resnet18,ISIC_0015360,ensemble,random_logit,0.4854757044238525,
resnet18,ISIC_0015360,ensemble,completeness,,nan
resnet18,ISIC_0015360,ensemble,non_sensitivity,,nan
squeezenet,ISIC_0015360,ensemble,faithfulness_correlation,0.19234713912010193,
squeezenet,ISIC_0015360,ensemble,pixel_flipping,329.7354736328125,
squeezenet,ISIC_0015360,ensemble,max_sensitivity,0.9952440857887268,
squeezenet,ISIC_0015360,ensemble,avg_sensitivity,0.991412228345871,
squeezenet,ISIC_0015360,ensemble,relevance_mass_accuracy,0.6075068116188049,
squeezenet,ISIC_0015360,ensemble,pointing_game,1.0,
squeezenet,ISIC_0015360,ensemble,sparseness,0.563435031627836,
squeezenet,ISIC_0015360,ensemble,complexity,11.3504638671875,
squeezenet,ISIC_0015360,ensemble,model_parameter_randomisation,,nan
squeezenet,ISIC_0015360,ensemble,random_logit,0.8055568423749907,
squeezenet,ISIC_0015360,ensemble,completeness,,nan
squeezenet,ISIC_0015360,ensemble,non_sensitivity,,nan
resnet18,ISIC_0015363,ensemble,faithfulness_correlation,0.08261485397815704,
resnet18,ISIC_0015363,ensemble,pixel_flipping,118.65202331542969,
resnet18,ISIC_0015363,ensemble,max_sensitivity,1.0131505727767944,
resnet18,ISIC_0015363,ensemble,avg_sensitivity,1.0037196815013885,
resnet18,ISIC_0015363,ensemble,relevance_mass_accuracy,0.6587235331535339,
resnet18,ISIC_0015363,ensemble,pointing_game,0.0,
resnet18,ISIC_0015363,ensemble,sparseness,0.4303698068932072,
resnet18,ISIC_0015363,ensemble,complexity,11.588590621948242,
resnet18,ISIC_0015363,ensemble,model_parameter_randomisation,,nan
resnet18,ISIC_0015363,ensemble,random_logit,0.6020793037035445,
resnet18,ISIC_0015363,ensemble,completeness,,nan
resnet18,ISIC_0015363,ensemble,non_sensitivity,,nan
squeezenet,ISIC_0015363,ensemble,faithfulness_correlation,-0.06731896847486496,
squeezenet,ISIC_0015363,ensemble,pixel_flipping,385.39178466796875,
squeezenet,ISIC_0015363,ensemble,max_sensitivity,1.053489089012146,
squeezenet,ISIC_0015363,ensemble,avg_sensitivity,1.046845805644989,
squeezenet,ISIC_0015363,ensemble,relevance_mass_accuracy,0.6684238910675049,
squeezenet,ISIC_0015363,ensemble,pointing_game,1.0,
squeezenet,ISIC_0015363,ensemble,sparseness,0.6245784236218821,
squeezenet,ISIC_0015363,ensemble,complexity,11.196710586547852,
squeezenet,ISIC_0015363,ensemble,model_parameter_randomisation,,nan
squeezenet,ISIC_0015363,ensemble,random_logit,0.6240163118155603,
squeezenet,ISIC_0015363,ensemble,completeness,,nan
squeezenet,ISIC_0015363,ensemble,non_sensitivity,,nan
resnet18,ISIC_0015364,ensemble,faithfulness_correlation,-0.0002836356870830059,
resnet18,ISIC_0015364,ensemble,pixel_flipping,616.3368530273438,
resnet18,ISIC_0015364,ensemble,max_sensitivity,1.0241552591323853,
resnet18,ISIC_0015364,ensemble,avg_sensitivity,1.01149063706398,
resnet18,ISIC_0015364,ensemble,relevance_mass_accuracy,0.6054128408432007,
resnet18,ISIC_0015364,ensemble,pointing_game,0.0,
resnet18,ISIC_0015364,ensemble,sparseness,0.4646249157439609,
resnet18,ISIC_0015364,ensemble,complexity,11.551445960998535,
resnet18,ISIC_0015364,ensemble,model_parameter_randomisation,,nan
resnet18,ISIC_0015364,ensemble,random_logit,0.39674035378044564,
resnet18,ISIC_0015364,ensemble,completeness,,nan
resnet18,ISIC_0015364,ensemble,non_sensitivity,,nan
squeezenet,ISIC_0015364,ensemble,faithfulness_correlation,-0.01882907561957836,
squeezenet,ISIC_0015364,ensemble,pixel_flipping,298.00921630859375,
squeezenet,ISIC_0015364,ensemble,max_sensitivity,1.0714507102966309,
squeezenet,ISIC_0015364,ensemble,avg_sensitivity,1.0490896105766296,
squeezenet,ISIC_0015364,ensemble,relevance_mass_accuracy,0.8142831325531006,
squeezenet,ISIC_0015364,ensemble,pointing_game,1.0,
squeezenet,ISIC_0015364,ensemble,sparseness,0.5609933796813794,
squeezenet,ISIC_0015364,ensemble,complexity,11.35213565826416,
squeezenet,ISIC_0015364,ensemble,model_parameter_randomisation,,nan
squeezenet,ISIC_0015364,ensemble,random_logit,0.6670938424252443,
squeezenet,ISIC_0015364,ensemble,completeness,,nan
squeezenet,ISIC_0015364,ensemble,non_sensitivity,,nan
resnet18,ISIC_0015368,ensemble,faithfulness_correlation,-0.16663143038749695,
resnet18,ISIC_0015368,ensemble,pixel_flipping,561.4393310546875,
resnet18,ISIC_0015368,ensemble,max_sensitivity,1.0730156898498535,
resnet18,ISIC_0015368,ensemble,avg_sensitivity,1.0524898171424866,
resnet18,ISIC_0015368,ensemble,relevance_mass_accuracy,0.5573092103004456,
resnet18,ISIC_0015368,ensemble,pointing_game,1.0,
resnet18,ISIC_0015368,ensemble,sparseness,0.4635623526651975,
resnet18,ISIC_0015368,ensemble,complexity,11.546825408935547,
resnet18,ISIC_0015368,ensemble,model_parameter_randomisation,,nan
resnet18,ISIC_0015368,ensemble,random_logit,0.5167382431987357,
resnet18,ISIC_0015368,ensemble,completeness,,nan
resnet18,ISIC_0015368,ensemble,non_sensitivity,,nan
squeezenet,ISIC_0015368,ensemble,faithfulness_correlation,0.15147264301776886,
squeezenet,ISIC_0015368,ensemble,pixel_flipping,268.7066650390625,
squeezenet,ISIC_0015368,ensemble,max_sensitivity,1.0783076286315918,
squeezenet,ISIC_0015368,ensemble,avg_sensitivity,1.0628818273544312,
squeezenet,ISIC_0015368,ensemble,relevance_mass_accuracy,0.7702019214630127,
squeezenet,ISIC_0015368,ensemble,pointing_game,1.0,
squeezenet,ISIC_0015368,ensemble,sparseness,0.5456567613610747,
squeezenet,ISIC_0015368,ensemble,complexity,11.386836051940918,
squeezenet,ISIC_0015368,ensemble,model_parameter_randomisation,,nan
squeezenet,ISIC_0015368,ensemble,random_logit,0.7822485682827894,
squeezenet,ISIC_0015368,ensemble,completeness,,nan
squeezenet,ISIC_0015368,ensemble,non_sensitivity,,nan
resnet18,ISIC_0015369,ensemble,faithfulness_correlation,0.26938870549201965,
resnet18,ISIC_0015369,ensemble,pixel_flipping,597.493896484375,
resnet18,ISIC_0015369,ensemble,max_sensitivity,1.0410487651824951,
resnet18,ISIC_0015369,ensemble,avg_sensitivity,1.034172523021698,
resnet18,ISIC_0015369,ensemble,relevance_mass_accuracy,0.19302625954151154,
resnet18,ISIC_0015369,ensemble,pointing_game,0.0,
resnet18,ISIC_0015369,ensemble,sparseness,0.4694071952804301,
resnet18,ISIC_0015369,ensemble,complexity,11.528733253479004,
resnet18,ISIC_0015369,ensemble,model_parameter_randomisation,,nan
resnet18,ISIC_0015369,ensemble,random_logit,0.6618654320354718,
resnet18,ISIC_0015369,ensemble,completeness,,nan
resnet18,ISIC_0015369,ensemble,non_sensitivity,,nan
squeezenet,ISIC_0015369,ensemble,faithfulness_correlation,-0.04733094200491905,
squeezenet,ISIC_0015369,ensemble,pixel_flipping,309.58258056640625,
squeezenet,ISIC_0015369,ensemble,max_sensitivity,1.0582642555236816,
squeezenet,ISIC_0015369,ensemble,avg_sensitivity,1.0513610005378724,
squeezenet,ISIC_0015369,ensemble,relevance_mass_accuracy,0.5566161870956421,
squeezenet,ISIC_0015369,ensemble,pointing_game,1.0,
squeezenet,ISIC_0015369,ensemble,sparseness,0.6743838913919048,
squeezenet,ISIC_0015369,ensemble,complexity,11.007952690124512,
squeezenet,ISIC_0015369,ensemble,model_parameter_randomisation,,nan
squeezenet,ISIC_0015369,ensemble,random_logit,0.7957623471400286,
squeezenet,ISIC_0015369,ensemble,completeness,,nan
squeezenet,ISIC_0015369,ensemble,non_sensitivity,,nan
resnet18,ISIC_0015383,ensemble,faithfulness_correlation,0.08515951037406921,
resnet18,ISIC_0015383,ensemble,pixel_flipping,590.6708374023438,
resnet18,ISIC_0015383,ensemble,max_sensitivity,0.9788960218429565,
resnet18,ISIC_0015383,ensemble,avg_sensitivity,0.975577998161316,
resnet18,ISIC_0015383,ensemble,relevance_mass_accuracy,0.2513757050037384,
resnet18,ISIC_0015383,ensemble,pointing_game,1.0,
resnet18,ISIC_0015383,ensemble,sparseness,0.463995629018016,
resnet18,ISIC_0015383,ensemble,complexity,11.544095993041992,
resnet18,ISIC_0015383,ensemble,model_parameter_randomisation,,nan
resnet18,ISIC_0015383,ensemble,random_logit,0.5362731217548441,
resnet18,ISIC_0015383,ensemble,completeness,,nan
resnet18,ISIC_0015383,ensemble,non_sensitivity,,nan
squeezenet,ISIC_0015383,ensemble,faithfulness_correlation,0.16669034957885742,
squeezenet,ISIC_0015383,ensemble,pixel_flipping,288.22479248046875,
squeezenet,ISIC_0015383,ensemble,max_sensitivity,1.0175319910049438,
squeezenet,ISIC_0015383,ensemble,avg_sensitivity,1.0072439908981323,
squeezenet,ISIC_0015383,ensemble,relevance_mass_accuracy,0.4843359887599945,
squeezenet,ISIC_0015383,ensemble,pointing_game,1.0,
squeezenet,ISIC_0015383,ensemble,sparseness,0.6017382083148751,
squeezenet,ISIC_0015383,ensemble,complexity,11.251771926879883,
squeezenet,ISIC_0015383,ensemble,model_parameter_randomisation,,nan
squeezenet,ISIC_0015383,ensemble,random_logit,0.7765473453063294,
squeezenet,ISIC_0015383,ensemble,completeness,,nan
squeezenet,ISIC_0015383,ensemble,non_sensitivity,,nan
resnet18,ISIC_0015386,ensemble,faithfulness_correlation,0.12596702575683594,
resnet18,ISIC_0015386,ensemble,pixel_flipping,566.498291015625,
resnet18,ISIC_0015386,ensemble,max_sensitivity,0.9922765493392944,
resnet18,ISIC_0015386,ensemble,avg_sensitivity,0.9823006868362427,
resnet18,ISIC_0015386,ensemble,relevance_mass_accuracy,0.5682071447372437,
resnet18,ISIC_0015386,ensemble,pointing_game,0.0,
resnet18,ISIC_0015386,ensemble,sparseness,0.48389443386421815,
resnet18,ISIC_0015386,ensemble,complexity,11.511897087097168,
resnet18,ISIC_0015386,ensemble,model_parameter_randomisation,,nan
resnet18,ISIC_0015386,ensemble,random_logit,0.5701719264559656,
resnet18,ISIC_0015386,ensemble,completeness,,nan
resnet18,ISIC_0015386,ensemble,non_sensitivity,,nan
squeezenet,ISIC_0015386,ensemble,faithfulness_correlation,0.23102712631225586,
squeezenet,ISIC_0015386,ensemble,pixel_flipping,226.4875946044922,
squeezenet,ISIC_0015386,ensemble,max_sensitivity,1.0786100625991821,
squeezenet,ISIC_0015386,ensemble,avg_sensitivity,1.0626492738723754,
squeezenet,ISIC_0015386,ensemble,relevance_mass_accuracy,0.6899909973144531,
squeezenet,ISIC_0015386,ensemble,pointing_game,1.0,
squeezenet,ISIC_0015386,ensemble,sparseness,0.5978470264746785,
squeezenet,ISIC_0015386,ensemble,complexity,11.268954277038574,
squeezenet,ISIC_0015386,ensemble,model_parameter_randomisation,,nan
squeezenet,ISIC_0015386,ensemble,random_logit,0.8747944744534184,
squeezenet,ISIC_0015386,ensemble,completeness,,nan
squeezenet,ISIC_0015386,ensemble,non_sensitivity,,nan
resnet18,ISIC_0015390,ensemble,faithfulness_correlation,-0.12713246047496796,
resnet18,ISIC_0015390,ensemble,pixel_flipping,13.188013076782227,
resnet18,ISIC_0015390,ensemble,max_sensitivity,1.132362723350525,
resnet18,ISIC_0015390,ensemble,avg_sensitivity,1.061800664663315,
resnet18,ISIC_0015390,ensemble,relevance_mass_accuracy,0.9632827639579773,
resnet18,ISIC_0015390,ensemble,pointing_game,0.0,
resnet18,ISIC_0015390,ensemble,sparseness,0.5019306093293237,
resnet18,ISIC_0015390,ensemble,complexity,11.485148429870605,
resnet18,ISIC_0015390,ensemble,model_parameter_randomisation,,nan
resnet18,ISIC_0015390,ensemble,random_logit,0.5869041185291822,
resnet18,ISIC_0015390,ensemble,completeness,,nan
resnet18,ISIC_0015390,ensemble,non_sensitivity,,nan
squeezenet,ISIC_0015390,ensemble,faithfulness_correlation,0.22155670821666718,
squeezenet,ISIC_0015390,ensemble,pixel_flipping,298.827392578125,
squeezenet,ISIC_0015390,ensemble,max_sensitivity,1.0377352237701416,
squeezenet,ISIC_0015390,ensemble,avg_sensitivity,1.0242578744888307,
squeezenet,ISIC_0015390,ensemble,relevance_mass_accuracy,0.9152280688285828,
squeezenet,ISIC_0015390,ensemble,pointing_game,1.0,
squeezenet,ISIC_0015390,ensemble,sparseness,0.5718907929456297,
squeezenet,ISIC_0015390,ensemble,complexity,11.333223342895508,
squeezenet,ISIC_0015390,ensemble,model_parameter_randomisation,,nan
squeezenet,ISIC_0015390,ensemble,random_logit,0.685210116537449,
squeezenet,ISIC_0015390,ensemble,completeness,,nan
squeezenet,ISIC_0015390,ensemble,non_sensitivity,,nan
resnet18,ISIC_0015395,ensemble,faithfulness_correlation,0.03943640738725662,
resnet18,ISIC_0015395,ensemble,pixel_flipping,630.076171875,
resnet18,ISIC_0015395,ensemble,max_sensitivity,0.9932695627212524,
resnet18,ISIC_0015395,ensemble,avg_sensitivity,0.9811900854110718,
resnet18,ISIC_0015395,ensemble,relevance_mass_accuracy,0.4191337525844574,
resnet18,ISIC_0015395,ensemble,pointing_game,0.0,
resnet18,ISIC_0015395,ensemble,sparseness,0.4549584778341132,
resnet18,ISIC_0015395,ensemble,complexity,11.564119338989258,
resnet18,ISIC_0015395,ensemble,model_parameter_randomisation,,nan
resnet18,ISIC_0015395,ensemble,random_logit,0.6335211274552232,
resnet18,ISIC_0015395,ensemble,completeness,,nan
resnet18,ISIC_0015395,ensemble,non_sensitivity,,nan
squeezenet,ISIC_0015395,ensemble,faithfulness_correlation,-0.07410183548927307,
squeezenet,ISIC_0015395,ensemble,pixel_flipping,413.7652587890625,
squeezenet,ISIC_0015395,ensemble,max_sensitivity,1.0348665714263916,
squeezenet,ISIC_0015395,ensemble,avg_sensitivity,1.0198126554489135,
squeezenet,ISIC_0015395,ensemble,relevance_mass_accuracy,0.5085947513580322,
squeezenet,ISIC_0015395,ensemble,pointing_game,1.0,
squeezenet,ISIC_0015395,ensemble,sparseness,0.5589071956443783,
squeezenet,ISIC_0015395,ensemble,complexity,11.363605499267578,
squeezenet,ISIC_0015395,ensemble,model_parameter_randomisation,,nan
squeezenet,ISIC_0015395,ensemble,random_logit,0.7166123815471812,
squeezenet,ISIC_0015395,ensemble,completeness,,nan
squeezenet,ISIC_0015395,ensemble,non_sensitivity,,nan
resnet18,ISIC_0015403,ensemble,faithfulness_correlation,0.07404547184705734,
resnet18,ISIC_0015403,ensemble,pixel_flipping,118.68682861328125,
resnet18,ISIC_0015403,ensemble,max_sensitivity,1.1126587390899658,
resnet18,ISIC_0015403,ensemble,avg_sensitivity,1.0680957317352295,
resnet18,ISIC_0015403,ensemble,relevance_mass_accuracy,0.2463482916355133,
resnet18,ISIC_0015403,ensemble,pointing_game,1.0,
resnet18,ISIC_0015403,ensemble,sparseness,0.4702246156921473,
resnet18,ISIC_0015403,ensemble,complexity,11.523612022399902,
resnet18,ISIC_0015403,ensemble,model_parameter_randomisation,,nan
resnet18,ISIC_0015403,ensemble,random_logit,0.6059767263343285,
resnet18,ISIC_0015403,ensemble,completeness,,nan
resnet18,ISIC_0015403,ensemble,non_sensitivity,,nan
squeezenet,ISIC_0015403,ensemble,faithfulness_correlation,0.08518470078706741,
squeezenet,ISIC_0015403,ensemble,pixel_flipping,328.91754150390625,
squeezenet,ISIC_0015403,ensemble,max_sensitivity,1.0509155988693237,
squeezenet,ISIC_0015403,ensemble,avg_sensitivity,1.0118547976016998,
squeezenet,ISIC_0015403,ensemble,relevance_mass_accuracy,0.7701912522315979,
squeezenet,ISIC_0015403,ensemble,pointing_game,1.0,
squeezenet,ISIC_0015403,ensemble,sparseness,0.6446887560149676,
squeezenet,ISIC_0015403,ensemble,complexity,11.111493110656738,
squeezenet,ISIC_0015403,ensemble,model_parameter_randomisation,,nan
squeezenet,ISIC_0015403,ensemble,random_logit,0.7119016243171059,
squeezenet,ISIC_0015403,ensemble,completeness,,nan
squeezenet,ISIC_0015403,ensemble,non_sensitivity,,nan
resnet18,ISIC_0015404,ensemble,faithfulness_correlation,-0.056373171508312225,
resnet18,ISIC_0015404,ensemble,pixel_flipping,610.1043090820312,
resnet18,ISIC_0015404,ensemble,max_sensitivity,1.074222445487976,
resnet18,ISIC_0015404,ensemble,avg_sensitivity,1.0539668321609497,
resnet18,ISIC_0015404,ensemble,relevance_mass_accuracy,0.7498716711997986,
resnet18,ISIC_0015404,ensemble,pointing_game,0.0,
resnet18,ISIC_0015404,ensemble,sparseness,0.5046674648747667,
resnet18,ISIC_0015404,ensemble,complexity,11.476493835449219,
resnet18,ISIC_0015404,ensemble,model_parameter_randomisation,,nan
resnet18,ISIC_0015404,ensemble,random_logit,0.5180349362254772,
resnet18,ISIC_0015404,ensemble,completeness,,nan
resnet18,ISIC_0015404,ensemble,non_sensitivity,,nan
squeezenet,ISIC_0015404,ensemble,faithfulness_correlation,0.14759963750839233,
squeezenet,ISIC_0015404,ensemble,pixel_flipping,293.5853576660156,
squeezenet,ISIC_0015404,ensemble,max_sensitivity,1.081795334815979,
squeezenet,ISIC_0015404,ensemble,avg_sensitivity,1.071699571609497,
squeezenet,ISIC_0015404,ensemble,relevance_mass_accuracy,0.888843297958374,
squeezenet,ISIC_0015404,ensemble,pointing_game,1.0,
squeezenet,ISIC_0015404,ensemble,sparseness,0.5813179003721399,
squeezenet,ISIC_0015404,ensemble,complexity,11.313802719116211,
squeezenet,ISIC_0015404,ensemble,model_parameter_randomisation,,nan
squeezenet,ISIC_0015404,ensemble,random_logit,0.6866370148332749,
squeezenet,ISIC_0015404,ensemble,completeness,,nan
squeezenet,ISIC_0015404,ensemble,non_sensitivity,,nan
resnet18,ISIC_0015411,ensemble,faithfulness_correlation,0.08944375067949295,
resnet18,ISIC_0015411,ensemble,pixel_flipping,613.2909545898438,
resnet18,ISIC_0015411,ensemble,max_sensitivity,0.9878429174423218,
resnet18,ISIC_0015411,ensemble,avg_sensitivity,0.9730648517608642,
resnet18,ISIC_0015411,ensemble,relevance_mass_accuracy,0.23047110438346863,
resnet18,ISIC_0015411,ensemble,pointing_game,0.0,
resnet18,ISIC_0015411,ensemble,sparseness,0.5194889096271479,
resnet18,ISIC_0015411,ensemble,complexity,11.447017669677734,
resnet18,ISIC_0015411,ensemble,model_parameter_randomisation,,nan
resnet18,ISIC_0015411,ensemble,random_logit,0.6213034558617972,
resnet18,ISIC_0015411,ensemble,completeness,,nan
resnet18,ISIC_0015411,ensemble,non_sensitivity,,nan
squeezenet,ISIC_0015411,ensemble,faithfulness_correlation,0.08013130724430084,
squeezenet,ISIC_0015411,ensemble,pixel_flipping,280.1645202636719,
squeezenet,ISIC_0015411,ensemble,max_sensitivity,1.04123854637146,
squeezenet,ISIC_0015411,ensemble,avg_sensitivity,1.0251171231269836,
squeezenet,ISIC_0015411,ensemble,relevance_mass_accuracy,0.42295607924461365,
squeezenet,ISIC_0015411,ensemble,pointing_game,1.0,
squeezenet,ISIC_0015411,ensemble,sparseness,0.6510269902252074,
squeezenet,ISIC_0015411,ensemble,complexity,11.089010238647461,
squeezenet,ISIC_0015411,ensemble,model_parameter_randomisation,,nan
squeezenet,ISIC_0015411,ensemble,random_logit,0.8378669098403639,
squeezenet,ISIC_0015411,ensemble,completeness,,nan
squeezenet,ISIC_0015411,ensemble,non_sensitivity,,nan
resnet18,ISIC_0015412,ensemble,faithfulness_correlation,-0.10165465623140335,
resnet18,ISIC_0015412,ensemble,pixel_flipping,37.3929557800293,
resnet18,ISIC_0015412,ensemble,max_sensitivity,1.1829886436462402,
resnet18,ISIC_0015412,ensemble,avg_sensitivity,1.1625568985939025,
resnet18,ISIC_0015412,ensemble,relevance_mass_accuracy,0.5752662420272827,
resnet18,ISIC_0015412,ensemble,pointing_game,0.0,
resnet18,ISIC_0015412,ensemble,sparseness,0.45744510452211756,
resnet18,ISIC_0015412,ensemble,complexity,11.557912826538086,
resnet18,ISIC_0015412,ensemble,model_parameter_randomisation,,nan
resnet18,ISIC_0015412,ensemble,random_logit,0.5683429889968377,
resnet18,ISIC_0015412,ensemble,completeness,,nan
resnet18,ISIC_0015412,ensemble,non_sensitivity,,nan
squeezenet,ISIC_0015412,ensemble,faithfulness_correlation,0.17801392078399658,
squeezenet,ISIC_0015412,ensemble,pixel_flipping,362.597412109375,
squeezenet,ISIC_0015412,ensemble,max_sensitivity,1.0369478464126587,
squeezenet,ISIC_0015412,ensemble,avg_sensitivity,1.0161439061164856,
squeezenet,ISIC_0015412,ensemble,relevance_mass_accuracy,0.6979454159736633,
squeezenet,ISIC_0015412,ensemble,pointing_game,1.0,
squeezenet,ISIC_0015412,ensemble,sparseness,0.6098678615297212,
squeezenet,ISIC_0015412,ensemble,complexity,11.227874755859375,
squeezenet,ISIC_0015412,ensemble,model_parameter_randomisation,,nan
squeezenet,ISIC_0015412,ensemble,random_logit,0.8248191333837623,
squeezenet,ISIC_0015412,ensemble,completeness,,nan
squeezenet,ISIC_0015412,ensemble,non_sensitivity,,nan
resnet18,ISIC_0015416,ensemble,faithfulness_correlation,0.2541055381298065,
resnet18,ISIC_0015416,ensemble,pixel_flipping,106.119384765625,
resnet18,ISIC_0015416,ensemble,max_sensitivity,1.062930941581726,
resnet18,ISIC_0015416,ensemble,avg_sensitivity,1.0186734676361084,
resnet18,ISIC_0015416,ensemble,relevance_mass_accuracy,0.8670905828475952,
resnet18,ISIC_0015416,ensemble,pointing_game,1.0,
resnet18,ISIC_0015416,ensemble,sparseness,0.49025309498051994,
resnet18,ISIC_0015416,ensemble,complexity,11.505867958068848,
resnet18,ISIC_0015416,ensemble,model_parameter_randomisation,,nan
resnet18,ISIC_0015416,ensemble,random_logit,0.46966143964714896,
resnet18,ISIC_0015416,ensemble,completeness,,nan
resnet18,ISIC_0015416,ensemble,non_sensitivity,,nan
squeezenet,ISIC_0015416,ensemble,faithfulness_correlation,0.24943794310092926,
squeezenet,ISIC_0015416,ensemble,pixel_flipping,320.55609130859375,
squeezenet,ISIC_0015416,ensemble,max_sensitivity,1.047868251800537,
squeezenet,ISIC_0015416,ensemble,avg_sensitivity,1.0373151183128357,
squeezenet,ISIC_0015416,ensemble,relevance_mass_accuracy,0.8379287719726562,
squeezenet,ISIC_0015416,ensemble,pointing_game,1.0,
squeezenet,ISIC_0015416,ensemble,sparseness,0.5403307363088196,
squeezenet,ISIC_0015416,ensemble,complexity,11.401933670043945,
squeezenet,ISIC_0015416,ensemble,model_parameter_randomisation,,nan
squeezenet,ISIC_0015416,ensemble,random_logit,0.8086513854945173,
squeezenet,ISIC_0015416,ensemble,completeness,,nan
squeezenet,ISIC_0015416,ensemble,non_sensitivity,,nan
resnet18,ISIC_0015417,ensemble,faithfulness_correlation,0.09657726436853409,
resnet18,ISIC_0015417,ensemble,pixel_flipping,594.905517578125,
resnet18,ISIC_0015417,ensemble,max_sensitivity,1.0647083520889282,
resnet18,ISIC_0015417,ensemble,avg_sensitivity,1.0493936419487,
resnet18,ISIC_0015417,ensemble,relevance_mass_accuracy,0.35987403988838196,
resnet18,ISIC_0015417,ensemble,pointing_game,1.0,
resnet18,ISIC_0015417,ensemble,sparseness,0.4833677493921138,
resnet18,ISIC_0015417,ensemble,complexity,11.51710319519043,
resnet18,ISIC_0015417,ensemble,model_parameter_randomisation,,nan
resnet18,ISIC_0015417,ensemble,random_logit,0.46480485272230765,
resnet18,ISIC_0015417,ensemble,completeness,,nan
resnet18,ISIC_0015417,ensemble,non_sensitivity,,nan
squeezenet,ISIC_0015417,ensemble,faithfulness_correlation,0.3487812280654907,
squeezenet,ISIC_0015417,ensemble,pixel_flipping,313.55718994140625,
squeezenet,ISIC_0015417,ensemble,max_sensitivity,1.0866254568099976,
squeezenet,ISIC_0015417,ensemble,avg_sensitivity,1.0689844250679017,
squeezenet,ISIC_0015417,ensemble,relevance_mass_accuracy,0.6297501921653748,
squeezenet,ISIC_0015417,ensemble,pointing_game,1.0,
squeezenet,ISIC_0015417,ensemble,sparseness,0.6294504750708007,
squeezenet,ISIC_0015417,ensemble,complexity,11.187211036682129,
squeezenet,ISIC_0015417,ensemble,model_parameter_randomisation,,nan
squeezenet,ISIC_0015417,ensemble,random_logit,0.8184240634064712,
squeezenet,ISIC_0015417,ensemble,completeness,,nan
squeezenet,ISIC_0015417,ensemble,non_sensitivity,,nan
resnet18,ISIC_0015418,ensemble,faithfulness_correlation,0.2085644006729126,
resnet18,ISIC_0015418,ensemble,pixel_flipping,613.1063842773438,
resnet18,ISIC_0015418,ensemble,max_sensitivity,0.9945582151412964,
resnet18,ISIC_0015418,ensemble,avg_sensitivity,0.9788307189941406,
resnet18,ISIC_0015418,ensemble,relevance_mass_accuracy,0.26098641753196716,
resnet18,ISIC_0015418,ensemble,pointing_game,0.0,
resnet18,ISIC_0015418,ensemble,sparseness,0.4366604833478179,
resnet18,ISIC_0015418,ensemble,complexity,11.588909149169922,
resnet18,ISIC_0015418,ensemble,model_parameter_randomisation,,nan
resnet18,ISIC_0015418,ensemble,random_logit,0.5248023417343767,
resnet18,ISIC_0015418,ensemble,completeness,,nan
resnet18,ISIC_0015418,ensemble,non_sensitivity,,nan
squeezenet,ISIC_0015418,ensemble,faithfulness_correlation,0.24636727571487427,
squeezenet,ISIC_0015418,ensemble,pixel_flipping,264.5638427734375,
squeezenet,ISIC_0015418,ensemble,max_sensitivity,1.060848593711853,
squeezenet,ISIC_0015418,ensemble,avg_sensitivity,1.0274847328662873,
squeezenet,ISIC_0015418,ensemble,relevance_mass_accuracy,0.8177189826965332,
squeezenet,ISIC_0015418,ensemble,pointing_game,1.0,
squeezenet,ISIC_0015418,ensemble,sparseness,0.620312664751792,
squeezenet,ISIC_0015418,ensemble,complexity,11.175261497497559,
squeezenet,ISIC_0015418,ensemble,model_parameter_randomisation,,nan
squeezenet,ISIC_0015418,ensemble,random_logit,0.7719820655530569,
squeezenet,ISIC_0015418,ensemble,completeness,,nan
squeezenet,ISIC_0015418,ensemble,non_sensitivity,,nan
resnet18,ISIC_0015419,ensemble,faithfulness_correlation,0.18013472855091095,
resnet18,ISIC_0015419,ensemble,pixel_flipping,20.53316307067871,
resnet18,ISIC_0015419,ensemble,max_sensitivity,1.0319284200668335,
resnet18,ISIC_0015419,ensemble,avg_sensitivity,1.002622139453888,
resnet18,ISIC_0015419,ensemble,relevance_mass_accuracy,1.1095882654190063,
resnet18,ISIC_0015419,ensemble,pointing_game,1.0,
resnet18,ISIC_0015419,ensemble,sparseness,0.4907479262623321,
resnet18,ISIC_0015419,ensemble,complexity,11.499035835266113,
resnet18,ISIC_0015419,ensemble,model_parameter_randomisation,,nan
resnet18,ISIC_0015419,ensemble,random_logit,0.527898527263278,
resnet18,ISIC_0015419,ensemble,completeness,,nan
resnet18,ISIC_0015419,ensemble,non_sensitivity,,nan
squeezenet,ISIC_0015419,ensemble,faithfulness_correlation,0.05056624859571457,
squeezenet,ISIC_0015419,ensemble,pixel_flipping,44.06850814819336,
squeezenet,ISIC_0015419,ensemble,max_sensitivity,1.0698477029800415,
squeezenet,ISIC_0015419,ensemble,avg_sensitivity,1.0402954757213592,
squeezenet,ISIC_0015419,ensemble,relevance_mass_accuracy,0.820723831653595,
squeezenet,ISIC_0015419,ensemble,pointing_game,1.0,
squeezenet,ISIC_0015419,ensemble,sparseness,0.5728822700946274,
squeezenet,ISIC_0015419,ensemble,complexity,11.320489883422852,
squeezenet,ISIC_0015419,ensemble,model_parameter_randomisation,,nan
squeezenet,ISIC_0015419,ensemble,random_logit,0.5974936636394538,
squeezenet,ISIC_0015419,ensemble,completeness,,nan
squeezenet,ISIC_0015419,ensemble,non_sensitivity,,nan
resnet18,ISIC_0015436,ensemble,faithfulness_correlation,0.0674986019730568,
resnet18,ISIC_0015436,ensemble,pixel_flipping,580.0357666015625,
resnet18,ISIC_0015436,ensemble,max_sensitivity,1.0305644273757935,
resnet18,ISIC_0015436,ensemble,avg_sensitivity,1.0150786757469177,
resnet18,ISIC_0015436,ensemble,relevance_mass_accuracy,0.5599116086959839,
resnet18,ISIC_0015436,ensemble,pointing_game,1.0,
resnet18,ISIC_0015436,ensemble,sparseness,0.48543062052733316,
resnet18,ISIC_0015436,ensemble,complexity,11.516558647155762,
resnet18,ISIC_0015436,ensemble,model_parameter_randomisation,,nan
resnet18,ISIC_0015436,ensemble,random_logit,0.5643664386717097,
resnet18,ISIC_0015436,ensemble,completeness,,nan
resnet18,ISIC_0015436,ensemble,non_sensitivity,,nan
squeezenet,ISIC_0015436,ensemble,faithfulness_correlation,0.004643584601581097,
squeezenet,ISIC_0015436,ensemble,pixel_flipping,285.3316955566406,
squeezenet,ISIC_0015436,ensemble,max_sensitivity,1.034699559211731,
squeezenet,ISIC_0015436,ensemble,avg_sensitivity,1.0210553407669067,
squeezenet,ISIC_0015436,ensemble,relevance_mass_accuracy,0.7249770760536194,
squeezenet,ISIC_0015436,ensemble,pointing_game,1.0,
squeezenet,ISIC_0015436,ensemble,sparseness,0.5789061748100571,
squeezenet,ISIC_0015436,ensemble,complexity,11.31706714630127,
squeezenet,ISIC_0015436,ensemble,model_parameter_randomisation,,nan
squeezenet,ISIC_0015436,ensemble,random_logit,0.7264136188176008,
squeezenet,ISIC_0015436,ensemble,completeness,,nan
squeezenet,ISIC_0015436,ensemble,non_sensitivity,,nan
resnet18,ISIC_0015447,ensemble,faithfulness_correlation,0.10652217268943787,
resnet18,ISIC_0015447,ensemble,pixel_flipping,603.9840087890625,
resnet18,ISIC_0015447,ensemble,max_sensitivity,1.110182762145996,
resnet18,ISIC_0015447,ensemble,avg_sensitivity,1.0804662108421326,
resnet18,ISIC_0015447,ensemble,relevance_mass_accuracy,0.9621891975402832,
resnet18,ISIC_0015447,ensemble,pointing_game,1.0,
resnet18,ISIC_0015447,ensemble,sparseness,0.5049710235461877,
resnet18,ISIC_0015447,ensemble,complexity,11.475577354431152,
resnet18,ISIC_0015447,ensemble,model_parameter_randomisation,,nan
resnet18,ISIC_0015447,ensemble,random_logit,0.6339966954020746,
resnet18,ISIC_0015447,ensemble,completeness,,nan
resnet18,ISIC_0015447,ensemble,non_sensitivity,,nan
squeezenet,ISIC_0015447,ensemble,faithfulness_correlation,0.043709125369787216,
squeezenet,ISIC_0015447,ensemble,pixel_flipping,244.96212768554688,
squeezenet,ISIC_0015447,ensemble,max_sensitivity,1.1136977672576904,
squeezenet,ISIC_0015447,ensemble,avg_sensitivity,1.0985740184783936,
squeezenet,ISIC_0015447,ensemble,relevance_mass_accuracy,0.94373619556427,
squeezenet,ISIC_0015447,ensemble,pointing_game,1.0,
squeezenet,ISIC_0015447,ensemble,sparseness,0.5781329715325547,
squeezenet,ISIC_0015447,ensemble,complexity,11.290874481201172,
squeezenet,ISIC_0015447,ensemble,model_parameter_randomisation,,nan
squeezenet,ISIC_0015447,ensemble,random_logit,0.7958770227514701,
squeezenet,ISIC_0015447,ensemble,completeness,,nan
squeezenet,ISIC_0015447,ensemble,non_sensitivity,,nan
resnet18,ISIC_0015455,ensemble,faithfulness_correlation,0.0787188857793808,
resnet18,ISIC_0015455,ensemble,pixel_flipping,613.68505859375,
resnet18,ISIC_0015455,ensemble,max_sensitivity,1.098081111907959,
resnet18,ISIC_0015455,ensemble,avg_sensitivity,1.073249626159668,
resnet18,ISIC_0015455,ensemble,relevance_mass_accuracy,0.24521391093730927,
resnet18,ISIC_0015455,ensemble,pointing_game,1.0,
resnet18,ISIC_0015455,ensemble,sparseness,0.4568702099054949,
resnet18,ISIC_0015455,ensemble,complexity,11.556304931640625,
resnet18,ISIC_0015455,ensemble,model_parameter_randomisation,,nan
resnet18,ISIC_0015455,ensemble,random_logit,0.6955224609217394,
resnet18,ISIC_0015455,ensemble,completeness,,nan
resnet18,ISIC_0015455,ensemble,non_sensitivity,,nan
squeezenet,ISIC_0015455,ensemble,faithfulness_correlation,-0.019479097798466682,
squeezenet,ISIC_0015455,ensemble,pixel_flipping,46.41130828857422,
squeezenet,ISIC_0015455,ensemble,max_sensitivity,1.1614352464675903,
squeezenet,ISIC_0015455,ensemble,avg_sensitivity,1.0969079613685608,
squeezenet,ISIC_0015455,ensemble,relevance_mass_accuracy,0.6125122904777527,
squeezenet,ISIC_0015455,ensemble,pointing_game,1.0,
squeezenet,ISIC_0015455,ensemble,sparseness,0.5847911122281656,
squeezenet,ISIC_0015455,ensemble,complexity,11.304155349731445,
squeezenet,ISIC_0015455,ensemble,model_parameter_randomisation,,nan
squeezenet,ISIC_0015455,ensemble,random_logit,0.5797300418471314,
squeezenet,ISIC_0015455,ensemble,completeness,,nan
squeezenet,ISIC_0015455,ensemble,non_sensitivity,,nan
resnet18,ISIC_0015464,ensemble,faithfulness_correlation,-0.10774417221546173,
resnet18,ISIC_0015464,ensemble,pixel_flipping,8.474970817565918,
resnet18,ISIC_0015464,ensemble,max_sensitivity,1.1648694276809692,
resnet18,ISIC_0015464,ensemble,avg_sensitivity,1.1205881834030151,
resnet18,ISIC_0015464,ensemble,relevance_mass_accuracy,0.4812106192111969,
resnet18,ISIC_0015464,ensemble,pointing_game,0.0,
resnet18,ISIC_0015464,ensemble,sparseness,0.5056578574028433,
resnet18,ISIC_0015464,ensemble,complexity,11.463582992553711,
resnet18,ISIC_0015464,ensemble,model_parameter_randomisation,,nan
resnet18,ISIC_0015464,ensemble,random_logit,0.6673304877745139,
resnet18,ISIC_0015464,ensemble,completeness,,nan
resnet18,ISIC_0015464,ensemble,non_sensitivity,,nan
squeezenet,ISIC_0015464,ensemble,faithfulness_correlation,0.06520109623670578,
squeezenet,ISIC_0015464,ensemble,pixel_flipping,274.09942626953125,
squeezenet,ISIC_0015464,ensemble,max_sensitivity,1.0458866357803345,
squeezenet,ISIC_0015464,ensemble,avg_sensitivity,1.0274958252906798,
squeezenet,ISIC_0015464,ensemble,relevance_mass_accuracy,0.7287024259567261,
squeezenet,ISIC_0015464,ensemble,pointing_game,1.0,
squeezenet,ISIC_0015464,ensemble,sparseness,0.5507503881124094,
squeezenet,ISIC_0015464,ensemble,complexity,11.378118515014648,
squeezenet,ISIC_0015464,ensemble,model_parameter_randomisation,,nan
squeezenet,ISIC_0015464,ensemble,random_logit,0.8072321629848528,
squeezenet,ISIC_0015464,ensemble,completeness,,nan
squeezenet,ISIC_0015464,ensemble,non_sensitivity,,nan
resnet18,ISIC_0015466,ensemble,faithfulness_correlation,-0.10629965364933014,
resnet18,ISIC_0015466,ensemble,pixel_flipping,600.8858642578125,
resnet18,ISIC_0015466,ensemble,max_sensitivity,0.9423555731773376,
resnet18,ISIC_0015466,ensemble,avg_sensitivity,0.9349136590957642,
resnet18,ISIC_0015466,ensemble,relevance_mass_accuracy,0.6944319605827332,
resnet18,ISIC_0015466,ensemble,pointing_game,1.0,
resnet18,ISIC_0015466,ensemble,sparseness,0.42332673577120716,
resnet18,ISIC_0015466,ensemble,complexity,11.605653762817383,
resnet18,ISIC_0015466,ensemble,model_parameter_randomisation,,nan
resnet18,ISIC_0015466,ensemble,random_logit,0.6324909422468498,
resnet18,ISIC_0015466,ensemble,completeness,,nan
resnet18,ISIC_0015466,ensemble,non_sensitivity,,nan
squeezenet,ISIC_0015466,ensemble,faithfulness_correlation,0.019180305302143097,
squeezenet,ISIC_0015466,ensemble,pixel_flipping,315.2391052246094,
squeezenet,ISIC_0015466,ensemble,max_sensitivity,1.0581175088882446,
squeezenet,ISIC_0015466,ensemble,avg_sensitivity,1.0497493267059326,
squeezenet,ISIC_0015466,ensemble,relevance_mass_accuracy,0.9320039749145508,
squeezenet,ISIC_0015466,ensemble,pointing_game,1.0,
squeezenet,ISIC_0015466,ensemble,sparseness,0.5960272760681844,
squeezenet,ISIC_0015466,ensemble,complexity,11.264176368713379,
squeezenet,ISIC_0015466,ensemble,model_parameter_randomisation,,nan
squeezenet,ISIC_0015466,ensemble,random_logit,0.7434939741812858,
squeezenet,ISIC_0015466,ensemble,completeness,,nan
squeezenet,ISIC_0015466,ensemble,non_sensitivity,,nan
resnet18,ISIC_0015468,ensemble,faithfulness_correlation,0.014970183372497559,
resnet18,ISIC_0015468,ensemble,pixel_flipping,595.4200439453125,
resnet18,ISIC_0015468,ensemble,max_sensitivity,0.9836422801017761,
resnet18,ISIC_0015468,ensemble,avg_sensitivity,0.9730140924453735,
resnet18,ISIC_0015468,ensemble,relevance_mass_accuracy,0.14246109127998352,
resnet18,ISIC_0015468,ensemble,pointing_game,0.0,
resnet18,ISIC_0015468,ensemble,sparseness,0.4852263532169385,
resnet18,ISIC_0015468,ensemble,complexity,11.508932113647461,
resnet18,ISIC_0015468,ensemble,model_parameter_randomisation,,nan
resnet18,ISIC_0015468,ensemble,random_logit,0.654144300746937,
resnet18,ISIC_0015468,ensemble,completeness,,nan
resnet18,ISIC_0015468,ensemble,non_sensitivity,,nan
squeezenet,ISIC_0015468,ensemble,faithfulness_correlation,0.16225099563598633,
squeezenet,ISIC_0015468,ensemble,pixel_flipping,338.7866516113281,
squeezenet,ISIC_0015468,ensemble,max_sensitivity,1.0410661697387695,
squeezenet,ISIC_0015468,ensemble,avg_sensitivity,1.0272638916969299,
squeezenet,ISIC_0015468,ensemble,relevance_mass_accuracy,0.3712734878063202,
squeezenet,ISIC_0015468,ensemble,pointing_game,0.0,
squeezenet,ISIC_0015468,ensemble,sparseness,0.6254051922789667,
squeezenet,ISIC_0015468,ensemble,complexity,11.177502632141113,
squeezenet,ISIC_0015468,ensemble,model_parameter_randomisation,,nan
squeezenet,ISIC_0015468,ensemble,random_logit,0.7579941840813504,
squeezenet,ISIC_0015468,ensemble,completeness,,nan
squeezenet,ISIC_0015468,ensemble,non_sensitivity,,nan
resnet18,ISIC_0015476,ensemble,faithfulness_correlation,0.05550561472773552,
resnet18,ISIC_0015476,ensemble,pixel_flipping,615.3134765625,
resnet18,ISIC_0015476,ensemble,max_sensitivity,0.9191181659698486,
resnet18,ISIC_0015476,ensemble,avg_sensitivity,0.8929428875446319,
resnet18,ISIC_0015476,ensemble,relevance_mass_accuracy,0.4196900725364685,
resnet18,ISIC_0015476,ensemble,pointing_game,0.0,
resnet18,ISIC_0015476,ensemble,sparseness,0.5012707418898905,
resnet18,ISIC_0015476,ensemble,complexity,11.474971771240234,
resnet18,ISIC_0015476,ensemble,model_parameter_randomisation,,nan
resnet18,ISIC_0015476,ensemble,random_logit,0.5187718959318002,
resnet18,ISIC_0015476,ensemble,completeness,,nan
resnet18,ISIC_0015476,ensemble,non_sensitivity,,nan
squeezenet,ISIC_0015476,ensemble,faithfulness_correlation,0.0011396033223718405,
squeezenet,ISIC_0015476,ensemble,pixel_flipping,311.1640930175781,
squeezenet,ISIC_0015476,ensemble,max_sensitivity,0.9786679744720459,
squeezenet,ISIC_0015476,ensemble,avg_sensitivity,0.9550820648670196,
squeezenet,ISIC_0015476,ensemble,relevance_mass_accuracy,0.6303150057792664,
squeezenet,ISIC_0015476,ensemble,pointing_game,1.0,
squeezenet,ISIC_0015476,ensemble,sparseness,0.6261913031228002,
squeezenet,ISIC_0015476,ensemble,complexity,11.163896560668945,
squeezenet,ISIC_0015476,ensemble,model_parameter_randomisation,,nan
squeezenet,ISIC_0015476,ensemble,random_logit,0.7763970997634932,
squeezenet,ISIC_0015476,ensemble,completeness,,nan
squeezenet,ISIC_0015476,ensemble,non_sensitivity,,nan
resnet18,ISIC_0015481,ensemble,faithfulness_correlation,-0.14229151606559753,
resnet18,ISIC_0015481,ensemble,pixel_flipping,72.61741638183594,
resnet18,ISIC_0015481,ensemble,max_sensitivity,1.0854971408843994,
resnet18,ISIC_0015481,ensemble,avg_sensitivity,1.0554050922393798,
resnet18,ISIC_0015481,ensemble,relevance_mass_accuracy,0.2278953343629837,
resnet18,ISIC_0015481,ensemble,pointing_game,0.0,
resnet18,ISIC_0015481,ensemble,sparseness,0.5230330651495334,
resnet18,ISIC_0015481,ensemble,complexity,11.435526847839355,
resnet18,ISIC_0015481,ensemble,model_parameter_randomisation,,nan
resnet18,ISIC_0015481,ensemble,random_logit,0.6643473015026765,
resnet18,ISIC_0015481,ensemble,completeness,,nan
resnet18,ISIC_0015481,ensemble,non_sensitivity,,nan
squeezenet,ISIC_0015481,ensemble,faithfulness_correlation,0.2727518677711487,
squeezenet,ISIC_0015481,ensemble,pixel_flipping,303.056884765625,
squeezenet,ISIC_0015481,ensemble,max_sensitivity,1.0539767742156982,
squeezenet,ISIC_0015481,ensemble,avg_sensitivity,1.0479462504386903,
squeezenet,ISIC_0015481,ensemble,relevance_mass_accuracy,0.36901772022247314,
squeezenet,ISIC_0015481,ensemble,pointing_game,0.0,
squeezenet,ISIC_0015481,ensemble,sparseness,0.6736223311858925,
squeezenet,ISIC_0015481,ensemble,complexity,11.05064582824707,
squeezenet,ISIC_0015481,ensemble,model_parameter_randomisation,,nan
squeezenet,ISIC_0015481,ensemble,random_logit,0.7656057298764504,
squeezenet,ISIC_0015481,ensemble,completeness,,nan
squeezenet,ISIC_0015481,ensemble,non_sensitivity,,nan
resnet18,ISIC_0015482,ensemble,faithfulness_correlation,-0.08263562619686127,
resnet18,ISIC_0015482,ensemble,pixel_flipping,85.61544799804688,
resnet18,ISIC_0015482,ensemble,max_sensitivity,1.188411831855774,
resnet18,ISIC_0015482,ensemble,avg_sensitivity,1.1691901564598084,
resnet18,ISIC_0015482,ensemble,relevance_mass_accuracy,0.5417798757553101,
resnet18,ISIC_0015482,ensemble,pointing_game,0.0,
resnet18,ISIC_0015482,ensemble,sparseness,0.4756492976935245,
resnet18,ISIC_0015482,ensemble,complexity,11.522258758544922,
resnet18,ISIC_0015482,ensemble,model_parameter_randomisation,,nan
resnet18,ISIC_0015482,ensemble,random_logit,0.7060565604425966,
resnet18,ISIC_0015482,ensemble,completeness,,nan
resnet18,ISIC_0015482,ensemble,non_sensitivity,,nan
squeezenet,ISIC_0015482,ensemble,faithfulness_correlation,0.07269539684057236,
squeezenet,ISIC_0015482,ensemble,pixel_flipping,325.99945068359375,
squeezenet,ISIC_0015482,ensemble,max_sensitivity,1.065386414527893,
squeezenet,ISIC_0015482,ensemble,avg_sensitivity,1.0590370774269104,
squeezenet,ISIC_0015482,ensemble,relevance_mass_accuracy,0.5764074325561523,
squeezenet,ISIC_0015482,ensemble,pointing_game,0.0,
squeezenet,ISIC_0015482,ensemble,sparseness,0.5856716817050017,
squeezenet,ISIC_0015482,ensemble,complexity,11.299866676330566,
squeezenet,ISIC_0015482,ensemble,model_parameter_randomisation,,nan
squeezenet,ISIC_0015482,ensemble,random_logit,0.827271203655859,
squeezenet,ISIC_0015482,ensemble,completeness,,nan
squeezenet,ISIC_0015482,ensemble,non_sensitivity,,nan
resnet18,ISIC_0015510,ensemble,faithfulness_correlation,-0.06967497617006302,
resnet18,ISIC_0015510,ensemble,pixel_flipping,607.7979736328125,
resnet18,ISIC_0015510,ensemble,max_sensitivity,1.0015089511871338,
resnet18,ISIC_0015510,ensemble,avg_sensitivity,0.9913698017597199,
resnet18,ISIC_0015510,ensemble,relevance_mass_accuracy,0.178825244307518,
resnet18,ISIC_0015510,ensemble,pointing_game,0.0,
resnet18,ISIC_0015510,ensemble,sparseness,0.4885953992083464,
resnet18,ISIC_0015510,ensemble,complexity,11.498666763305664,
resnet18,ISIC_0015510,ensemble,model_parameter_randomisation,,nan
resnet18,ISIC_0015510,ensemble,random_logit,0.4958409023297808,
resnet18,ISIC_0015510,ensemble,completeness,,nan
resnet18,ISIC_0015510,ensemble,non_sensitivity,,nan
squeezenet,ISIC_0015510,ensemble,faithfulness_correlation,0.17085236310958862,
squeezenet,ISIC_0015510,ensemble,pixel_flipping,312.01873779296875,
squeezenet,ISIC_0015510,ensemble,max_sensitivity,1.1396129131317139,
squeezenet,ISIC_0015510,ensemble,avg_sensitivity,1.1146629929542542,
squeezenet,ISIC_0015510,ensemble,relevance_mass_accuracy,0.2816832363605499,
squeezenet,ISIC_0015510,ensemble,pointing_game,1.0,
squeezenet,ISIC_0015510,ensemble,sparseness,0.6122655434716108,
squeezenet,ISIC_0015510,ensemble,complexity,11.203248023986816,
squeezenet,ISIC_0015510,ensemble,model_parameter_randomisation,,nan
squeezenet,ISIC_0015510,ensemble,random_logit,0.8084629623106634,
squeezenet,ISIC_0015510,ensemble,completeness,,nan
squeezenet,ISIC_0015510,ensemble,non_sensitivity,,nan
resnet18,ISIC_0015537,ensemble,faithfulness_correlation,-0.11754029244184494,
resnet18,ISIC_0015537,ensemble,pixel_flipping,251.64309692382812,
resnet18,ISIC_0015537,ensemble,max_sensitivity,1.2098422050476074,
resnet18,ISIC_0015537,ensemble,avg_sensitivity,1.1473649859428405,
resnet18,ISIC_0015537,ensemble,relevance_mass_accuracy,0.4225682020187378,
resnet18,ISIC_0015537,ensemble,pointing_game,0.0,
resnet18,ISIC_0015537,ensemble,sparseness,0.4515449264622007,
resnet18,ISIC_0015537,ensemble,complexity,11.557336807250977,
resnet18,ISIC_0015537,ensemble,model_parameter_randomisation,,nan
resnet18,ISIC_0015537,ensemble,random_logit,0.6451373272489369,
resnet18,ISIC_0015537,ensemble,completeness,,nan
resnet18,ISIC_0015537,ensemble,non_sensitivity,,nan
squeezenet,ISIC_0015537,ensemble,faithfulness_correlation,0.04378020763397217,
squeezenet,ISIC_0015537,ensemble,pixel_flipping,504.29998779296875,
squeezenet,ISIC_0015537,ensemble,max_sensitivity,1.1400353908538818,
squeezenet,ISIC_0015537,ensemble,avg_sensitivity,1.1372271656990052,
squeezenet,ISIC_0015537,ensemble,relevance_mass_accuracy,0.44516146183013916,
squeezenet,ISIC_0015537,ensemble,pointing_game,1.0,
squeezenet,ISIC_0015537,ensemble,sparseness,0.5497245773597521,
squeezenet,ISIC_0015537,ensemble,complexity,11.364697456359863,
squeezenet,ISIC_0015537,ensemble,model_parameter_randomisation,,nan
squeezenet,ISIC_0015537,ensemble,random_logit,0.69963348147452,
squeezenet,ISIC_0015537,ensemble,completeness,,nan
squeezenet,ISIC_0015537,ensemble,non_sensitivity,,nan
resnet18,ISIC_0015544,ensemble,faithfulness_correlation,0.028828755021095276,
resnet18,ISIC_0015544,ensemble,pixel_flipping,207.24163818359375,
resnet18,ISIC_0015544,ensemble,max_sensitivity,1.0972590446472168,
resnet18,ISIC_0015544,ensemble,avg_sensitivity,1.0706121325492859,
resnet18,ISIC_0015544,ensemble,relevance_mass_accuracy,0.3866894245147705,
resnet18,ISIC_0015544,ensemble,pointing_game,0.0,
resnet18,ISIC_0015544,ensemble,sparseness,0.4802519508668278,
resnet18,ISIC_0015544,ensemble,complexity,11.511625289916992,
resnet18,ISIC_0015544,ensemble,model_parameter_randomisation,,nan
resnet18,ISIC_0015544,ensemble,random_logit,0.6614162420419258,
resnet18,ISIC_0015544,ensemble,completeness,,nan
resnet18,ISIC_0015544,ensemble,non_sensitivity,,nan
squeezenet,ISIC_0015544,ensemble,faithfulness_correlation,0.13997021317481995,
squeezenet,ISIC_0015544,ensemble,pixel_flipping,466.06109619140625,
squeezenet,ISIC_0015544,ensemble,max_sensitivity,1.1505507230758667,
squeezenet,ISIC_0015544,ensemble,avg_sensitivity,1.1229774117469788,
squeezenet,ISIC_0015544,ensemble,relevance_mass_accuracy,0.38920772075653076,
squeezenet,ISIC_0015544,ensemble,pointing_game,0.0,
squeezenet,ISIC_0015544,ensemble,sparseness,0.5811421855343679,
squeezenet,ISIC_0015544,ensemble,complexity,11.300174713134766,
squeezenet,ISIC_0015544,ensemble,model_parameter_randomisation,,nan
squeezenet,ISIC_0015544,ensemble,random_logit,0.7680646207186603,
squeezenet,ISIC_0015544,ensemble,completeness,,nan
squeezenet,ISIC_0015544,ensemble,non_sensitivity,,nan
resnet18,ISIC_0015559,ensemble,faithfulness_correlation,0.15839409828186035,
resnet18,ISIC_0015559,ensemble,pixel_flipping,58.930511474609375,
resnet18,ISIC_0015559,ensemble,max_sensitivity,1.038306474685669,
resnet18,ISIC_0015559,ensemble,avg_sensitivity,1.0246325254440307,
resnet18,ISIC_0015559,ensemble,relevance_mass_accuracy,0.34317728877067566,
resnet18,ISIC_0015559,ensemble,pointing_game,0.0,
resnet18,ISIC_0015559,ensemble,sparseness,0.4857935274571467,
resnet18,ISIC_0015559,ensemble,complexity,11.503114700317383,
resnet18,ISIC_0015559,ensemble,model_parameter_randomisation,,nan
resnet18,ISIC_0015559,ensemble,random_logit,0.6990363937734746,
resnet18,ISIC_0015559,ensemble,completeness,,nan
resnet18,ISIC_0015559,ensemble,non_sensitivity,,nan
squeezenet,ISIC_0015559,ensemble,faithfulness_correlation,0.1521364003419876,
squeezenet,ISIC_0015559,ensemble,pixel_flipping,488.166015625,
squeezenet,ISIC_0015559,ensemble,max_sensitivity,1.0551549196243286,
squeezenet,ISIC_0015559,ensemble,avg_sensitivity,1.0437946915626526,
squeezenet,ISIC_0015559,ensemble,relevance_mass_accuracy,0.4605042040348053,
squeezenet,ISIC_0015559,ensemble,pointing_game,1.0,
squeezenet,ISIC_0015559,ensemble,sparseness,0.5454156854080078,
squeezenet,ISIC_0015559,ensemble,complexity,11.372958183288574,
squeezenet,ISIC_0015559,ensemble,model_parameter_randomisation,,nan
squeezenet,ISIC_0015559,ensemble,random_logit,0.8571612856832761,
squeezenet,ISIC_0015559,ensemble,completeness,,nan
squeezenet,ISIC_0015559,ensemble,non_sensitivity,,nan
resnet18,ISIC_0015563,ensemble,faithfulness_correlation,0.10734424740076065,
resnet18,ISIC_0015563,ensemble,pixel_flipping,589.1768188476562,
resnet18,ISIC_0015563,ensemble,max_sensitivity,1.0027997493743896,
resnet18,ISIC_0015563,ensemble,avg_sensitivity,0.9907513916492462,
resnet18,ISIC_0015563,ensemble,relevance_mass_accuracy,0.12194281816482544,
resnet18,ISIC_0015563,ensemble,pointing_game,0.0,
resnet18,ISIC_0015563,ensemble,sparseness,0.5229866298534978,
resnet18,ISIC_0015563,ensemble,complexity,11.435501098632812,
resnet18,ISIC_0015563,ensemble,model_parameter_randomisation,,nan
resnet18,ISIC_0015563,ensemble,random_logit,0.5218167972075927,
resnet18,ISIC_0015563,ensemble,completeness,,nan
resnet18,ISIC_0015563,ensemble,non_sensitivity,,nan
squeezenet,ISIC_0015563,ensemble,faithfulness_correlation,0.05147602781653404,
squeezenet,ISIC_0015563,ensemble,pixel_flipping,38.13593673706055,
squeezenet,ISIC_0015563,ensemble,max_sensitivity,0.9750661253929138,
squeezenet,ISIC_0015563,ensemble,avg_sensitivity,0.9607150495052338,
squeezenet,ISIC_0015563,ensemble,relevance_mass_accuracy,0.0006739878444932401,
squeezenet,ISIC_0015563,ensemble,pointing_game,0.0,
squeezenet,ISIC_0015563,ensemble,sparseness,0.6001749132173582,
squeezenet,ISIC_0015563,ensemble,complexity,11.239635467529297,
squeezenet,ISIC_0015563,ensemble,model_parameter_randomisation,,nan
squeezenet,ISIC_0015563,ensemble,random_logit,0.6011504848012297,
squeezenet,ISIC_0015563,ensemble,completeness,,nan
squeezenet,ISIC_0015563,ensemble,non_sensitivity,,nan
resnet18,ISIC_0015566,ensemble,faithfulness_correlation,-0.0006387639441527426,
resnet18,ISIC_0015566,ensemble,pixel_flipping,66.0601806640625,
resnet18,ISIC_0015566,ensemble,max_sensitivity,1.131469964981079,
resnet18,ISIC_0015566,ensemble,avg_sensitivity,1.0939379811286927,
resnet18,ISIC_0015566,ensemble,relevance_mass_accuracy,0.4349256157875061,
resnet18,ISIC_0015566,ensemble,pointing_game,0.0,
resnet18,ISIC_0015566,ensemble,sparseness,0.4646766436773875,
resnet18,ISIC_0015566,ensemble,complexity,11.540118217468262,
resnet18,ISIC_0015566,ensemble,model_parameter_randomisation,,nan
resnet18,ISIC_0015566,ensemble,random_logit,0.43104057393691436,
resnet18,ISIC_0015566,ensemble,completeness,,nan
resnet18,ISIC_0015566,ensemble,non_sensitivity,,nan
squeezenet,ISIC_0015566,ensemble,faithfulness_correlation,0.3741720914840698,
squeezenet,ISIC_0015566,ensemble,pixel_flipping,445.6195983886719,
squeezenet,ISIC_0015566,ensemble,max_sensitivity,1.052807331085205,
squeezenet,ISIC_0015566,ensemble,avg_sensitivity,1.0355693101882935,
squeezenet,ISIC_0015566,ensemble,relevance_mass_accuracy,0.556126058101654,
squeezenet,ISIC_0015566,ensemble,pointing_game,1.0,
squeezenet,ISIC_0015566,ensemble,sparseness,0.5509652400628695,
squeezenet,ISIC_0015566,ensemble,complexity,11.367044448852539,
squeezenet,ISIC_0015566,ensemble,model_parameter_randomisation,,nan
squeezenet,ISIC_0015566,ensemble,random_logit,0.8424320757940904,
squeezenet,ISIC_0015566,ensemble,completeness,,nan
squeezenet,ISIC_0015566,ensemble,non_sensitivity,,nan
resnet18,ISIC_0015568,ensemble,faithfulness_correlation,-0.05000637471675873,
resnet18,ISIC_0015568,ensemble,pixel_flipping,613.892333984375,
resnet18,ISIC_0015568,ensemble,max_sensitivity,1.0085057020187378,
resnet18,ISIC_0015568,ensemble,avg_sensitivity,0.9926173269748688,
resnet18,ISIC_0015568,ensemble,relevance_mass_accuracy,0.3673173487186432,
resnet18,ISIC_0015568,ensemble,pointing_game,0.0,
resnet18,ISIC_0015568,ensemble,sparseness,0.5572038453657807,
resnet18,ISIC_0015568,ensemble,complexity,11.373315811157227,
resnet18,ISIC_0015568,ensemble,model_parameter_randomisation,,nan
resnet18,ISIC_0015568,ensemble,random_logit,0.5252728301932015,
resnet18,ISIC_0015568,ensemble,completeness,,nan
resnet18,ISIC_0015568,ensemble,non_sensitivity,,nan
squeezenet,ISIC_0015568,ensemble,faithfulness_correlation,0.1026877611875534,
squeezenet,ISIC_0015568,ensemble,pixel_flipping,541.578125,
squeezenet,ISIC_0015568,ensemble,max_sensitivity,1.0847728252410889,
squeezenet,ISIC_0015568,ensemble,avg_sensitivity,1.0763035774230958,
squeezenet,ISIC_0015568,ensemble,relevance_mass_accuracy,0.30169478058815,
squeezenet,ISIC_0015568,ensemble,pointing_game,0.0,
squeezenet,ISIC_0015568,ensemble,sparseness,0.5478819052397403,
squeezenet,ISIC_0015568,ensemble,complexity,11.370718002319336,
squeezenet,ISIC_0015568,ensemble,model_parameter_randomisation,,nan
squeezenet,ISIC_0015568,ensemble,random_logit,0.7533317231239401,
squeezenet,ISIC_0015568,ensemble,completeness,,nan
squeezenet,ISIC_0015568,ensemble,non_sensitivity,,nan
resnet18,ISIC_0015582,ensemble,faithfulness_correlation,0.18429526686668396,
resnet18,ISIC_0015582,ensemble,pixel_flipping,598.2155151367188,
resnet18,ISIC_0015582,ensemble,max_sensitivity,0.968281626701355,
resnet18,ISIC_0015582,ensemble,avg_sensitivity,0.9566659688949585,
resnet18,ISIC_0015582,ensemble,relevance_mass_accuracy,0.28751876950263977,
resnet18,ISIC_0015582,ensemble,pointing_game,1.0,
resnet18,ISIC_0015582,ensemble,sparseness,0.5064053559288554,
resnet18,ISIC_0015582,ensemble,complexity,11.472326278686523,
resnet18,ISIC_0015582,ensemble,model_parameter_randomisation,,nan
resnet18,ISIC_0015582,ensemble,random_logit,0.530033011626619,
resnet18,ISIC_0015582,ensemble,completeness,,nan
resnet18,ISIC_0015582,ensemble,non_sensitivity,,nan
squeezenet,ISIC_0015582,ensemble,faithfulness_correlation,0.11312063783407211,
squeezenet,ISIC_0015582,ensemble,pixel_flipping,274.3255615234375,
squeezenet,ISIC_0015582,ensemble,max_sensitivity,1.0556292533874512,
squeezenet,ISIC_0015582,ensemble,avg_sensitivity,1.0425946712493896,
squeezenet,ISIC_0015582,ensemble,relevance_mass_accuracy,0.40198931097984314,
squeezenet,ISIC_0015582,ensemble,pointing_game,1.0,
squeezenet,ISIC_0015582,ensemble,sparseness,0.5866608608998632,
squeezenet,ISIC_0015582,ensemble,complexity,11.288200378417969,
squeezenet,ISIC_0015582,ensemble,model_parameter_randomisation,,nan
squeezenet,ISIC_0015582,ensemble,random_logit,0.7802189595742502,
squeezenet,ISIC_0015582,ensemble,completeness,,nan
squeezenet,ISIC_0015582,ensemble,non_sensitivity,,nan
resnet18,ISIC_0015593,ensemble,faithfulness_correlation,-0.031903062015771866,
resnet18,ISIC_0015593,ensemble,pixel_flipping,600.8701171875,
resnet18,ISIC_0015593,ensemble,max_sensitivity,0.959528923034668,
resnet18,ISIC_0015593,ensemble,avg_sensitivity,0.9477345108985901,
resnet18,ISIC_0015593,ensemble,relevance_mass_accuracy,0.4451523423194885,
resnet18,ISIC_0015593,ensemble,pointing_game,1.0,
resnet18,ISIC_0015593,ensemble,sparseness,0.4806658939898369,
resnet18,ISIC_0015593,ensemble,complexity,11.510071754455566,
resnet18,ISIC_0015593,ensemble,model_parameter_randomisation,,nan
resnet18,ISIC_0015593,ensemble,random_logit,0.6279710468615297,
resnet18,ISIC_0015593,ensemble,completeness,,nan
resnet18,ISIC_0015593,ensemble,non_sensitivity,,nan
squeezenet,ISIC_0015593,ensemble,faithfulness_correlation,0.24941155314445496,
squeezenet,ISIC_0015593,ensemble,pixel_flipping,330.41705322265625,
squeezenet,ISIC_0015593,ensemble,max_sensitivity,0.9705848693847656,
squeezenet,ISIC_0015593,ensemble,avg_sensitivity,0.9550640285015106,
squeezenet,ISIC_0015593,ensemble,relevance_mass_accuracy,0.6324304938316345,
squeezenet,ISIC_0015593,ensemble,pointing_game,1.0,
squeezenet,ISIC_0015593,ensemble,sparseness,0.5856433831618656,
squeezenet,ISIC_0015593,ensemble,complexity,11.273776054382324,
squeezenet,ISIC_0015593,ensemble,model_parameter_randomisation,,nan
squeezenet,ISIC_0015593,ensemble,random_logit,0.7833673034738703,
squeezenet,ISIC_0015593,ensemble,completeness,,nan
squeezenet,ISIC_0015593,ensemble,non_sensitivity,,nan
resnet18,ISIC_0015603,ensemble,faithfulness_correlation,-0.033261992037296295,
resnet18,ISIC_0015603,ensemble,pixel_flipping,587.154541015625,
resnet18,ISIC_0015603,ensemble,max_sensitivity,1.0257588624954224,
resnet18,ISIC_0015603,ensemble,avg_sensitivity,1.006817889213562,
resnet18,ISIC_0015603,ensemble,relevance_mass_accuracy,0.12792757153511047,
resnet18,ISIC_0015603,ensemble,pointing_game,0.0,
resnet18,ISIC_0015603,ensemble,sparseness,0.4704657726315795,
resnet18,ISIC_0015603,ensemble,complexity,11.519649505615234,
resnet18,ISIC_0015603,ensemble,model_parameter_randomisation,,nan
resnet18,ISIC_0015603,ensemble,random_logit,0.7323655792175378,
resnet18,ISIC_0015603,ensemble,completeness,,nan
resnet18,ISIC_0015603,ensemble,non_sensitivity,,nan
squeezenet,ISIC_0015603,ensemble,faithfulness_correlation,0.17534853518009186,
squeezenet,ISIC_0015603,ensemble,pixel_flipping,336.10528564453125,
squeezenet,ISIC_0015603,ensemble,max_sensitivity,1.1032215356826782,
squeezenet,ISIC_0015603,ensemble,avg_sensitivity,1.0905949950218201,
squeezenet,ISIC_0015603,ensemble,relevance_mass_accuracy,0.272466778755188,
squeezenet,ISIC_0015603,ensemble,pointing_game,1.0,
squeezenet,ISIC_0015603,ensemble,sparseness,0.6616675056586366,
squeezenet,ISIC_0015603,ensemble,complexity,11.052263259887695,
squeezenet,ISIC_0015603,ensemble,model_parameter_randomisation,,nan
squeezenet,ISIC_0015603,ensemble,random_logit,0.8419337871357067,
squeezenet,ISIC_0015603,ensemble,completeness,,nan
squeezenet,ISIC_0015603,ensemble,non_sensitivity,,nan
resnet18,ISIC_0015607,ensemble,faithfulness_correlation,0.14445914328098297,
resnet18,ISIC_0015607,ensemble,pixel_flipping,11.711565971374512,
resnet18,ISIC_0015607,ensemble,max_sensitivity,1.0317977666854858,
resnet18,ISIC_0015607,ensemble,avg_sensitivity,1.0115391969680787,
resnet18,ISIC_0015607,ensemble,relevance_mass_accuracy,0.615005612373352,
resnet18,ISIC_0015607,ensemble,pointing_game,0.0,
resnet18,ISIC_0015607,ensemble,sparseness,0.41742951877641393,
resnet18,ISIC_0015607,ensemble,complexity,11.606555938720703,
resnet18,ISIC_0015607,ensemble,model_parameter_randomisation,,nan
resnet18,ISIC_0015607,ensemble,random_logit,0.6311271560343119,
resnet18,ISIC_0015607,ensemble,completeness,,nan
resnet18,ISIC_0015607,ensemble,non_sensitivity,,nan
squeezenet,ISIC_0015607,ensemble,faithfulness_correlation,0.16191326081752777,
squeezenet,ISIC_0015607,ensemble,pixel_flipping,31.198728561401367,
squeezenet,ISIC_0015607,ensemble,max_sensitivity,1.0684480667114258,
squeezenet,ISIC_0015607,ensemble,avg_sensitivity,1.0366729021072387,
squeezenet,ISIC_0015607,ensemble,relevance_mass_accuracy,0.6391491889953613,
squeezenet,ISIC_0015607,ensemble,pointing_game,0.0,
squeezenet,ISIC_0015607,ensemble,sparseness,0.5892146280046946,
squeezenet,ISIC_0015607,ensemble,complexity,11.260320663452148,
squeezenet,ISIC_0015607,ensemble,model_parameter_randomisation,,nan
squeezenet,ISIC_0015607,ensemble,random_logit,0.6398743838795045,
squeezenet,ISIC_0015607,ensemble,completeness,,nan
squeezenet,ISIC_0015607,ensemble,non_sensitivity,,nan
resnet18,ISIC_0015614,ensemble,faithfulness_correlation,-0.004004043526947498,
resnet18,ISIC_0015614,ensemble,pixel_flipping,115.5885009765625,
resnet18,ISIC_0015614,ensemble,max_sensitivity,1.1489224433898926,
resnet18,ISIC_0015614,ensemble,avg_sensitivity,1.136231243610382,
resnet18,ISIC_0015614,ensemble,relevance_mass_accuracy,-0.012079036794602871,
resnet18,ISIC_0015614,ensemble,pointing_game,1.0,
resnet18,ISIC_0015614,ensemble,sparseness,0.47439943310735533,
resnet18,ISIC_0015614,ensemble,complexity,11.525087356567383,
resnet18,ISIC_0015614,ensemble,model_parameter_randomisation,,nan
resnet18,ISIC_0015614,ensemble,random_logit,0.48749988049165327,
resnet18,ISIC_0015614,ensemble,completeness,,nan
resnet18,ISIC_0015614,ensemble,non_sensitivity,,nan
squeezenet,ISIC_0015614,ensemble,faithfulness_correlation,0.3399401009082794,
squeezenet,ISIC_0015614,ensemble,pixel_flipping,249.22747802734375,
squeezenet,ISIC_0015614,ensemble,max_sensitivity,1.0691032409667969,
squeezenet,ISIC_0015614,ensemble,avg_sensitivity,1.054338240623474,
squeezenet,ISIC_0015614,ensemble,relevance_mass_accuracy,0.21158723533153534,
squeezenet,ISIC_0015614,ensemble,pointing_game,0.0,
squeezenet,ISIC_0015614,ensemble,sparseness,0.5707263258386677,
squeezenet,ISIC_0015614,ensemble,complexity,11.32584285736084,
squeezenet,ISIC_0015614,ensemble,model_parameter_randomisation,,nan
squeezenet,ISIC_0015614,ensemble,random_logit,0.7707293966365032,
squeezenet,ISIC_0015614,ensemble,completeness,,nan
squeezenet,ISIC_0015614,ensemble,non_sensitivity,,nan
resnet18,ISIC_0015617,ensemble,faithfulness_correlation,0.011964794248342514,
resnet18,ISIC_0015617,ensemble,pixel_flipping,537.573974609375,
resnet18,ISIC_0015617,ensemble,max_sensitivity,1.0237945318222046,
resnet18,ISIC_0015617,ensemble,avg_sensitivity,0.9946135640144348,
resnet18,ISIC_0015617,ensemble,relevance_mass_accuracy,0.7192558646202087,
resnet18,ISIC_0015617,ensemble,pointing_game,0.0,
resnet18,ISIC_0015617,ensemble,sparseness,0.4421059195225811,
resnet18,ISIC_0015617,ensemble,complexity,11.58292293548584,
resnet18,ISIC_0015617,ensemble,model_parameter_randomisation,,nan
resnet18,ISIC_0015617,ensemble,random_logit,0.5888009723726466,
resnet18,ISIC_0015617,ensemble,completeness,,nan
resnet18,ISIC_0015617,ensemble,non_sensitivity,,nan
squeezenet,ISIC_0015617,ensemble,faithfulness_correlation,0.07207795977592468,
squeezenet,ISIC_0015617,ensemble,pixel_flipping,156.5084686279297,
squeezenet,ISIC_0015617,ensemble,max_sensitivity,1.1263415813446045,
squeezenet,ISIC_0015617,ensemble,avg_sensitivity,1.111706006526947,
squeezenet,ISIC_0015617,ensemble,relevance_mass_accuracy,0.7716001272201538,
squeezenet,ISIC_0015617,ensemble,pointing_game,0.0,
squeezenet,ISIC_0015617,ensemble,sparseness,0.5558267345139238,
squeezenet,ISIC_0015617,ensemble,complexity,11.363615036010742,
squeezenet,ISIC_0015617,ensemble,model_parameter_randomisation,,nan
squeezenet,ISIC_0015617,ensemble,random_logit,0.6672328103124588,
squeezenet,ISIC_0015617,ensemble,completeness,,nan
squeezenet,ISIC_0015617,ensemble,non_sensitivity,,nan
resnet18,ISIC_0015625,ensemble,faithfulness_correlation,0.043182045221328735,
resnet18,ISIC_0015625,ensemble,pixel_flipping,542.98779296875,
resnet18,ISIC_0015625,ensemble,max_sensitivity,1.0286271572113037,
resnet18,ISIC_0015625,ensemble,avg_sensitivity,1.022253167629242,
resnet18,ISIC_0015625,ensemble,relevance_mass_accuracy,0.61469566822052,
resnet18,ISIC_0015625,ensemble,pointing_game,0.0,
resnet18,ISIC_0015625,ensemble,sparseness,0.46648959229593207,
resnet18,ISIC_0015625,ensemble,complexity,11.537005424499512,
resnet18,ISIC_0015625,ensemble,model_parameter_randomisation,,nan
resnet18,ISIC_0015625,ensemble,random_logit,0.6174638189272891,
resnet18,ISIC_0015625,ensemble,completeness,,nan
resnet18,ISIC_0015625,ensemble,non_sensitivity,,nan
squeezenet,ISIC_0015625,ensemble,faithfulness_correlation,0.004698283039033413,
squeezenet,ISIC_0015625,ensemble,pixel_flipping,395.5828857421875,
squeezenet,ISIC_0015625,ensemble,max_sensitivity,1.1347354650497437,
squeezenet,ISIC_0015625,ensemble,avg_sensitivity,1.1232518672943115,
squeezenet,ISIC_0015625,ensemble,relevance_mass_accuracy,0.6806888580322266,
squeezenet,ISIC_0015625,ensemble,pointing_game,1.0,
squeezenet,ISIC_0015625,ensemble,sparseness,0.5528412514611329,
squeezenet,ISIC_0015625,ensemble,complexity,11.363039016723633,
squeezenet,ISIC_0015625,ensemble,model_parameter_randomisation,,nan
squeezenet,ISIC_0015625,ensemble,random_logit,0.754812572720693,
squeezenet,ISIC_0015625,ensemble,completeness,,nan
squeezenet,ISIC_0015625,ensemble,non_sensitivity,,nan
resnet18,ISIC_0015631,ensemble,faithfulness_correlation,-0.01926417089998722,
resnet18,ISIC_0015631,ensemble,pixel_flipping,607.7840576171875,
resnet18,ISIC_0015631,ensemble,max_sensitivity,1.003554344177246,
resnet18,ISIC_0015631,ensemble,avg_sensitivity,0.9948152482509613,
resnet18,ISIC_0015631,ensemble,relevance_mass_accuracy,0.4069169759750366,
resnet18,ISIC_0015631,ensemble,pointing_game,1.0,
resnet18,ISIC_0015631,ensemble,sparseness,0.48583802187495434,
resnet18,ISIC_0015631,ensemble,complexity,11.512835502624512,
resnet18,ISIC_0015631,ensemble,model_parameter_randomisation,,nan
resnet18,ISIC_0015631,ensemble,random_logit,0.4473058327276297,
resnet18,ISIC_0015631,ensemble,completeness,,nan
resnet18,ISIC_0015631,ensemble,non_sensitivity,,nan
squeezenet,ISIC_0015631,ensemble,faithfulness_correlation,0.1064106747508049,
squeezenet,ISIC_0015631,ensemble,pixel_flipping,245.2275390625,
squeezenet,ISIC_0015631,ensemble,max_sensitivity,1.029436707496643,
squeezenet,ISIC_0015631,ensemble,avg_sensitivity,1.0139608025550841,
squeezenet,ISIC_0015631,ensemble,relevance_mass_accuracy,0.48888513445854187,
squeezenet,ISIC_0015631,ensemble,pointing_game,1.0,
squeezenet,ISIC_0015631,ensemble,sparseness,0.5764638285477548,
squeezenet,ISIC_0015631,ensemble,complexity,11.321157455444336,
squeezenet,ISIC_0015631,ensemble,model_parameter_randomisation,,nan
squeezenet,ISIC_0015631,ensemble,random_logit,0.7029552358633222,
squeezenet,ISIC_0015631,ensemble,completeness,,nan
squeezenet,ISIC_0015631,ensemble,non_sensitivity,,nan
resnet18,ISIC_0015636,ensemble,faithfulness_correlation,-0.08125460147857666,
resnet18,ISIC_0015636,ensemble,pixel_flipping,176.24319458007812,
resnet18,ISIC_0015636,ensemble,max_sensitivity,1.221368670463562,
resnet18,ISIC_0015636,ensemble,avg_sensitivity,1.2030741453170777,
resnet18,ISIC_0015636,ensemble,relevance_mass_accuracy,0.6743810176849365,
resnet18,ISIC_0015636,ensemble,pointing_game,1.0,
resnet18,ISIC_0015636,ensemble,sparseness,0.43825167810173854,
resnet18,ISIC_0015636,ensemble,complexity,11.578686714172363,
resnet18,ISIC_0015636,ensemble,model_parameter_randomisation,,nan
resnet18,ISIC_0015636,ensemble,random_logit,0.5288040628355206,
resnet18,ISIC_0015636,ensemble,completeness,,nan
resnet18,ISIC_0015636,ensemble,non_sensitivity,,nan
squeezenet,ISIC_0015636,ensemble,faithfulness_correlation,0.10551342368125916,
squeezenet,ISIC_0015636,ensemble,pixel_flipping,578.5369262695312,
squeezenet,ISIC_0015636,ensemble,max_sensitivity,1.1791149377822876,
squeezenet,ISIC_0015636,ensemble,avg_sensitivity,1.165211570262909,
squeezenet,ISIC_0015636,ensemble,relevance_mass_accuracy,0.48189082741737366,
squeezenet,ISIC_0015636,ensemble,pointing_game,0.0,
squeezenet,ISIC_0015636,ensemble,sparseness,0.57569789316331,
squeezenet,ISIC_0015636,ensemble,complexity,11.309956550598145,
squeezenet,ISIC_0015636,ensemble,model_parameter_randomisation,,nan
squeezenet,ISIC_0015636,ensemble,random_logit,0.7489146265234448,
squeezenet,ISIC_0015636,ensemble,completeness,,nan
squeezenet,ISIC_0015636,ensemble,non_sensitivity,,nan
resnet18,ISIC_0015641,ensemble,faithfulness_correlation,0.09564336389303207,
resnet18,ISIC_0015641,ensemble,pixel_flipping,646.841796875,
resnet18,ISIC_0015641,ensemble,max_sensitivity,0.9585029482841492,
resnet18,ISIC_0015641,ensemble,avg_sensitivity,0.9506159722805023,
resnet18,ISIC_0015641,ensemble,relevance_mass_accuracy,0.4941311180591583,
resnet18,ISIC_0015641,ensemble,pointing_game,0.0,
resnet18,ISIC_0015641,ensemble,sparseness,0.4416245602441214,
resnet18,ISIC_0015641,ensemble,complexity,11.577459335327148,
resnet18,ISIC_0015641,ensemble,model_parameter_randomisation,,nan
resnet18,ISIC_0015641,ensemble,random_logit,0.68560569563806,
resnet18,ISIC_0015641,ensemble,completeness,,nan
resnet18,ISIC_0015641,ensemble,non_sensitivity,,nan
squeezenet,ISIC_0015641,ensemble,faithfulness_correlation,-0.13900819420814514,
squeezenet,ISIC_0015641,ensemble,pixel_flipping,32.937583923339844,
squeezenet,ISIC_0015641,ensemble,max_sensitivity,1.0590808391571045,
squeezenet,ISIC_0015641,ensemble,avg_sensitivity,1.0450190424919128,
squeezenet,ISIC_0015641,ensemble,relevance_mass_accuracy,0.4988940954208374,
squeezenet,ISIC_0015641,ensemble,pointing_game,0.0,
squeezenet,ISIC_0015641,ensemble,sparseness,0.5654792767014817,
squeezenet,ISIC_0015641,ensemble,complexity,11.351945877075195,
squeezenet,ISIC_0015641,ensemble,model_parameter_randomisation,,nan
squeezenet,ISIC_0015641,ensemble,random_logit,0.5201741195422536,
squeezenet,ISIC_0015641,ensemble,completeness,,nan
squeezenet,ISIC_0015641,ensemble,non_sensitivity,,nan
resnet18,ISIC_0015645,ensemble,faithfulness_correlation,0.10066813975572586,
resnet18,ISIC_0015645,ensemble,pixel_flipping,584.357666015625,
resnet18,ISIC_0015645,ensemble,max_sensitivity,1.0103288888931274,
resnet18,ISIC_0015645,ensemble,avg_sensitivity,0.9946870744228363,
resnet18,ISIC_0015645,ensemble,relevance_mass_accuracy,0.32029321789741516,
resnet18,ISIC_0015645,ensemble,pointing_game,1.0,
resnet18,ISIC_0015645,ensemble,sparseness,0.5037032853213901,
resnet18,ISIC_0015645,ensemble,complexity,11.464898109436035,
resnet18,ISIC_0015645,ensemble,model_parameter_randomisation,,nan
resnet18,ISIC_0015645,ensemble,random_logit,0.7035669351264762,
resnet18,ISIC_0015645,ensemble,completeness,,nan
resnet18,ISIC_0015645,ensemble,non_sensitivity,,nan
squeezenet,ISIC_0015645,ensemble,faithfulness_correlation,-0.05989944189786911,
squeezenet,ISIC_0015645,ensemble,pixel_flipping,257.52557373046875,
squeezenet,ISIC_0015645,ensemble,max_sensitivity,1.0918570756912231,
squeezenet,ISIC_0015645,ensemble,avg_sensitivity,1.091236424446106,
squeezenet,ISIC_0015645,ensemble,relevance_mass_accuracy,0.541584849357605,
squeezenet,ISIC_0015645,ensemble,pointing_game,1.0,
squeezenet,ISIC_0015645,ensemble,sparseness,0.6634537174428712,
squeezenet,ISIC_0015645,ensemble,complexity,11.07011890411377,
squeezenet,ISIC_0015645,ensemble,model_parameter_randomisation,,nan
squeezenet,ISIC_0015645,ensemble,random_logit,0.808822526676031,
squeezenet,ISIC_0015645,ensemble,completeness,,nan
squeezenet,ISIC_0015645,ensemble,non_sensitivity,,nan
resnet18,ISIC_0015936,ensemble,faithfulness_correlation,0.027475746348500252,
resnet18,ISIC_0015936,ensemble,pixel_flipping,553.734130859375,
resnet18,ISIC_0015936,ensemble,max_sensitivity,1.0359195470809937,
resnet18,ISIC_0015936,ensemble,avg_sensitivity,1.0177151083946228,
resnet18,ISIC_0015936,ensemble,relevance_mass_accuracy,0.10204605013132095,
resnet18,ISIC_0015936,ensemble,pointing_game,0.0,
resnet18,ISIC_0015936,ensemble,sparseness,0.48356128704329177,
resnet18,ISIC_0015936,ensemble,complexity,11.500024795532227,
resnet18,ISIC_0015936,ensemble,model_parameter_randomisation,,nan
resnet18,ISIC_0015936,ensemble,random_logit,0.6389931574562379,
resnet18,ISIC_0015936,ensemble,completeness,,nan
resnet18,ISIC_0015936,ensemble,non_sensitivity,,nan
squeezenet,ISIC_0015936,ensemble,faithfulness_correlation,0.2953869700431824,
squeezenet,ISIC_0015936,ensemble,pixel_flipping,417.65338134765625,
squeezenet,ISIC_0015936,ensemble,max_sensitivity,1.1308884620666504,
squeezenet,ISIC_0015936,ensemble,avg_sensitivity,1.1060447335243224,
squeezenet,ISIC_0015936,ensemble,relevance_mass_accuracy,0.29279625415802,
squeezenet,ISIC_0015936,ensemble,pointing_game,1.0,
squeezenet,ISIC_0015936,ensemble,sparseness,0.6704408939190415,
squeezenet,ISIC_0015936,ensemble,complexity,11.007741928100586,
squeezenet,ISIC_0015936,ensemble,model_parameter_randomisation,,nan
squeezenet,ISIC_0015936,ensemble,random_logit,0.8764932423553157,
squeezenet,ISIC_0015936,ensemble,completeness,,nan
squeezenet,ISIC_0015936,ensemble,non_sensitivity,,nan
resnet18,ISIC_0015937,ensemble,faithfulness_correlation,0.09392957389354706,
resnet18,ISIC_0015937,ensemble,pixel_flipping,573.329345703125,
resnet18,ISIC_0015937,ensemble,max_sensitivity,1.058773159980774,
resnet18,ISIC_0015937,ensemble,avg_sensitivity,1.047716498374939,
resnet18,ISIC_0015937,ensemble,relevance_mass_accuracy,0.07084856182336807,
resnet18,ISIC_0015937,ensemble,pointing_game,0.0,
resnet18,ISIC_0015937,ensemble,sparseness,0.5271421146411623,
resnet18,ISIC_0015937,ensemble,complexity,11.422021865844727,
resnet18,ISIC_0015937,ensemble,model_parameter_randomisation,,nan
resnet18,ISIC_0015937,ensemble,random_logit,0.5752708087210618,
resnet18,ISIC_0015937,ensemble,completeness,,nan
resnet18,ISIC_0015937,ensemble,non_sensitivity,,nan
squeezenet,ISIC_0015937,ensemble,faithfulness_correlation,0.34113427996635437,
squeezenet,ISIC_0015937,ensemble,pixel_flipping,432.1064453125,
squeezenet,ISIC_0015937,ensemble,max_sensitivity,1.107615351676941,
squeezenet,ISIC_0015937,ensemble,avg_sensitivity,1.0839813470840454,
squeezenet,ISIC_0015937,ensemble,relevance_mass_accuracy,0.22502785921096802,
squeezenet,ISIC_0015937,ensemble,pointing_game,0.0,
squeezenet,ISIC_0015937,ensemble,sparseness,0.6797951831875418,
squeezenet,ISIC_0015937,ensemble,complexity,10.978198051452637,
squeezenet,ISIC_0015937,ensemble,model_parameter_randomisation,,nan
squeezenet,ISIC_0015937,ensemble,random_logit,0.8674006450635243,
squeezenet,ISIC_0015937,ensemble,completeness,,nan
squeezenet,ISIC_0015937,ensemble,non_sensitivity,,nan
resnet18,ISIC_0015938,ensemble,faithfulness_correlation,-0.138037770986557,
resnet18,ISIC_0015938,ensemble,pixel_flipping,498.6062927246094,
resnet18,ISIC_0015938,ensemble,max_sensitivity,1.0307148694992065,
resnet18,ISIC_0015938,ensemble,avg_sensitivity,1.0190170288085938,
resnet18,ISIC_0015938,ensemble,relevance_mass_accuracy,0.09132444113492966,
resnet18,ISIC_0015938,ensemble,pointing_game,0.0,
resnet18,ISIC_0015938,ensemble,sparseness,0.5342453839808282,
resnet18,ISIC_0015938,ensemble,complexity,11.405478477478027,
resnet18,ISIC_0015938,ensemble,model_parameter_randomisation,,nan
resnet18,ISIC_0015938,ensemble,random_logit,0.6165134599517292,
resnet18,ISIC_0015938,ensemble,completeness,,nan
resnet18,ISIC_0015938,ensemble,non_sensitivity,,nan
squeezenet,ISIC_0015938,ensemble,faithfulness_correlation,0.2577691078186035,
squeezenet,ISIC_0015938,ensemble,pixel_flipping,399.07293701171875,
squeezenet,ISIC_0015938,ensemble,max_sensitivity,1.144237995147705,
squeezenet,ISIC_0015938,ensemble,avg_sensitivity,1.1020314931869506,
squeezenet,ISIC_0015938,ensemble,relevance_mass_accuracy,0.3029586374759674,
squeezenet,ISIC_0015938,ensemble,pointing_game,1.0,
squeezenet,ISIC_0015938,ensemble,sparseness,0.6941810953641516,
squeezenet,ISIC_0015938,ensemble,complexity,10.937402725219727,
squeezenet,ISIC_0015938,ensemble,model_parameter_randomisation,,nan
squeezenet,ISIC_0015938,ensemble,random_logit,0.8336924652232803,
squeezenet,ISIC_0015938,ensemble,completeness,,nan
squeezenet,ISIC_0015938,ensemble,non_sensitivity,,nan
resnet18,ISIC_0015939,ensemble,faithfulness_correlation,0.11601484566926956,
resnet18,ISIC_0015939,ensemble,pixel_flipping,521.3516845703125,
resnet18,ISIC_0015939,ensemble,max_sensitivity,1.0678951740264893,
resnet18,ISIC_0015939,ensemble,avg_sensitivity,1.0486600399017334,
resnet18,ISIC_0015939,ensemble,relevance_mass_accuracy,0.07854880392551422,
resnet18,ISIC_0015939,ensemble,pointing_game,0.0,
resnet18,ISIC_0015939,ensemble,sparseness,0.5434952427037111,
resnet18,ISIC_0015939,ensemble,complexity,11.382806777954102,
resnet18,ISIC_0015939,ensemble,model_parameter_randomisation,,nan
resnet18,ISIC_0015939,ensemble,random_logit,0.5962855294713654,
resnet18,ISIC_0015939,ensemble,completeness,,nan
resnet18,ISIC_0015939,ensemble,non_sensitivity,,nan
squeezenet,ISIC_0015939,ensemble,faithfulness_correlation,0.15002033114433289,
squeezenet,ISIC_0015939,ensemble,pixel_flipping,186.4239501953125,
squeezenet,ISIC_0015939,ensemble,max_sensitivity,1.0938701629638672,
squeezenet,ISIC_0015939,ensemble,avg_sensitivity,1.077555787563324,
squeezenet,ISIC_0015939,ensemble,relevance_mass_accuracy,0.21651898324489594,
squeezenet,ISIC_0015939,ensemble,pointing_game,0.0,
squeezenet,ISIC_0015939,ensemble,sparseness,0.6832381366497222,
squeezenet,ISIC_0015939,ensemble,complexity,10.981161117553711,
squeezenet,ISIC_0015939,ensemble,model_parameter_randomisation,,nan
squeezenet,ISIC_0015939,ensemble,random_logit,0.8155511894544664,
squeezenet,ISIC_0015939,ensemble,completeness,,nan
squeezenet,ISIC_0015939,ensemble,non_sensitivity,,nan
resnet18,ISIC_0015940,ensemble,faithfulness_correlation,0.12135776877403259,
resnet18,ISIC_0015940,ensemble,pixel_flipping,562.7310791015625,
resnet18,ISIC_0015940,ensemble,max_sensitivity,1.0311576128005981,
resnet18,ISIC_0015940,ensemble,avg_sensitivity,1.0227141499519348,
resnet18,ISIC_0015940,ensemble,relevance_mass_accuracy,0.05569843202829361,
resnet18,ISIC_0015940,ensemble,pointing_game,1.0,
resnet18,ISIC_0015940,ensemble,sparseness,0.5266154760849824,
resnet18,ISIC_0015940,ensemble,complexity,11.409317970275879,
resnet18,ISIC_0015940,ensemble,model_parameter_randomisation,,nan
resnet18,ISIC_0015940,ensemble,random_logit,0.5463731189339281,
resnet18,ISIC_0015940,ensemble,completeness,,nan
resnet18,ISIC_0015940,ensemble,non_sensitivity,,nan
squeezenet,ISIC_0015940,ensemble,faithfulness_correlation,0.3203311562538147,
squeezenet,ISIC_0015940,ensemble,pixel_flipping,372.53253173828125,
squeezenet,ISIC_0015940,ensemble,max_sensitivity,1.0445023775100708,
squeezenet,ISIC_0015940,ensemble,avg_sensitivity,1.0335830092430114,
squeezenet,ISIC_0015940,ensemble,relevance_mass_accuracy,0.2029520869255066,
squeezenet,ISIC_0015940,ensemble,pointing_game,0.0,
squeezenet,ISIC_0015940,ensemble,sparseness,0.6907094306701926,
squeezenet,ISIC_0015940,ensemble,complexity,10.928143501281738,
squeezenet,ISIC_0015940,ensemble,model_parameter_randomisation,,nan
squeezenet,ISIC_0015940,ensemble,random_logit,0.857522922573992,
squeezenet,ISIC_0015940,ensemble,completeness,,nan
squeezenet,ISIC_0015940,ensemble,non_sensitivity,,nan
resnet18,ISIC_0015941,ensemble,faithfulness_correlation,0.05743484944105148,
resnet18,ISIC_0015941,ensemble,pixel_flipping,582.0242309570312,
resnet18,ISIC_0015941,ensemble,max_sensitivity,1.0500317811965942,
resnet18,ISIC_0015941,ensemble,avg_sensitivity,1.041988778114319,
resnet18,ISIC_0015941,ensemble,relevance_mass_accuracy,0.04748322069644928,
resnet18,ISIC_0015941,ensemble,pointing_game,0.0,
resnet18,ISIC_0015941,ensemble,sparseness,0.5016492616212013,
resnet18,ISIC_0015941,ensemble,complexity,11.47105598449707,
resnet18,ISIC_0015941,ensemble,model_parameter_randomisation,,nan
resnet18,ISIC_0015941,ensemble,random_logit,0.5473594140450591,
resnet18,ISIC_0015941,ensemble,completeness,,nan
resnet18,ISIC_0015941,ensemble,non_sensitivity,,nan
squeezenet,ISIC_0015941,ensemble,faithfulness_correlation,0.0048615289852023125,
squeezenet,ISIC_0015941,ensemble,pixel_flipping,401.1340637207031,
squeezenet,ISIC_0015941,ensemble,max_sensitivity,1.0647412538528442,
squeezenet,ISIC_0015941,ensemble,avg_sensitivity,1.0478525757789612,
squeezenet,ISIC_0015941,ensemble,relevance_mass_accuracy,0.16423627734184265,
squeezenet,ISIC_0015941,ensemble,pointing_game,1.0,
squeezenet,ISIC_0015941,ensemble,sparseness,0.6735483729651348,
squeezenet,ISIC_0015941,ensemble,complexity,10.996899604797363,
squeezenet,ISIC_0015941,ensemble,model_parameter_randomisation,,nan
squeezenet,ISIC_0015941,ensemble,random_logit,0.8515609800047006,
squeezenet,ISIC_0015941,ensemble,completeness,,nan
squeezenet,ISIC_0015941,ensemble,non_sensitivity,,nan
resnet18,ISIC_0015942,ensemble,faithfulness_correlation,0.13018791377544403,
resnet18,ISIC_0015942,ensemble,pixel_flipping,476.828857421875,
resnet18,ISIC_0015942,ensemble,max_sensitivity,1.0571986436843872,
resnet18,ISIC_0015942,ensemble,avg_sensitivity,1.0458210945129394,
resnet18,ISIC_0015942,ensemble,relevance_mass_accuracy,0.013092962093651295,
resnet18,ISIC_0015942,ensemble,pointing_game,0.0,
resnet18,ISIC_0015942,ensemble,sparseness,0.5298545991294042,
resnet18,ISIC_0015942,ensemble,complexity,11.410747528076172,
resnet18,ISIC_0015942,ensemble,model_parameter_randomisation,,nan
resnet18,ISIC_0015942,ensemble,random_logit,0.6557607798713506,
resnet18,ISIC_0015942,ensemble,completeness,,nan
resnet18,ISIC_0015942,ensemble,non_sensitivity,,nan
squeezenet,ISIC_0015942,ensemble,faithfulness_correlation,0.2731108069419861,
squeezenet,ISIC_0015942,ensemble,pixel_flipping,390.1996765136719,
squeezenet,ISIC_0015942,ensemble,max_sensitivity,1.1310971975326538,
squeezenet,ISIC_0015942,ensemble,avg_sensitivity,1.1002169251441956,
squeezenet,ISIC_0015942,ensemble,relevance_mass_accuracy,0.12403547763824463,
squeezenet,ISIC_0015942,ensemble,pointing_game,0.0,
squeezenet,ISIC_0015942,ensemble,sparseness,0.6891289757149803,
squeezenet,ISIC_0015942,ensemble,complexity,10.92756175994873,
squeezenet,ISIC_0015942,ensemble,model_parameter_randomisation,,nan
squeezenet,ISIC_0015942,ensemble,random_logit,0.8624598381373682,
squeezenet,ISIC_0015942,ensemble,completeness,,nan
squeezenet,ISIC_0015942,ensemble,non_sensitivity,,nan
resnet18,ISIC_0015943,ensemble,faithfulness_correlation,0.2826501429080963,
resnet18,ISIC_0015943,ensemble,pixel_flipping,521.3887939453125,
resnet18,ISIC_0015943,ensemble,max_sensitivity,1.061305284500122,
resnet18,ISIC_0015943,ensemble,avg_sensitivity,1.030244779586792,
resnet18,ISIC_0015943,ensemble,relevance_mass_accuracy,0.04102368652820587,
resnet18,ISIC_0015943,ensemble,pointing_game,1.0,
resnet18,ISIC_0015943,ensemble,sparseness,0.5703758406838437,
resnet18,ISIC_0015943,ensemble,complexity,11.323012351989746,
resnet18,ISIC_0015943,ensemble,model_parameter_randomisation,,nan
resnet18,ISIC_0015943,ensemble,random_logit,0.5717557909715324,
resnet18,ISIC_0015943,ensemble,completeness,,nan
resnet18,ISIC_0015943,ensemble,non_sensitivity,,nan
squeezenet,ISIC_0015943,ensemble,faithfulness_correlation,0.08665275573730469,
squeezenet,ISIC_0015943,ensemble,pixel_flipping,338.4781494140625,
squeezenet,ISIC_0015943,ensemble,max_sensitivity,1.1177698373794556,
squeezenet,ISIC_0015943,ensemble,avg_sensitivity,1.0389987468719482,
squeezenet,ISIC_0015943,ensemble,relevance_mass_accuracy,0.11497218906879425,
squeezenet,ISIC_0015943,ensemble,pointing_game,1.0,
squeezenet,ISIC_0015943,ensemble,sparseness,0.6917216063144876,
squeezenet,ISIC_0015943,ensemble,complexity,10.914440155029297,
squeezenet,ISIC_0015943,ensemble,model_parameter_randomisation,,nan
squeezenet,ISIC_0015943,ensemble,random_logit,0.8984867464893912,
squeezenet,ISIC_0015943,ensemble,completeness,,nan
squeezenet,ISIC_0015943,ensemble,non_sensitivity,,nan
resnet18,ISIC_0015944,ensemble,faithfulness_correlation,0.09057750552892685,
resnet18,ISIC_0015944,ensemble,pixel_flipping,454.62176513671875,
resnet18,ISIC_0015944,ensemble,max_sensitivity,1.0957362651824951,
resnet18,ISIC_0015944,ensemble,avg_sensitivity,1.066438329219818,
resnet18,ISIC_0015944,ensemble,relevance_mass_accuracy,0.12563949823379517,
resnet18,ISIC_0015944,ensemble,pointing_game,0.0,
resnet18,ISIC_0015944,ensemble,sparseness,0.5410808429246081,
resnet18,ISIC_0015944,ensemble,complexity,11.380036354064941,
resnet18,ISIC_0015944,ensemble,model_parameter_randomisation,,nan
resnet18,ISIC_0015944,ensemble,random_logit,0.6616374470214295,
resnet18,ISIC_0015944,ensemble,completeness,,nan
resnet18,ISIC_0015944,ensemble,non_sensitivity,,nan
squeezenet,ISIC_0015944,ensemble,faithfulness_correlation,0.18869230151176453,
squeezenet,ISIC_0015944,ensemble,pixel_flipping,51.71199417114258,
squeezenet,ISIC_0015944,ensemble,max_sensitivity,1.134018063545227,
squeezenet,ISIC_0015944,ensemble,avg_sensitivity,1.108625340461731,
squeezenet,ISIC_0015944,ensemble,relevance_mass_accuracy,0.0020944715943187475,
squeezenet,ISIC_0015944,ensemble,pointing_game,0.0,
squeezenet,ISIC_0015944,ensemble,sparseness,0.5439841060760108,
squeezenet,ISIC_0015944,ensemble,complexity,11.379505157470703,
squeezenet,ISIC_0015944,ensemble,model_parameter_randomisation,,nan
squeezenet,ISIC_0015944,ensemble,random_logit,0.4927550966447876,
squeezenet,ISIC_0015944,ensemble,completeness,,nan
squeezenet,ISIC_0015944,ensemble,non_sensitivity,,nan
resnet18,ISIC_0015945,ensemble,faithfulness_correlation,-0.18443743884563446,
resnet18,ISIC_0015945,ensemble,pixel_flipping,517.3209228515625,
resnet18,ISIC_0015945,ensemble,max_sensitivity,1.0347131490707397,
resnet18,ISIC_0015945,ensemble,avg_sensitivity,1.0146997213363647,
resnet18,ISIC_0015945,ensemble,relevance_mass_accuracy,0.04378111660480499,
resnet18,ISIC_0015945,ensemble,pointing_game,0.0,
resnet18,ISIC_0015945,ensemble,sparseness,0.4871752757999384,
resnet18,ISIC_0015945,ensemble,complexity,11.49942684173584,
resnet18,ISIC_0015945,ensemble,model_parameter_randomisation,,nan
resnet18,ISIC_0015945,ensemble,random_logit,0.6648448177804793,
resnet18,ISIC_0015945,ensemble,completeness,,nan
resnet18,ISIC_0015945,ensemble,non_sensitivity,,nan
squeezenet,ISIC_0015945,ensemble,faithfulness_correlation,0.3317098915576935,
squeezenet,ISIC_0015945,ensemble,pixel_flipping,176.9868621826172,
squeezenet,ISIC_0015945,ensemble,max_sensitivity,1.0895109176635742,
squeezenet,ISIC_0015945,ensemble,avg_sensitivity,1.0710841298103333,
squeezenet,ISIC_0015945,ensemble,relevance_mass_accuracy,0.14763949811458588,
squeezenet,ISIC_0015945,ensemble,pointing_game,0.0,
squeezenet,ISIC_0015945,ensemble,sparseness,0.6696442075379619,
squeezenet,ISIC_0015945,ensemble,complexity,11.049057960510254,
squeezenet,ISIC_0015945,ensemble,model_parameter_randomisation,,nan
squeezenet,ISIC_0015945,ensemble,random_logit,0.8042957708232137,
squeezenet,ISIC_0015945,ensemble,completeness,,nan
squeezenet,ISIC_0015945,ensemble,non_sensitivity,,nan
resnet18,ISIC_0015946,ensemble,faithfulness_correlation,0.031795140355825424,
resnet18,ISIC_0015946,ensemble,pixel_flipping,467.2137145996094,
resnet18,ISIC_0015946,ensemble,max_sensitivity,1.0330129861831665,
resnet18,ISIC_0015946,ensemble,avg_sensitivity,1.0181155860424043,
resnet18,ISIC_0015946,ensemble,relevance_mass_accuracy,0.05009551718831062,
resnet18,ISIC_0015946,ensemble,pointing_game,1.0,
resnet18,ISIC_0015946,ensemble,sparseness,0.48865048239255643,
resnet18,ISIC_0015946,ensemble,complexity,11.495954513549805,
resnet18,ISIC_0015946,ensemble,model_parameter_randomisation,,nan
resnet18,ISIC_0015946,ensemble,random_logit,0.6932056873686444,
resnet18,ISIC_0015946,ensemble,completeness,,nan
resnet18,ISIC_0015946,ensemble,non_sensitivity,,nan
squeezenet,ISIC_0015946,ensemble,faithfulness_correlation,0.09120795875787735,
squeezenet,ISIC_0015946,ensemble,pixel_flipping,174.23583984375,
squeezenet,ISIC_0015946,ensemble,max_sensitivity,1.0830254554748535,
squeezenet,ISIC_0015946,ensemble,avg_sensitivity,1.0662033915519715,
squeezenet,ISIC_0015946,ensemble,relevance_mass_accuracy,0.14477738738059998,
squeezenet,ISIC_0015946,ensemble,pointing_game,1.0,
squeezenet,ISIC_0015946,ensemble,sparseness,0.656055080241231,
squeezenet,ISIC_0015946,ensemble,complexity,11.072875022888184,
squeezenet,ISIC_0015946,ensemble,model_parameter_randomisation,,nan
squeezenet,ISIC_0015946,ensemble,random_logit,0.8475913894493032,
squeezenet,ISIC_0015946,ensemble,completeness,,nan
squeezenet,ISIC_0015946,ensemble,non_sensitivity,,nan
resnet18,ISIC_0015947,ensemble,faithfulness_correlation,-0.03673187270760536,
resnet18,ISIC_0015947,ensemble,pixel_flipping,530.595947265625,
resnet18,ISIC_0015947,ensemble,max_sensitivity,1.0628970861434937,
resnet18,ISIC_0015947,ensemble,avg_sensitivity,1.0389747619628906,
resnet18,ISIC_0015947,ensemble,relevance_mass_accuracy,0.17833341658115387,
resnet18,ISIC_0015947,ensemble,pointing_game,0.0,
resnet18,ISIC_0015947,ensemble,sparseness,0.5092278428822683,
resnet18,ISIC_0015947,ensemble,complexity,11.459539413452148,
resnet18,ISIC_0015947,ensemble,model_parameter_randomisation,,nan
resnet18,ISIC_0015947,ensemble,random_logit,0.5641623480498522,
resnet18,ISIC_0015947,ensemble,completeness,,nan
resnet18,ISIC_0015947,ensemble,non_sensitivity,,nan
squeezenet,ISIC_0015947,ensemble,faithfulness_correlation,0.21571049094200134,
squeezenet,ISIC_0015947,ensemble,pixel_flipping,480.8729248046875,
squeezenet,ISIC_0015947,ensemble,max_sensitivity,1.1000078916549683,
squeezenet,ISIC_0015947,ensemble,avg_sensitivity,1.0802263975143434,
squeezenet,ISIC_0015947,ensemble,relevance_mass_accuracy,0.38949060440063477,
squeezenet,ISIC_0015947,ensemble,pointing_game,1.0,
squeezenet,ISIC_0015947,ensemble,sparseness,0.6542823305286352,
squeezenet,ISIC_0015947,ensemble,complexity,11.066008567810059,
squeezenet,ISIC_0015947,ensemble,model_parameter_randomisation,,nan
squeezenet,ISIC_0015947,ensemble,random_logit,0.7755289214480336,
squeezenet,ISIC_0015947,ensemble,completeness,,nan
squeezenet,ISIC_0015947,ensemble,non_sensitivity,,nan
resnet18,ISIC_0015948,ensemble,faithfulness_correlation,-0.025004001334309578,
resnet18,ISIC_0015948,ensemble,pixel_flipping,433.68524169921875,
resnet18,ISIC_0015948,ensemble,max_sensitivity,1.0467796325683594,
resnet18,ISIC_0015948,ensemble,avg_sensitivity,1.0255463242530822,
resnet18,ISIC_0015948,ensemble,relevance_mass_accuracy,0.15907205641269684,
resnet18,ISIC_0015948,ensemble,pointing_game,0.0,
resnet18,ISIC_0015948,ensemble,sparseness,0.5132780804878606,
resnet18,ISIC_0015948,ensemble,complexity,11.458334922790527,
resnet18,ISIC_0015948,ensemble,model_parameter_randomisation,,nan
resnet18,ISIC_0015948,ensemble,random_logit,0.516156801930206,
resnet18,ISIC_0015948,ensemble,completeness,,nan
resnet18,ISIC_0015948,ensemble,non_sensitivity,,nan
squeezenet,ISIC_0015948,ensemble,faithfulness_correlation,0.2603982090950012,
squeezenet,ISIC_0015948,ensemble,pixel_flipping,429.1993408203125,
squeezenet,ISIC_0015948,ensemble,max_sensitivity,1.0957250595092773,
squeezenet,ISIC_0015948,ensemble,avg_sensitivity,1.0829691171646119,
squeezenet,ISIC_0015948,ensemble,relevance_mass_accuracy,0.48265087604522705,
squeezenet,ISIC_0015948,ensemble,pointing_game,0.0,
squeezenet,ISIC_0015948,ensemble,sparseness,0.6740685084298252,
squeezenet,ISIC_0015948,ensemble,complexity,11.00621509552002,
squeezenet,ISIC_0015948,ensemble,model_parameter_randomisation,,nan
squeezenet,ISIC_0015948,ensemble,random_logit,0.8102115563092218,
squeezenet,ISIC_0015948,ensemble,completeness,,nan
squeezenet,ISIC_0015948,ensemble,non_sensitivity,,nan
resnet18,ISIC_0015951,ensemble,faithfulness_correlation,0.03574341908097267,
resnet18,ISIC_0015951,ensemble,pixel_flipping,426.4360046386719,
resnet18,ISIC_0015951,ensemble,max_sensitivity,1.0633020401000977,
resnet18,ISIC_0015951,ensemble,avg_sensitivity,1.049033236503601,
resnet18,ISIC_0015951,ensemble,relevance_mass_accuracy,0.007256702985614538,
resnet18,ISIC_0015951,ensemble,pointing_game,1.0,
resnet18,ISIC_0015951,ensemble,sparseness,0.5272402014009565,
resnet18,ISIC_0015951,ensemble,complexity,11.414068222045898,
resnet18,ISIC_0015951,ensemble,model_parameter_randomisation,,nan
resnet18,ISIC_0015951,ensemble,random_logit,0.6582969473575189,
resnet18,ISIC_0015951,ensemble,completeness,,nan
resnet18,ISIC_0015951,ensemble,non_sensitivity,,nan
squeezenet,ISIC_0015951,ensemble,faithfulness_correlation,0.10156913101673126,
squeezenet,ISIC_0015951,ensemble,pixel_flipping,38.801414489746094,
squeezenet,ISIC_0015951,ensemble,max_sensitivity,1.1440216302871704,
squeezenet,ISIC_0015951,ensemble,avg_sensitivity,1.129704201221466,
squeezenet,ISIC_0015951,ensemble,relevance_mass_accuracy,0.005083940457552671,
squeezenet,ISIC_0015951,ensemble,pointing_game,0.0,
squeezenet,ISIC_0015951,ensemble,sparseness,0.5986371288055787,
squeezenet,ISIC_0015951,ensemble,complexity,11.254101753234863,
squeezenet,ISIC_0015951,ensemble,model_parameter_randomisation,,nan
squeezenet,ISIC_0015951,ensemble,random_logit,0.5730006845513071,
squeezenet,ISIC_0015951,ensemble,completeness,,nan
squeezenet,ISIC_0015951,ensemble,non_sensitivity,,nan
resnet18,ISIC_0015952,ensemble,faithfulness_correlation,0.05030366778373718,
resnet18,ISIC_0015952,ensemble,pixel_flipping,245.02871704101562,
resnet18,ISIC_0015952,ensemble,max_sensitivity,1.2936807870864868,
resnet18,ISIC_0015952,ensemble,avg_sensitivity,1.2685217022895814,
resnet18,ISIC_0015952,ensemble,relevance_mass_accuracy,0.049873847514390945,
resnet18,ISIC_0015952,ensemble,pointing_game,1.0,
resnet18,ISIC_0015952,ensemble,sparseness,0.5416416865968843,
resnet18,ISIC_0015952,ensemble,complexity,11.373906135559082,
resnet18,ISIC_0015952,ensemble,model_parameter_randomisation,,nan
resnet18,ISIC_0015952,ensemble,random_logit,0.7430080793516576,
resnet18,ISIC_0015952,ensemble,completeness,,nan
resnet18,ISIC_0015952,ensemble,non_sensitivity,,nan
squeezenet,ISIC_0015952,ensemble,faithfulness_correlation,0.23702891170978546,
squeezenet,ISIC_0015952,ensemble,pixel_flipping,398.64593505859375,
squeezenet,ISIC_0015952,ensemble,max_sensitivity,1.1340341567993164,
squeezenet,ISIC_0015952,ensemble,avg_sensitivity,1.1068067669868469,
squeezenet,ISIC_0015952,ensemble,relevance_mass_accuracy,0.22974184155464172,
squeezenet,ISIC_0015952,ensemble,pointing_game,1.0,
squeezenet,ISIC_0015952,ensemble,sparseness,0.7534676556824584,
squeezenet,ISIC_0015952,ensemble,complexity,10.552563667297363,
squeezenet,ISIC_0015952,ensemble,model_parameter_randomisation,,nan
squeezenet,ISIC_0015952,ensemble,random_logit,0.9574300858431661,
squeezenet,ISIC_0015952,ensemble,completeness,,nan
squeezenet,ISIC_0015952,ensemble,non_sensitivity,,nan
resnet18,ISIC_0015953,ensemble,faithfulness_correlation,-0.019878126680850983,
resnet18,ISIC_0015953,ensemble,pixel_flipping,33.80225372314453,
resnet18,ISIC_0015953,ensemble,max_sensitivity,1.0543028116226196,
resnet18,ISIC_0015953,ensemble,avg_sensitivity,1.0317225217819215,
resnet18,ISIC_0015953,ensemble,relevance_mass_accuracy,0.047069694846868515,
resnet18,ISIC_0015953,ensemble,pointing_game,0.0,
resnet18,ISIC_0015953,ensemble,sparseness,0.42535173638518786,
resnet18,ISIC_0015953,ensemble,complexity,11.595158576965332,
resnet18,ISIC_0015953,ensemble,model_parameter_randomisation,,nan
resnet18,ISIC_0015953,ensemble,random_logit,0.6950275373175548,
resnet18,ISIC_0015953,ensemble,completeness,,nan
resnet18,ISIC_0015953,ensemble,non_sensitivity,,nan
squeezenet,ISIC_0015953,ensemble,faithfulness_correlation,0.21766270697116852,
squeezenet,ISIC_0015953,ensemble,pixel_flipping,224.35409545898438,
squeezenet,ISIC_0015953,ensemble,max_sensitivity,1.0475643873214722,
squeezenet,ISIC_0015953,ensemble,avg_sensitivity,1.022974956035614,
squeezenet,ISIC_0015953,ensemble,relevance_mass_accuracy,0.5969427227973938,
squeezenet,ISIC_0015953,ensemble,pointing_game,1.0,
squeezenet,ISIC_0015953,ensemble,sparseness,0.7162330633115703,
squeezenet,ISIC_0015953,ensemble,complexity,10.825931549072266,
squeezenet,ISIC_0015953,ensemble,model_parameter_randomisation,,nan
squeezenet,ISIC_0015953,ensemble,random_logit,0.9594194523157122,
squeezenet,ISIC_0015953,ensemble,completeness,,nan
squeezenet,ISIC_0015953,ensemble,non_sensitivity,,nan
resnet18,ISIC_0015954,ensemble,faithfulness_correlation,0.051564570516347885,
resnet18,ISIC_0015954,ensemble,pixel_flipping,567.3546142578125,
resnet18,ISIC_0015954,ensemble,max_sensitivity,1.0664013624191284,
resnet18,ISIC_0015954,ensemble,avg_sensitivity,1.0494612336158753,
resnet18,ISIC_0015954,ensemble,relevance_mass_accuracy,0.10745273530483246,
resnet18,ISIC_0015954,ensemble,pointing_game,0.0,
resnet18,ISIC_0015954,ensemble,sparseness,0.5122703531400603,
resnet18,ISIC_0015954,ensemble,complexity,11.457819938659668,
resnet18,ISIC_0015954,ensemble,model_parameter_randomisation,,nan
resnet18,ISIC_0015954,ensemble,random_logit,0.4331739492387248,
resnet18,ISIC_0015954,ensemble,completeness,,nan
resnet18,ISIC_0015954,ensemble,non_sensitivity,,nan
squeezenet,ISIC_0015954,ensemble,faithfulness_correlation,0.249933660030365,
squeezenet,ISIC_0015954,ensemble,pixel_flipping,427.11279296875,
squeezenet,ISIC_0015954,ensemble,max_sensitivity,1.1387311220169067,
squeezenet,ISIC_0015954,ensemble,avg_sensitivity,1.1098610401153564,
squeezenet,ISIC_0015954,ensemble,relevance_mass_accuracy,0.4013007879257202,
squeezenet,ISIC_0015954,ensemble,pointing_game,1.0,
squeezenet,ISIC_0015954,ensemble,sparseness,0.6959390180813553,
squeezenet,ISIC_0015954,ensemble,complexity,10.935401916503906,
squeezenet,ISIC_0015954,ensemble,model_parameter_randomisation,,nan
squeezenet,ISIC_0015954,ensemble,random_logit,0.8938436970026156,
squeezenet,ISIC_0015954,ensemble,completeness,,nan
squeezenet,ISIC_0015954,ensemble,non_sensitivity,,nan
resnet18,ISIC_0015955,ensemble,faithfulness_correlation,-0.02120082639157772,
resnet18,ISIC_0015955,ensemble,pixel_flipping,555.3862915039062,
resnet18,ISIC_0015955,ensemble,max_sensitivity,1.0653975009918213,
resnet18,ISIC_0015955,ensemble,avg_sensitivity,1.049438226222992,
resnet18,ISIC_0015955,ensemble,relevance_mass_accuracy,0.40858256816864014,
resnet18,ISIC_0015955,ensemble,pointing_game,0.0,
resnet18,ISIC_0015955,ensemble,sparseness,0.46392811571036136,
resnet18,ISIC_0015955,ensemble,complexity,11.54802131652832,
resnet18,ISIC_0015955,ensemble,model_parameter_randomisation,,nan
resnet18,ISIC_0015955,ensemble,random_logit,0.5122720923806743,
resnet18,ISIC_0015955,ensemble,completeness,,nan
resnet18,ISIC_0015955,ensemble,non_sensitivity,,nan
squeezenet,ISIC_0015955,ensemble,faithfulness_correlation,0.12736938893795013,
squeezenet,ISIC_0015955,ensemble,pixel_flipping,44.3389892578125,
squeezenet,ISIC_0015955,ensemble,max_sensitivity,1.16801118850708,
squeezenet,ISIC_0015955,ensemble,avg_sensitivity,1.1444700479507446,
squeezenet,ISIC_0015955,ensemble,relevance_mass_accuracy,0.24960176646709442,
squeezenet,ISIC_0015955,ensemble,pointing_game,0.0,
squeezenet,ISIC_0015955,ensemble,sparseness,0.5938389363990159,
squeezenet,ISIC_0015955,ensemble,complexity,11.264178276062012,
squeezenet,ISIC_0015955,ensemble,model_parameter_randomisation,,nan
squeezenet,ISIC_0015955,ensemble,random_logit,0.6242914238776675,
squeezenet,ISIC_0015955,ensemble,completeness,,nan
squeezenet,ISIC_0015955,ensemble,non_sensitivity,,nan
resnet18,ISIC_0015956,ensemble,faithfulness_correlation,0.07735305279493332,
resnet18,ISIC_0015956,ensemble,pixel_flipping,559.9449462890625,
resnet18,ISIC_0015956,ensemble,max_sensitivity,1.043202519416809,
resnet18,ISIC_0015956,ensemble,avg_sensitivity,1.02964586019516,
resnet18,ISIC_0015956,ensemble,relevance_mass_accuracy,0.2093016356229782,
resnet18,ISIC_0015956,ensemble,pointing_game,0.0,
resnet18,ISIC_0015956,ensemble,sparseness,0.4664021060385722,
resnet18,ISIC_0015956,ensemble,complexity,11.540815353393555,
resnet18,ISIC_0015956,ensemble,model_parameter_randomisation,,nan
resnet18,ISIC_0015956,ensemble,random_logit,0.558193602493175,
resnet18,ISIC_0015956,ensemble,completeness,,nan
resnet18,ISIC_0015956,ensemble,non_sensitivity,,nan
squeezenet,ISIC_0015956,ensemble,faithfulness_correlation,0.21273474395275116,
squeezenet,ISIC_0015956,ensemble,pixel_flipping,373.76239013671875,
squeezenet,ISIC_0015956,ensemble,max_sensitivity,1.0954712629318237,
squeezenet,ISIC_0015956,ensemble,avg_sensitivity,1.0835920691490173,
squeezenet,ISIC_0015956,ensemble,relevance_mass_accuracy,0.5917550325393677,
squeezenet,ISIC_0015956,ensemble,pointing_game,0.0,
squeezenet,ISIC_0015956,ensemble,sparseness,0.6545271509993258,
squeezenet,ISIC_0015956,ensemble,complexity,11.093758583068848,
squeezenet,ISIC_0015956,ensemble,model_parameter_randomisation,,nan
squeezenet,ISIC_0015956,ensemble,random_logit,0.8229043517829979,
squeezenet,ISIC_0015956,ensemble,completeness,,nan
squeezenet,ISIC_0015956,ensemble,non_sensitivity,,nan
resnet18,ISIC_0015958,ensemble,faithfulness_correlation,0.06933673471212387,
resnet18,ISIC_0015958,ensemble,pixel_flipping,601.7379150390625,
resnet18,ISIC_0015958,ensemble,max_sensitivity,1.027506947517395,
resnet18,ISIC_0015958,ensemble,avg_sensitivity,1.0171955943107605,
resnet18,ISIC_0015958,ensemble,relevance_mass_accuracy,0.12140174955129623,
resnet18,ISIC_0015958,ensemble,pointing_game,1.0,
resnet18,ISIC_0015958,ensemble,sparseness,0.5441778784024497,
resnet18,ISIC_0015958,ensemble,complexity,11.388134002685547,
resnet18,ISIC_0015958,ensemble,model_parameter_randomisation,,nan
resnet18,ISIC_0015958,ensemble,random_logit,0.5602379407901168,
resnet18,ISIC_0015958,ensemble,completeness,,nan
resnet18,ISIC_0015958,ensemble,non_sensitivity,,nan
squeezenet,ISIC_0015958,ensemble,faithfulness_correlation,-0.04320738837122917,
squeezenet,ISIC_0015958,ensemble,pixel_flipping,52.462364196777344,
squeezenet,ISIC_0015958,ensemble,max_sensitivity,1.1035406589508057,
squeezenet,ISIC_0015958,ensemble,avg_sensitivity,1.0942265033721923,
squeezenet,ISIC_0015958,ensemble,relevance_mass_accuracy,0.07332418113946915,
squeezenet,ISIC_0015958,ensemble,pointing_game,0.0,
squeezenet,ISIC_0015958,ensemble,sparseness,0.5903868434704341,
squeezenet,ISIC_0015958,ensemble,complexity,11.283543586730957,
squeezenet,ISIC_0015958,ensemble,model_parameter_randomisation,,nan
squeezenet,ISIC_0015958,ensemble,random_logit,0.4706576728988177,
squeezenet,ISIC_0015958,ensemble,completeness,,nan
squeezenet,ISIC_0015958,ensemble,non_sensitivity,,nan
resnet18,ISIC_0015960,ensemble,faithfulness_correlation,0.11563903093338013,
resnet18,ISIC_0015960,ensemble,pixel_flipping,537.0648193359375,
resnet18,ISIC_0015960,ensemble,max_sensitivity,1.0465713739395142,
resnet18,ISIC_0015960,ensemble,avg_sensitivity,1.0330559253692626,
resnet18,ISIC_0015960,ensemble,relevance_mass_accuracy,0.1578863263130188,
resnet18,ISIC_0015960,ensemble,pointing_game,0.0,
resnet18,ISIC_0015960,ensemble,sparseness,0.5064543779601235,
resnet18,ISIC_0015960,ensemble,complexity,11.465019226074219,
resnet18,ISIC_0015960,ensemble,model_parameter_randomisation,,nan
resnet18,ISIC_0015960,ensemble,random_logit,0.5562540539071711,
resnet18,ISIC_0015960,ensemble,completeness,,nan
resnet18,ISIC_0015960,ensemble,non_sensitivity,,nan
squeezenet,ISIC_0015960,ensemble,faithfulness_correlation,0.16082221269607544,
squeezenet,ISIC_0015960,ensemble,pixel_flipping,228.09835815429688,
squeezenet,ISIC_0015960,ensemble,max_sensitivity,1.0925958156585693,
squeezenet,ISIC_0015960,ensemble,avg_sensitivity,1.067795979976654,
squeezenet,ISIC_0015960,ensemble,relevance_mass_accuracy,0.47756579518318176,
squeezenet,ISIC_0015960,ensemble,pointing_game,1.0,
squeezenet,ISIC_0015960,ensemble,sparseness,0.7027705577801712,
squeezenet,ISIC_0015960,ensemble,complexity,10.92983341217041,
squeezenet,ISIC_0015960,ensemble,model_parameter_randomisation,,nan
squeezenet,ISIC_0015960,ensemble,random_logit,0.8647354923781954,
squeezenet,ISIC_0015960,ensemble,completeness,,nan
squeezenet,ISIC_0015960,ensemble,non_sensitivity,,nan
resnet18,ISIC_0015962,ensemble,faithfulness_correlation,0.27417582273483276,
resnet18,ISIC_0015962,ensemble,pixel_flipping,549.20947265625,
resnet18,ISIC_0015962,ensemble,max_sensitivity,1.0527595281600952,
resnet18,ISIC_0015962,ensemble,avg_sensitivity,1.046021616458893,
resnet18,ISIC_0015962,ensemble,relevance_mass_accuracy,0.05922101065516472,
resnet18,ISIC_0015962,ensemble,pointing_game,0.0,
resnet18,ISIC_0015962,ensemble,sparseness,0.538219720391032,
resnet18,ISIC_0015962,ensemble,complexity,11.393105506896973,
resnet18,ISIC_0015962,ensemble,model_parameter_randomisation,,nan
resnet18,ISIC_0015962,ensemble,random_logit,0.6692045803910456,
resnet18,ISIC_0015962,ensemble,completeness,,nan
resnet18,ISIC_0015962,ensemble,non_sensitivity,,nan
squeezenet,ISIC_0015962,ensemble,faithfulness_correlation,0.2049708068370819,
squeezenet,ISIC_0015962,ensemble,pixel_flipping,429.5223388671875,
squeezenet,ISIC_0015962,ensemble,max_sensitivity,1.0839139223098755,
squeezenet,ISIC_0015962,ensemble,avg_sensitivity,1.06536922454834,
squeezenet,ISIC_0015962,ensemble,relevance_mass_accuracy,0.2562255263328552,
squeezenet,ISIC_0015962,ensemble,pointing_game,0.0,
squeezenet,ISIC_0015962,ensemble,sparseness,0.6856832490815311,
squeezenet,ISIC_0015962,ensemble,complexity,10.93464469909668,
squeezenet,ISIC_0015962,ensemble,model_parameter_randomisation,,nan
squeezenet,ISIC_0015962,ensemble,random_logit,0.8631732346757288,
squeezenet,ISIC_0015962,ensemble,completeness,,nan
squeezenet,ISIC_0015962,ensemble,non_sensitivity,,nan
resnet18,ISIC_0015963,ensemble,faithfulness_correlation,0.12803688645362854,
resnet18,ISIC_0015963,ensemble,pixel_flipping,610.3477172851562,
resnet18,ISIC_0015963,ensemble,max_sensitivity,1.0250558853149414,
resnet18,ISIC_0015963,ensemble,avg_sensitivity,1.0122195959091187,
resnet18,ISIC_0015963,ensemble,relevance_mass_accuracy,0.08666300028562546,
resnet18,ISIC_0015963,ensemble,pointing_game,1.0,
resnet18,ISIC_0015963,ensemble,sparseness,0.5102003485205238,
resnet18,ISIC_0015963,ensemble,complexity,11.44832706451416,
resnet18,ISIC_0015963,ensemble,model_parameter_randomisation,,nan
resnet18,ISIC_0015963,ensemble,random_logit,0.6848707698370545,
resnet18,ISIC_0015963,ensemble,completeness,,nan
resnet18,ISIC_0015963,ensemble,non_sensitivity,,nan
squeezenet,ISIC_0015963,ensemble,faithfulness_correlation,0.2451367825269699,
squeezenet,ISIC_0015963,ensemble,pixel_flipping,427.4360046386719,
squeezenet,ISIC_0015963,ensemble,max_sensitivity,1.1265796422958374,
squeezenet,ISIC_0015963,ensemble,avg_sensitivity,1.0899361729621888,
squeezenet,ISIC_0015963,ensemble,relevance_mass_accuracy,0.2709788382053375,
squeezenet,ISIC_0015963,ensemble,pointing_game,0.0,
squeezenet,ISIC_0015963,ensemble,sparseness,0.6509626131301236,
squeezenet,ISIC_0015963,ensemble,complexity,11.057648658752441,
squeezenet,ISIC_0015963,ensemble,model_parameter_randomisation,,nan
squeezenet,ISIC_0015963,ensemble,random_logit,0.7576349031691222,
squeezenet,ISIC_0015963,ensemble,completeness,,nan
squeezenet,ISIC_0015963,ensemble,non_sensitivity,,nan
resnet18,ISIC_0015964,ensemble,faithfulness_correlation,-0.12033837288618088,
resnet18,ISIC_0015964,ensemble,pixel_flipping,555.171630859375,
resnet18,ISIC_0015964,ensemble,max_sensitivity,0.9898592233657837,
resnet18,ISIC_0015964,ensemble,avg_sensitivity,0.9842334985733032,
resnet18,ISIC_0015964,ensemble,relevance_mass_accuracy,0.07115745544433594,
resnet18,ISIC_0015964,ensemble,pointing_game,1.0,
resnet18,ISIC_0015964,ensemble,sparseness,0.509887397624584,
resnet18,ISIC_0015964,ensemble,complexity,11.45586109161377,
resnet18,ISIC_0015964,ensemble,model_parameter_randomisation,,nan
resnet18,ISIC_0015964,ensemble,random_logit,0.5990039511266481,
resnet18,ISIC_0015964,ensemble,completeness,,nan
resnet18,ISIC_0015964,ensemble,non_sensitivity,,nan
squeezenet,ISIC_0015964,ensemble,faithfulness_correlation,0.15866462886333466,
squeezenet,ISIC_0015964,ensemble,pixel_flipping,415.96173095703125,
squeezenet,ISIC_0015964,ensemble,max_sensitivity,1.082119107246399,
squeezenet,ISIC_0015964,ensemble,avg_sensitivity,1.0533627986907959,
squeezenet,ISIC_0015964,ensemble,relevance_mass_accuracy,0.23931722342967987,
squeezenet,ISIC_0015964,ensemble,pointing_game,1.0,
squeezenet,ISIC_0015964,ensemble,sparseness,0.7058939248568001,
squeezenet,ISIC_0015964,ensemble,complexity,10.85135555267334,
squeezenet,ISIC_0015964,ensemble,model_parameter_randomisation,,nan
squeezenet,ISIC_0015964,ensemble,random_logit,0.9102074685016056,
squeezenet,ISIC_0015964,ensemble,completeness,,nan
squeezenet,ISIC_0015964,ensemble,non_sensitivity,,nan
resnet18,ISIC_0015965,ensemble,faithfulness_correlation,-0.004240815527737141,
resnet18,ISIC_0015965,ensemble,pixel_flipping,554.1998291015625,
resnet18,ISIC_0015965,ensemble,max_sensitivity,1.0529882907867432,
resnet18,ISIC_0015965,ensemble,avg_sensitivity,1.0384646296501159,
resnet18,ISIC_0015965,ensemble,relevance_mass_accuracy,0.06221627816557884,
resnet18,ISIC_0015965,ensemble,pointing_game,0.0,
resnet18,ISIC_0015965,ensemble,sparseness,0.48627510412156344,
resnet18,ISIC_0015965,ensemble,complexity,11.500238418579102,
resnet18,ISIC_0015965,ensemble,model_parameter_randomisation,,nan
resnet18,ISIC_0015965,ensemble,random_logit,0.6075395867292122,
resnet18,ISIC_0015965,ensemble,completeness,,nan
resnet18,ISIC_0015965,ensemble,non_sensitivity,,nan
squeezenet,ISIC_0015965,ensemble,faithfulness_correlation,0.1846633404493332,
squeezenet,ISIC_0015965,ensemble,pixel_flipping,344.1602783203125,
squeezenet,ISIC_0015965,ensemble,max_sensitivity,1.0806093215942383,
squeezenet,ISIC_0015965,ensemble,avg_sensitivity,1.0606176853179932,
squeezenet,ISIC_0015965,ensemble,relevance_mass_accuracy,0.2746161222457886,
squeezenet,ISIC_0015965,ensemble,pointing_game,0.0,
squeezenet,ISIC_0015965,ensemble,sparseness,0.6741974580073259,
squeezenet,ISIC_0015965,ensemble,complexity,10.983263969421387,
squeezenet,ISIC_0015965,ensemble,model_parameter_randomisation,,nan
squeezenet,ISIC_0015965,ensemble,random_logit,0.8632757798126834,
squeezenet,ISIC_0015965,ensemble,completeness,,nan
squeezenet,ISIC_0015965,ensemble,non_sensitivity,,nan
resnet18,ISIC_0015966,ensemble,faithfulness_correlation,0.16146808862686157,
resnet18,ISIC_0015966,ensemble,pixel_flipping,591.0384521484375,
resnet18,ISIC_0015966,ensemble,max_sensitivity,1.0504614114761353,
resnet18,ISIC_0015966,ensemble,avg_sensitivity,1.0323354959487916,
resnet18,ISIC_0015966,ensemble,relevance_mass_accuracy,0.20849382877349854,
resnet18,ISIC_0015966,ensemble,pointing_game,1.0,
resnet18,ISIC_0015966,ensemble,sparseness,0.5514100843593581,
resnet18,ISIC_0015966,ensemble,complexity,11.365521430969238,
resnet18,ISIC_0015966,ensemble,model_parameter_randomisation,,nan
resnet18,ISIC_0015966,ensemble,random_logit,0.586144689696772,
resnet18,ISIC_0015966,ensemble,completeness,,nan
resnet18,ISIC_0015966,ensemble,non_sensitivity,,nan
squeezenet,ISIC_0015966,ensemble,faithfulness_correlation,0.23694626986980438,
squeezenet,ISIC_0015966,ensemble,pixel_flipping,246.11129760742188,
squeezenet,ISIC_0015966,ensemble,max_sensitivity,1.091273546218872,
squeezenet,ISIC_0015966,ensemble,avg_sensitivity,1.0619856238365173,
squeezenet,ISIC_0015966,ensemble,relevance_mass_accuracy,0.3829503655433655,
squeezenet,ISIC_0015966,ensemble,pointing_game,1.0,
squeezenet,ISIC_0015966,ensemble,sparseness,0.6502131999676237,
squeezenet,ISIC_0015966,ensemble,complexity,11.084050178527832,
squeezenet,ISIC_0015966,ensemble,model_parameter_randomisation,,nan
squeezenet,ISIC_0015966,ensemble,random_logit,0.843032619706621,
squeezenet,ISIC_0015966,ensemble,completeness,,nan
squeezenet,ISIC_0015966,ensemble,non_sensitivity,,nan
resnet18,ISIC_0015967,ensemble,faithfulness_correlation,0.18558333814144135,
resnet18,ISIC_0015967,ensemble,pixel_flipping,607.9920654296875,
resnet18,ISIC_0015967,ensemble,max_sensitivity,1.0162088871002197,
resnet18,ISIC_0015967,ensemble,avg_sensitivity,1.0069731950759888,
resnet18,ISIC_0015967,ensemble,relevance_mass_accuracy,0.40680086612701416,
resnet18,ISIC_0015967,ensemble,pointing_game,0.0,
resnet18,ISIC_0015967,ensemble,sparseness,0.473806347541945,
resnet18,ISIC_0015967,ensemble,complexity,11.529245376586914,
resnet18,ISIC_0015967,ensemble,model_parameter_randomisation,,nan
resnet18,ISIC_0015967,ensemble,random_logit,0.6456354363749347,
resnet18,ISIC_0015967,ensemble,completeness,,nan
resnet18,ISIC_0015967,ensemble,non_sensitivity,,nan
squeezenet,ISIC_0015967,ensemble,faithfulness_correlation,-0.012781118974089622,
squeezenet,ISIC_0015967,ensemble,pixel_flipping,420.2319030761719,
squeezenet,ISIC_0015967,ensemble,max_sensitivity,1.1556280851364136,
squeezenet,ISIC_0015967,ensemble,avg_sensitivity,1.1452296495437622,
squeezenet,ISIC_0015967,ensemble,relevance_mass_accuracy,0.3698308765888214,
squeezenet,ISIC_0015967,ensemble,pointing_game,1.0,
squeezenet,ISIC_0015967,ensemble,sparseness,0.5356081850931241,
squeezenet,ISIC_0015967,ensemble,complexity,11.384846687316895,
squeezenet,ISIC_0015967,ensemble,model_parameter_randomisation,,nan
squeezenet,ISIC_0015967,ensemble,random_logit,0.6236292053690816,
squeezenet,ISIC_0015967,ensemble,completeness,,nan
squeezenet,ISIC_0015967,ensemble,non_sensitivity,,nan
resnet18,ISIC_0015968,ensemble,faithfulness_correlation,-0.03419344127178192,
resnet18,ISIC_0015968,ensemble,pixel_flipping,484.9445495605469,
resnet18,ISIC_0015968,ensemble,max_sensitivity,1.0391082763671875,
resnet18,ISIC_0015968,ensemble,avg_sensitivity,1.0192077577114105,
resnet18,ISIC_0015968,ensemble,relevance_mass_accuracy,0.20680752396583557,
resnet18,ISIC_0015968,ensemble,pointing_game,1.0,
resnet18,ISIC_0015968,ensemble,sparseness,0.5086274231761452,
resnet18,ISIC_0015968,ensemble,complexity,11.452244758605957,
resnet18,ISIC_0015968,ensemble,model_parameter_randomisation,,nan
resnet18,ISIC_0015968,ensemble,random_logit,0.6070281280226422,
resnet18,ISIC_0015968,ensemble,completeness,,nan
resnet18,ISIC_0015968,ensemble,non_sensitivity,,nan
squeezenet,ISIC_0015968,ensemble,faithfulness_correlation,-0.19978177547454834,
squeezenet,ISIC_0015968,ensemble,pixel_flipping,41.121421813964844,
squeezenet,ISIC_0015968,ensemble,max_sensitivity,1.1056458950042725,
squeezenet,ISIC_0015968,ensemble,avg_sensitivity,1.0883935689926147,
squeezenet,ISIC_0015968,ensemble,relevance_mass_accuracy,0.06392741203308105,
squeezenet,ISIC_0015968,ensemble,pointing_game,0.0,
squeezenet,ISIC_0015968,ensemble,sparseness,0.5897504739456916,
squeezenet,ISIC_0015968,ensemble,complexity,11.277108192443848,
squeezenet,ISIC_0015968,ensemble,model_parameter_randomisation,,nan
squeezenet,ISIC_0015968,ensemble,random_logit,0.6700278352946091,
squeezenet,ISIC_0015968,ensemble,completeness,,nan
squeezenet,ISIC_0015968,ensemble,non_sensitivity,,nan
resnet18,ISIC_0015969,ensemble,faithfulness_correlation,-0.013004666194319725,
resnet18,ISIC_0015969,ensemble,pixel_flipping,126.09226989746094,
resnet18,ISIC_0015969,ensemble,max_sensitivity,1.1346018314361572,
resnet18,ISIC_0015969,ensemble,avg_sensitivity,1.0696357369422913,
resnet18,ISIC_0015969,ensemble,relevance_mass_accuracy,0.19046343863010406,
resnet18,ISIC_0015969,ensemble,pointing_game,0.0,
resnet18,ISIC_0015969,ensemble,sparseness,0.4435022392671328,
resnet18,ISIC_0015969,ensemble,complexity,11.578441619873047,
resnet18,ISIC_0015969,ensemble,model_parameter_randomisation,,nan
resnet18,ISIC_0015969,ensemble,random_logit,0.6151852711262323,
resnet18,ISIC_0015969,ensemble,completeness,,nan
resnet18,ISIC_0015969,ensemble,non_sensitivity,,nan
squeezenet,ISIC_0015969,ensemble,faithfulness_correlation,0.28177356719970703,
squeezenet,ISIC_0015969,ensemble,pixel_flipping,233.8419189453125,
squeezenet,ISIC_0015969,ensemble,max_sensitivity,1.060301661491394,
squeezenet,ISIC_0015969,ensemble,avg_sensitivity,1.037278664112091,
squeezenet,ISIC_0015969,ensemble,relevance_mass_accuracy,0.4017939269542694,
squeezenet,ISIC_0015969,ensemble,pointing_game,0.0,
squeezenet,ISIC_0015969,ensemble,sparseness,0.5699726929917184,
squeezenet,ISIC_0015969,ensemble,complexity,11.324189186096191,
squeezenet,ISIC_0015969,ensemble,model_parameter_randomisation,,nan
squeezenet,ISIC_0015969,ensemble,random_logit,0.6405535103464357,
squeezenet,ISIC_0015969,ensemble,completeness,,nan
squeezenet,ISIC_0015969,ensemble,non_sensitivity,,nan
resnet18,ISIC_0015972,ensemble,faithfulness_correlation,0.07846583425998688,
resnet18,ISIC_0015972,ensemble,pixel_flipping,13.45622444152832,
resnet18,ISIC_0015972,ensemble,max_sensitivity,1.0981868505477905,
resnet18,ISIC_0015972,ensemble,avg_sensitivity,1.067946720123291,
resnet18,ISIC_0015972,ensemble,relevance_mass_accuracy,0.0800422951579094,
resnet18,ISIC_0015972,ensemble,pointing_game,0.0,
resnet18,ISIC_0015972,ensemble,sparseness,0.4317020124888875,
resnet18,ISIC_0015972,ensemble,complexity,11.583977699279785,
resnet18,ISIC_0015972,ensemble,model_parameter_randomisation,,nan
resnet18,ISIC_0015972,ensemble,random_logit,0.6238889883851448,
resnet18,ISIC_0015972,ensemble,completeness,,nan
resnet18,ISIC_0015972,ensemble,non_sensitivity,,nan
squeezenet,ISIC_0015972,ensemble,faithfulness_correlation,-0.01850663498044014,
squeezenet,ISIC_0015972,ensemble,pixel_flipping,50.814449310302734,
squeezenet,ISIC_0015972,ensemble,max_sensitivity,1.168738603591919,
squeezenet,ISIC_0015972,ensemble,avg_sensitivity,1.164307713508606,
squeezenet,ISIC_0015972,ensemble,relevance_mass_accuracy,0.12014462053775787,
squeezenet,ISIC_0015972,ensemble,pointing_game,1.0,
squeezenet,ISIC_0015972,ensemble,sparseness,0.5654573085892771,
squeezenet,ISIC_0015972,ensemble,complexity,11.332048416137695,
squeezenet,ISIC_0015972,ensemble,model_parameter_randomisation,,nan
squeezenet,ISIC_0015972,ensemble,random_logit,0.8074591409758134,
squeezenet,ISIC_0015972,ensemble,completeness,,nan
squeezenet,ISIC_0015972,ensemble,non_sensitivity,,nan
resnet18,ISIC_0015974,ensemble,faithfulness_correlation,0.037607043981552124,
resnet18,ISIC_0015974,ensemble,pixel_flipping,606.7982177734375,
resnet18,ISIC_0015974,ensemble,max_sensitivity,1.023532748222351,
resnet18,ISIC_0015974,ensemble,avg_sensitivity,1.0123539566993713,
resnet18,ISIC_0015974,ensemble,relevance_mass_accuracy,0.2385328859090805,
resnet18,ISIC_0015974,ensemble,pointing_game,0.0,
resnet18,ISIC_0015974,ensemble,sparseness,0.4521260998752447,
resnet18,ISIC_0015974,ensemble,complexity,11.567426681518555,
resnet18,ISIC_0015974,ensemble,model_parameter_randomisation,,nan
resnet18,ISIC_0015974,ensemble,random_logit,0.5672181268047248,
resnet18,ISIC_0015974,ensemble,completeness,,nan
resnet18,ISIC_0015974,ensemble,non_sensitivity,,nan
squeezenet,ISIC_0015974,ensemble,faithfulness_correlation,0.15735237300395966,
squeezenet,ISIC_0015974,ensemble,pixel_flipping,396.5967712402344,
squeezenet,ISIC_0015974,ensemble,max_sensitivity,1.0880041122436523,
squeezenet,ISIC_0015974,ensemble,avg_sensitivity,1.0796491742134093,
squeezenet,ISIC_0015974,ensemble,relevance_mass_accuracy,0.34413307905197144,
squeezenet,ISIC_0015974,ensemble,pointing_game,0.0,
squeezenet,ISIC_0015974,ensemble,sparseness,0.556935354583254,
squeezenet,ISIC_0015974,ensemble,complexity,11.357810020446777,
squeezenet,ISIC_0015974,ensemble,model_parameter_randomisation,,nan
squeezenet,ISIC_0015974,ensemble,random_logit,0.7595869137491889,
squeezenet,ISIC_0015974,ensemble,completeness,,nan
squeezenet,ISIC_0015974,ensemble,non_sensitivity,,nan
resnet18,ISIC_0015975,ensemble,faithfulness_correlation,0.10088946670293808,
resnet18,ISIC_0015975,ensemble,pixel_flipping,548.8353881835938,
resnet18,ISIC_0015975,ensemble,max_sensitivity,1.0378520488739014,
resnet18,ISIC_0015975,ensemble,avg_sensitivity,1.014272278547287,
resnet18,ISIC_0015975,ensemble,relevance_mass_accuracy,0.1247769445180893,
resnet18,ISIC_0015975,ensemble,pointing_game,0.0,
resnet18,ISIC_0015975,ensemble,sparseness,0.5112691183369893,
resnet18,ISIC_0015975,ensemble,complexity,11.45060920715332,
resnet18,ISIC_0015975,ensemble,model_parameter_randomisation,,nan
resnet18,ISIC_0015975,ensemble,random_logit,0.5264482442068668,
resnet18,ISIC_0015975,ensemble,completeness,,nan
resnet18,ISIC_0015975,ensemble,non_sensitivity,,nan
squeezenet,ISIC_0015975,ensemble,faithfulness_correlation,0.1595384031534195,
squeezenet,ISIC_0015975,ensemble,pixel_flipping,456.6903381347656,
squeezenet,ISIC_0015975,ensemble,max_sensitivity,1.0837455987930298,
squeezenet,ISIC_0015975,ensemble,avg_sensitivity,1.0583645701408386,
squeezenet,ISIC_0015975,ensemble,relevance_mass_accuracy,0.32954952120780945,
squeezenet,ISIC_0015975,ensemble,pointing_game,1.0,
squeezenet,ISIC_0015975,ensemble,sparseness,0.6749198791693831,
squeezenet,ISIC_0015975,ensemble,complexity,10.989529609680176,
squeezenet,ISIC_0015975,ensemble,model_parameter_randomisation,,nan
squeezenet,ISIC_0015975,ensemble,random_logit,0.871529252322311,
squeezenet,ISIC_0015975,ensemble,completeness,,nan
squeezenet,ISIC_0015975,ensemble,non_sensitivity,,nan
resnet18,ISIC_0015976,ensemble,faithfulness_correlation,-0.0023560994304716587,
resnet18,ISIC_0015976,ensemble,pixel_flipping,523.4232788085938,
resnet18,ISIC_0015976,ensemble,max_sensitivity,1.0857257843017578,
resnet18,ISIC_0015976,ensemble,avg_sensitivity,1.0726829528808595,
resnet18,ISIC_0015976,ensemble,relevance_mass_accuracy,0.08448927849531174,
resnet18,ISIC_0015976,ensemble,pointing_game,0.0,
resnet18,ISIC_0015976,ensemble,sparseness,0.5316056398717853,
resnet18,ISIC_0015976,ensemble,complexity,11.418665885925293,
resnet18,ISIC_0015976,ensemble,model_parameter_randomisation,,nan
resnet18,ISIC_0015976,ensemble,random_logit,0.49107547059712314,
resnet18,ISIC_0015976,ensemble,completeness,,nan
resnet18,ISIC_0015976,ensemble,non_sensitivity,,nan
squeezenet,ISIC_0015976,ensemble,faithfulness_correlation,0.12398286908864975,
squeezenet,ISIC_0015976,ensemble,pixel_flipping,346.201171875,
squeezenet,ISIC_0015976,ensemble,max_sensitivity,1.1086196899414062,
squeezenet,ISIC_0015976,ensemble,avg_sensitivity,1.0909141063690186,
squeezenet,ISIC_0015976,ensemble,relevance_mass_accuracy,0.30573445558547974,
squeezenet,ISIC_0015976,ensemble,pointing_game,1.0,
squeezenet,ISIC_0015976,ensemble,sparseness,0.6818981646557994,
squeezenet,ISIC_0015976,ensemble,complexity,10.971745491027832,
squeezenet,ISIC_0015976,ensemble,model_parameter_randomisation,,nan
squeezenet,ISIC_0015976,ensemble,random_logit,0.8685199831105175,
squeezenet,ISIC_0015976,ensemble,completeness,,nan
squeezenet,ISIC_0015976,ensemble,non_sensitivity,,nan
resnet18,ISIC_0015978,ensemble,faithfulness_correlation,0.0053893583826720715,
resnet18,ISIC_0015978,ensemble,pixel_flipping,11.482917785644531,
resnet18,ISIC_0015978,ensemble,max_sensitivity,1.0178653001785278,
resnet18,ISIC_0015978,ensemble,avg_sensitivity,1.0079089641571044,
resnet18,ISIC_0015978,ensemble,relevance_mass_accuracy,0.04610705375671387,
resnet18,ISIC_0015978,ensemble,pointing_game,0.0,
resnet18,ISIC_0015978,ensemble,sparseness,0.45786199998587446,
resnet18,ISIC_0015978,ensemble,complexity,11.557699203491211,
resnet18,ISIC_0015978,ensemble,model_parameter_randomisation,,nan
resnet18,ISIC_0015978,ensemble,random_logit,0.4262769972408752,
resnet18,ISIC_0015978,ensemble,completeness,,nan
resnet18,ISIC_0015978,ensemble,non_sensitivity,,nan
squeezenet,ISIC_0015978,ensemble,faithfulness_correlation,0.0663982480764389,
squeezenet,ISIC_0015978,ensemble,pixel_flipping,52.82254409790039,
squeezenet,ISIC_0015978,ensemble,max_sensitivity,1.0944536924362183,
squeezenet,ISIC_0015978,ensemble,avg_sensitivity,1.0645262598991394,
squeezenet,ISIC_0015978,ensemble,relevance_mass_accuracy,0.09671209007501602,
squeezenet,ISIC_0015978,ensemble,pointing_game,0.0,
squeezenet,ISIC_0015978,ensemble,sparseness,0.6111306282716042,
squeezenet,ISIC_0015978,ensemble,complexity,11.23308277130127,
squeezenet,ISIC_0015978,ensemble,model_parameter_randomisation,,nan
squeezenet,ISIC_0015978,ensemble,random_logit,0.635131897107523,
squeezenet,ISIC_0015978,ensemble,completeness,,nan
squeezenet,ISIC_0015978,ensemble,non_sensitivity,,nan
resnet18,ISIC_0015979,ensemble,faithfulness_correlation,0.22521831095218658,
resnet18,ISIC_0015979,ensemble,pixel_flipping,403.44256591796875,
resnet18,ISIC_0015979,ensemble,max_sensitivity,1.0583276748657227,
resnet18,ISIC_0015979,ensemble,avg_sensitivity,1.0411695122718811,
resnet18,ISIC_0015979,ensemble,relevance_mass_accuracy,0.19542443752288818,
resnet18,ISIC_0015979,ensemble,pointing_game,0.0,
resnet18,ISIC_0015979,ensemble,sparseness,0.5722393788451607,
resnet18,ISIC_0015979,ensemble,complexity,11.325346946716309,
resnet18,ISIC_0015979,ensemble,model_parameter_randomisation,,nan
resnet18,ISIC_0015979,ensemble,random_logit,0.5610270663059161,
resnet18,ISIC_0015979,ensemble,completeness,,nan
resnet18,ISIC_0015979,ensemble,non_sensitivity,,nan
squeezenet,ISIC_0015979,ensemble,faithfulness_correlation,0.33993175625801086,
squeezenet,ISIC_0015979,ensemble,pixel_flipping,379.2493896484375,
squeezenet,ISIC_0015979,ensemble,max_sensitivity,1.1264193058013916,
squeezenet,ISIC_0015979,ensemble,avg_sensitivity,1.1092065215110778,
squeezenet,ISIC_0015979,ensemble,relevance_mass_accuracy,0.43778514862060547,
squeezenet,ISIC_0015979,ensemble,pointing_game,1.0,
squeezenet,ISIC_0015979,ensemble,sparseness,0.692104118275793,
squeezenet,ISIC_0015979,ensemble,complexity,10.949051856994629,
squeezenet,ISIC_0015979,ensemble,model_parameter_randomisation,,nan
squeezenet,ISIC_0015979,ensemble,random_logit,0.8297100680391304,
squeezenet,ISIC_0015979,ensemble,completeness,,nan
squeezenet,ISIC_0015979,ensemble,non_sensitivity,,nan
resnet18,ISIC_0015980,ensemble,faithfulness_correlation,0.1353156417608261,
resnet18,ISIC_0015980,ensemble,pixel_flipping,464.69525146484375,
resnet18,ISIC_0015980,ensemble,max_sensitivity,1.0687998533248901,
resnet18,ISIC_0015980,ensemble,avg_sensitivity,1.0633647799491883,
resnet18,ISIC_0015980,ensemble,relevance_mass_accuracy,0.13389743864536285,
resnet18,ISIC_0015980,ensemble,pointing_game,0.0,
resnet18,ISIC_0015980,ensemble,sparseness,0.5428861857628123,
resnet18,ISIC_0015980,ensemble,complexity,11.389199256896973,
resnet18,ISIC_0015980,ensemble,model_parameter_randomisation,,nan
resnet18,ISIC_0015980,ensemble,random_logit,0.6476716058365509,
resnet18,ISIC_0015980,ensemble,completeness,,nan
resnet18,ISIC_0015980,ensemble,non_sensitivity,,nan
squeezenet,ISIC_0015980,ensemble,faithfulness_correlation,0.0434749536216259,
squeezenet,ISIC_0015980,ensemble,pixel_flipping,407.2291259765625,
squeezenet,ISIC_0015980,ensemble,max_sensitivity,1.1305290460586548,
squeezenet,ISIC_0015980,ensemble,avg_sensitivity,1.1205387473106385,
squeezenet,ISIC_0015980,ensemble,relevance_mass_accuracy,0.36116495728492737,
squeezenet,ISIC_0015980,ensemble,pointing_game,0.0,
squeezenet,ISIC_0015980,ensemble,sparseness,0.6742897262786217,
squeezenet,ISIC_0015980,ensemble,complexity,10.990838050842285,
squeezenet,ISIC_0015980,ensemble,model_parameter_randomisation,,nan
squeezenet,ISIC_0015980,ensemble,random_logit,0.9091681828013666,
squeezenet,ISIC_0015980,ensemble,completeness,,nan
squeezenet,ISIC_0015980,ensemble,non_sensitivity,,nan
resnet18,ISIC_0015981,ensemble,faithfulness_correlation,-0.008499029092490673,
resnet18,ISIC_0015981,ensemble,pixel_flipping,360.12646484375,
resnet18,ISIC_0015981,ensemble,max_sensitivity,1.1120504140853882,
resnet18,ISIC_0015981,ensemble,avg_sensitivity,1.0896349549293518,
resnet18,ISIC_0015981,ensemble,relevance_mass_accuracy,0.10905864834785461,
resnet18,ISIC_0015981,ensemble,pointing_game,0.0,
resnet18,ISIC_0015981,ensemble,sparseness,0.5334997496841092,
resnet18,ISIC_0015981,ensemble,complexity,11.413010597229004,
resnet18,ISIC_0015981,ensemble,model_parameter_randomisation,,nan
resnet18,ISIC_0015981,ensemble,random_logit,0.4411850549511732,
resnet18,ISIC_0015981,ensemble,completeness,,nan
resnet18,ISIC_0015981,ensemble,non_sensitivity,,nan
squeezenet,ISIC_0015981,ensemble,faithfulness_correlation,-0.0038961367681622505,
squeezenet,ISIC_0015981,ensemble,pixel_flipping,430.5115966796875,
squeezenet,ISIC_0015981,ensemble,max_sensitivity,1.1434590816497803,
squeezenet,ISIC_0015981,ensemble,avg_sensitivity,1.1365739107131958,
squeezenet,ISIC_0015981,ensemble,relevance_mass_accuracy,0.3383764922618866,
squeezenet,ISIC_0015981,ensemble,pointing_game,1.0,
squeezenet,ISIC_0015981,ensemble,sparseness,0.6851661365487121,
squeezenet,ISIC_0015981,ensemble,complexity,10.97050666809082,
squeezenet,ISIC_0015981,ensemble,model_parameter_randomisation,,nan
squeezenet,ISIC_0015981,ensemble,random_logit,0.8581229889720398,
squeezenet,ISIC_0015981,ensemble,completeness,,nan
squeezenet,ISIC_0015981,ensemble,non_sensitivity,,nan
resnet18,ISIC_0015982,ensemble,faithfulness_correlation,-0.03491027653217316,
resnet18,ISIC_0015982,ensemble,pixel_flipping,492.78076171875,
resnet18,ISIC_0015982,ensemble,max_sensitivity,1.0696250200271606,
resnet18,ISIC_0015982,ensemble,avg_sensitivity,1.0496302247047424,
resnet18,ISIC_0015982,ensemble,relevance_mass_accuracy,0.16721999645233154,
resnet18,ISIC_0015982,ensemble,pointing_game,1.0,
resnet18,ISIC_0015982,ensemble,sparseness,0.5191461167736788,
resnet18,ISIC_0015982,ensemble,complexity,11.443768501281738,
resnet18,ISIC_0015982,ensemble,model_parameter_randomisation,,nan
resnet18,ISIC_0015982,ensemble,random_logit,0.5997301083169152,
resnet18,ISIC_0015982,ensemble,completeness,,nan
resnet18,ISIC_0015982,ensemble,non_sensitivity,,nan
squeezenet,ISIC_0015982,ensemble,faithfulness_correlation,0.19983698427677155,
squeezenet,ISIC_0015982,ensemble,pixel_flipping,428.10400390625,
squeezenet,ISIC_0015982,ensemble,max_sensitivity,1.1304521560668945,
squeezenet,ISIC_0015982,ensemble,avg_sensitivity,1.107836616039276,
squeezenet,ISIC_0015982,ensemble,relevance_mass_accuracy,0.3914986550807953,
squeezenet,ISIC_0015982,ensemble,pointing_game,1.0,
squeezenet,ISIC_0015982,ensemble,sparseness,0.6628123842652299,
squeezenet,ISIC_0015982,ensemble,complexity,11.057538986206055,
squeezenet,ISIC_0015982,ensemble,model_parameter_randomisation,,nan
squeezenet,ISIC_0015982,ensemble,random_logit,0.8316010152587621,
squeezenet,ISIC_0015982,ensemble,completeness,,nan
squeezenet,ISIC_0015982,ensemble,non_sensitivity,,nan
resnet18,ISIC_0015983,ensemble,faithfulness_correlation,0.35602298378944397,
resnet18,ISIC_0015983,ensemble,pixel_flipping,8.476398468017578,
resnet18,ISIC_0015983,ensemble,max_sensitivity,1.1046017408370972,
resnet18,ISIC_0015983,ensemble,avg_sensitivity,1.0748716115951538,
resnet18,ISIC_0015983,ensemble,relevance_mass_accuracy,0.3790827989578247,
resnet18,ISIC_0015983,ensemble,pointing_game,1.0,
resnet18,ISIC_0015983,ensemble,sparseness,0.4791971039213327,
resnet18,ISIC_0015983,ensemble,complexity,11.515523910522461,
resnet18,ISIC_0015983,ensemble,model_parameter_randomisation,,nan
resnet18,ISIC_0015983,ensemble,random_logit,0.5823994705451527,
resnet18,ISIC_0015983,ensemble,completeness,,nan
resnet18,ISIC_0015983,ensemble,non_sensitivity,,nan
squeezenet,ISIC_0015983,ensemble,faithfulness_correlation,-0.04803791269659996,
squeezenet,ISIC_0015983,ensemble,pixel_flipping,47.71994400024414,
squeezenet,ISIC_0015983,ensemble,max_sensitivity,1.1548552513122559,
squeezenet,ISIC_0015983,ensemble,avg_sensitivity,1.1405471563339233,
squeezenet,ISIC_0015983,ensemble,relevance_mass_accuracy,0.41700848937034607,
squeezenet,ISIC_0015983,ensemble,pointing_game,0.0,
squeezenet,ISIC_0015983,ensemble,sparseness,0.5726346153065934,
squeezenet,ISIC_0015983,ensemble,complexity,11.327412605285645,
squeezenet,ISIC_0015983,ensemble,model_parameter_randomisation,,nan
squeezenet,ISIC_0015983,ensemble,random_logit,0.5522294566749744,
squeezenet,ISIC_0015983,ensemble,completeness,,nan
squeezenet,ISIC_0015983,ensemble,non_sensitivity,,nan
resnet18,ISIC_0015984,ensemble,faithfulness_correlation,0.2080956995487213,
resnet18,ISIC_0015984,ensemble,pixel_flipping,559.5171508789062,
resnet18,ISIC_0015984,ensemble,max_sensitivity,1.025634527206421,
resnet18,ISIC_0015984,ensemble,avg_sensitivity,1.0193508386611938,
resnet18,ISIC_0015984,ensemble,relevance_mass_accuracy,0.2062249332666397,
resnet18,ISIC_0015984,ensemble,pointing_game,0.0,
resnet18,ISIC_0015984,ensemble,sparseness,0.5073039996861878,
resnet18,ISIC_0015984,ensemble,complexity,11.467765808105469,
resnet18,ISIC_0015984,ensemble,model_parameter_randomisation,,nan
resnet18,ISIC_0015984,ensemble,random_logit,0.6317181589572763,
resnet18,ISIC_0015984,ensemble,completeness,,nan
resnet18,ISIC_0015984,ensemble,non_sensitivity,,nan
squeezenet,ISIC_0015984,ensemble,faithfulness_correlation,0.07224541902542114,
squeezenet,ISIC_0015984,ensemble,pixel_flipping,53.83259963989258,
squeezenet,ISIC_0015984,ensemble,max_sensitivity,1.123892903327942,
squeezenet,ISIC_0015984,ensemble,avg_sensitivity,1.10376136302948,
squeezenet,ISIC_0015984,ensemble,relevance_mass_accuracy,0.15871073305606842,
squeezenet,ISIC_0015984,ensemble,pointing_game,0.0,
squeezenet,ISIC_0015984,ensemble,sparseness,0.5590437739392548,
squeezenet,ISIC_0015984,ensemble,complexity,11.355813980102539,
squeezenet,ISIC_0015984,ensemble,model_parameter_randomisation,,nan
squeezenet,ISIC_0015984,ensemble,random_logit,0.526927529979881,
squeezenet,ISIC_0015984,ensemble,completeness,,nan
squeezenet,ISIC_0015984,ensemble,non_sensitivity,,nan
resnet18,ISIC_0015985,ensemble,faithfulness_correlation,-0.17156462371349335,
resnet18,ISIC_0015985,ensemble,pixel_flipping,536.4744873046875,
resnet18,ISIC_0015985,ensemble,max_sensitivity,1.0619909763336182,
resnet18,ISIC_0015985,ensemble,avg_sensitivity,1.043086338043213,
resnet18,ISIC_0015985,ensemble,relevance_mass_accuracy,0.04846005141735077,
resnet18,ISIC_0015985,ensemble,pointing_game,1.0,
resnet18,ISIC_0015985,ensemble,sparseness,0.5078476843857138,
resnet18,ISIC_0015985,ensemble,complexity,11.44459056854248,
resnet18,ISIC_0015985,ensemble,model_parameter_randomisation,,nan
resnet18,ISIC_0015985,ensemble,random_logit,0.7230347081996574,
resnet18,ISIC_0015985,ensemble,completeness,,nan
resnet18,ISIC_0015985,ensemble,non_sensitivity,,nan
squeezenet,ISIC_0015985,ensemble,faithfulness_correlation,0.39773955941200256,
squeezenet,ISIC_0015985,ensemble,pixel_flipping,360.8455810546875,
squeezenet,ISIC_0015985,ensemble,max_sensitivity,1.1211053133010864,
squeezenet,ISIC_0015985,ensemble,avg_sensitivity,1.109505844116211,
squeezenet,ISIC_0015985,ensemble,relevance_mass_accuracy,0.20568588376045227,
squeezenet,ISIC_0015985,ensemble,pointing_game,1.0,
squeezenet,ISIC_0015985,ensemble,sparseness,0.6726458159208318,
squeezenet,ISIC_0015985,ensemble,complexity,10.98774242401123,
squeezenet,ISIC_0015985,ensemble,model_parameter_randomisation,,nan
squeezenet,ISIC_0015985,ensemble,random_logit,0.9043792880146272,
squeezenet,ISIC_0015985,ensemble,completeness,,nan
squeezenet,ISIC_0015985,ensemble,non_sensitivity,,nan
resnet18,ISIC_0015986,ensemble,faithfulness_correlation,0.11869949847459793,
resnet18,ISIC_0015986,ensemble,pixel_flipping,474.0325927734375,
resnet18,ISIC_0015986,ensemble,max_sensitivity,1.084432601928711,
resnet18,ISIC_0015986,ensemble,avg_sensitivity,1.0611807823181152,
resnet18,ISIC_0015986,ensemble,relevance_mass_accuracy,0.11713811755180359,
resnet18,ISIC_0015986,ensemble,pointing_game,1.0,
resnet18,ISIC_0015986,ensemble,sparseness,0.5384042293080028,
resnet18,ISIC_0015986,ensemble,complexity,11.395689964294434,
resnet18,ISIC_0015986,ensemble,model_parameter_randomisation,,nan
resnet18,ISIC_0015986,ensemble,random_logit,0.630520122255432,
resnet18,ISIC_0015986,ensemble,completeness,,nan
resnet18,ISIC_0015986,ensemble,non_sensitivity,,nan
squeezenet,ISIC_0015986,ensemble,faithfulness_correlation,0.3200291395187378,
squeezenet,ISIC_0015986,ensemble,pixel_flipping,439.14898681640625,
squeezenet,ISIC_0015986,ensemble,max_sensitivity,1.1239933967590332,
squeezenet,ISIC_0015986,ensemble,avg_sensitivity,1.1026697754859924,
squeezenet,ISIC_0015986,ensemble,relevance_mass_accuracy,0.3305732011795044,
squeezenet,ISIC_0015986,ensemble,pointing_game,1.0,
squeezenet,ISIC_0015986,ensemble,sparseness,0.6740756752249754,
squeezenet,ISIC_0015986,ensemble,complexity,10.998319625854492,
squeezenet,ISIC_0015986,ensemble,model_parameter_randomisation,,nan
squeezenet,ISIC_0015986,ensemble,random_logit,0.7810959920364992,
squeezenet,ISIC_0015986,ensemble,completeness,,nan
squeezenet,ISIC_0015986,ensemble,non_sensitivity,,nan
resnet18,ISIC_0015987,ensemble,faithfulness_correlation,0.1772461235523224,
resnet18,ISIC_0015987,ensemble,pixel_flipping,434.4971923828125,
resnet18,ISIC_0015987,ensemble,max_sensitivity,1.0919041633605957,
resnet18,ISIC_0015987,ensemble,avg_sensitivity,1.0634995222091674,
resnet18,ISIC_0015987,ensemble,relevance_mass_accuracy,0.09005782008171082,
resnet18,ISIC_0015987,ensemble,pointing_game,1.0,
resnet18,ISIC_0015987,ensemble,sparseness,0.5492570194674226,
resnet18,ISIC_0015987,ensemble,complexity,11.379478454589844,
resnet18,ISIC_0015987,ensemble,model_parameter_randomisation,,nan
resnet18,ISIC_0015987,ensemble,random_logit,0.5680999329346095,
resnet18,ISIC_0015987,ensemble,completeness,,nan
resnet18,ISIC_0015987,ensemble,non_sensitivity,,nan
squeezenet,ISIC_0015987,ensemble,faithfulness_correlation,0.3123356103897095,
squeezenet,ISIC_0015987,ensemble,pixel_flipping,436.3660583496094,
squeezenet,ISIC_0015987,ensemble,max_sensitivity,1.120291829109192,
squeezenet,ISIC_0015987,ensemble,avg_sensitivity,1.1057505011558533,
squeezenet,ISIC_0015987,ensemble,relevance_mass_accuracy,0.27238333225250244,
squeezenet,ISIC_0015987,ensemble,pointing_game,1.0,
squeezenet,ISIC_0015987,ensemble,sparseness,0.6749946924361402,
squeezenet,ISIC_0015987,ensemble,complexity,10.996809005737305,
squeezenet,ISIC_0015987,ensemble,model_parameter_randomisation,,nan
squeezenet,ISIC_0015987,ensemble,random_logit,0.8045529354714254,
squeezenet,ISIC_0015987,ensemble,completeness,,nan
squeezenet,ISIC_0015987,ensemble,non_sensitivity,,nan
resnet18,ISIC_0015988,ensemble,faithfulness_correlation,0.09775767475366592,
resnet18,ISIC_0015988,ensemble,pixel_flipping,544.6611938476562,
resnet18,ISIC_0015988,ensemble,max_sensitivity,1.0731436014175415,
resnet18,ISIC_0015988,ensemble,avg_sensitivity,1.0499335765838622,
resnet18,ISIC_0015988,ensemble,relevance_mass_accuracy,0.15721553564071655,
resnet18,ISIC_0015988,ensemble,pointing_game,1.0,
resnet18,ISIC_0015988,ensemble,sparseness,0.5326403702828275,
resnet18,ISIC_0015988,ensemble,complexity,11.411463737487793,
resnet18,ISIC_0015988,ensemble,model_parameter_randomisation,,nan
resnet18,ISIC_0015988,ensemble,random_logit,0.5846126243703242,
resnet18,ISIC_0015988,ensemble,completeness,,nan
resnet18,ISIC_0015988,ensemble,non_sensitivity,,nan
squeezenet,ISIC_0015988,ensemble,faithfulness_correlation,0.15121962130069733,
squeezenet,ISIC_0015988,ensemble,pixel_flipping,425.725830078125,
squeezenet,ISIC_0015988,ensemble,max_sensitivity,1.1058763265609741,
squeezenet,ISIC_0015988,ensemble,avg_sensitivity,1.0920201897621156,
squeezenet,ISIC_0015988,ensemble,relevance_mass_accuracy,0.31490933895111084,
squeezenet,ISIC_0015988,ensemble,pointing_game,1.0,
squeezenet,ISIC_0015988,ensemble,sparseness,0.6527318164889523,
squeezenet,ISIC_0015988,ensemble,complexity,11.081313133239746,
squeezenet,ISIC_0015988,ensemble,model_parameter_randomisation,,nan
squeezenet,ISIC_0015988,ensemble,random_logit,0.8365237019976802,
squeezenet,ISIC_0015988,ensemble,completeness,,nan
squeezenet,ISIC_0015988,ensemble,non_sensitivity,,nan
resnet18,ISIC_0015990,ensemble,faithfulness_correlation,-0.021062325686216354,
resnet18,ISIC_0015990,ensemble,pixel_flipping,525.353271484375,
resnet18,ISIC_0015990,ensemble,max_sensitivity,1.097293496131897,
resnet18,ISIC_0015990,ensemble,avg_sensitivity,1.0780670523643494,
resnet18,ISIC_0015990,ensemble,relevance_mass_accuracy,0.19128680229187012,
resnet18,ISIC_0015990,ensemble,pointing_game,0.0,
resnet18,ISIC_0015990,ensemble,sparseness,0.5041468111839065,
resnet18,ISIC_0015990,ensemble,complexity,11.462189674377441,
resnet18,ISIC_0015990,ensemble,model_parameter_randomisation,,nan
resnet18,ISIC_0015990,ensemble,random_logit,0.512945620724222,
resnet18,ISIC_0015990,ensemble,completeness,,nan
resnet18,ISIC_0015990,ensemble,non_sensitivity,,nan
squeezenet,ISIC_0015990,ensemble,faithfulness_correlation,0.2111426293849945,
squeezenet,ISIC_0015990,ensemble,pixel_flipping,369.93048095703125,
squeezenet,ISIC_0015990,ensemble,max_sensitivity,1.1597967147827148,
squeezenet,ISIC_0015990,ensemble,avg_sensitivity,1.112155818939209,
squeezenet,ISIC_0015990,ensemble,relevance_mass_accuracy,0.3967399001121521,
squeezenet,ISIC_0015990,ensemble,pointing_game,1.0,
squeezenet,ISIC_0015990,ensemble,sparseness,0.7005272630931414,
squeezenet,ISIC_0015990,ensemble,complexity,10.893526077270508,
squeezenet,ISIC_0015990,ensemble,model_parameter_randomisation,,nan
squeezenet,ISIC_0015990,ensemble,random_logit,0.9388915954593247,
squeezenet,ISIC_0015990,ensemble,completeness,,nan
squeezenet,ISIC_0015990,ensemble,non_sensitivity,,nan
resnet18,ISIC_0015991,ensemble,faithfulness_correlation,0.1195531040430069,
resnet18,ISIC_0015991,ensemble,pixel_flipping,527.0556640625,
resnet18,ISIC_0015991,ensemble,max_sensitivity,1.076499342918396,
resnet18,ISIC_0015991,ensemble,avg_sensitivity,1.0502728343009948,
resnet18,ISIC_0015991,ensemble,relevance_mass_accuracy,0.09512747079133987,
resnet18,ISIC_0015991,ensemble,pointing_game,0.0,
resnet18,ISIC_0015991,ensemble,sparseness,0.5208470247524244,
resnet18,ISIC_0015991,ensemble,complexity,11.434504508972168,
resnet18,ISIC_0015991,ensemble,model_parameter_randomisation,,nan
resnet18,ISIC_0015991,ensemble,random_logit,0.5928051307095038,
resnet18,ISIC_0015991,ensemble,completeness,,nan
resnet18,ISIC_0015991,ensemble,non_sensitivity,,nan
squeezenet,ISIC_0015991,ensemble,faithfulness_correlation,0.21188010275363922,
squeezenet,ISIC_0015991,ensemble,pixel_flipping,351.2684020996094,
squeezenet,ISIC_0015991,ensemble,max_sensitivity,1.1722650527954102,
squeezenet,ISIC_0015991,ensemble,avg_sensitivity,1.1538185119628905,
squeezenet,ISIC_0015991,ensemble,relevance_mass_accuracy,0.3619661033153534,
squeezenet,ISIC_0015991,ensemble,pointing_game,1.0,
squeezenet,ISIC_0015991,ensemble,sparseness,0.6523486608959056,
squeezenet,ISIC_0015991,ensemble,complexity,11.038816452026367,
squeezenet,ISIC_0015991,ensemble,model_parameter_randomisation,,nan
squeezenet,ISIC_0015991,ensemble,random_logit,0.8920410293716373,
squeezenet,ISIC_0015991,ensemble,completeness,,nan
squeezenet,ISIC_0015991,ensemble,non_sensitivity,,nan
resnet18,ISIC_0015992,ensemble,faithfulness_correlation,0.15672867000102997,
resnet18,ISIC_0015992,ensemble,pixel_flipping,504.13189697265625,
resnet18,ISIC_0015992,ensemble,max_sensitivity,1.0792053937911987,
resnet18,ISIC_0015992,ensemble,avg_sensitivity,1.065009319782257,
resnet18,ISIC_0015992,ensemble,relevance_mass_accuracy,0.07748399674892426,
resnet18,ISIC_0015992,ensemble,pointing_game,0.0,
resnet18,ISIC_0015992,ensemble,sparseness,0.5161824967302092,
resnet18,ISIC_0015992,ensemble,complexity,11.437017440795898,
resnet18,ISIC_0015992,ensemble,model_parameter_randomisation,,nan
resnet18,ISIC_0015992,ensemble,random_logit,0.7185321167943262,
resnet18,ISIC_0015992,ensemble,completeness,,nan
resnet18,ISIC_0015992,ensemble,non_sensitivity,,nan
squeezenet,ISIC_0015992,ensemble,faithfulness_correlation,0.34992849826812744,
squeezenet,ISIC_0015992,ensemble,pixel_flipping,395.09332275390625,
squeezenet,ISIC_0015992,ensemble,max_sensitivity,1.1435915231704712,
squeezenet,ISIC_0015992,ensemble,avg_sensitivity,1.1146470665931703,
squeezenet,ISIC_0015992,ensemble,relevance_mass_accuracy,0.23367848992347717,
squeezenet,ISIC_0015992,ensemble,pointing_game,0.0,
squeezenet,ISIC_0015992,ensemble,sparseness,0.6479630815650168,
squeezenet,ISIC_0015992,ensemble,complexity,11.089465141296387,
squeezenet,ISIC_0015992,ensemble,model_parameter_randomisation,,nan
squeezenet,ISIC_0015992,ensemble,random_logit,0.742733806698009,
squeezenet,ISIC_0015992,ensemble,completeness,,nan
squeezenet,ISIC_0015992,ensemble,non_sensitivity,,nan
resnet18,ISIC_0015993,ensemble,faithfulness_correlation,0.07011009007692337,
resnet18,ISIC_0015993,ensemble,pixel_flipping,504.203125,
resnet18,ISIC_0015993,ensemble,max_sensitivity,1.0783002376556396,
resnet18,ISIC_0015993,ensemble,avg_sensitivity,1.0656185030937195,
resnet18,ISIC_0015993,ensemble,relevance_mass_accuracy,0.06813809275627136,
resnet18,ISIC_0015993,ensemble,pointing_game,0.0,
resnet18,ISIC_0015993,ensemble,sparseness,0.5133245792377297,
resnet18,ISIC_0015993,ensemble,complexity,11.453861236572266,
resnet18,ISIC_0015993,ensemble,model_parameter_randomisation,,nan
resnet18,ISIC_0015993,ensemble,random_logit,0.5432869501569124,
resnet18,ISIC_0015993,ensemble,completeness,,nan
resnet18,ISIC_0015993,ensemble,non_sensitivity,,nan
squeezenet,ISIC_0015993,ensemble,faithfulness_correlation,0.16645149886608124,
squeezenet,ISIC_0015993,ensemble,pixel_flipping,366.81744384765625,
squeezenet,ISIC_0015993,ensemble,max_sensitivity,1.117301106452942,
squeezenet,ISIC_0015993,ensemble,avg_sensitivity,1.0842329025268556,
squeezenet,ISIC_0015993,ensemble,relevance_mass_accuracy,0.2224690020084381,
squeezenet,ISIC_0015993,ensemble,pointing_game,0.0,
squeezenet,ISIC_0015993,ensemble,sparseness,0.6718163570571288,
squeezenet,ISIC_0015993,ensemble,complexity,11.015002250671387,
squeezenet,ISIC_0015993,ensemble,model_parameter_randomisation,,nan
squeezenet,ISIC_0015993,ensemble,random_logit,0.8337185627458795,
squeezenet,ISIC_0015993,ensemble,completeness,,nan
squeezenet,ISIC_0015993,ensemble,non_sensitivity,,nan
resnet18,ISIC_0015995,ensemble,faithfulness_correlation,-0.017285848036408424,
resnet18,ISIC_0015995,ensemble,pixel_flipping,376.85223388671875,
resnet18,ISIC_0015995,ensemble,max_sensitivity,1.1068278551101685,
resnet18,ISIC_0015995,ensemble,avg_sensitivity,1.0897663474082946,
resnet18,ISIC_0015995,ensemble,relevance_mass_accuracy,0.17443731427192688,
resnet18,ISIC_0015995,ensemble,pointing_game,0.0,
resnet18,ISIC_0015995,ensemble,sparseness,0.4994780109748833,
resnet18,ISIC_0015995,ensemble,complexity,11.483173370361328,
resnet18,ISIC_0015995,ensemble,model_parameter_randomisation,,nan
resnet18,ISIC_0015995,ensemble,random_logit,0.6291598177045853,
resnet18,ISIC_0015995,ensemble,completeness,,nan
resnet18,ISIC_0015995,ensemble,non_sensitivity,,nan
squeezenet,ISIC_0015995,ensemble,faithfulness_correlation,0.14291459321975708,
squeezenet,ISIC_0015995,ensemble,pixel_flipping,172.06298828125,
squeezenet,ISIC_0015995,ensemble,max_sensitivity,1.100422978401184,
squeezenet,ISIC_0015995,ensemble,avg_sensitivity,1.084512424468994,
squeezenet,ISIC_0015995,ensemble,relevance_mass_accuracy,0.4608854651451111,
squeezenet,ISIC_0015995,ensemble,pointing_game,1.0,
squeezenet,ISIC_0015995,ensemble,sparseness,0.6771086112684562,
squeezenet,ISIC_0015995,ensemble,complexity,11.009055137634277,
squeezenet,ISIC_0015995,ensemble,model_parameter_randomisation,,nan
squeezenet,ISIC_0015995,ensemble,random_logit,0.892576758538128,
squeezenet,ISIC_0015995,ensemble,completeness,,nan
squeezenet,ISIC_0015995,ensemble,non_sensitivity,,nan
resnet18,ISIC_0015996,ensemble,faithfulness_correlation,-0.0005475105135701597,
resnet18,ISIC_0015996,ensemble,pixel_flipping,307.79339599609375,
resnet18,ISIC_0015996,ensemble,max_sensitivity,1.095086932182312,
resnet18,ISIC_0015996,ensemble,avg_sensitivity,1.0788519382476807,
resnet18,ISIC_0015996,ensemble,relevance_mass_accuracy,0.1366480141878128,
resnet18,ISIC_0015996,ensemble,pointing_game,0.0,
resnet18,ISIC_0015996,ensemble,sparseness,0.5454108734336907,
resnet18,ISIC_0015996,ensemble,complexity,11.38694953918457,
resnet18,ISIC_0015996,ensemble,model_parameter_randomisation,,nan
resnet18,ISIC_0015996,ensemble,random_logit,0.6991135659260522,
resnet18,ISIC_0015996,ensemble,completeness,,nan
resnet18,ISIC_0015996,ensemble,non_sensitivity,,nan
squeezenet,ISIC_0015996,ensemble,faithfulness_correlation,0.3492642939090729,
squeezenet,ISIC_0015996,ensemble,pixel_flipping,460.5340576171875,
squeezenet,ISIC_0015996,ensemble,max_sensitivity,1.1532566547393799,
squeezenet,ISIC_0015996,ensemble,avg_sensitivity,1.1256545543670655,
squeezenet,ISIC_0015996,ensemble,relevance_mass_accuracy,0.3405730426311493,
squeezenet,ISIC_0015996,ensemble,pointing_game,1.0,
squeezenet,ISIC_0015996,ensemble,sparseness,0.6654226623438974,
squeezenet,ISIC_0015996,ensemble,complexity,11.023432731628418,
squeezenet,ISIC_0015996,ensemble,model_parameter_randomisation,,nan
squeezenet,ISIC_0015996,ensemble,random_logit,0.885893858045072,
squeezenet,ISIC_0015996,ensemble,completeness,,nan
squeezenet,ISIC_0015996,ensemble,non_sensitivity,,nan
resnet18,ISIC_0015997,ensemble,faithfulness_correlation,0.21464043855667114,
resnet18,ISIC_0015997,ensemble,pixel_flipping,551.5281372070312,
resnet18,ISIC_0015997,ensemble,max_sensitivity,1.0858547687530518,
resnet18,ISIC_0015997,ensemble,avg_sensitivity,1.0770349621772766,
resnet18,ISIC_0015997,ensemble,relevance_mass_accuracy,0.0977720320224762,
resnet18,ISIC_0015997,ensemble,pointing_game,0.0,
resnet18,ISIC_0015997,ensemble,sparseness,0.5326236032271395,
resnet18,ISIC_0015997,ensemble,complexity,11.404648780822754,
resnet18,ISIC_0015997,ensemble,model_parameter_randomisation,,nan
resnet18,ISIC_0015997,ensemble,random_logit,0.5361003908787442,
resnet18,ISIC_0015997,ensemble,completeness,,nan
resnet18,ISIC_0015997,ensemble,non_sensitivity,,nan
squeezenet,ISIC_0015997,ensemble,faithfulness_correlation,0.3043310344219208,
squeezenet,ISIC_0015997,ensemble,pixel_flipping,384.12078857421875,
squeezenet,ISIC_0015997,ensemble,max_sensitivity,1.1315535306930542,
squeezenet,ISIC_0015997,ensemble,avg_sensitivity,1.1119412302970886,
squeezenet,ISIC_0015997,ensemble,relevance_mass_accuracy,0.27378928661346436,
squeezenet,ISIC_0015997,ensemble,pointing_game,1.0,
squeezenet,ISIC_0015997,ensemble,sparseness,0.6885826203971213,
squeezenet,ISIC_0015997,ensemble,complexity,10.935328483581543,
squeezenet,ISIC_0015997,ensemble,model_parameter_randomisation,,nan
squeezenet,ISIC_0015997,ensemble,random_logit,0.8720774050329291,
squeezenet,ISIC_0015997,ensemble,completeness,,nan
squeezenet,ISIC_0015997,ensemble,non_sensitivity,,nan
resnet18,ISIC_0015999,ensemble,faithfulness_correlation,0.170994833111763,
resnet18,ISIC_0015999,ensemble,pixel_flipping,416.2562561035156,
resnet18,ISIC_0015999,ensemble,max_sensitivity,1.0050342082977295,
resnet18,ISIC_0015999,ensemble,avg_sensitivity,0.9838600039482117,
resnet18,ISIC_0015999,ensemble,relevance_mass_accuracy,0.04098179191350937,
resnet18,ISIC_0015999,ensemble,pointing_game,1.0,
resnet18,ISIC_0015999,ensemble,sparseness,0.5025501969735053,
resnet18,ISIC_0015999,ensemble,complexity,11.441449165344238,
resnet18,ISIC_0015999,ensemble,model_parameter_randomisation,,nan
resnet18,ISIC_0015999,ensemble,random_logit,0.7738195251717191,
resnet18,ISIC_0015999,ensemble,completeness,,nan
resnet18,ISIC_0015999,ensemble,non_sensitivity,,nan
squeezenet,ISIC_0015999,ensemble,faithfulness_correlation,-0.03695296496152878,
squeezenet,ISIC_0015999,ensemble,pixel_flipping,386.3388671875,
squeezenet,ISIC_0015999,ensemble,max_sensitivity,1.0606063604354858,
squeezenet,ISIC_0015999,ensemble,avg_sensitivity,1.0132446110248565,
squeezenet,ISIC_0015999,ensemble,relevance_mass_accuracy,0.16275332868099213,
squeezenet,ISIC_0015999,ensemble,pointing_game,1.0,
squeezenet,ISIC_0015999,ensemble,sparseness,0.7164952793908124,
squeezenet,ISIC_0015999,ensemble,complexity,10.722552299499512,
squeezenet,ISIC_0015999,ensemble,model_parameter_randomisation,,nan
squeezenet,ISIC_0015999,ensemble,random_logit,0.9436239063514966,
squeezenet,ISIC_0015999,ensemble,completeness,,nan
squeezenet,ISIC_0015999,ensemble,non_sensitivity,,nan
resnet18,ISIC_0016000,ensemble,faithfulness_correlation,0.2475263923406601,
resnet18,ISIC_0016000,ensemble,pixel_flipping,464.7648620605469,
resnet18,ISIC_0016000,ensemble,max_sensitivity,1.025306224822998,
resnet18,ISIC_0016000,ensemble,avg_sensitivity,1.013583815097809,
resnet18,ISIC_0016000,ensemble,relevance_mass_accuracy,0.09221701323986053,
resnet18,ISIC_0016000,ensemble,pointing_game,0.0,
resnet18,ISIC_0016000,ensemble,sparseness,0.4607709593320675,
resnet18,ISIC_0016000,ensemble,complexity,11.544156074523926,
resnet18,ISIC_0016000,ensemble,model_parameter_randomisation,,nan
resnet18,ISIC_0016000,ensemble,random_logit,0.6252628392660733,
resnet18,ISIC_0016000,ensemble,completeness,,nan
resnet18,ISIC_0016000,ensemble,non_sensitivity,,nan
squeezenet,ISIC_0016000,ensemble,faithfulness_correlation,0.01566670462489128,
squeezenet,ISIC_0016000,ensemble,pixel_flipping,59.198246002197266,
squeezenet,ISIC_0016000,ensemble,max_sensitivity,1.0267975330352783,
squeezenet,ISIC_0016000,ensemble,avg_sensitivity,0.9868270039558411,
squeezenet,ISIC_0016000,ensemble,relevance_mass_accuracy,0.005248836241662502,
squeezenet,ISIC_0016000,ensemble,pointing_game,0.0,
squeezenet,ISIC_0016000,ensemble,sparseness,0.5931434300664147,
squeezenet,ISIC_0016000,ensemble,complexity,11.265216827392578,
squeezenet,ISIC_0016000,ensemble,model_parameter_randomisation,,nan
squeezenet,ISIC_0016000,ensemble,random_logit,0.5081108413831648,
squeezenet,ISIC_0016000,ensemble,completeness,,nan
squeezenet,ISIC_0016000,ensemble,non_sensitivity,,nan
resnet18,ISIC_0016003,ensemble,faithfulness_correlation,-0.006149329245090485,
resnet18,ISIC_0016003,ensemble,pixel_flipping,536.188720703125,
resnet18,ISIC_0016003,ensemble,max_sensitivity,1.0253602266311646,
resnet18,ISIC_0016003,ensemble,avg_sensitivity,1.0226112961769105,
resnet18,ISIC_0016003,ensemble,relevance_mass_accuracy,0.09220167994499207,
resnet18,ISIC_0016003,ensemble,pointing_game,0.0,
resnet18,ISIC_0016003,ensemble,sparseness,0.5107897487120376,
resnet18,ISIC_0016003,ensemble,complexity,11.453072547912598,
resnet18,ISIC_0016003,ensemble,model_parameter_randomisation,,nan
resnet18,ISIC_0016003,ensemble,random_logit,0.613762322653436,
resnet18,ISIC_0016003,ensemble,completeness,,nan
resnet18,ISIC_0016003,ensemble,non_sensitivity,,nan
squeezenet,ISIC_0016003,ensemble,faithfulness_correlation,0.3081477880477905,
squeezenet,ISIC_0016003,ensemble,pixel_flipping,442.4642028808594,
squeezenet,ISIC_0016003,ensemble,max_sensitivity,1.1048309803009033,
squeezenet,ISIC_0016003,ensemble,avg_sensitivity,1.0811297297477722,
squeezenet,ISIC_0016003,ensemble,relevance_mass_accuracy,0.2930763363838196,
squeezenet,ISIC_0016003,ensemble,pointing_game,0.0,
squeezenet,ISIC_0016003,ensemble,sparseness,0.6941292781038241,
squeezenet,ISIC_0016003,ensemble,complexity,10.947683334350586,
squeezenet,ISIC_0016003,ensemble,model_parameter_randomisation,,nan
squeezenet,ISIC_0016003,ensemble,random_logit,0.8030619556732521,
squeezenet,ISIC_0016003,ensemble,completeness,,nan
squeezenet,ISIC_0016003,ensemble,non_sensitivity,,nan
resnet18,ISIC_0016004,ensemble,faithfulness_correlation,0.14689910411834717,
resnet18,ISIC_0016004,ensemble,pixel_flipping,483.75152587890625,
resnet18,ISIC_0016004,ensemble,max_sensitivity,1.0851858854293823,
resnet18,ISIC_0016004,ensemble,avg_sensitivity,1.0635253548622132,
resnet18,ISIC_0016004,ensemble,relevance_mass_accuracy,0.151784747838974,
resnet18,ISIC_0016004,ensemble,pointing_game,0.0,
resnet18,ISIC_0016004,ensemble,sparseness,0.5381956368810603,
resnet18,ISIC_0016004,ensemble,complexity,11.397747993469238,
resnet18,ISIC_0016004,ensemble,model_parameter_randomisation,,nan
resnet18,ISIC_0016004,ensemble,random_logit,0.6300389399856678,
resnet18,ISIC_0016004,ensemble,completeness,,nan
resnet18,ISIC_0016004,ensemble,non_sensitivity,,nan
squeezenet,ISIC_0016004,ensemble,faithfulness_correlation,0.2437497079372406,
squeezenet,ISIC_0016004,ensemble,pixel_flipping,166.9210205078125,
squeezenet,ISIC_0016004,ensemble,max_sensitivity,1.1233155727386475,
squeezenet,ISIC_0016004,ensemble,avg_sensitivity,1.080398178100586,
squeezenet,ISIC_0016004,ensemble,relevance_mass_accuracy,0.37158986926078796,
squeezenet,ISIC_0016004,ensemble,pointing_game,1.0,
squeezenet,ISIC_0016004,ensemble,sparseness,0.69920738902067,
squeezenet,ISIC_0016004,ensemble,complexity,10.929166793823242,
squeezenet,ISIC_0016004,ensemble,model_parameter_randomisation,,nan
squeezenet,ISIC_0016004,ensemble,random_logit,0.9118769785812927,
squeezenet,ISIC_0016004,ensemble,completeness,,nan
squeezenet,ISIC_0016004,ensemble,non_sensitivity,,nan
resnet18,ISIC_0016005,ensemble,faithfulness_correlation,0.26184794306755066,
resnet18,ISIC_0016005,ensemble,pixel_flipping,569.61865234375,
resnet18,ISIC_0016005,ensemble,max_sensitivity,1.0512187480926514,
resnet18,ISIC_0016005,ensemble,avg_sensitivity,1.0395108103752135,
resnet18,ISIC_0016005,ensemble,relevance_mass_accuracy,0.35151413083076477,
resnet18,ISIC_0016005,ensemble,pointing_game,0.0,
resnet18,ISIC_0016005,ensemble,sparseness,0.5474010067699194,
resnet18,ISIC_0016005,ensemble,complexity,11.388202667236328,
resnet18,ISIC_0016005,ensemble,model_parameter_randomisation,,nan
resnet18,ISIC_0016005,ensemble,random_logit,0.537366607098273,
resnet18,ISIC_0016005,ensemble,completeness,,nan
resnet18,ISIC_0016005,ensemble,non_sensitivity,,nan
squeezenet,ISIC_0016005,ensemble,faithfulness_correlation,0.26509442925453186,
squeezenet,ISIC_0016005,ensemble,pixel_flipping,178.5155792236328,
squeezenet,ISIC_0016005,ensemble,max_sensitivity,1.1009784936904907,
squeezenet,ISIC_0016005,ensemble,avg_sensitivity,1.0989776730537415,
squeezenet,ISIC_0016005,ensemble,relevance_mass_accuracy,0.6706398129463196,
squeezenet,ISIC_0016005,ensemble,pointing_game,0.0,
squeezenet,ISIC_0016005,ensemble,sparseness,0.6706234248448183,
squeezenet,ISIC_0016005,ensemble,complexity,11.025445938110352,
squeezenet,ISIC_0016005,ensemble,model_parameter_randomisation,,nan
squeezenet,ISIC_0016005,ensemble,random_logit,0.7560681589888233,
squeezenet,ISIC_0016005,ensemble,completeness,,nan
squeezenet,ISIC_0016005,ensemble,non_sensitivity,,nan
resnet18,ISIC_0016006,ensemble,faithfulness_correlation,0.09166912734508514,
resnet18,ISIC_0016006,ensemble,pixel_flipping,482.1127014160156,
resnet18,ISIC_0016006,ensemble,max_sensitivity,0.9793257713317871,
resnet18,ISIC_0016006,ensemble,avg_sensitivity,0.9627833724021911,
resnet18,ISIC_0016006,ensemble,relevance_mass_accuracy,0.1699959635734558,
resnet18,ISIC_0016006,ensemble,pointing_game,0.0,
resnet18,ISIC_0016006,ensemble,sparseness,0.563495989251284,
resnet18,ISIC_0016006,ensemble,complexity,11.335334777832031,
resnet18,ISIC_0016006,ensemble,model_parameter_randomisation,,nan
resnet18,ISIC_0016006,ensemble,random_logit,0.6452016982931724,
resnet18,ISIC_0016006,ensemble,completeness,,nan
resnet18,ISIC_0016006,ensemble,non_sensitivity,,nan
squeezenet,ISIC_0016006,ensemble,faithfulness_correlation,0.28688710927963257,
squeezenet,ISIC_0016006,ensemble,pixel_flipping,254.78765869140625,
squeezenet,ISIC_0016006,ensemble,max_sensitivity,0.9962729811668396,
squeezenet,ISIC_0016006,ensemble,avg_sensitivity,0.959731501340866,
squeezenet,ISIC_0016006,ensemble,relevance_mass_accuracy,0.5823096632957458,
squeezenet,ISIC_0016006,ensemble,pointing_game,1.0,
squeezenet,ISIC_0016006,ensemble,sparseness,0.7461861057899675,
squeezenet,ISIC_0016006,ensemble,complexity,10.658565521240234,
squeezenet,ISIC_0016006,ensemble,model_parameter_randomisation,,nan
squeezenet,ISIC_0016006,ensemble,random_logit,0.9307639155233053,
squeezenet,ISIC_0016006,ensemble,completeness,,nan
squeezenet,ISIC_0016006,ensemble,non_sensitivity,,nan
resnet18,ISIC_0016007,ensemble,faithfulness_correlation,0.06747525185346603,
resnet18,ISIC_0016007,ensemble,pixel_flipping,482.96307373046875,
resnet18,ISIC_0016007,ensemble,max_sensitivity,1.0971142053604126,
resnet18,ISIC_0016007,ensemble,avg_sensitivity,1.0728593945503235,
resnet18,ISIC_0016007,ensemble,relevance_mass_accuracy,0.15997591614723206,
resnet18,ISIC_0016007,ensemble,pointing_game,0.0,
resnet18,ISIC_0016007,ensemble,sparseness,0.562772502187633,
resnet18,ISIC_0016007,ensemble,complexity,11.319697380065918,
resnet18,ISIC_0016007,ensemble,model_parameter_randomisation,,nan
resnet18,ISIC_0016007,ensemble,random_logit,0.7540147576658704,
resnet18,ISIC_0016007,ensemble,completeness,,nan
resnet18,ISIC_0016007,ensemble,non_sensitivity,,nan
squeezenet,ISIC_0016007,ensemble,faithfulness_correlation,0.01648695394396782,
squeezenet,ISIC_0016007,ensemble,pixel_flipping,290.64788818359375,
squeezenet,ISIC_0016007,ensemble,max_sensitivity,1.1299874782562256,
squeezenet,ISIC_0016007,ensemble,avg_sensitivity,1.0945014595985412,
squeezenet,ISIC_0016007,ensemble,relevance_mass_accuracy,0.339185893535614,
squeezenet,ISIC_0016007,ensemble,pointing_game,1.0,
squeezenet,ISIC_0016007,ensemble,sparseness,0.6803874500894882,
squeezenet,ISIC_0016007,ensemble,complexity,10.919062614440918,
squeezenet,ISIC_0016007,ensemble,model_parameter_randomisation,,nan
squeezenet,ISIC_0016007,ensemble,random_logit,0.8941540412290276,
squeezenet,ISIC_0016007,ensemble,completeness,,nan
squeezenet,ISIC_0016007,ensemble,non_sensitivity,,nan
resnet18,ISIC_0016008,ensemble,faithfulness_correlation,0.03323100507259369,
resnet18,ISIC_0016008,ensemble,pixel_flipping,130.98280334472656,
resnet18,ISIC_0016008,ensemble,max_sensitivity,1.24117910861969,
resnet18,ISIC_0016008,ensemble,avg_sensitivity,1.2037551999092102,
resnet18,ISIC_0016008,ensemble,relevance_mass_accuracy,0.2828165888786316,
resnet18,ISIC_0016008,ensemble,pointing_game,0.0,
resnet18,ISIC_0016008,ensemble,sparseness,0.49012320438101376,
resnet18,ISIC_0016008,ensemble,complexity,11.504488945007324,
resnet18,ISIC_0016008,ensemble,model_parameter_randomisation,,nan
resnet18,ISIC_0016008,ensemble,random_logit,0.5045136686111888,
resnet18,ISIC_0016008,ensemble,completeness,,nan
resnet18,ISIC_0016008,ensemble,non_sensitivity,,nan
squeezenet,ISIC_0016008,ensemble,faithfulness_correlation,0.1987839639186859,
squeezenet,ISIC_0016008,ensemble,pixel_flipping,183.63339233398438,
squeezenet,ISIC_0016008,ensemble,max_sensitivity,1.143714427947998,
squeezenet,ISIC_0016008,ensemble,avg_sensitivity,1.117471194267273,
squeezenet,ISIC_0016008,ensemble,relevance_mass_accuracy,0.6568960547447205,
squeezenet,ISIC_0016008,ensemble,pointing_game,1.0,
squeezenet,ISIC_0016008,ensemble,sparseness,0.6371058487740932,
squeezenet,ISIC_0016008,ensemble,complexity,11.133041381835938,
squeezenet,ISIC_0016008,ensemble,model_parameter_randomisation,,nan
squeezenet,ISIC_0016008,ensemble,random_logit,0.8239616033994849,
squeezenet,ISIC_0016008,ensemble,completeness,,nan
squeezenet,ISIC_0016008,ensemble,non_sensitivity,,nan
resnet18,ISIC_0016009,ensemble,faithfulness_correlation,-0.034374088048934937,
resnet18,ISIC_0016009,ensemble,pixel_flipping,599.435302734375,
resnet18,ISIC_0016009,ensemble,max_sensitivity,1.0312525033950806,
resnet18,ISIC_0016009,ensemble,avg_sensitivity,1.0207780480384827,
resnet18,ISIC_0016009,ensemble,relevance_mass_accuracy,0.1425420641899109,
resnet18,ISIC_0016009,ensemble,pointing_game,0.0,
resnet18,ISIC_0016009,ensemble,sparseness,0.5034079537015467,
resnet18,ISIC_0016009,ensemble,complexity,11.477246284484863,
resnet18,ISIC_0016009,ensemble,model_parameter_randomisation,,nan
resnet18,ISIC_0016009,ensemble,random_logit,0.4939059454486906,
resnet18,ISIC_0016009,ensemble,completeness,,nan
resnet18,ISIC_0016009,ensemble,non_sensitivity,,nan
squeezenet,ISIC_0016009,ensemble,faithfulness_correlation,0.2864936590194702,
squeezenet,ISIC_0016009,ensemble,pixel_flipping,450.95751953125,
squeezenet,ISIC_0016009,ensemble,max_sensitivity,1.1021437644958496,
squeezenet,ISIC_0016009,ensemble,avg_sensitivity,1.093593168258667,
squeezenet,ISIC_0016009,ensemble,relevance_mass_accuracy,0.3916771411895752,
squeezenet,ISIC_0016009,ensemble,pointing_game,1.0,
squeezenet,ISIC_0016009,ensemble,sparseness,0.6502457937537218,
squeezenet,ISIC_0016009,ensemble,complexity,11.087895393371582,
squeezenet,ISIC_0016009,ensemble,model_parameter_randomisation,,nan
squeezenet,ISIC_0016009,ensemble,random_logit,0.7152397802536457,
squeezenet,ISIC_0016009,ensemble,completeness,,nan
squeezenet,ISIC_0016009,ensemble,non_sensitivity,,nan
resnet18,ISIC_0016011,ensemble,faithfulness_correlation,-0.016598304733633995,
resnet18,ISIC_0016011,ensemble,pixel_flipping,22.519655227661133,
resnet18,ISIC_0016011,ensemble,max_sensitivity,1.028681993484497,
resnet18,ISIC_0016011,ensemble,avg_sensitivity,1.0041551351547242,
resnet18,ISIC_0016011,ensemble,relevance_mass_accuracy,0.023180263116955757,
resnet18,ISIC_0016011,ensemble,pointing_game,0.0,
resnet18,ISIC_0016011,ensemble,sparseness,0.4814674963081782,
resnet18,ISIC_0016011,ensemble,complexity,11.512441635131836,
resnet18,ISIC_0016011,ensemble,model_parameter_randomisation,,nan
resnet18,ISIC_0016011,ensemble,random_logit,0.6851120256640273,
resnet18,ISIC_0016011,ensemble,completeness,,nan
resnet18,ISIC_0016011,ensemble,non_sensitivity,,nan
squeezenet,ISIC_0016011,ensemble,faithfulness_correlation,0.1506992131471634,
squeezenet,ISIC_0016011,ensemble,pixel_flipping,55.21517562866211,
squeezenet,ISIC_0016011,ensemble,max_sensitivity,1.0694979429244995,
squeezenet,ISIC_0016011,ensemble,avg_sensitivity,1.060943365097046,
squeezenet,ISIC_0016011,ensemble,relevance_mass_accuracy,-0.0005134503007866442,
squeezenet,ISIC_0016011,ensemble,pointing_game,0.0,
squeezenet,ISIC_0016011,ensemble,sparseness,0.556484290775374,
squeezenet,ISIC_0016011,ensemble,complexity,11.347750663757324,
squeezenet,ISIC_0016011,ensemble,model_parameter_randomisation,,nan
squeezenet,ISIC_0016011,ensemble,random_logit,0.6202908398119318,
squeezenet,ISIC_0016011,ensemble,completeness,,nan
squeezenet,ISIC_0016011,ensemble,non_sensitivity,,nan
resnet18,ISIC_0016012,ensemble,faithfulness_correlation,0.18177711963653564,
resnet18,ISIC_0016012,ensemble,pixel_flipping,400.13677978515625,
resnet18,ISIC_0016012,ensemble,max_sensitivity,1.021782398223877,
resnet18,ISIC_0016012,ensemble,avg_sensitivity,1.0113427639007568,
resnet18,ISIC_0016012,ensemble,relevance_mass_accuracy,0.06614640355110168,
resnet18,ISIC_0016012,ensemble,pointing_game,1.0,
resnet18,ISIC_0016012,ensemble,sparseness,0.49322781719591713,
resnet18,ISIC_0016012,ensemble,complexity,11.475021362304688,
resnet18,ISIC_0016012,ensemble,model_parameter_randomisation,,nan
resnet18,ISIC_0016012,ensemble,random_logit,0.6361820860662214,
resnet18,ISIC_0016012,ensemble,completeness,,nan
resnet18,ISIC_0016012,ensemble,non_sensitivity,,nan
squeezenet,ISIC_0016012,ensemble,faithfulness_correlation,0.20961444079875946,
squeezenet,ISIC_0016012,ensemble,pixel_flipping,528.743896484375,
squeezenet,ISIC_0016012,ensemble,max_sensitivity,1.1202597618103027,
squeezenet,ISIC_0016012,ensemble,avg_sensitivity,1.069785726070404,
squeezenet,ISIC_0016012,ensemble,relevance_mass_accuracy,0.2674751281738281,
squeezenet,ISIC_0016012,ensemble,pointing_game,1.0,
squeezenet,ISIC_0016012,ensemble,sparseness,0.6868849308239827,
squeezenet,ISIC_0016012,ensemble,complexity,10.906852722167969,
squeezenet,ISIC_0016012,ensemble,model_parameter_randomisation,,nan
squeezenet,ISIC_0016012,ensemble,random_logit,0.8969258599670975,
squeezenet,ISIC_0016012,ensemble,completeness,,nan
squeezenet,ISIC_0016012,ensemble,non_sensitivity,,nan
resnet18,ISIC_0016014,ensemble,faithfulness_correlation,0.0024424525909125805,
resnet18,ISIC_0016014,ensemble,pixel_flipping,481.67803955078125,
resnet18,ISIC_0016014,ensemble,max_sensitivity,1.0884289741516113,
resnet18,ISIC_0016014,ensemble,avg_sensitivity,1.0835920691490173,
resnet18,ISIC_0016014,ensemble,relevance_mass_accuracy,0.10947400331497192,
resnet18,ISIC_0016014,ensemble,pointing_game,0.0,
resnet18,ISIC_0016014,ensemble,sparseness,0.5021172856488316,
resnet18,ISIC_0016014,ensemble,complexity,11.482366561889648,
resnet18,ISIC_0016014,ensemble,model_parameter_randomisation,,nan
resnet18,ISIC_0016014,ensemble,random_logit,0.5069776498975932,
resnet18,ISIC_0016014,ensemble,completeness,,nan
resnet18,ISIC_0016014,ensemble,non_sensitivity,,nan
squeezenet,ISIC_0016014,ensemble,faithfulness_correlation,0.2846882939338684,
squeezenet,ISIC_0016014,ensemble,pixel_flipping,454.5213317871094,
squeezenet,ISIC_0016014,ensemble,max_sensitivity,1.1373902559280396,
squeezenet,ISIC_0016014,ensemble,avg_sensitivity,1.1243360757827758,
squeezenet,ISIC_0016014,ensemble,relevance_mass_accuracy,0.297027051448822,
squeezenet,ISIC_0016014,ensemble,pointing_game,0.0,
squeezenet,ISIC_0016014,ensemble,sparseness,0.6526633765453124,
squeezenet,ISIC_0016014,ensemble,complexity,11.086091041564941,
squeezenet,ISIC_0016014,ensemble,model_parameter_randomisation,,nan
squeezenet,ISIC_0016014,ensemble,random_logit,0.7811571638994284,
squeezenet,ISIC_0016014,ensemble,completeness,,nan
squeezenet,ISIC_0016014,ensemble,non_sensitivity,,nan
resnet18,ISIC_0016015,ensemble,faithfulness_correlation,0.15794536471366882,
resnet18,ISIC_0016015,ensemble,pixel_flipping,538.5248413085938,
resnet18,ISIC_0016015,ensemble,max_sensitivity,1.0409411191940308,
resnet18,ISIC_0016015,ensemble,avg_sensitivity,1.02653169631958,
resnet18,ISIC_0016015,ensemble,relevance_mass_accuracy,0.1747494786977768,
resnet18,ISIC_0016015,ensemble,pointing_game,0.0,
resnet18,ISIC_0016015,ensemble,sparseness,0.5035736027231087,
resnet18,ISIC_0016015,ensemble,complexity,11.473563194274902,
resnet18,ISIC_0016015,ensemble,model_parameter_randomisation,,nan
resnet18,ISIC_0016015,ensemble,random_logit,0.5378334019493575,
resnet18,ISIC_0016015,ensemble,completeness,,nan
resnet18,ISIC_0016015,ensemble,non_sensitivity,,nan
squeezenet,ISIC_0016015,ensemble,faithfulness_correlation,0.22301170229911804,
squeezenet,ISIC_0016015,ensemble,pixel_flipping,446.0893859863281,
squeezenet,ISIC_0016015,ensemble,max_sensitivity,1.09958016872406,
squeezenet,ISIC_0016015,ensemble,avg_sensitivity,1.068198835849762,
squeezenet,ISIC_0016015,ensemble,relevance_mass_accuracy,0.4933529794216156,
squeezenet,ISIC_0016015,ensemble,pointing_game,1.0,
squeezenet,ISIC_0016015,ensemble,sparseness,0.6933034983286842,
squeezenet,ISIC_0016015,ensemble,complexity,10.865988731384277,
squeezenet,ISIC_0016015,ensemble,model_parameter_randomisation,,nan
squeezenet,ISIC_0016015,ensemble,random_logit,0.9204924893293197,
squeezenet,ISIC_0016015,ensemble,completeness,,nan
squeezenet,ISIC_0016015,ensemble,non_sensitivity,,nan
resnet18,ISIC_0016016,ensemble,faithfulness_correlation,-0.04115740954875946,
resnet18,ISIC_0016016,ensemble,pixel_flipping,484.51470947265625,
resnet18,ISIC_0016016,ensemble,max_sensitivity,1.1216413974761963,
resnet18,ISIC_0016016,ensemble,avg_sensitivity,1.0822312235832214,
resnet18,ISIC_0016016,ensemble,relevance_mass_accuracy,0.35611972212791443,
resnet18,ISIC_0016016,ensemble,pointing_game,0.0,
resnet18,ISIC_0016016,ensemble,sparseness,0.5102315979621461,
resnet18,ISIC_0016016,ensemble,complexity,11.467215538024902,
resnet18,ISIC_0016016,ensemble,model_parameter_randomisation,,nan
resnet18,ISIC_0016016,ensemble,random_logit,0.5273116981828582,
resnet18,ISIC_0016016,ensemble,completeness,,nan
resnet18,ISIC_0016016,ensemble,non_sensitivity,,nan
squeezenet,ISIC_0016016,ensemble,faithfulness_correlation,0.2603599727153778,
squeezenet,ISIC_0016016,ensemble,pixel_flipping,229.44659423828125,
squeezenet,ISIC_0016016,ensemble,max_sensitivity,1.177675724029541,
squeezenet,ISIC_0016016,ensemble,avg_sensitivity,1.160013246536255,
squeezenet,ISIC_0016016,ensemble,relevance_mass_accuracy,0.28938695788383484,
squeezenet,ISIC_0016016,ensemble,pointing_game,1.0,
squeezenet,ISIC_0016016,ensemble,sparseness,0.5778109392392861,
squeezenet,ISIC_0016016,ensemble,complexity,11.287817001342773,
squeezenet,ISIC_0016016,ensemble,model_parameter_randomisation,,nan
squeezenet,ISIC_0016016,ensemble,random_logit,0.845099398245602,
squeezenet,ISIC_0016016,ensemble,completeness,,nan
squeezenet,ISIC_0016016,ensemble,non_sensitivity,,nan
resnet18,ISIC_0016017,ensemble,faithfulness_correlation,-0.06400175392627716,
resnet18,ISIC_0016017,ensemble,pixel_flipping,477.688232421875,
resnet18,ISIC_0016017,ensemble,max_sensitivity,1.097037434577942,
resnet18,ISIC_0016017,ensemble,avg_sensitivity,1.089916217327118,
resnet18,ISIC_0016017,ensemble,relevance_mass_accuracy,0.06657347828149796,
resnet18,ISIC_0016017,ensemble,pointing_game,0.0,
resnet18,ISIC_0016017,ensemble,sparseness,0.5199115115056766,
resnet18,ISIC_0016017,ensemble,complexity,11.437355995178223,
resnet18,ISIC_0016017,ensemble,model_parameter_randomisation,,nan
resnet18,ISIC_0016017,ensemble,random_logit,0.482680884244899,
resnet18,ISIC_0016017,ensemble,completeness,,nan
resnet18,ISIC_0016017,ensemble,non_sensitivity,,nan
squeezenet,ISIC_0016017,ensemble,faithfulness_correlation,0.2622164487838745,
squeezenet,ISIC_0016017,ensemble,pixel_flipping,465.8598937988281,
squeezenet,ISIC_0016017,ensemble,max_sensitivity,1.1389031410217285,
squeezenet,ISIC_0016017,ensemble,avg_sensitivity,1.1142786860466003,
squeezenet,ISIC_0016017,ensemble,relevance_mass_accuracy,0.1734953224658966,
squeezenet,ISIC_0016017,ensemble,pointing_game,1.0,
squeezenet,ISIC_0016017,ensemble,sparseness,0.6512924169840921,
squeezenet,ISIC_0016017,ensemble,complexity,11.079867362976074,
squeezenet,ISIC_0016017,ensemble,model_parameter_randomisation,,nan
squeezenet,ISIC_0016017,ensemble,random_logit,0.8330617295959336,
squeezenet,ISIC_0016017,ensemble,completeness,,nan
squeezenet,ISIC_0016017,ensemble,non_sensitivity,,nan
resnet18,ISIC_0016018,ensemble,faithfulness_correlation,0.09489408135414124,
resnet18,ISIC_0016018,ensemble,pixel_flipping,559.68408203125,
resnet18,ISIC_0016018,ensemble,max_sensitivity,1.029496431350708,
resnet18,ISIC_0016018,ensemble,avg_sensitivity,1.0183856666088105,
resnet18,ISIC_0016018,ensemble,relevance_mass_accuracy,0.06534551084041595,
resnet18,ISIC_0016018,ensemble,pointing_game,1.0,
resnet18,ISIC_0016018,ensemble,sparseness,0.4967933734164796,
resnet18,ISIC_0016018,ensemble,complexity,11.460376739501953,
resnet18,ISIC_0016018,ensemble,model_parameter_randomisation,,nan
resnet18,ISIC_0016018,ensemble,random_logit,0.7469054919294105,
resnet18,ISIC_0016018,ensemble,completeness,,nan
resnet18,ISIC_0016018,ensemble,non_sensitivity,,nan
squeezenet,ISIC_0016018,ensemble,faithfulness_correlation,0.355410099029541,
squeezenet,ISIC_0016018,ensemble,pixel_flipping,258.5328063964844,
squeezenet,ISIC_0016018,ensemble,max_sensitivity,1.0839482545852661,
squeezenet,ISIC_0016018,ensemble,avg_sensitivity,1.0833049893379212,
squeezenet,ISIC_0016018,ensemble,relevance_mass_accuracy,0.281791627407074,
squeezenet,ISIC_0016018,ensemble,pointing_game,1.0,
squeezenet,ISIC_0016018,ensemble,sparseness,0.6845715438198058,
squeezenet,ISIC_0016018,ensemble,complexity,10.869161605834961,
squeezenet,ISIC_0016018,ensemble,model_parameter_randomisation,,nan
squeezenet,ISIC_0016018,ensemble,random_logit,0.9353241318927619,
squeezenet,ISIC_0016018,ensemble,completeness,,nan
squeezenet,ISIC_0016018,ensemble,non_sensitivity,,nan
resnet18,ISIC_0016019,ensemble,faithfulness_correlation,-0.08805903792381287,
resnet18,ISIC_0016019,ensemble,pixel_flipping,38.71510696411133,
resnet18,ISIC_0016019,ensemble,max_sensitivity,1.0440778732299805,
resnet18,ISIC_0016019,ensemble,avg_sensitivity,1.021575790643692,
resnet18,ISIC_0016019,ensemble,relevance_mass_accuracy,0.04927782714366913,
resnet18,ISIC_0016019,ensemble,pointing_game,0.0,
resnet18,ISIC_0016019,ensemble,sparseness,0.45774159231868267,
resnet18,ISIC_0016019,ensemble,complexity,11.548011779785156,
resnet18,ISIC_0016019,ensemble,model_parameter_randomisation,,nan
resnet18,ISIC_0016019,ensemble,random_logit,0.7424792440881223,
resnet18,ISIC_0016019,ensemble,completeness,,nan
resnet18,ISIC_0016019,ensemble,non_sensitivity,,nan
squeezenet,ISIC_0016019,ensemble,faithfulness_correlation,0.06929885596036911,
squeezenet,ISIC_0016019,ensemble,pixel_flipping,52.275779724121094,
squeezenet,ISIC_0016019,ensemble,max_sensitivity,1.0210442543029785,
squeezenet,ISIC_0016019,ensemble,avg_sensitivity,0.9896034479141236,
squeezenet,ISIC_0016019,ensemble,relevance_mass_accuracy,0.025965483859181404,
squeezenet,ISIC_0016019,ensemble,pointing_game,0.0,
squeezenet,ISIC_0016019,ensemble,sparseness,0.5325952871101773,
squeezenet,ISIC_0016019,ensemble,complexity,11.407730102539062,
squeezenet,ISIC_0016019,ensemble,model_parameter_randomisation,,nan
squeezenet,ISIC_0016019,ensemble,random_logit,0.4490608797035763,
squeezenet,ISIC_0016019,ensemble,completeness,,nan
squeezenet,ISIC_0016019,ensemble,non_sensitivity,,nan
resnet18,ISIC_0016022,ensemble,faithfulness_correlation,-0.01281455997377634,
resnet18,ISIC_0016022,ensemble,pixel_flipping,464.9050598144531,
resnet18,ISIC_0016022,ensemble,max_sensitivity,1.0721501111984253,
resnet18,ISIC_0016022,ensemble,avg_sensitivity,1.0547255754470826,
resnet18,ISIC_0016022,ensemble,relevance_mass_accuracy,0.07656554132699966,
resnet18,ISIC_0016022,ensemble,pointing_game,1.0,
resnet18,ISIC_0016022,ensemble,sparseness,0.49233054394094333,
resnet18,ISIC_0016022,ensemble,complexity,11.485124588012695,
resnet18,ISIC_0016022,ensemble,model_parameter_randomisation,,nan
resnet18,ISIC_0016022,ensemble,random_logit,0.6093149329560977,
resnet18,ISIC_0016022,ensemble,completeness,,nan
resnet18,ISIC_0016022,ensemble,non_sensitivity,,nan
squeezenet,ISIC_0016022,ensemble,faithfulness_correlation,0.20051148533821106,
squeezenet,ISIC_0016022,ensemble,pixel_flipping,425.6217041015625,
squeezenet,ISIC_0016022,ensemble,max_sensitivity,1.085362434387207,
squeezenet,ISIC_0016022,ensemble,avg_sensitivity,1.0632753491401672,
squeezenet,ISIC_0016022,ensemble,relevance_mass_accuracy,0.21159116923809052,
squeezenet,ISIC_0016022,ensemble,pointing_game,1.0,
squeezenet,ISIC_0016022,ensemble,sparseness,0.6785603009287822,
squeezenet,ISIC_0016022,ensemble,complexity,10.976337432861328,
squeezenet,ISIC_0016022,ensemble,model_parameter_randomisation,,nan
squeezenet,ISIC_0016022,ensemble,random_logit,0.8896328884705963,
squeezenet,ISIC_0016022,ensemble,completeness,,nan
squeezenet,ISIC_0016022,ensemble,non_sensitivity,,nan
resnet18,ISIC_0016026,ensemble,faithfulness_correlation,0.08993438631296158,
resnet18,ISIC_0016026,ensemble,pixel_flipping,490.224853515625,
resnet18,ISIC_0016026,ensemble,max_sensitivity,1.062601923942566,
resnet18,ISIC_0016026,ensemble,avg_sensitivity,1.0354119420051575,
resnet18,ISIC_0016026,ensemble,relevance_mass_accuracy,0.0703575611114502,
resnet18,ISIC_0016026,ensemble,pointing_game,1.0,
resnet18,ISIC_0016026,ensemble,sparseness,0.5475322908102095,
resnet18,ISIC_0016026,ensemble,complexity,11.374838829040527,
resnet18,ISIC_0016026,ensemble,model_parameter_randomisation,,nan
resnet18,ISIC_0016026,ensemble,random_logit,0.6682435929866181,
resnet18,ISIC_0016026,ensemble,completeness,,nan
resnet18,ISIC_0016026,ensemble,non_sensitivity,,nan
squeezenet,ISIC_0016026,ensemble,faithfulness_correlation,0.3160913288593292,
squeezenet,ISIC_0016026,ensemble,pixel_flipping,143.80645751953125,
squeezenet,ISIC_0016026,ensemble,max_sensitivity,1.0816148519515991,
squeezenet,ISIC_0016026,ensemble,avg_sensitivity,1.0703317642211914,
squeezenet,ISIC_0016026,ensemble,relevance_mass_accuracy,0.22536513209342957,
squeezenet,ISIC_0016026,ensemble,pointing_game,1.0,
squeezenet,ISIC_0016026,ensemble,sparseness,0.7302859680980563,
squeezenet,ISIC_0016026,ensemble,complexity,10.741354942321777,
squeezenet,ISIC_0016026,ensemble,model_parameter_randomisation,,nan
squeezenet,ISIC_0016026,ensemble,random_logit,0.9039919794288662,
squeezenet,ISIC_0016026,ensemble,completeness,,nan
squeezenet,ISIC_0016026,ensemble,non_sensitivity,,nan
resnet18,ISIC_0016027,ensemble,faithfulness_correlation,0.14728577435016632,
resnet18,ISIC_0016027,ensemble,pixel_flipping,545.583740234375,
resnet18,ISIC_0016027,ensemble,max_sensitivity,1.0588688850402832,
resnet18,ISIC_0016027,ensemble,avg_sensitivity,1.0509214520454406,
resnet18,ISIC_0016027,ensemble,relevance_mass_accuracy,0.03602089732885361,
resnet18,ISIC_0016027,ensemble,pointing_game,1.0,
resnet18,ISIC_0016027,ensemble,sparseness,0.5356761173958136,
resnet18,ISIC_0016027,ensemble,complexity,11.39608097076416,
resnet18,ISIC_0016027,ensemble,model_parameter_randomisation,,nan
resnet18,ISIC_0016027,ensemble,random_logit,0.6772346241581059,
resnet18,ISIC_0016027,ensemble,completeness,,nan
resnet18,ISIC_0016027,ensemble,non_sensitivity,,nan
squeezenet,ISIC_0016027,ensemble,faithfulness_correlation,-0.05421553552150726,
squeezenet,ISIC_0016027,ensemble,pixel_flipping,27.410886764526367,
squeezenet,ISIC_0016027,ensemble,max_sensitivity,1.1727807521820068,
squeezenet,ISIC_0016027,ensemble,avg_sensitivity,1.1561120986938476,
squeezenet,ISIC_0016027,ensemble,relevance_mass_accuracy,-0.003768827999010682,
squeezenet,ISIC_0016027,ensemble,pointing_game,0.0,
squeezenet,ISIC_0016027,ensemble,sparseness,0.5774224060388045,
squeezenet,ISIC_0016027,ensemble,complexity,11.304954528808594,
squeezenet,ISIC_0016027,ensemble,model_parameter_randomisation,,nan
squeezenet,ISIC_0016027,ensemble,random_logit,0.6215932902752493,
squeezenet,ISIC_0016027,ensemble,completeness,,nan
squeezenet,ISIC_0016027,ensemble,non_sensitivity,,nan
resnet18,ISIC_0016028,ensemble,faithfulness_correlation,0.038909491151571274,
resnet18,ISIC_0016028,ensemble,pixel_flipping,5.073143005371094,
resnet18,ISIC_0016028,ensemble,max_sensitivity,1.1655672788619995,
resnet18,ISIC_0016028,ensemble,avg_sensitivity,1.1261108636856079,
resnet18,ISIC_0016028,ensemble,relevance_mass_accuracy,0.02357347123324871,
resnet18,ISIC_0016028,ensemble,pointing_game,0.0,
resnet18,ISIC_0016028,ensemble,sparseness,0.46344319687329194,
resnet18,ISIC_0016028,ensemble,complexity,11.535605430603027,
resnet18,ISIC_0016028,ensemble,model_parameter_randomisation,,nan
resnet18,ISIC_0016028,ensemble,random_logit,0.5515591295312504,
resnet18,ISIC_0016028,ensemble,completeness,,nan
resnet18,ISIC_0016028,ensemble,non_sensitivity,,nan
squeezenet,ISIC_0016028,ensemble,faithfulness_correlation,0.31683817505836487,
squeezenet,ISIC_0016028,ensemble,pixel_flipping,410.1353454589844,
squeezenet,ISIC_0016028,ensemble,max_sensitivity,1.1154372692108154,
squeezenet,ISIC_0016028,ensemble,avg_sensitivity,1.1068986415863038,
squeezenet,ISIC_0016028,ensemble,relevance_mass_accuracy,0.18053920567035675,
squeezenet,ISIC_0016028,ensemble,pointing_game,0.0,
squeezenet,ISIC_0016028,ensemble,sparseness,0.6311959827060014,
squeezenet,ISIC_0016028,ensemble,complexity,11.143771171569824,
squeezenet,ISIC_0016028,ensemble,model_parameter_randomisation,,nan
squeezenet,ISIC_0016028,ensemble,random_logit,0.7411095664595975,
squeezenet,ISIC_0016028,ensemble,completeness,,nan
squeezenet,ISIC_0016028,ensemble,non_sensitivity,,nan
resnet18,ISIC_0016029,ensemble,faithfulness_correlation,-0.13133379817008972,
resnet18,ISIC_0016029,ensemble,pixel_flipping,3.76023530960083,
resnet18,ISIC_0016029,ensemble,max_sensitivity,1.1113194227218628,
resnet18,ISIC_0016029,ensemble,avg_sensitivity,1.0945873856544495,
resnet18,ISIC_0016029,ensemble,relevance_mass_accuracy,0.09213487803936005,
resnet18,ISIC_0016029,ensemble,pointing_game,0.0,
resnet18,ISIC_0016029,ensemble,sparseness,0.4937314388879968,
resnet18,ISIC_0016029,ensemble,complexity,11.494865417480469,
resnet18,ISIC_0016029,ensemble,model_parameter_randomisation,,nan
resnet18,ISIC_0016029,ensemble,random_logit,0.6467784681624589,
resnet18,ISIC_0016029,ensemble,completeness,,nan
resnet18,ISIC_0016029,ensemble,non_sensitivity,,nan
squeezenet,ISIC_0016029,ensemble,faithfulness_correlation,0.05945521220564842,
squeezenet,ISIC_0016029,ensemble,pixel_flipping,56.94023895263672,
squeezenet,ISIC_0016029,ensemble,max_sensitivity,1.138789415359497,
squeezenet,ISIC_0016029,ensemble,avg_sensitivity,1.125682771205902,
squeezenet,ISIC_0016029,ensemble,relevance_mass_accuracy,0.058716047555208206,
squeezenet,ISIC_0016029,ensemble,pointing_game,0.0,
squeezenet,ISIC_0016029,ensemble,sparseness,0.6066222783074854,
squeezenet,ISIC_0016029,ensemble,complexity,11.246526718139648,
squeezenet,ISIC_0016029,ensemble,model_parameter_randomisation,,nan
squeezenet,ISIC_0016029,ensemble,random_logit,0.5839731306349376,
squeezenet,ISIC_0016029,ensemble,completeness,,nan
squeezenet,ISIC_0016029,ensemble,non_sensitivity,,nan
resnet18,ISIC_0016030,ensemble,faithfulness_correlation,-0.10680200904607773,
resnet18,ISIC_0016030,ensemble,pixel_flipping,491.7333068847656,
resnet18,ISIC_0016030,ensemble,max_sensitivity,1.0829885005950928,
resnet18,ISIC_0016030,ensemble,avg_sensitivity,1.0619207501411438,
resnet18,ISIC_0016030,ensemble,relevance_mass_accuracy,0.25730809569358826,
resnet18,ISIC_0016030,ensemble,pointing_game,0.0,
resnet18,ISIC_0016030,ensemble,sparseness,0.538605467141497,
resnet18,ISIC_0016030,ensemble,complexity,11.405770301818848,
resnet18,ISIC_0016030,ensemble,model_parameter_randomisation,,nan
resnet18,ISIC_0016030,ensemble,random_logit,0.7800368777297364,
resnet18,ISIC_0016030,ensemble,completeness,,nan
resnet18,ISIC_0016030,ensemble,non_sensitivity,,nan
squeezenet,ISIC_0016030,ensemble,faithfulness_correlation,0.18063972890377045,
squeezenet,ISIC_0016030,ensemble,pixel_flipping,58.195892333984375,
squeezenet,ISIC_0016030,ensemble,max_sensitivity,1.2389881610870361,
squeezenet,ISIC_0016030,ensemble,avg_sensitivity,1.2095816612243653,
squeezenet,ISIC_0016030,ensemble,relevance_mass_accuracy,0.017818691208958626,
squeezenet,ISIC_0016030,ensemble,pointing_game,0.0,
squeezenet,ISIC_0016030,ensemble,sparseness,0.5784344528750189,
squeezenet,ISIC_0016030,ensemble,complexity,11.312224388122559,
squeezenet,ISIC_0016030,ensemble,model_parameter_randomisation,,nan
squeezenet,ISIC_0016030,ensemble,random_logit,0.46966073607000297,
squeezenet,ISIC_0016030,ensemble,completeness,,nan
squeezenet,ISIC_0016030,ensemble,non_sensitivity,,nan
resnet18,ISIC_0016031,ensemble,faithfulness_correlation,0.22468139231204987,
resnet18,ISIC_0016031,ensemble,pixel_flipping,415.2147216796875,
resnet18,ISIC_0016031,ensemble,max_sensitivity,1.1245397329330444,
resnet18,ISIC_0016031,ensemble,avg_sensitivity,1.0989163160324096,
resnet18,ISIC_0016031,ensemble,relevance_mass_accuracy,0.3117556869983673,
resnet18,ISIC_0016031,ensemble,pointing_game,0.0,
resnet18,ISIC_0016031,ensemble,sparseness,0.503372081922927,
resnet18,ISIC_0016031,ensemble,complexity,11.464045524597168,
resnet18,ISIC_0016031,ensemble,model_parameter_randomisation,,nan
resnet18,ISIC_0016031,ensemble,random_logit,0.6471446703784552,
resnet18,ISIC_0016031,ensemble,completeness,,nan
resnet18,ISIC_0016031,ensemble,non_sensitivity,,nan
squeezenet,ISIC_0016031,ensemble,faithfulness_correlation,0.14281633496284485,
squeezenet,ISIC_0016031,ensemble,pixel_flipping,250.30462646484375,
squeezenet,ISIC_0016031,ensemble,max_sensitivity,1.1607476472854614,
squeezenet,ISIC_0016031,ensemble,avg_sensitivity,1.146501934528351,
squeezenet,ISIC_0016031,ensemble,relevance_mass_accuracy,0.7858964204788208,
squeezenet,ISIC_0016031,ensemble,pointing_game,1.0,
squeezenet,ISIC_0016031,ensemble,sparseness,0.6475081981195829,
squeezenet,ISIC_0016031,ensemble,complexity,11.04731559753418,
squeezenet,ISIC_0016031,ensemble,model_parameter_randomisation,,nan
squeezenet,ISIC_0016031,ensemble,random_logit,0.757190989412448,
squeezenet,ISIC_0016031,ensemble,completeness,,nan
squeezenet,ISIC_0016031,ensemble,non_sensitivity,,nan
resnet18,ISIC_0016033,ensemble,faithfulness_correlation,0.04592528194189072,
resnet18,ISIC_0016033,ensemble,pixel_flipping,525.4982299804688,
resnet18,ISIC_0016033,ensemble,max_sensitivity,1.0593273639678955,
resnet18,ISIC_0016033,ensemble,avg_sensitivity,1.0500393033027648,
resnet18,ISIC_0016033,ensemble,relevance_mass_accuracy,0.3010885715484619,
resnet18,ISIC_0016033,ensemble,pointing_game,0.0,
resnet18,ISIC_0016033,ensemble,sparseness,0.5074366467376622,
resnet18,ISIC_0016033,ensemble,complexity,11.467874526977539,
resnet18,ISIC_0016033,ensemble,model_parameter_randomisation,,nan
resnet18,ISIC_0016033,ensemble,random_logit,0.6069318603125851,
resnet18,ISIC_0016033,ensemble,completeness,,nan
resnet18,ISIC_0016033,ensemble,non_sensitivity,,nan
squeezenet,ISIC_0016033,ensemble,faithfulness_correlation,0.24752789735794067,
squeezenet,ISIC_0016033,ensemble,pixel_flipping,154.53378295898438,
squeezenet,ISIC_0016033,ensemble,max_sensitivity,1.0975393056869507,
squeezenet,ISIC_0016033,ensemble,avg_sensitivity,1.0781850337982177,
squeezenet,ISIC_0016033,ensemble,relevance_mass_accuracy,0.5091490149497986,
squeezenet,ISIC_0016033,ensemble,pointing_game,0.0,
squeezenet,ISIC_0016033,ensemble,sparseness,0.6682643600023762,
squeezenet,ISIC_0016033,ensemble,complexity,11.049456596374512,
squeezenet,ISIC_0016033,ensemble,model_parameter_randomisation,,nan
squeezenet,ISIC_0016033,ensemble,random_logit,0.7981143211117212,
squeezenet,ISIC_0016033,ensemble,completeness,,nan
squeezenet,ISIC_0016033,ensemble,non_sensitivity,,nan
resnet18,ISIC_0016034,ensemble,faithfulness_correlation,0.0633775070309639,
resnet18,ISIC_0016034,ensemble,pixel_flipping,292.3898010253906,
resnet18,ISIC_0016034,ensemble,max_sensitivity,1.1073426008224487,
resnet18,ISIC_0016034,ensemble,avg_sensitivity,1.1010722398757935,
resnet18,ISIC_0016034,ensemble,relevance_mass_accuracy,0.06644775718450546,
resnet18,ISIC_0016034,ensemble,pointing_game,0.0,
resnet18,ISIC_0016034,ensemble,sparseness,0.5197054546791287,
resnet18,ISIC_0016034,ensemble,complexity,11.446982383728027,
resnet18,ISIC_0016034,ensemble,model_parameter_randomisation,,nan
resnet18,ISIC_0016034,ensemble,random_logit,0.6639211183349282,
resnet18,ISIC_0016034,ensemble,completeness,,nan
resnet18,ISIC_0016034,ensemble,non_sensitivity,,nan
squeezenet,ISIC_0016034,ensemble,faithfulness_correlation,0.27400919795036316,
squeezenet,ISIC_0016034,ensemble,pixel_flipping,451.9764404296875,
squeezenet,ISIC_0016034,ensemble,max_sensitivity,1.1566537618637085,
squeezenet,ISIC_0016034,ensemble,avg_sensitivity,1.1242831110954286,
squeezenet,ISIC_0016034,ensemble,relevance_mass_accuracy,0.24685008823871613,
squeezenet,ISIC_0016034,ensemble,pointing_game,1.0,
squeezenet,ISIC_0016034,ensemble,sparseness,0.6758097645592349,
squeezenet,ISIC_0016034,ensemble,complexity,10.972694396972656,
squeezenet,ISIC_0016034,ensemble,model_parameter_randomisation,,nan
squeezenet,ISIC_0016034,ensemble,random_logit,0.8610555003798965,
squeezenet,ISIC_0016034,ensemble,completeness,,nan
squeezenet,ISIC_0016034,ensemble,non_sensitivity,,nan
resnet18,ISIC_0016036,ensemble,faithfulness_correlation,0.07001514732837677,
resnet18,ISIC_0016036,ensemble,pixel_flipping,299.74774169921875,
resnet18,ISIC_0016036,ensemble,max_sensitivity,1.0462439060211182,
resnet18,ISIC_0016036,ensemble,avg_sensitivity,1.027953290939331,
resnet18,ISIC_0016036,ensemble,relevance_mass_accuracy,0.374339759349823,
resnet18,ISIC_0016036,ensemble,pointing_game,0.0,
resnet18,ISIC_0016036,ensemble,sparseness,0.4562403838929562,
resnet18,ISIC_0016036,ensemble,complexity,11.552009582519531,
resnet18,ISIC_0016036,ensemble,model_parameter_randomisation,,nan
resnet18,ISIC_0016036,ensemble,random_logit,0.656202532779439,
resnet18,ISIC_0016036,ensemble,completeness,,nan
resnet18,ISIC_0016036,ensemble,non_sensitivity,,nan
squeezenet,ISIC_0016036,ensemble,faithfulness_correlation,0.16746225953102112,
squeezenet,ISIC_0016036,ensemble,pixel_flipping,198.39556884765625,
squeezenet,ISIC_0016036,ensemble,max_sensitivity,1.1225895881652832,
squeezenet,ISIC_0016036,ensemble,avg_sensitivity,1.100167417526245,
squeezenet,ISIC_0016036,ensemble,relevance_mass_accuracy,0.48424482345581055,
squeezenet,ISIC_0016036,ensemble,pointing_game,0.0,
squeezenet,ISIC_0016036,ensemble,sparseness,0.6020545722559796,
squeezenet,ISIC_0016036,ensemble,complexity,11.242781639099121,
squeezenet,ISIC_0016036,ensemble,model_parameter_randomisation,,nan
squeezenet,ISIC_0016036,ensemble,random_logit,0.7363487961043331,
squeezenet,ISIC_0016036,ensemble,completeness,,nan
squeezenet,ISIC_0016036,ensemble,non_sensitivity,,nan
resnet18,ISIC_0016037,ensemble,faithfulness_correlation,0.024056153371930122,
resnet18,ISIC_0016037,ensemble,pixel_flipping,138.22010803222656,
resnet18,ISIC_0016037,ensemble,max_sensitivity,1.2256040573120117,
resnet18,ISIC_0016037,ensemble,avg_sensitivity,1.1740667343139648,
resnet18,ISIC_0016037,ensemble,relevance_mass_accuracy,0.39939185976982117,
resnet18,ISIC_0016037,ensemble,pointing_game,0.0,
resnet18,ISIC_0016037,ensemble,sparseness,0.535595335418361,
resnet18,ISIC_0016037,ensemble,complexity,11.41005802154541,
resnet18,ISIC_0016037,ensemble,model_parameter_randomisation,,nan
resnet18,ISIC_0016037,ensemble,random_logit,0.5472604109396427,
resnet18,ISIC_0016037,ensemble,completeness,,nan
resnet18,ISIC_0016037,ensemble,non_sensitivity,,nan
squeezenet,ISIC_0016037,ensemble,faithfulness_correlation,0.38342079520225525,
squeezenet,ISIC_0016037,ensemble,pixel_flipping,263.92974853515625,
squeezenet,ISIC_0016037,ensemble,max_sensitivity,1.1453672647476196,
squeezenet,ISIC_0016037,ensemble,avg_sensitivity,1.1231637835502624,
squeezenet,ISIC_0016037,ensemble,relevance_mass_accuracy,0.5741668343544006,
squeezenet,ISIC_0016037,ensemble,pointing_game,1.0,
squeezenet,ISIC_0016037,ensemble,sparseness,0.6510427981829885,
squeezenet,ISIC_0016037,ensemble,complexity,11.079005241394043,
squeezenet,ISIC_0016037,ensemble,model_parameter_randomisation,,nan
squeezenet,ISIC_0016037,ensemble,random_logit,0.7790112191190673,
squeezenet,ISIC_0016037,ensemble,completeness,,nan
squeezenet,ISIC_0016037,ensemble,non_sensitivity,,nan
resnet18,ISIC_0016038,ensemble,faithfulness_correlation,0.1488925814628601,
resnet18,ISIC_0016038,ensemble,pixel_flipping,540.759033203125,
resnet18,ISIC_0016038,ensemble,max_sensitivity,1.0798758268356323,
resnet18,ISIC_0016038,ensemble,avg_sensitivity,1.0696218371391297,
resnet18,ISIC_0016038,ensemble,relevance_mass_accuracy,0.038436323404312134,
resnet18,ISIC_0016038,ensemble,pointing_game,1.0,
resnet18,ISIC_0016038,ensemble,sparseness,0.5517129479808354,
resnet18,ISIC_0016038,ensemble,complexity,11.380374908447266,
resnet18,ISIC_0016038,ensemble,model_parameter_randomisation,,nan
resnet18,ISIC_0016038,ensemble,random_logit,0.5016303628005113,
resnet18,ISIC_0016038,ensemble,completeness,,nan
resnet18,ISIC_0016038,ensemble,non_sensitivity,,nan
squeezenet,ISIC_0016038,ensemble,faithfulness_correlation,0.009787265211343765,
squeezenet,ISIC_0016038,ensemble,pixel_flipping,419.968994140625,
squeezenet,ISIC_0016038,ensemble,max_sensitivity,1.1390184164047241,
squeezenet,ISIC_0016038,ensemble,avg_sensitivity,1.1091512322425843,
squeezenet,ISIC_0016038,ensemble,relevance_mass_accuracy,0.14709018170833588,
squeezenet,ISIC_0016038,ensemble,pointing_game,1.0,
squeezenet,ISIC_0016038,ensemble,sparseness,0.6470564309009317,
squeezenet,ISIC_0016038,ensemble,complexity,11.103605270385742,
squeezenet,ISIC_0016038,ensemble,model_parameter_randomisation,,nan
squeezenet,ISIC_0016038,ensemble,random_logit,0.8071315017043591,
squeezenet,ISIC_0016038,ensemble,completeness,,nan
squeezenet,ISIC_0016038,ensemble,non_sensitivity,,nan
resnet18,ISIC_0016040,ensemble,faithfulness_correlation,0.09195373952388763,
resnet18,ISIC_0016040,ensemble,pixel_flipping,421.0199890136719,
resnet18,ISIC_0016040,ensemble,max_sensitivity,1.068914771080017,
resnet18,ISIC_0016040,ensemble,avg_sensitivity,1.0384788513183594,
resnet18,ISIC_0016040,ensemble,relevance_mass_accuracy,0.08504533767700195,
resnet18,ISIC_0016040,ensemble,pointing_game,0.0,
resnet18,ISIC_0016040,ensemble,sparseness,0.48908673873416836,
resnet18,ISIC_0016040,ensemble,complexity,11.491044044494629,
resnet18,ISIC_0016040,ensemble,model_parameter_randomisation,,nan
resnet18,ISIC_0016040,ensemble,random_logit,0.6436958252186135,
resnet18,ISIC_0016040,ensemble,completeness,,nan
resnet18,ISIC_0016040,ensemble,non_sensitivity,,nan
squeezenet,ISIC_0016040,ensemble,faithfulness_correlation,0.3507179021835327,
squeezenet,ISIC_0016040,ensemble,pixel_flipping,380.54071044921875,
squeezenet,ISIC_0016040,ensemble,max_sensitivity,1.0641388893127441,
squeezenet,ISIC_0016040,ensemble,avg_sensitivity,1.058714544773102,
squeezenet,ISIC_0016040,ensemble,relevance_mass_accuracy,0.28391119837760925,
squeezenet,ISIC_0016040,ensemble,pointing_game,0.0,
squeezenet,ISIC_0016040,ensemble,sparseness,0.678572433829892,
squeezenet,ISIC_0016040,ensemble,complexity,10.969148635864258,
squeezenet,ISIC_0016040,ensemble,model_parameter_randomisation,,nan
squeezenet,ISIC_0016040,ensemble,random_logit,0.8064920397969142,
squeezenet,ISIC_0016040,ensemble,completeness,,nan
squeezenet,ISIC_0016040,ensemble,non_sensitivity,,nan
resnet18,ISIC_0016041,ensemble,faithfulness_correlation,-0.012045547366142273,
resnet18,ISIC_0016041,ensemble,pixel_flipping,21.60887908935547,
resnet18,ISIC_0016041,ensemble,max_sensitivity,1.0788911581039429,
resnet18,ISIC_0016041,ensemble,avg_sensitivity,1.0428966283798218,
resnet18,ISIC_0016041,ensemble,relevance_mass_accuracy,0.03559667244553566,
resnet18,ISIC_0016041,ensemble,pointing_game,0.0,
resnet18,ISIC_0016041,ensemble,sparseness,0.4358864896836365,
resnet18,ISIC_0016041,ensemble,complexity,11.589822769165039,
resnet18,ISIC_0016041,ensemble,model_parameter_randomisation,,nan
resnet18,ISIC_0016041,ensemble,random_logit,0.41470399246411765,
resnet18,ISIC_0016041,ensemble,completeness,,nan
resnet18,ISIC_0016041,ensemble,non_sensitivity,,nan
squeezenet,ISIC_0016041,ensemble,faithfulness_correlation,0.011767995543777943,
squeezenet,ISIC_0016041,ensemble,pixel_flipping,66.55258178710938,
squeezenet,ISIC_0016041,ensemble,max_sensitivity,1.04462468624115,
squeezenet,ISIC_0016041,ensemble,avg_sensitivity,1.0395919919013976,
squeezenet,ISIC_0016041,ensemble,relevance_mass_accuracy,0.07255108654499054,
squeezenet,ISIC_0016041,ensemble,pointing_game,0.0,
squeezenet,ISIC_0016041,ensemble,sparseness,0.5647538662785722,
squeezenet,ISIC_0016041,ensemble,complexity,11.342659950256348,
squeezenet,ISIC_0016041,ensemble,model_parameter_randomisation,,nan
squeezenet,ISIC_0016041,ensemble,random_logit,0.5901663754344473,
squeezenet,ISIC_0016041,ensemble,completeness,,nan
squeezenet,ISIC_0016041,ensemble,non_sensitivity,,nan
resnet18,ISIC_0016042,ensemble,faithfulness_correlation,-0.022250613197684288,
resnet18,ISIC_0016042,ensemble,pixel_flipping,397.3117370605469,
resnet18,ISIC_0016042,ensemble,max_sensitivity,1.0733647346496582,
resnet18,ISIC_0016042,ensemble,avg_sensitivity,1.0541067004203797,
resnet18,ISIC_0016042,ensemble,relevance_mass_accuracy,0.06933514028787613,
resnet18,ISIC_0016042,ensemble,pointing_game,0.0,
resnet18,ISIC_0016042,ensemble,sparseness,0.5087872539933167,
resnet18,ISIC_0016042,ensemble,complexity,11.45620059967041,
resnet18,ISIC_0016042,ensemble,model_parameter_randomisation,,nan
resnet18,ISIC_0016042,ensemble,random_logit,0.6175388189843769,
resnet18,ISIC_0016042,ensemble,completeness,,nan
resnet18,ISIC_0016042,ensemble,non_sensitivity,,nan
squeezenet,ISIC_0016042,ensemble,faithfulness_correlation,0.23183530569076538,
squeezenet,ISIC_0016042,ensemble,pixel_flipping,385.78765869140625,
squeezenet,ISIC_0016042,ensemble,max_sensitivity,1.1254092454910278,
squeezenet,ISIC_0016042,ensemble,avg_sensitivity,1.0932560920715333,
squeezenet,ISIC_0016042,ensemble,relevance_mass_accuracy,0.30353623628616333,
squeezenet,ISIC_0016042,ensemble,pointing_game,1.0,
squeezenet,ISIC_0016042,ensemble,sparseness,0.6874888252930278,
squeezenet,ISIC_0016042,ensemble,complexity,10.897603988647461,
squeezenet,ISIC_0016042,ensemble,model_parameter_randomisation,,nan
squeezenet,ISIC_0016042,ensemble,random_logit,0.916050950951624,
squeezenet,ISIC_0016042,ensemble,completeness,,nan
squeezenet,ISIC_0016042,ensemble,non_sensitivity,,nan
resnet18,ISIC_0016043,ensemble,faithfulness_correlation,0.005325790494680405,
resnet18,ISIC_0016043,ensemble,pixel_flipping,501.49749755859375,
resnet18,ISIC_0016043,ensemble,max_sensitivity,1.0482048988342285,
resnet18,ISIC_0016043,ensemble,avg_sensitivity,1.0338305950164794,
resnet18,ISIC_0016043,ensemble,relevance_mass_accuracy,0.06899271160364151,
resnet18,ISIC_0016043,ensemble,pointing_game,0.0,
resnet18,ISIC_0016043,ensemble,sparseness,0.4652117716681437,
resnet18,ISIC_0016043,ensemble,complexity,11.526557922363281,
resnet18,ISIC_0016043,ensemble,model_parameter_randomisation,,nan
resnet18,ISIC_0016043,ensemble,random_logit,0.6251755081690485,
resnet18,ISIC_0016043,ensemble,completeness,,nan
resnet18,ISIC_0016043,ensemble,non_sensitivity,,nan
squeezenet,ISIC_0016043,ensemble,faithfulness_correlation,-0.11183670908212662,
squeezenet,ISIC_0016043,ensemble,pixel_flipping,53.70231246948242,
squeezenet,ISIC_0016043,ensemble,max_sensitivity,1.2046388387680054,
squeezenet,ISIC_0016043,ensemble,avg_sensitivity,1.1622026562690735,
squeezenet,ISIC_0016043,ensemble,relevance_mass_accuracy,-0.06054224818944931,
squeezenet,ISIC_0016043,ensemble,pointing_game,0.0,
squeezenet,ISIC_0016043,ensemble,sparseness,0.5716280834298766,
squeezenet,ISIC_0016043,ensemble,complexity,11.320444107055664,
squeezenet,ISIC_0016043,ensemble,model_parameter_randomisation,,nan
squeezenet,ISIC_0016043,ensemble,random_logit,0.5743908060080342,
squeezenet,ISIC_0016043,ensemble,completeness,,nan
squeezenet,ISIC_0016043,ensemble,non_sensitivity,,nan
resnet18,ISIC_0016044,ensemble,faithfulness_correlation,-0.03521806001663208,
resnet18,ISIC_0016044,ensemble,pixel_flipping,519.618896484375,
resnet18,ISIC_0016044,ensemble,max_sensitivity,1.0465877056121826,
resnet18,ISIC_0016044,ensemble,avg_sensitivity,1.0315211534500122,
resnet18,ISIC_0016044,ensemble,relevance_mass_accuracy,0.17024007439613342,
resnet18,ISIC_0016044,ensemble,pointing_game,0.0,
resnet18,ISIC_0016044,ensemble,sparseness,0.5110538645912348,
resnet18,ISIC_0016044,ensemble,complexity,11.456092834472656,
resnet18,ISIC_0016044,ensemble,model_parameter_randomisation,,nan
resnet18,ISIC_0016044,ensemble,random_logit,0.6305823935112884,
resnet18,ISIC_0016044,ensemble,completeness,,nan
resnet18,ISIC_0016044,ensemble,non_sensitivity,,nan
squeezenet,ISIC_0016044,ensemble,faithfulness_correlation,0.35268306732177734,
squeezenet,ISIC_0016044,ensemble,pixel_flipping,239.48553466796875,
squeezenet,ISIC_0016044,ensemble,max_sensitivity,1.0828498601913452,
squeezenet,ISIC_0016044,ensemble,avg_sensitivity,1.0449084401130677,
squeezenet,ISIC_0016044,ensemble,relevance_mass_accuracy,0.9413436651229858,
squeezenet,ISIC_0016044,ensemble,pointing_game,1.0,
squeezenet,ISIC_0016044,ensemble,sparseness,0.7050564420900987,
squeezenet,ISIC_0016044,ensemble,complexity,10.785000801086426,
squeezenet,ISIC_0016044,ensemble,model_parameter_randomisation,,nan
squeezenet,ISIC_0016044,ensemble,random_logit,0.8926691627658431,
squeezenet,ISIC_0016044,ensemble,completeness,,nan
squeezenet,ISIC_0016044,ensemble,non_sensitivity,,nan
resnet18,ISIC_0016045,ensemble,faithfulness_correlation,-0.04809780418872833,
resnet18,ISIC_0016045,ensemble,pixel_flipping,525.663818359375,
resnet18,ISIC_0016045,ensemble,max_sensitivity,1.047768235206604,
resnet18,ISIC_0016045,ensemble,avg_sensitivity,1.0369893670082093,
resnet18,ISIC_0016045,ensemble,relevance_mass_accuracy,0.061705220490694046,
resnet18,ISIC_0016045,ensemble,pointing_game,1.0,
resnet18,ISIC_0016045,ensemble,sparseness,0.5208440232747219,
resnet18,ISIC_0016045,ensemble,complexity,11.433350563049316,
resnet18,ISIC_0016045,ensemble,model_parameter_randomisation,,nan
resnet18,ISIC_0016045,ensemble,random_logit,0.567389282280463,
resnet18,ISIC_0016045,ensemble,completeness,,nan
resnet18,ISIC_0016045,ensemble,non_sensitivity,,nan
squeezenet,ISIC_0016045,ensemble,faithfulness_correlation,0.33676794171333313,
squeezenet,ISIC_0016045,ensemble,pixel_flipping,414.718017578125,
squeezenet,ISIC_0016045,ensemble,max_sensitivity,1.1083391904830933,
squeezenet,ISIC_0016045,ensemble,avg_sensitivity,1.0656233429908752,
squeezenet,ISIC_0016045,ensemble,relevance_mass_accuracy,0.2216872274875641,
squeezenet,ISIC_0016045,ensemble,pointing_game,1.0,
squeezenet,ISIC_0016045,ensemble,sparseness,0.6978481815617648,
squeezenet,ISIC_0016045,ensemble,complexity,10.905355453491211,
squeezenet,ISIC_0016045,ensemble,model_parameter_randomisation,,nan
squeezenet,ISIC_0016045,ensemble,random_logit,0.8801010721328625,
squeezenet,ISIC_0016045,ensemble,completeness,,nan
squeezenet,ISIC_0016045,ensemble,non_sensitivity,,nan
resnet18,ISIC_0016046,ensemble,faithfulness_correlation,0.034997764974832535,
resnet18,ISIC_0016046,ensemble,pixel_flipping,484.0090026855469,
resnet18,ISIC_0016046,ensemble,max_sensitivity,1.055084466934204,
resnet18,ISIC_0016046,ensemble,avg_sensitivity,1.048029398918152,
resnet18,ISIC_0016046,ensemble,relevance_mass_accuracy,0.10480163991451263,
resnet18,ISIC_0016046,ensemble,pointing_game,0.0,
resnet18,ISIC_0016046,ensemble,sparseness,0.5263121239194016,
resnet18,ISIC_0016046,ensemble,complexity,11.43159008026123,
resnet18,ISIC_0016046,ensemble,model_parameter_randomisation,,nan
resnet18,ISIC_0016046,ensemble,random_logit,0.5553382688391073,
resnet18,ISIC_0016046,ensemble,completeness,,nan
resnet18,ISIC_0016046,ensemble,non_sensitivity,,nan
squeezenet,ISIC_0016046,ensemble,faithfulness_correlation,0.047706637531518936,
squeezenet,ISIC_0016046,ensemble,pixel_flipping,196.06239318847656,
squeezenet,ISIC_0016046,ensemble,max_sensitivity,1.1057071685791016,
squeezenet,ISIC_0016046,ensemble,avg_sensitivity,1.0884598731994628,
squeezenet,ISIC_0016046,ensemble,relevance_mass_accuracy,0.31472012400627136,
squeezenet,ISIC_0016046,ensemble,pointing_game,0.0,
squeezenet,ISIC_0016046,ensemble,sparseness,0.703882006309632,
squeezenet,ISIC_0016046,ensemble,complexity,10.914341926574707,
squeezenet,ISIC_0016046,ensemble,model_parameter_randomisation,,nan
squeezenet,ISIC_0016046,ensemble,random_logit,0.8702374438097685,
squeezenet,ISIC_0016046,ensemble,completeness,,nan
squeezenet,ISIC_0016046,ensemble,non_sensitivity,,nan
resnet18,ISIC_0016048,ensemble,faithfulness_correlation,-0.021663453429937363,
resnet18,ISIC_0016048,ensemble,pixel_flipping,409.5751037597656,
resnet18,ISIC_0016048,ensemble,max_sensitivity,1.103671908378601,
resnet18,ISIC_0016048,ensemble,avg_sensitivity,1.0877647995948792,
resnet18,ISIC_0016048,ensemble,relevance_mass_accuracy,0.04485718533396721,
resnet18,ISIC_0016048,ensemble,pointing_game,0.0,
resnet18,ISIC_0016048,ensemble,sparseness,0.5759663213297186,
resnet18,ISIC_0016048,ensemble,complexity,11.307225227355957,
resnet18,ISIC_0016048,ensemble,model_parameter_randomisation,,nan
resnet18,ISIC_0016048,ensemble,random_logit,0.656992490220674,
resnet18,ISIC_0016048,ensemble,completeness,,nan
resnet18,ISIC_0016048,ensemble,non_sensitivity,,nan
squeezenet,ISIC_0016048,ensemble,faithfulness_correlation,0.25092098116874695,
squeezenet,ISIC_0016048,ensemble,pixel_flipping,441.4565734863281,
squeezenet,ISIC_0016048,ensemble,max_sensitivity,1.1787611246109009,
squeezenet,ISIC_0016048,ensemble,avg_sensitivity,1.1617539405822754,
squeezenet,ISIC_0016048,ensemble,relevance_mass_accuracy,0.1219903752207756,
squeezenet,ISIC_0016048,ensemble,pointing_game,1.0,
squeezenet,ISIC_0016048,ensemble,sparseness,0.6243537811731869,
squeezenet,ISIC_0016048,ensemble,complexity,11.161880493164062,
squeezenet,ISIC_0016048,ensemble,model_parameter_randomisation,,nan
squeezenet,ISIC_0016048,ensemble,random_logit,0.6223803798242531,
squeezenet,ISIC_0016048,ensemble,completeness,,nan
squeezenet,ISIC_0016048,ensemble,non_sensitivity,,nan
resnet18,ISIC_0016049,ensemble,faithfulness_correlation,0.21363916993141174,
resnet18,ISIC_0016049,ensemble,pixel_flipping,152.2037353515625,
resnet18,ISIC_0016049,ensemble,max_sensitivity,1.2710477113723755,
resnet18,ISIC_0016049,ensemble,avg_sensitivity,1.2670981287956238,
resnet18,ISIC_0016049,ensemble,relevance_mass_accuracy,0.15589667856693268,
resnet18,ISIC_0016049,ensemble,pointing_game,0.0,
resnet18,ISIC_0016049,ensemble,sparseness,0.48786250327200636,
resnet18,ISIC_0016049,ensemble,complexity,11.49632740020752,
resnet18,ISIC_0016049,ensemble,model_parameter_randomisation,,nan
resnet18,ISIC_0016049,ensemble,random_logit,0.6588091897964418,
resnet18,ISIC_0016049,ensemble,completeness,,nan
resnet18,ISIC_0016049,ensemble,non_sensitivity,,nan
squeezenet,ISIC_0016049,ensemble,faithfulness_correlation,0.13441132009029388,
squeezenet,ISIC_0016049,ensemble,pixel_flipping,389.10980224609375,
squeezenet,ISIC_0016049,ensemble,max_sensitivity,1.1419062614440918,
squeezenet,ISIC_0016049,ensemble,avg_sensitivity,1.1247284770011903,
squeezenet,ISIC_0016049,ensemble,relevance_mass_accuracy,0.42803290486335754,
squeezenet,ISIC_0016049,ensemble,pointing_game,1.0,
squeezenet,ISIC_0016049,ensemble,sparseness,0.6788487966567124,
squeezenet,ISIC_0016049,ensemble,complexity,10.992741584777832,
squeezenet,ISIC_0016049,ensemble,model_parameter_randomisation,,nan
squeezenet,ISIC_0016049,ensemble,random_logit,0.8127776109297359,
squeezenet,ISIC_0016049,ensemble,completeness,,nan
squeezenet,ISIC_0016049,ensemble,non_sensitivity,,nan
resnet18,ISIC_0016050,ensemble,faithfulness_correlation,-0.09929295629262924,
resnet18,ISIC_0016050,ensemble,pixel_flipping,572.8460693359375,
resnet18,ISIC_0016050,ensemble,max_sensitivity,1.0450252294540405,
resnet18,ISIC_0016050,ensemble,avg_sensitivity,1.0246453642845155,
resnet18,ISIC_0016050,ensemble,relevance_mass_accuracy,0.03698477894067764,
resnet18,ISIC_0016050,ensemble,pointing_game,1.0,
resnet18,ISIC_0016050,ensemble,sparseness,0.5260735926865014,
resnet18,ISIC_0016050,ensemble,complexity,11.418959617614746,
resnet18,ISIC_0016050,ensemble,model_parameter_randomisation,,nan
resnet18,ISIC_0016050,ensemble,random_logit,0.6242807473297545,
resnet18,ISIC_0016050,ensemble,completeness,,nan
resnet18,ISIC_0016050,ensemble,non_sensitivity,,nan
squeezenet,ISIC_0016050,ensemble,faithfulness_correlation,0.12637165188789368,
squeezenet,ISIC_0016050,ensemble,pixel_flipping,385.78045654296875,
squeezenet,ISIC_0016050,ensemble,max_sensitivity,1.1100614070892334,
squeezenet,ISIC_0016050,ensemble,avg_sensitivity,1.062251877784729,
squeezenet,ISIC_0016050,ensemble,relevance_mass_accuracy,0.1681031584739685,
squeezenet,ISIC_0016050,ensemble,pointing_game,1.0,
squeezenet,ISIC_0016050,ensemble,sparseness,0.7019206029566218,
squeezenet,ISIC_0016050,ensemble,complexity,10.849932670593262,
squeezenet,ISIC_0016050,ensemble,model_parameter_randomisation,,nan
squeezenet,ISIC_0016050,ensemble,random_logit,0.9304746670490925,
squeezenet,ISIC_0016050,ensemble,completeness,,nan
squeezenet,ISIC_0016050,ensemble,non_sensitivity,,nan
resnet18,ISIC_0016051,ensemble,faithfulness_correlation,-0.25514230132102966,
resnet18,ISIC_0016051,ensemble,pixel_flipping,450.26544189453125,
resnet18,ISIC_0016051,ensemble,max_sensitivity,1.0574194192886353,
resnet18,ISIC_0016051,ensemble,avg_sensitivity,1.0441125154495239,
resnet18,ISIC_0016051,ensemble,relevance_mass_accuracy,0.05787687376141548,
resnet18,ISIC_0016051,ensemble,pointing_game,0.0,
resnet18,ISIC_0016051,ensemble,sparseness,0.5050794524440054,
resnet18,ISIC_0016051,ensemble,complexity,11.45706558227539,
resnet18,ISIC_0016051,ensemble,model_parameter_randomisation,,nan
resnet18,ISIC_0016051,ensemble,random_logit,0.6170090242532094,
resnet18,ISIC_0016051,ensemble,completeness,,nan
resnet18,ISIC_0016051,ensemble,non_sensitivity,,nan
squeezenet,ISIC_0016051,ensemble,faithfulness_correlation,0.12469775974750519,
squeezenet,ISIC_0016051,ensemble,pixel_flipping,434.2861328125,
squeezenet,ISIC_0016051,ensemble,max_sensitivity,1.1108593940734863,
squeezenet,ISIC_0016051,ensemble,avg_sensitivity,1.0876356482505798,
squeezenet,ISIC_0016051,ensemble,relevance_mass_accuracy,0.18676559627056122,
squeezenet,ISIC_0016051,ensemble,pointing_game,1.0,
squeezenet,ISIC_0016051,ensemble,sparseness,0.6231034300379213,
squeezenet,ISIC_0016051,ensemble,complexity,11.167113304138184,
squeezenet,ISIC_0016051,ensemble,model_parameter_randomisation,,nan
squeezenet,ISIC_0016051,ensemble,random_logit,0.7630507628463497,
squeezenet,ISIC_0016051,ensemble,completeness,,nan
squeezenet,ISIC_0016051,ensemble,non_sensitivity,,nan
resnet18,ISIC_0016052,ensemble,faithfulness_correlation,0.06294998526573181,
resnet18,ISIC_0016052,ensemble,pixel_flipping,524.8598022460938,
resnet18,ISIC_0016052,ensemble,max_sensitivity,1.0847760438919067,
resnet18,ISIC_0016052,ensemble,avg_sensitivity,1.0748700380325318,
resnet18,ISIC_0016052,ensemble,relevance_mass_accuracy,0.4160335063934326,
resnet18,ISIC_0016052,ensemble,pointing_game,1.0,
resnet18,ISIC_0016052,ensemble,sparseness,0.5303873529383196,
resnet18,ISIC_0016052,ensemble,complexity,11.419917106628418,
resnet18,ISIC_0016052,ensemble,model_parameter_randomisation,,nan
resnet18,ISIC_0016052,ensemble,random_logit,0.5468307061836373,
resnet18,ISIC_0016052,ensemble,completeness,,nan
resnet18,ISIC_0016052,ensemble,non_sensitivity,,nan
squeezenet,ISIC_0016052,ensemble,faithfulness_correlation,0.17005616426467896,
squeezenet,ISIC_0016052,ensemble,pixel_flipping,199.7305908203125,
squeezenet,ISIC_0016052,ensemble,max_sensitivity,1.164977788925171,
squeezenet,ISIC_0016052,ensemble,avg_sensitivity,1.139162266254425,
squeezenet,ISIC_0016052,ensemble,relevance_mass_accuracy,0.8216269612312317,
squeezenet,ISIC_0016052,ensemble,pointing_game,1.0,
squeezenet,ISIC_0016052,ensemble,sparseness,0.6517750487759332,
squeezenet,ISIC_0016052,ensemble,complexity,11.048053741455078,
squeezenet,ISIC_0016052,ensemble,model_parameter_randomisation,,nan
squeezenet,ISIC_0016052,ensemble,random_logit,0.8463391615238063,
squeezenet,ISIC_0016052,ensemble,completeness,,nan
squeezenet,ISIC_0016052,ensemble,non_sensitivity,,nan
resnet18,ISIC_0016054,ensemble,faithfulness_correlation,-0.013982763513922691,
resnet18,ISIC_0016054,ensemble,pixel_flipping,5.828359603881836,
resnet18,ISIC_0016054,ensemble,max_sensitivity,1.0951365232467651,
resnet18,ISIC_0016054,ensemble,avg_sensitivity,1.07211594581604,
resnet18,ISIC_0016054,ensemble,relevance_mass_accuracy,0.2568718194961548,
resnet18,ISIC_0016054,ensemble,pointing_game,0.0,
resnet18,ISIC_0016054,ensemble,sparseness,0.5031773260381853,
resnet18,ISIC_0016054,ensemble,complexity,11.480709075927734,
resnet18,ISIC_0016054,ensemble,model_parameter_randomisation,,nan
resnet18,ISIC_0016054,ensemble,random_logit,0.5834095914013958,
resnet18,ISIC_0016054,ensemble,completeness,,nan
resnet18,ISIC_0016054,ensemble,non_sensitivity,,nan
squeezenet,ISIC_0016054,ensemble,faithfulness_correlation,-0.03658677265048027,
squeezenet,ISIC_0016054,ensemble,pixel_flipping,69.98489379882812,
squeezenet,ISIC_0016054,ensemble,max_sensitivity,1.0884164571762085,
squeezenet,ISIC_0016054,ensemble,avg_sensitivity,1.0758050203323364,
squeezenet,ISIC_0016054,ensemble,relevance_mass_accuracy,0.3024185597896576,
squeezenet,ISIC_0016054,ensemble,pointing_game,1.0,
squeezenet,ISIC_0016054,ensemble,sparseness,0.6351411121929778,
squeezenet,ISIC_0016054,ensemble,complexity,11.154817581176758,
squeezenet,ISIC_0016054,ensemble,model_parameter_randomisation,,nan
squeezenet,ISIC_0016054,ensemble,random_logit,0.7268605848914936,
squeezenet,ISIC_0016054,ensemble,completeness,,nan
squeezenet,ISIC_0016054,ensemble,non_sensitivity,,nan
resnet18,ISIC_0016055,ensemble,faithfulness_correlation,0.003160004038363695,
resnet18,ISIC_0016055,ensemble,pixel_flipping,532.549560546875,
resnet18,ISIC_0016055,ensemble,max_sensitivity,0.9777084589004517,
resnet18,ISIC_0016055,ensemble,avg_sensitivity,0.9644564986228943,
resnet18,ISIC_0016055,ensemble,relevance_mass_accuracy,0.45894646644592285,
resnet18,ISIC_0016055,ensemble,pointing_game,1.0,
resnet18,ISIC_0016055,ensemble,sparseness,0.472763731838748,
resnet18,ISIC_0016055,ensemble,complexity,11.52836799621582,
resnet18,ISIC_0016055,ensemble,model_parameter_randomisation,,nan
resnet18,ISIC_0016055,ensemble,random_logit,0.5675830240698508,
resnet18,ISIC_0016055,ensemble,completeness,,nan
resnet18,ISIC_0016055,ensemble,non_sensitivity,,nan
squeezenet,ISIC_0016055,ensemble,faithfulness_correlation,0.07357323169708252,
squeezenet,ISIC_0016055,ensemble,pixel_flipping,334.52880859375,
squeezenet,ISIC_0016055,ensemble,max_sensitivity,1.0760483741760254,
squeezenet,ISIC_0016055,ensemble,avg_sensitivity,1.0646715044975281,
squeezenet,ISIC_0016055,ensemble,relevance_mass_accuracy,0.6260399222373962,
squeezenet,ISIC_0016055,ensemble,pointing_game,1.0,
squeezenet,ISIC_0016055,ensemble,sparseness,0.6155144579567309,
squeezenet,ISIC_0016055,ensemble,complexity,11.208160400390625,
squeezenet,ISIC_0016055,ensemble,model_parameter_randomisation,,nan
squeezenet,ISIC_0016055,ensemble,random_logit,0.8179485408784127,
squeezenet,ISIC_0016055,ensemble,completeness,,nan
squeezenet,ISIC_0016055,ensemble,non_sensitivity,,nan
resnet18,ISIC_0016056,ensemble,faithfulness_correlation,0.009075811132788658,
resnet18,ISIC_0016056,ensemble,pixel_flipping,443.52081298828125,
resnet18,ISIC_0016056,ensemble,max_sensitivity,1.08516263961792,
resnet18,ISIC_0016056,ensemble,avg_sensitivity,1.064117670059204,
resnet18,ISIC_0016056,ensemble,relevance_mass_accuracy,0.03509661927819252,
resnet18,ISIC_0016056,ensemble,pointing_game,1.0,
resnet18,ISIC_0016056,ensemble,sparseness,0.5506868510893487,
resnet18,ISIC_0016056,ensemble,complexity,11.366806030273438,
resnet18,ISIC_0016056,ensemble,model_parameter_randomisation,,nan
resnet18,ISIC_0016056,ensemble,random_logit,0.6813964849206303,
resnet18,ISIC_0016056,ensemble,completeness,,nan
resnet18,ISIC_0016056,ensemble,non_sensitivity,,nan
squeezenet,ISIC_0016056,ensemble,faithfulness_correlation,0.2504695951938629,
squeezenet,ISIC_0016056,ensemble,pixel_flipping,336.8514099121094,
squeezenet,ISIC_0016056,ensemble,max_sensitivity,1.1920713186264038,
squeezenet,ISIC_0016056,ensemble,avg_sensitivity,1.146662211418152,
squeezenet,ISIC_0016056,ensemble,relevance_mass_accuracy,0.21888799965381622,
squeezenet,ISIC_0016056,ensemble,pointing_game,1.0,
squeezenet,ISIC_0016056,ensemble,sparseness,0.7423529891517204,
squeezenet,ISIC_0016056,ensemble,complexity,10.60477066040039,
squeezenet,ISIC_0016056,ensemble,model_parameter_randomisation,,nan
squeezenet,ISIC_0016056,ensemble,random_logit,0.9286374625001388,
squeezenet,ISIC_0016056,ensemble,completeness,,nan
squeezenet,ISIC_0016056,ensemble,non_sensitivity,,nan
resnet18,ISIC_0016057,ensemble,faithfulness_correlation,0.13668832182884216,
resnet18,ISIC_0016057,ensemble,pixel_flipping,557.2940673828125,
resnet18,ISIC_0016057,ensemble,max_sensitivity,1.0493391752243042,
resnet18,ISIC_0016057,ensemble,avg_sensitivity,1.0453702211380005,
resnet18,ISIC_0016057,ensemble,relevance_mass_accuracy,0.09989906847476959,
resnet18,ISIC_0016057,ensemble,pointing_game,1.0,
resnet18,ISIC_0016057,ensemble,sparseness,0.5111531966256858,
resnet18,ISIC_0016057,ensemble,complexity,11.458637237548828,
resnet18,ISIC_0016057,ensemble,model_parameter_randomisation,,nan
resnet18,ISIC_0016057,ensemble,random_logit,0.5168846103421345,
resnet18,ISIC_0016057,ensemble,completeness,,nan
resnet18,ISIC_0016057,ensemble,non_sensitivity,,nan
squeezenet,ISIC_0016057,ensemble,faithfulness_correlation,0.4351973831653595,
squeezenet,ISIC_0016057,ensemble,pixel_flipping,357.8509826660156,
squeezenet,ISIC_0016057,ensemble,max_sensitivity,1.0831173658370972,
squeezenet,ISIC_0016057,ensemble,avg_sensitivity,1.0647467494010925,
squeezenet,ISIC_0016057,ensemble,relevance_mass_accuracy,0.3056700527667999,
squeezenet,ISIC_0016057,ensemble,pointing_game,1.0,
squeezenet,ISIC_0016057,ensemble,sparseness,0.6557159072744577,
squeezenet,ISIC_0016057,ensemble,complexity,11.039807319641113,
squeezenet,ISIC_0016057,ensemble,model_parameter_randomisation,,nan
squeezenet,ISIC_0016057,ensemble,random_logit,0.8536543165784145,
squeezenet,ISIC_0016057,ensemble,completeness,,nan
squeezenet,ISIC_0016057,ensemble,non_sensitivity,,nan
resnet18,ISIC_0016058,ensemble,faithfulness_correlation,-0.06855843216180801,
resnet18,ISIC_0016058,ensemble,pixel_flipping,56.379371643066406,
resnet18,ISIC_0016058,ensemble,max_sensitivity,1.0020807981491089,
resnet18,ISIC_0016058,ensemble,avg_sensitivity,0.9866064548492431,
resnet18,ISIC_0016058,ensemble,relevance_mass_accuracy,0.03783241659402847,
resnet18,ISIC_0016058,ensemble,pointing_game,0.0,
resnet18,ISIC_0016058,ensemble,sparseness,0.47662970877426525,
resnet18,ISIC_0016058,ensemble,complexity,11.523313522338867,
resnet18,ISIC_0016058,ensemble,model_parameter_randomisation,,nan
resnet18,ISIC_0016058,ensemble,random_logit,0.6582313904489391,
resnet18,ISIC_0016058,ensemble,completeness,,nan
resnet18,ISIC_0016058,ensemble,non_sensitivity,,nan
squeezenet,ISIC_0016058,ensemble,faithfulness_correlation,0.07886065542697906,
squeezenet,ISIC_0016058,ensemble,pixel_flipping,59.02365493774414,
squeezenet,ISIC_0016058,ensemble,max_sensitivity,1.128406047821045,
squeezenet,ISIC_0016058,ensemble,avg_sensitivity,1.0679418206214906,
squeezenet,ISIC_0016058,ensemble,relevance_mass_accuracy,0.05669495463371277,
squeezenet,ISIC_0016058,ensemble,pointing_game,0.0,
squeezenet,ISIC_0016058,ensemble,sparseness,0.5881216351350855,
squeezenet,ISIC_0016058,ensemble,complexity,11.2702054977417,
squeezenet,ISIC_0016058,ensemble,model_parameter_randomisation,,nan
squeezenet,ISIC_0016058,ensemble,random_logit,0.8048518535416482,
squeezenet,ISIC_0016058,ensemble,completeness,,nan
squeezenet,ISIC_0016058,ensemble,non_sensitivity,,nan
resnet18,ISIC_0016059,ensemble,faithfulness_correlation,-0.0911870151758194,
resnet18,ISIC_0016059,ensemble,pixel_flipping,426.8577880859375,
resnet18,ISIC_0016059,ensemble,max_sensitivity,1.098988652229309,
resnet18,ISIC_0016059,ensemble,avg_sensitivity,1.0817400097846985,
resnet18,ISIC_0016059,ensemble,relevance_mass_accuracy,0.06808015704154968,
resnet18,ISIC_0016059,ensemble,pointing_game,1.0,
resnet18,ISIC_0016059,ensemble,sparseness,0.543651392634106,
resnet18,ISIC_0016059,ensemble,complexity,11.373234748840332,
resnet18,ISIC_0016059,ensemble,model_parameter_randomisation,,nan
resnet18,ISIC_0016059,ensemble,random_logit,0.5867167829902659,
resnet18,ISIC_0016059,ensemble,completeness,,nan
resnet18,ISIC_0016059,ensemble,non_sensitivity,,nan
squeezenet,ISIC_0016059,ensemble,faithfulness_correlation,0.27724888920783997,
squeezenet,ISIC_0016059,ensemble,pixel_flipping,480.90802001953125,
squeezenet,ISIC_0016059,ensemble,max_sensitivity,1.1768600940704346,
squeezenet,ISIC_0016059,ensemble,avg_sensitivity,1.1517655730247498,
squeezenet,ISIC_0016059,ensemble,relevance_mass_accuracy,0.18187253177165985,
squeezenet,ISIC_0016059,ensemble,pointing_game,1.0,
squeezenet,ISIC_0016059,ensemble,sparseness,0.6505733910161688,
squeezenet,ISIC_0016059,ensemble,complexity,11.049689292907715,
squeezenet,ISIC_0016059,ensemble,model_parameter_randomisation,,nan
squeezenet,ISIC_0016059,ensemble,random_logit,0.8305658717826394,
squeezenet,ISIC_0016059,ensemble,completeness,,nan
squeezenet,ISIC_0016059,ensemble,non_sensitivity,,nan
resnet18,ISIC_0016060,ensemble,faithfulness_correlation,-0.15787149965763092,
resnet18,ISIC_0016060,ensemble,pixel_flipping,543.8502807617188,
resnet18,ISIC_0016060,ensemble,max_sensitivity,0.9934235215187073,
resnet18,ISIC_0016060,ensemble,avg_sensitivity,0.9754481077194214,
resnet18,ISIC_0016060,ensemble,relevance_mass_accuracy,0.04280328378081322,
resnet18,ISIC_0016060,ensemble,pointing_game,1.0,
resnet18,ISIC_0016060,ensemble,sparseness,0.45028016197159026,
resnet18,ISIC_0016060,ensemble,complexity,11.553975105285645,
resnet18,ISIC_0016060,ensemble,model_parameter_randomisation,,nan
resnet18,ISIC_0016060,ensemble,random_logit,0.6449494574387158,
resnet18,ISIC_0016060,ensemble,completeness,,nan
resnet18,ISIC_0016060,ensemble,non_sensitivity,,nan
squeezenet,ISIC_0016060,ensemble,faithfulness_correlation,0.022238977253437042,
squeezenet,ISIC_0016060,ensemble,pixel_flipping,244.71185302734375,
squeezenet,ISIC_0016060,ensemble,max_sensitivity,1.020969033241272,
squeezenet,ISIC_0016060,ensemble,avg_sensitivity,0.9975950598716736,
squeezenet,ISIC_0016060,ensemble,relevance_mass_accuracy,0.15925365686416626,
squeezenet,ISIC_0016060,ensemble,pointing_game,1.0,
squeezenet,ISIC_0016060,ensemble,sparseness,0.6352103814845328,
squeezenet,ISIC_0016060,ensemble,complexity,11.08826732635498,
squeezenet,ISIC_0016060,ensemble,model_parameter_randomisation,,nan
squeezenet,ISIC_0016060,ensemble,random_logit,0.8928806092621948,
squeezenet,ISIC_0016060,ensemble,completeness,,nan
squeezenet,ISIC_0016060,ensemble,non_sensitivity,,nan
resnet18,ISIC_0016061,ensemble,faithfulness_correlation,-0.09602903574705124,
resnet18,ISIC_0016061,ensemble,pixel_flipping,527.6514892578125,
resnet18,ISIC_0016061,ensemble,max_sensitivity,1.0505502223968506,
resnet18,ISIC_0016061,ensemble,avg_sensitivity,1.0303472518920898,
resnet18,ISIC_0016061,ensemble,relevance_mass_accuracy,0.024662822484970093,
resnet18,ISIC_0016061,ensemble,pointing_game,1.0,
resnet18,ISIC_0016061,ensemble,sparseness,0.5249413131840034,
resnet18,ISIC_0016061,ensemble,complexity,11.42270565032959,
resnet18,ISIC_0016061,ensemble,model_parameter_randomisation,,nan
resnet18,ISIC_0016061,ensemble,random_logit,0.5699505135836556,
resnet18,ISIC_0016061,ensemble,completeness,,nan
resnet18,ISIC_0016061,ensemble,non_sensitivity,,nan
squeezenet,ISIC_0016061,ensemble,faithfulness_correlation,0.06608111411333084,
squeezenet,ISIC_0016061,ensemble,pixel_flipping,410.86834716796875,
squeezenet,ISIC_0016061,ensemble,max_sensitivity,1.1251050233840942,
squeezenet,ISIC_0016061,ensemble,avg_sensitivity,1.0521712124347686,
squeezenet,ISIC_0016061,ensemble,relevance_mass_accuracy,0.11458909511566162,
squeezenet,ISIC_0016061,ensemble,pointing_game,1.0,
squeezenet,ISIC_0016061,ensemble,sparseness,0.6768716439550293,
squeezenet,ISIC_0016061,ensemble,complexity,10.929858207702637,
squeezenet,ISIC_0016061,ensemble,model_parameter_randomisation,,nan
squeezenet,ISIC_0016061,ensemble,random_logit,0.8771584086766185,
squeezenet,ISIC_0016061,ensemble,completeness,,nan
squeezenet,ISIC_0016061,ensemble,non_sensitivity,,nan
resnet18,ISIC_0016062,ensemble,faithfulness_correlation,-0.11415722221136093,
resnet18,ISIC_0016062,ensemble,pixel_flipping,477.4007568359375,
resnet18,ISIC_0016062,ensemble,max_sensitivity,1.0675195455551147,
resnet18,ISIC_0016062,ensemble,avg_sensitivity,1.0320155143737793,
resnet18,ISIC_0016062,ensemble,relevance_mass_accuracy,0.09121766686439514,
resnet18,ISIC_0016062,ensemble,pointing_game,0.0,
resnet18,ISIC_0016062,ensemble,sparseness,0.5365502573451142,
resnet18,ISIC_0016062,ensemble,complexity,11.389215469360352,
resnet18,ISIC_0016062,ensemble,model_parameter_randomisation,,nan
resnet18,ISIC_0016062,ensemble,random_logit,0.6549579768709706,
resnet18,ISIC_0016062,ensemble,completeness,,nan
resnet18,ISIC_0016062,ensemble,non_sensitivity,,nan
squeezenet,ISIC_0016062,ensemble,faithfulness_correlation,0.3622865676879883,
squeezenet,ISIC_0016062,ensemble,pixel_flipping,206.074951171875,
squeezenet,ISIC_0016062,ensemble,max_sensitivity,1.1111512184143066,
squeezenet,ISIC_0016062,ensemble,avg_sensitivity,1.0644572854042054,
squeezenet,ISIC_0016062,ensemble,relevance_mass_accuracy,0.33518338203430176,
squeezenet,ISIC_0016062,ensemble,pointing_game,1.0,
squeezenet,ISIC_0016062,ensemble,sparseness,0.7062899810418679,
squeezenet,ISIC_0016062,ensemble,complexity,10.839465141296387,
squeezenet,ISIC_0016062,ensemble,model_parameter_randomisation,,nan
squeezenet,ISIC_0016062,ensemble,random_logit,0.8891139053833438,
squeezenet,ISIC_0016062,ensemble,completeness,,nan
squeezenet,ISIC_0016062,ensemble,non_sensitivity,,nan
resnet18,ISIC_0016063,ensemble,faithfulness_correlation,0.21321582794189453,
resnet18,ISIC_0016063,ensemble,pixel_flipping,489.5586853027344,
resnet18,ISIC_0016063,ensemble,max_sensitivity,1.0950021743774414,
resnet18,ISIC_0016063,ensemble,avg_sensitivity,1.0717484593391418,
resnet18,ISIC_0016063,ensemble,relevance_mass_accuracy,0.036162037402391434,
resnet18,ISIC_0016063,ensemble,pointing_game,0.0,
resnet18,ISIC_0016063,ensemble,sparseness,0.5474141018602692,
resnet18,ISIC_0016063,ensemble,complexity,11.385795593261719,
resnet18,ISIC_0016063,ensemble,model_parameter_randomisation,,nan
resnet18,ISIC_0016063,ensemble,random_logit,0.44089140969766355,
resnet18,ISIC_0016063,ensemble,completeness,,nan
resnet18,ISIC_0016063,ensemble,non_sensitivity,,nan
squeezenet,ISIC_0016063,ensemble,faithfulness_correlation,0.28668850660324097,
squeezenet,ISIC_0016063,ensemble,pixel_flipping,416.38385009765625,
squeezenet,ISIC_0016063,ensemble,max_sensitivity,1.1469491720199585,
squeezenet,ISIC_0016063,ensemble,avg_sensitivity,1.141041672229767,
squeezenet,ISIC_0016063,ensemble,relevance_mass_accuracy,0.18270756304264069,
squeezenet,ISIC_0016063,ensemble,pointing_game,0.0,
squeezenet,ISIC_0016063,ensemble,sparseness,0.6766018251373167,
squeezenet,ISIC_0016063,ensemble,complexity,10.970268249511719,
squeezenet,ISIC_0016063,ensemble,model_parameter_randomisation,,nan
squeezenet,ISIC_0016063,ensemble,random_logit,0.8224109106122102,
squeezenet,ISIC_0016063,ensemble,completeness,,nan
squeezenet,ISIC_0016063,ensemble,non_sensitivity,,nan
resnet18,ISIC_0016064,ensemble,faithfulness_correlation,-0.023780032992362976,
resnet18,ISIC_0016064,ensemble,pixel_flipping,450.9637451171875,
resnet18,ISIC_0016064,ensemble,max_sensitivity,1.0642073154449463,
resnet18,ISIC_0016064,ensemble,avg_sensitivity,1.0460776090621948,
resnet18,ISIC_0016064,ensemble,relevance_mass_accuracy,0.07336201518774033,
resnet18,ISIC_0016064,ensemble,pointing_game,0.0,
resnet18,ISIC_0016064,ensemble,sparseness,0.5827173882761275,
resnet18,ISIC_0016064,ensemble,complexity,11.290078163146973,
resnet18,ISIC_0016064,ensemble,model_parameter_randomisation,,nan
resnet18,ISIC_0016064,ensemble,random_logit,0.6425336869430917,
resnet18,ISIC_0016064,ensemble,completeness,,nan
resnet18,ISIC_0016064,ensemble,non_sensitivity,,nan
squeezenet,ISIC_0016064,ensemble,faithfulness_correlation,0.36551356315612793,
squeezenet,ISIC_0016064,ensemble,pixel_flipping,334.6164245605469,
squeezenet,ISIC_0016064,ensemble,max_sensitivity,1.1303147077560425,
squeezenet,ISIC_0016064,ensemble,avg_sensitivity,1.0639596104621887,
squeezenet,ISIC_0016064,ensemble,relevance_mass_accuracy,0.27834153175354004,
squeezenet,ISIC_0016064,ensemble,pointing_game,1.0,
squeezenet,ISIC_0016064,ensemble,sparseness,0.7477550447690061,
squeezenet,ISIC_0016064,ensemble,complexity,10.624669075012207,
squeezenet,ISIC_0016064,ensemble,model_parameter_randomisation,,nan
squeezenet,ISIC_0016064,ensemble,random_logit,0.918338734113027,
squeezenet,ISIC_0016064,ensemble,completeness,,nan
squeezenet,ISIC_0016064,ensemble,non_sensitivity,,nan
resnet18,ISIC_0016065,ensemble,faithfulness_correlation,-0.22572878003120422,
resnet18,ISIC_0016065,ensemble,pixel_flipping,351.34735107421875,
resnet18,ISIC_0016065,ensemble,max_sensitivity,1.049939751625061,
resnet18,ISIC_0016065,ensemble,avg_sensitivity,1.031044638156891,
resnet18,ISIC_0016065,ensemble,relevance_mass_accuracy,0.04006098583340645,
resnet18,ISIC_0016065,ensemble,pointing_game,1.0,
resnet18,ISIC_0016065,ensemble,sparseness,0.570765180502918,
resnet18,ISIC_0016065,ensemble,complexity,11.321196556091309,
resnet18,ISIC_0016065,ensemble,model_parameter_randomisation,,nan
resnet18,ISIC_0016065,ensemble,random_logit,0.6122548832319363,
resnet18,ISIC_0016065,ensemble,completeness,,nan
resnet18,ISIC_0016065,ensemble,non_sensitivity,,nan
squeezenet,ISIC_0016065,ensemble,faithfulness_correlation,0.25956475734710693,
squeezenet,ISIC_0016065,ensemble,pixel_flipping,287.05474853515625,
squeezenet,ISIC_0016065,ensemble,max_sensitivity,1.105937123298645,
squeezenet,ISIC_0016065,ensemble,avg_sensitivity,1.0588029861450194,
squeezenet,ISIC_0016065,ensemble,relevance_mass_accuracy,0.13745370507240295,
squeezenet,ISIC_0016065,ensemble,pointing_game,1.0,
squeezenet,ISIC_0016065,ensemble,sparseness,0.7124729676854072,
squeezenet,ISIC_0016065,ensemble,complexity,10.75509262084961,
squeezenet,ISIC_0016065,ensemble,model_parameter_randomisation,,nan
squeezenet,ISIC_0016065,ensemble,random_logit,0.8899465593671051,
squeezenet,ISIC_0016065,ensemble,completeness,,nan
squeezenet,ISIC_0016065,ensemble,non_sensitivity,,nan
resnet18,ISIC_0016066,ensemble,faithfulness_correlation,0.10938172042369843,
resnet18,ISIC_0016066,ensemble,pixel_flipping,253.89987182617188,
resnet18,ISIC_0016066,ensemble,max_sensitivity,1.1677355766296387,
resnet18,ISIC_0016066,ensemble,avg_sensitivity,1.1032713532447815,
resnet18,ISIC_0016066,ensemble,relevance_mass_accuracy,0.2438673973083496,
resnet18,ISIC_0016066,ensemble,pointing_game,0.0,
resnet18,ISIC_0016066,ensemble,sparseness,0.5157549207910609,
resnet18,ISIC_0016066,ensemble,complexity,11.424973487854004,
resnet18,ISIC_0016066,ensemble,model_parameter_randomisation,,nan
resnet18,ISIC_0016066,ensemble,random_logit,0.7742736571346299,
resnet18,ISIC_0016066,ensemble,completeness,,nan
resnet18,ISIC_0016066,ensemble,non_sensitivity,,nan
squeezenet,ISIC_0016066,ensemble,faithfulness_correlation,0.24675671756267548,
squeezenet,ISIC_0016066,ensemble,pixel_flipping,180.02804565429688,
squeezenet,ISIC_0016066,ensemble,max_sensitivity,1.1090461015701294,
squeezenet,ISIC_0016066,ensemble,avg_sensitivity,1.0709272146224975,
squeezenet,ISIC_0016066,ensemble,relevance_mass_accuracy,0.5269325971603394,
squeezenet,ISIC_0016066,ensemble,pointing_game,1.0,
squeezenet,ISIC_0016066,ensemble,sparseness,0.7188726835714563,
squeezenet,ISIC_0016066,ensemble,complexity,10.803739547729492,
squeezenet,ISIC_0016066,ensemble,model_parameter_randomisation,,nan
squeezenet,ISIC_0016066,ensemble,random_logit,0.9404705593675614,
squeezenet,ISIC_0016066,ensemble,completeness,,nan
squeezenet,ISIC_0016066,ensemble,non_sensitivity,,nan
resnet18,ISIC_0016068,ensemble,faithfulness_correlation,0.2734803259372711,
resnet18,ISIC_0016068,ensemble,pixel_flipping,166.6015625,
resnet18,ISIC_0016068,ensemble,max_sensitivity,1.19007408618927,
resnet18,ISIC_0016068,ensemble,avg_sensitivity,1.114933156967163,
resnet18,ISIC_0016068,ensemble,relevance_mass_accuracy,0.2613808810710907,
resnet18,ISIC_0016068,ensemble,pointing_game,0.0,
resnet18,ISIC_0016068,ensemble,sparseness,0.4986024897375276,
resnet18,ISIC_0016068,ensemble,complexity,11.481385231018066,
resnet18,ISIC_0016068,ensemble,model_parameter_randomisation,,nan
resnet18,ISIC_0016068,ensemble,random_logit,0.6603830364691434,
resnet18,ISIC_0016068,ensemble,completeness,,nan
resnet18,ISIC_0016068,ensemble,non_sensitivity,,nan
squeezenet,ISIC_0016068,ensemble,faithfulness_correlation,0.2126389741897583,
squeezenet,ISIC_0016068,ensemble,pixel_flipping,214.1760711669922,
squeezenet,ISIC_0016068,ensemble,max_sensitivity,1.09488844871521,
squeezenet,ISIC_0016068,ensemble,avg_sensitivity,1.0840239882469178,
squeezenet,ISIC_0016068,ensemble,relevance_mass_accuracy,0.6122328639030457,
squeezenet,ISIC_0016068,ensemble,pointing_game,1.0,
squeezenet,ISIC_0016068,ensemble,sparseness,0.6730802428707723,
squeezenet,ISIC_0016068,ensemble,complexity,11.029067039489746,
squeezenet,ISIC_0016068,ensemble,model_parameter_randomisation,,nan
squeezenet,ISIC_0016068,ensemble,random_logit,0.8072478767514063,
squeezenet,ISIC_0016068,ensemble,completeness,,nan
squeezenet,ISIC_0016068,ensemble,non_sensitivity,,nan
resnet18,ISIC_0016070,ensemble,faithfulness_correlation,0.0674547404050827,
resnet18,ISIC_0016070,ensemble,pixel_flipping,567.1868286132812,
resnet18,ISIC_0016070,ensemble,max_sensitivity,0.9451216459274292,
resnet18,ISIC_0016070,ensemble,avg_sensitivity,0.9172970175743103,
resnet18,ISIC_0016070,ensemble,relevance_mass_accuracy,0.08714310824871063,
resnet18,ISIC_0016070,ensemble,pointing_game,1.0,
resnet18,ISIC_0016070,ensemble,sparseness,0.5200565677283774,
resnet18,ISIC_0016070,ensemble,complexity,11.418122291564941,
resnet18,ISIC_0016070,ensemble,model_parameter_randomisation,,nan
resnet18,ISIC_0016070,ensemble,random_logit,0.6787777699399423,
resnet18,ISIC_0016070,ensemble,completeness,,nan
resnet18,ISIC_0016070,ensemble,non_sensitivity,,nan
squeezenet,ISIC_0016070,ensemble,faithfulness_correlation,-0.05148731544613838,
squeezenet,ISIC_0016070,ensemble,pixel_flipping,336.15155029296875,
squeezenet,ISIC_0016070,ensemble,max_sensitivity,1.1225504875183105,
squeezenet,ISIC_0016070,ensemble,avg_sensitivity,0.8980117380619049,
squeezenet,ISIC_0016070,ensemble,relevance_mass_accuracy,0.25342071056365967,
squeezenet,ISIC_0016070,ensemble,pointing_game,1.0,
squeezenet,ISIC_0016070,ensemble,sparseness,0.6596256597775422,
squeezenet,ISIC_0016070,ensemble,complexity,10.847118377685547,
squeezenet,ISIC_0016070,ensemble,model_parameter_randomisation,,nan
squeezenet,ISIC_0016070,ensemble,random_logit,0.9476137783100926,
squeezenet,ISIC_0016070,ensemble,completeness,,nan
squeezenet,ISIC_0016070,ensemble,non_sensitivity,,nan
resnet18,ISIC_0016071,ensemble,faithfulness_correlation,0.28579384088516235,
resnet18,ISIC_0016071,ensemble,pixel_flipping,362.46417236328125,
resnet18,ISIC_0016071,ensemble,max_sensitivity,1.078578233718872,
resnet18,ISIC_0016071,ensemble,avg_sensitivity,1.0703752279281615,
resnet18,ISIC_0016071,ensemble,relevance_mass_accuracy,0.08457985520362854,
resnet18,ISIC_0016071,ensemble,pointing_game,1.0,
resnet18,ISIC_0016071,ensemble,sparseness,0.5327033233645236,
resnet18,ISIC_0016071,ensemble,complexity,11.40706729888916,
resnet18,ISIC_0016071,ensemble,model_parameter_randomisation,,nan
resnet18,ISIC_0016071,ensemble,random_logit,0.5213309017444968,
resnet18,ISIC_0016071,ensemble,completeness,,nan
resnet18,ISIC_0016071,ensemble,non_sensitivity,,nan
squeezenet,ISIC_0016071,ensemble,faithfulness_correlation,0.13199560344219208,
squeezenet,ISIC_0016071,ensemble,pixel_flipping,465.137451171875,
squeezenet,ISIC_0016071,ensemble,max_sensitivity,1.1558847427368164,
squeezenet,ISIC_0016071,ensemble,avg_sensitivity,1.1407285809516907,
squeezenet,ISIC_0016071,ensemble,relevance_mass_accuracy,0.30265289545059204,
squeezenet,ISIC_0016071,ensemble,pointing_game,1.0,
squeezenet,ISIC_0016071,ensemble,sparseness,0.6945505079214451,
squeezenet,ISIC_0016071,ensemble,complexity,10.917253494262695,
squeezenet,ISIC_0016071,ensemble,model_parameter_randomisation,,nan
squeezenet,ISIC_0016071,ensemble,random_logit,0.8653086903824984,
squeezenet,ISIC_0016071,ensemble,completeness,,nan
squeezenet,ISIC_0016071,ensemble,non_sensitivity,,nan
resnet18,ISIC_0016072,ensemble,faithfulness_correlation,0.1504666954278946,
resnet18,ISIC_0016072,ensemble,pixel_flipping,336.385009765625,
resnet18,ISIC_0016072,ensemble,max_sensitivity,1.2459901571273804,
resnet18,ISIC_0016072,ensemble,avg_sensitivity,1.2142282485961915,
resnet18,ISIC_0016072,ensemble,relevance_mass_accuracy,0.2561160624027252,
resnet18,ISIC_0016072,ensemble,pointing_game,0.0,
resnet18,ISIC_0016072,ensemble,sparseness,0.518298099871895,
resnet18,ISIC_0016072,ensemble,complexity,11.439133644104004,
resnet18,ISIC_0016072,ensemble,model_parameter_randomisation,,nan
resnet18,ISIC_0016072,ensemble,random_logit,0.7625778942867222,
resnet18,ISIC_0016072,ensemble,completeness,,nan
resnet18,ISIC_0016072,ensemble,non_sensitivity,,nan
squeezenet,ISIC_0016072,ensemble,faithfulness_correlation,0.28232723474502563,
squeezenet,ISIC_0016072,ensemble,pixel_flipping,121.52255249023438,
squeezenet,ISIC_0016072,ensemble,max_sensitivity,1.1652300357818604,
squeezenet,ISIC_0016072,ensemble,avg_sensitivity,1.1387045860290528,
squeezenet,ISIC_0016072,ensemble,relevance_mass_accuracy,0.6268028020858765,
squeezenet,ISIC_0016072,ensemble,pointing_game,1.0,
squeezenet,ISIC_0016072,ensemble,sparseness,0.7117723480678946,
squeezenet,ISIC_0016072,ensemble,complexity,10.845178604125977,
squeezenet,ISIC_0016072,ensemble,model_parameter_randomisation,,nan
squeezenet,ISIC_0016072,ensemble,random_logit,0.8763066703702787,
squeezenet,ISIC_0016072,ensemble,completeness,,nan
squeezenet,ISIC_0016072,ensemble,non_sensitivity,,nan
resnet18,ISIC_0012086,ensemble,faithfulness_correlation,0.1692713350057602,
resnet18,ISIC_0012086,ensemble,pixel_flipping,24.249134063720703,
resnet18,ISIC_0012086,ensemble,max_sensitivity,1.1695539951324463,
resnet18,ISIC_0012086,ensemble,avg_sensitivity,1.1434130668640137,
resnet18,ISIC_0012086,ensemble,relevance_mass_accuracy,0.7420389652252197,
resnet18,ISIC_0012086,ensemble,pointing_game,0.0,
resnet18,ISIC_0012086,ensemble,sparseness,0.4698516280387206,
resnet18,ISIC_0012086,ensemble,complexity,11.528985977172852,
resnet18,ISIC_0012086,ensemble,model_parameter_randomisation,,nan
resnet18,ISIC_0012086,ensemble,random_logit,0.6321726976114909,
resnet18,ISIC_0012086,ensemble,completeness,,nan
resnet18,ISIC_0012086,ensemble,non_sensitivity,,nan
squeezenet,ISIC_0012086,ensemble,faithfulness_correlation,0.06327525526285172,
squeezenet,ISIC_0012086,ensemble,pixel_flipping,61.51177215576172,
squeezenet,ISIC_0012086,ensemble,max_sensitivity,1.0827500820159912,
squeezenet,ISIC_0012086,ensemble,avg_sensitivity,1.0746918439865112,
squeezenet,ISIC_0012086,ensemble,relevance_mass_accuracy,0.5100288987159729,
squeezenet,ISIC_0012086,ensemble,pointing_game,0.0,
squeezenet,ISIC_0012086,ensemble,sparseness,0.5960422120213669,
squeezenet,ISIC_0012086,ensemble,complexity,11.26573371887207,
squeezenet,ISIC_0012086,ensemble,model_parameter_randomisation,,nan
squeezenet,ISIC_0012086,ensemble,random_logit,0.577395168490343,
squeezenet,ISIC_0012086,ensemble,completeness,,nan
squeezenet,ISIC_0012086,ensemble,non_sensitivity,,nan
resnet18,ISIC_0012134,ensemble,faithfulness_correlation,0.2332211583852768,
resnet18,ISIC_0012134,ensemble,pixel_flipping,26.428194046020508,
resnet18,ISIC_0012134,ensemble,max_sensitivity,1.1238585710525513,
resnet18,ISIC_0012134,ensemble,avg_sensitivity,1.0875980377197265,
resnet18,ISIC_0012134,ensemble,relevance_mass_accuracy,0.8783844709396362,
resnet18,ISIC_0012134,ensemble,pointing_game,1.0,
resnet18,ISIC_0012134,ensemble,sparseness,0.4774149300234255,
resnet18,ISIC_0012134,ensemble,complexity,11.52132797241211,
resnet18,ISIC_0012134,ensemble,model_parameter_randomisation,,nan
resnet18,ISIC_0012134,ensemble,random_logit,0.6223700285152338,
resnet18,ISIC_0012134,ensemble,completeness,,nan
resnet18,ISIC_0012134,ensemble,non_sensitivity,,nan
squeezenet,ISIC_0012134,ensemble,faithfulness_correlation,-0.013652751222252846,
squeezenet,ISIC_0012134,ensemble,pixel_flipping,54.38656997680664,
squeezenet,ISIC_0012134,ensemble,max_sensitivity,1.085181474685669,
squeezenet,ISIC_0012134,ensemble,avg_sensitivity,1.067554533481598,
squeezenet,ISIC_0012134,ensemble,relevance_mass_accuracy,0.6534922122955322,
squeezenet,ISIC_0012134,ensemble,pointing_game,0.0,
squeezenet,ISIC_0012134,ensemble,sparseness,0.5828028431426125,
squeezenet,ISIC_0012134,ensemble,complexity,11.274502754211426,
squeezenet,ISIC_0012134,ensemble,model_parameter_randomisation,,nan
squeezenet,ISIC_0012134,ensemble,random_logit,0.6742273540067564,
squeezenet,ISIC_0012134,ensemble,completeness,,nan
squeezenet,ISIC_0012134,ensemble,non_sensitivity,,nan
resnet18,ISIC_0012136,ensemble,faithfulness_correlation,-0.09012376517057419,
resnet18,ISIC_0012136,ensemble,pixel_flipping,16.5784912109375,
resnet18,ISIC_0012136,ensemble,max_sensitivity,1.1418120861053467,
resnet18,ISIC_0012136,ensemble,avg_sensitivity,1.1059033393859863,
resnet18,ISIC_0012136,ensemble,relevance_mass_accuracy,0.6026278138160706,
resnet18,ISIC_0012136,ensemble,pointing_game,1.0,
resnet18,ISIC_0012136,ensemble,sparseness,0.45753300453892465,
resnet18,ISIC_0012136,ensemble,complexity,11.558736801147461,
resnet18,ISIC_0012136,ensemble,model_parameter_randomisation,,nan
resnet18,ISIC_0012136,ensemble,random_logit,0.6467868907453942,
resnet18,ISIC_0012136,ensemble,completeness,,nan
resnet18,ISIC_0012136,ensemble,non_sensitivity,,nan
squeezenet,ISIC_0012136,ensemble,faithfulness_correlation,0.15690067410469055,
squeezenet,ISIC_0012136,ensemble,pixel_flipping,62.026100158691406,
squeezenet,ISIC_0012136,ensemble,max_sensitivity,1.0198684930801392,
squeezenet,ISIC_0012136,ensemble,avg_sensitivity,1.0177566051483153,
squeezenet,ISIC_0012136,ensemble,relevance_mass_accuracy,0.34922537207603455,
squeezenet,ISIC_0012136,ensemble,pointing_game,0.0,
squeezenet,ISIC_0012136,ensemble,sparseness,0.5840324692467141,
squeezenet,ISIC_0012136,ensemble,complexity,11.29427433013916,
squeezenet,ISIC_0012136,ensemble,model_parameter_randomisation,,nan
squeezenet,ISIC_0012136,ensemble,random_logit,0.5817556148013332,
squeezenet,ISIC_0012136,ensemble,completeness,,nan
squeezenet,ISIC_0012136,ensemble,non_sensitivity,,nan
resnet18,ISIC_0012178,ensemble,faithfulness_correlation,-0.08009772002696991,
resnet18,ISIC_0012178,ensemble,pixel_flipping,8.213045120239258,
resnet18,ISIC_0012178,ensemble,max_sensitivity,1.1257498264312744,
resnet18,ISIC_0012178,ensemble,avg_sensitivity,1.0895886778831483,
resnet18,ISIC_0012178,ensemble,relevance_mass_accuracy,0.09283187240362167,
resnet18,ISIC_0012178,ensemble,pointing_game,0.0,
resnet18,ISIC_0012178,ensemble,sparseness,0.44788696629878283,
resnet18,ISIC_0012178,ensemble,complexity,11.568761825561523,
resnet18,ISIC_0012178,ensemble,model_parameter_randomisation,,nan
resnet18,ISIC_0012178,ensemble,random_logit,0.6059754974656902,
resnet18,ISIC_0012178,ensemble,completeness,,nan
resnet18,ISIC_0012178,ensemble,non_sensitivity,,nan
squeezenet,ISIC_0012178,ensemble,faithfulness_correlation,-0.036688223481178284,
squeezenet,ISIC_0012178,ensemble,pixel_flipping,62.720184326171875,
squeezenet,ISIC_0012178,ensemble,max_sensitivity,1.0705927610397339,
squeezenet,ISIC_0012178,ensemble,avg_sensitivity,1.0455226659774781,
squeezenet,ISIC_0012178,ensemble,relevance_mass_accuracy,0.168195441365242,
squeezenet,ISIC_0012178,ensemble,pointing_game,0.0,
squeezenet,ISIC_0012178,ensemble,sparseness,0.6083519730775737,
squeezenet,ISIC_0012178,ensemble,complexity,11.229352951049805,
squeezenet,ISIC_0012178,ensemble,model_parameter_randomisation,,nan
squeezenet,ISIC_0012178,ensemble,random_logit,0.638167605669817,
squeezenet,ISIC_0012178,ensemble,completeness,,nan
squeezenet,ISIC_0012178,ensemble,non_sensitivity,,nan
resnet18,ISIC_0012199,ensemble,faithfulness_correlation,-0.08274377882480621,
resnet18,ISIC_0012199,ensemble,pixel_flipping,114.26412200927734,
resnet18,ISIC_0012199,ensemble,max_sensitivity,1.145390510559082,
resnet18,ISIC_0012199,ensemble,avg_sensitivity,1.1260347247123719,
resnet18,ISIC_0012199,ensemble,relevance_mass_accuracy,0.2698546350002289,
resnet18,ISIC_0012199,ensemble,pointing_game,0.0,
resnet18,ISIC_0012199,ensemble,sparseness,0.5151957014502667,
resnet18,ISIC_0012199,ensemble,complexity,11.459710121154785,
resnet18,ISIC_0012199,ensemble,model_parameter_randomisation,,nan
resnet18,ISIC_0012199,ensemble,random_logit,0.6165265329108125,
resnet18,ISIC_0012199,ensemble,completeness,,nan
resnet18,ISIC_0012199,ensemble,non_sensitivity,,nan
squeezenet,ISIC_0012199,ensemble,faithfulness_correlation,0.16121983528137207,
squeezenet,ISIC_0012199,ensemble,pixel_flipping,168.25445556640625,
squeezenet,ISIC_0012199,ensemble,max_sensitivity,1.0629361867904663,
squeezenet,ISIC_0012199,ensemble,avg_sensitivity,1.042916738986969,
squeezenet,ISIC_0012199,ensemble,relevance_mass_accuracy,0.3331606090068817,
squeezenet,ISIC_0012199,ensemble,pointing_game,0.0,
squeezenet,ISIC_0012199,ensemble,sparseness,0.6317408243367675,
squeezenet,ISIC_0012199,ensemble,complexity,11.161368370056152,
squeezenet,ISIC_0012199,ensemble,model_parameter_randomisation,,nan
squeezenet,ISIC_0012199,ensemble,random_logit,0.8023984544037306,
squeezenet,ISIC_0012199,ensemble,completeness,,nan
squeezenet,ISIC_0012199,ensemble,non_sensitivity,,nan
resnet18,ISIC_0012207,ensemble,faithfulness_correlation,0.19503259658813477,
resnet18,ISIC_0012207,ensemble,pixel_flipping,401.0311279296875,
resnet18,ISIC_0012207,ensemble,max_sensitivity,0.9520674347877502,
resnet18,ISIC_0012207,ensemble,avg_sensitivity,0.9328624904155731,
resnet18,ISIC_0012207,ensemble,relevance_mass_accuracy,0.10962431132793427,
resnet18,ISIC_0012207,ensemble,pointing_game,0.0,
resnet18,ISIC_0012207,ensemble,sparseness,0.4292135646610246,
resnet18,ISIC_0012207,ensemble,complexity,11.595973014831543,
resnet18,ISIC_0012207,ensemble,model_parameter_randomisation,,nan
resnet18,ISIC_0012207,ensemble,random_logit,0.6039420712755627,
resnet18,ISIC_0012207,ensemble,completeness,,nan
resnet18,ISIC_0012207,ensemble,non_sensitivity,,nan
squeezenet,ISIC_0012207,ensemble,faithfulness_correlation,0.02526901848614216,
squeezenet,ISIC_0012207,ensemble,pixel_flipping,51.32868957519531,
squeezenet,ISIC_0012207,ensemble,max_sensitivity,0.9393766522407532,
squeezenet,ISIC_0012207,ensemble,avg_sensitivity,0.9110968589782715,
squeezenet,ISIC_0012207,ensemble,relevance_mass_accuracy,0.11548997461795807,
squeezenet,ISIC_0012207,ensemble,pointing_game,0.0,
squeezenet,ISIC_0012207,ensemble,sparseness,0.6267148176278731,
squeezenet,ISIC_0012207,ensemble,complexity,11.172459602355957,
squeezenet,ISIC_0012207,ensemble,model_parameter_randomisation,,nan
squeezenet,ISIC_0012207,ensemble,random_logit,0.6446126839141623,
squeezenet,ISIC_0012207,ensemble,completeness,,nan
squeezenet,ISIC_0012207,ensemble,non_sensitivity,,nan
resnet18,ISIC_0012215,ensemble,faithfulness_correlation,-0.06767981499433517,
resnet18,ISIC_0012215,ensemble,pixel_flipping,23.58834457397461,
resnet18,ISIC_0012215,ensemble,max_sensitivity,1.174209475517273,
resnet18,ISIC_0012215,ensemble,avg_sensitivity,1.0936313271522522,
resnet18,ISIC_0012215,ensemble,relevance_mass_accuracy,0.7965967059135437,
resnet18,ISIC_0012215,ensemble,pointing_game,1.0,
resnet18,ISIC_0012215,ensemble,sparseness,0.44780403933113583,
resnet18,ISIC_0012215,ensemble,complexity,11.572484016418457,
resnet18,ISIC_0012215,ensemble,model_parameter_randomisation,,nan
resnet18,ISIC_0012215,ensemble,random_logit,0.4754995235932374,
resnet18,ISIC_0012215,ensemble,completeness,,nan
resnet18,ISIC_0012215,ensemble,non_sensitivity,,nan
squeezenet,ISIC_0012215,ensemble,faithfulness_correlation,-0.07327260076999664,
squeezenet,ISIC_0012215,ensemble,pixel_flipping,39.28455352783203,
squeezenet,ISIC_0012215,ensemble,max_sensitivity,1.0790188312530518,
squeezenet,ISIC_0012215,ensemble,avg_sensitivity,1.0684590697288514,
squeezenet,ISIC_0012215,ensemble,relevance_mass_accuracy,0.6635870337486267,
squeezenet,ISIC_0012215,ensemble,pointing_game,0.0,
squeezenet,ISIC_0012215,ensemble,sparseness,0.5519914699381174,
squeezenet,ISIC_0012215,ensemble,complexity,11.37786865234375,
squeezenet,ISIC_0012215,ensemble,model_parameter_randomisation,,nan
squeezenet,ISIC_0012215,ensemble,random_logit,0.4531981040992019,
squeezenet,ISIC_0012215,ensemble,completeness,,nan
squeezenet,ISIC_0012215,ensemble,non_sensitivity,,nan
resnet18,ISIC_0012223,ensemble,faithfulness_correlation,0.0866508036851883,
resnet18,ISIC_0012223,ensemble,pixel_flipping,9.288911819458008,
resnet18,ISIC_0012223,ensemble,max_sensitivity,1.1220142841339111,
resnet18,ISIC_0012223,ensemble,avg_sensitivity,1.1015615224838258,
resnet18,ISIC_0012223,ensemble,relevance_mass_accuracy,0.6010275483131409,
resnet18,ISIC_0012223,ensemble,pointing_game,1.0,
resnet18,ISIC_0012223,ensemble,sparseness,0.47067285260258096,
resnet18,ISIC_0012223,ensemble,complexity,11.531906127929688,
resnet18,ISIC_0012223,ensemble,model_parameter_randomisation,,nan
resnet18,ISIC_0012223,ensemble,random_logit,0.5657408534689161,
resnet18,ISIC_0012223,ensemble,completeness,,nan
resnet18,ISIC_0012223,ensemble,non_sensitivity,,nan
squeezenet,ISIC_0012223,ensemble,faithfulness_correlation,0.14186879992485046,
squeezenet,ISIC_0012223,ensemble,pixel_flipping,31.09196662902832,
squeezenet,ISIC_0012223,ensemble,max_sensitivity,1.153294324874878,
squeezenet,ISIC_0012223,ensemble,avg_sensitivity,1.1294997930526733,
squeezenet,ISIC_0012223,ensemble,relevance_mass_accuracy,0.5454199314117432,
squeezenet,ISIC_0012223,ensemble,pointing_game,1.0,
squeezenet,ISIC_0012223,ensemble,sparseness,0.5749683425701124,
squeezenet,ISIC_0012223,ensemble,complexity,11.318506240844727,
squeezenet,ISIC_0012223,ensemble,model_parameter_randomisation,,nan
squeezenet,ISIC_0012223,ensemble,random_logit,0.7183847801841767,
squeezenet,ISIC_0012223,ensemble,completeness,,nan
squeezenet,ISIC_0012223,ensemble,non_sensitivity,,nan
resnet18,ISIC_0012248,ensemble,faithfulness_correlation,0.028201060369610786,
resnet18,ISIC_0012248,ensemble,pixel_flipping,22.895998001098633,
resnet18,ISIC_0012248,ensemble,max_sensitivity,1.101104497909546,
resnet18,ISIC_0012248,ensemble,avg_sensitivity,1.0280220806598663,
resnet18,ISIC_0012248,ensemble,relevance_mass_accuracy,0.4360038936138153,
resnet18,ISIC_0012248,ensemble,pointing_game,0.0,
resnet18,ISIC_0012248,ensemble,sparseness,0.46402661261336875,
resnet18,ISIC_0012248,ensemble,complexity,11.543932914733887,
resnet18,ISIC_0012248,ensemble,model_parameter_randomisation,,nan
resnet18,ISIC_0012248,ensemble,random_logit,0.5789663625941533,
resnet18,ISIC_0012248,ensemble,completeness,,nan
resnet18,ISIC_0012248,ensemble,non_sensitivity,,nan
squeezenet,ISIC_0012248,ensemble,faithfulness_correlation,-0.05829228088259697,
squeezenet,ISIC_0012248,ensemble,pixel_flipping,58.45658493041992,
squeezenet,ISIC_0012248,ensemble,max_sensitivity,1.0906054973602295,
squeezenet,ISIC_0012248,ensemble,avg_sensitivity,1.063780629634857,
squeezenet,ISIC_0012248,ensemble,relevance_mass_accuracy,0.316658616065979,
squeezenet,ISIC_0012248,ensemble,pointing_game,0.0,
squeezenet,ISIC_0012248,ensemble,sparseness,0.5953089858616887,
squeezenet,ISIC_0012248,ensemble,complexity,11.26603889465332,
squeezenet,ISIC_0012248,ensemble,model_parameter_randomisation,,nan
squeezenet,ISIC_0012248,ensemble,random_logit,0.5976219810886028,
squeezenet,ISIC_0012248,ensemble,completeness,,nan
squeezenet,ISIC_0012248,ensemble,non_sensitivity,,nan
resnet18,ISIC_0012265,ensemble,faithfulness_correlation,-0.25125521421432495,
resnet18,ISIC_0012265,ensemble,pixel_flipping,223.7187957763672,
resnet18,ISIC_0012265,ensemble,max_sensitivity,1.2312700748443604,
resnet18,ISIC_0012265,ensemble,avg_sensitivity,1.2126652598381042,
resnet18,ISIC_0012265,ensemble,relevance_mass_accuracy,0.9260918498039246,
resnet18,ISIC_0012265,ensemble,pointing_game,1.0,
resnet18,ISIC_0012265,ensemble,sparseness,0.47727597766888696,
resnet18,ISIC_0012265,ensemble,complexity,11.522216796875,
resnet18,ISIC_0012265,ensemble,model_parameter_randomisation,,nan
resnet18,ISIC_0012265,ensemble,random_logit,0.5787992135912753,
resnet18,ISIC_0012265,ensemble,completeness,,nan
resnet18,ISIC_0012265,ensemble,non_sensitivity,,nan
squeezenet,ISIC_0012265,ensemble,faithfulness_correlation,-0.00955287367105484,
squeezenet,ISIC_0012265,ensemble,pixel_flipping,49.912086486816406,
squeezenet,ISIC_0012265,ensemble,max_sensitivity,1.2079814672470093,
squeezenet,ISIC_0012265,ensemble,avg_sensitivity,1.1593034505844115,
squeezenet,ISIC_0012265,ensemble,relevance_mass_accuracy,0.8180646896362305,
squeezenet,ISIC_0012265,ensemble,pointing_game,1.0,
squeezenet,ISIC_0012265,ensemble,sparseness,0.5631057711201933,
squeezenet,ISIC_0012265,ensemble,complexity,11.339056968688965,
squeezenet,ISIC_0012265,ensemble,model_parameter_randomisation,,nan
squeezenet,ISIC_0012265,ensemble,random_logit,0.556318340429425,
squeezenet,ISIC_0012265,ensemble,completeness,,nan
squeezenet,ISIC_0012265,ensemble,non_sensitivity,,nan
resnet18,ISIC_0012272,ensemble,faithfulness_correlation,-0.05286552384495735,
resnet18,ISIC_0012272,ensemble,pixel_flipping,6.686154365539551,
resnet18,ISIC_0012272,ensemble,max_sensitivity,1.1164273023605347,
resnet18,ISIC_0012272,ensemble,avg_sensitivity,1.0932841062545777,
resnet18,ISIC_0012272,ensemble,relevance_mass_accuracy,0.2560235559940338,
resnet18,ISIC_0012272,ensemble,pointing_game,0.0,
resnet18,ISIC_0012272,ensemble,sparseness,0.44637148243878755,
resnet18,ISIC_0012272,ensemble,complexity,11.574722290039062,
resnet18,ISIC_0012272,ensemble,model_parameter_randomisation,,nan
resnet18,ISIC_0012272,ensemble,random_logit,0.44166287613830335,
resnet18,ISIC_0012272,ensemble,completeness,,nan
resnet18,ISIC_0012272,ensemble,non_sensitivity,,nan
squeezenet,ISIC_0012272,ensemble,faithfulness_correlation,-0.022543642669916153,
squeezenet,ISIC_0012272,ensemble,pixel_flipping,59.27592468261719,
squeezenet,ISIC_0012272,ensemble,max_sensitivity,1.0895432233810425,
squeezenet,ISIC_0012272,ensemble,avg_sensitivity,1.0767753720283508,
squeezenet,ISIC_0012272,ensemble,relevance_mass_accuracy,0.3235917389392853,
squeezenet,ISIC_0012272,ensemble,pointing_game,0.0,
squeezenet,ISIC_0012272,ensemble,sparseness,0.6195969395479134,
squeezenet,ISIC_0012272,ensemble,complexity,11.206692695617676,
squeezenet,ISIC_0012272,ensemble,model_parameter_randomisation,,nan
squeezenet,ISIC_0012272,ensemble,random_logit,0.5467906974074076,
squeezenet,ISIC_0012272,ensemble,completeness,,nan
squeezenet,ISIC_0012272,ensemble,non_sensitivity,,nan
resnet18,ISIC_0012273,ensemble,faithfulness_correlation,0.1724667102098465,
resnet18,ISIC_0012273,ensemble,pixel_flipping,68.81857299804688,
resnet18,ISIC_0012273,ensemble,max_sensitivity,1.071452021598816,
resnet18,ISIC_0012273,ensemble,avg_sensitivity,1.0473734378814696,
resnet18,ISIC_0012273,ensemble,relevance_mass_accuracy,0.44080284237861633,
resnet18,ISIC_0012273,ensemble,pointing_game,0.0,
resnet18,ISIC_0012273,ensemble,sparseness,0.44956336195450214,
resnet18,ISIC_0012273,ensemble,complexity,11.566222190856934,
resnet18,ISIC_0012273,ensemble,model_parameter_randomisation,,nan
resnet18,ISIC_0012273,ensemble,random_logit,0.6206624470292615,
resnet18,ISIC_0012273,ensemble,completeness,,nan
resnet18,ISIC_0012273,ensemble,non_sensitivity,,nan
squeezenet,ISIC_0012273,ensemble,faithfulness_correlation,-0.08287879079580307,
squeezenet,ISIC_0012273,ensemble,pixel_flipping,53.44718551635742,
squeezenet,ISIC_0012273,ensemble,max_sensitivity,1.1020557880401611,
squeezenet,ISIC_0012273,ensemble,avg_sensitivity,1.0785447120666505,
squeezenet,ISIC_0012273,ensemble,relevance_mass_accuracy,0.38419124484062195,
squeezenet,ISIC_0012273,ensemble,pointing_game,0.0,
squeezenet,ISIC_0012273,ensemble,sparseness,0.5611002433746243,
squeezenet,ISIC_0012273,ensemble,complexity,11.334329605102539,
squeezenet,ISIC_0012273,ensemble,model_parameter_randomisation,,nan
squeezenet,ISIC_0012273,ensemble,random_logit,0.6270461001591886,
squeezenet,ISIC_0012273,ensemble,completeness,,nan
squeezenet,ISIC_0012273,ensemble,non_sensitivity,,nan
resnet18,ISIC_0012314,ensemble,faithfulness_correlation,-0.24569426476955414,
resnet18,ISIC_0012314,ensemble,pixel_flipping,461.59149169921875,
resnet18,ISIC_0012314,ensemble,max_sensitivity,0.9856323003768921,
resnet18,ISIC_0012314,ensemble,avg_sensitivity,0.9734227955341339,
resnet18,ISIC_0012314,ensemble,relevance_mass_accuracy,0.32952845096588135,
resnet18,ISIC_0012314,ensemble,pointing_game,1.0,
resnet18,ISIC_0012314,ensemble,sparseness,0.402453632654062,
resnet18,ISIC_0012314,ensemble,complexity,11.629244804382324,
resnet18,ISIC_0012314,ensemble,model_parameter_randomisation,,nan
resnet18,ISIC_0012314,ensemble,random_logit,0.6455542495695279,
resnet18,ISIC_0012314,ensemble,completeness,,nan
resnet18,ISIC_0012314,ensemble,non_sensitivity,,nan
squeezenet,ISIC_0012314,ensemble,faithfulness_correlation,0.080961674451828,
squeezenet,ISIC_0012314,ensemble,pixel_flipping,78.07289123535156,
squeezenet,ISIC_0012314,ensemble,max_sensitivity,1.0269882678985596,
squeezenet,ISIC_0012314,ensemble,avg_sensitivity,0.9982539415359497,
squeezenet,ISIC_0012314,ensemble,relevance_mass_accuracy,0.4631395936012268,
squeezenet,ISIC_0012314,ensemble,pointing_game,1.0,
squeezenet,ISIC_0012314,ensemble,sparseness,0.6084982785214211,
squeezenet,ISIC_0012314,ensemble,complexity,11.231725692749023,
squeezenet,ISIC_0012314,ensemble,model_parameter_randomisation,,nan
squeezenet,ISIC_0012314,ensemble,random_logit,0.7101065377246805,
squeezenet,ISIC_0012314,ensemble,completeness,,nan
squeezenet,ISIC_0012314,ensemble,non_sensitivity,,nan
resnet18,ISIC_0012323,ensemble,faithfulness_correlation,-0.02274441346526146,
resnet18,ISIC_0012323,ensemble,pixel_flipping,14.90599250793457,
resnet18,ISIC_0012323,ensemble,max_sensitivity,1.1489503383636475,
resnet18,ISIC_0012323,ensemble,avg_sensitivity,1.1148828744888306,
resnet18,ISIC_0012323,ensemble,relevance_mass_accuracy,0.5895630717277527,
resnet18,ISIC_0012323,ensemble,pointing_game,1.0,
resnet18,ISIC_0012323,ensemble,sparseness,0.4524218029718164,
resnet18,ISIC_0012323,ensemble,complexity,11.563919067382812,
resnet18,ISIC_0012323,ensemble,model_parameter_randomisation,,nan
resnet18,ISIC_0012323,ensemble,random_logit,0.4494410444676683,
resnet18,ISIC_0012323,ensemble,completeness,,nan
resnet18,ISIC_0012323,ensemble,non_sensitivity,,nan
squeezenet,ISIC_0012323,ensemble,faithfulness_correlation,-0.039804887026548386,
squeezenet,ISIC_0012323,ensemble,pixel_flipping,56.9495849609375,
squeezenet,ISIC_0012323,ensemble,max_sensitivity,1.0708558559417725,
squeezenet,ISIC_0012323,ensemble,avg_sensitivity,1.04307564496994,
squeezenet,ISIC_0012323,ensemble,relevance_mass_accuracy,0.4355584383010864,
squeezenet,ISIC_0012323,ensemble,pointing_game,0.0,
squeezenet,ISIC_0012323,ensemble,sparseness,0.5427238946005423,
squeezenet,ISIC_0012323,ensemble,complexity,11.392416000366211,
squeezenet,ISIC_0012323,ensemble,model_parameter_randomisation,,nan
squeezenet,ISIC_0012323,ensemble,random_logit,0.5559633662507242,
squeezenet,ISIC_0012323,ensemble,completeness,,nan
squeezenet,ISIC_0012323,ensemble,non_sensitivity,,nan
resnet18,ISIC_0012330,ensemble,faithfulness_correlation,0.10180806368589401,
resnet18,ISIC_0012330,ensemble,pixel_flipping,34.30167770385742,
resnet18,ISIC_0012330,ensemble,max_sensitivity,1.0379530191421509,
resnet18,ISIC_0012330,ensemble,avg_sensitivity,1.0303095698356628,
resnet18,ISIC_0012330,ensemble,relevance_mass_accuracy,0.03504760190844536,
resnet18,ISIC_0012330,ensemble,pointing_game,0.0,
resnet18,ISIC_0012330,ensemble,sparseness,0.5256893875343728,
resnet18,ISIC_0012330,ensemble,complexity,11.431746482849121,
resnet18,ISIC_0012330,ensemble,model_parameter_randomisation,,nan
resnet18,ISIC_0012330,ensemble,random_logit,0.7432852777598997,
resnet18,ISIC_0012330,ensemble,completeness,,nan
resnet18,ISIC_0012330,ensemble,non_sensitivity,,nan
squeezenet,ISIC_0012330,ensemble,faithfulness_correlation,-0.0831291526556015,
squeezenet,ISIC_0012330,ensemble,pixel_flipping,72.40067291259766,
squeezenet,ISIC_0012330,ensemble,max_sensitivity,1.0455266237258911,
squeezenet,ISIC_0012330,ensemble,avg_sensitivity,1.014879721403122,
squeezenet,ISIC_0012330,ensemble,relevance_mass_accuracy,0.14393474161624908,
squeezenet,ISIC_0012330,ensemble,pointing_game,0.0,
squeezenet,ISIC_0012330,ensemble,sparseness,0.5423201431350179,
squeezenet,ISIC_0012330,ensemble,complexity,11.38719367980957,
squeezenet,ISIC_0012330,ensemble,model_parameter_randomisation,,nan
squeezenet,ISIC_0012330,ensemble,random_logit,0.6801318628777953,
squeezenet,ISIC_0012330,ensemble,completeness,,nan
squeezenet,ISIC_0012330,ensemble,non_sensitivity,,nan
resnet18,ISIC_0012358,ensemble,faithfulness_correlation,0.1807260662317276,
resnet18,ISIC_0012358,ensemble,pixel_flipping,402.9061279296875,
resnet18,ISIC_0012358,ensemble,max_sensitivity,1.1136977672576904,
resnet18,ISIC_0012358,ensemble,avg_sensitivity,1.0853285193443298,
resnet18,ISIC_0012358,ensemble,relevance_mass_accuracy,0.1145421490073204,
resnet18,ISIC_0012358,ensemble,pointing_game,0.0,
resnet18,ISIC_0012358,ensemble,sparseness,0.4683512145077585,
resnet18,ISIC_0012358,ensemble,complexity,11.536696434020996,
resnet18,ISIC_0012358,ensemble,model_parameter_randomisation,,nan
resnet18,ISIC_0012358,ensemble,random_logit,0.5333217582233606,
resnet18,ISIC_0012358,ensemble,completeness,,nan
resnet18,ISIC_0012358,ensemble,non_sensitivity,,nan
squeezenet,ISIC_0012358,ensemble,faithfulness_correlation,0.19213542342185974,
squeezenet,ISIC_0012358,ensemble,pixel_flipping,72.5022201538086,
squeezenet,ISIC_0012358,ensemble,max_sensitivity,1.1059969663619995,
squeezenet,ISIC_0012358,ensemble,avg_sensitivity,1.0944543719291686,
squeezenet,ISIC_0012358,ensemble,relevance_mass_accuracy,0.1726207435131073,
squeezenet,ISIC_0012358,ensemble,pointing_game,0.0,
squeezenet,ISIC_0012358,ensemble,sparseness,0.5763311413114559,
squeezenet,ISIC_0012358,ensemble,complexity,11.318487167358398,
squeezenet,ISIC_0012358,ensemble,model_parameter_randomisation,,nan
squeezenet,ISIC_0012358,ensemble,random_logit,0.5151480337319716,
squeezenet,ISIC_0012358,ensemble,completeness,,nan
squeezenet,ISIC_0012358,ensemble,non_sensitivity,,nan
resnet18,ISIC_0012364,ensemble,faithfulness_correlation,0.02044813148677349,
resnet18,ISIC_0012364,ensemble,pixel_flipping,8.430246353149414,
resnet18,ISIC_0012364,ensemble,max_sensitivity,1.0293567180633545,
resnet18,ISIC_0012364,ensemble,avg_sensitivity,1.0035621881484986,
resnet18,ISIC_0012364,ensemble,relevance_mass_accuracy,0.2138894945383072,
resnet18,ISIC_0012364,ensemble,pointing_game,0.0,
resnet18,ISIC_0012364,ensemble,sparseness,0.4660709234750491,
resnet18,ISIC_0012364,ensemble,complexity,11.543651580810547,
resnet18,ISIC_0012364,ensemble,model_parameter_randomisation,,nan
resnet18,ISIC_0012364,ensemble,random_logit,0.5900732916998427,
resnet18,ISIC_0012364,ensemble,completeness,,nan
resnet18,ISIC_0012364,ensemble,non_sensitivity,,nan
squeezenet,ISIC_0012364,ensemble,faithfulness_correlation,0.14421366155147552,
squeezenet,ISIC_0012364,ensemble,pixel_flipping,37.96269226074219,
squeezenet,ISIC_0012364,ensemble,max_sensitivity,1.08370041847229,
squeezenet,ISIC_0012364,ensemble,avg_sensitivity,1.0814125895500184,
squeezenet,ISIC_0012364,ensemble,relevance_mass_accuracy,0.17004786431789398,
squeezenet,ISIC_0012364,ensemble,pointing_game,0.0,
squeezenet,ISIC_0012364,ensemble,sparseness,0.5915309659300451,
squeezenet,ISIC_0012364,ensemble,complexity,11.277462005615234,
squeezenet,ISIC_0012364,ensemble,model_parameter_randomisation,,nan
squeezenet,ISIC_0012364,ensemble,random_logit,0.594825825604387,
squeezenet,ISIC_0012364,ensemble,completeness,,nan
squeezenet,ISIC_0012364,ensemble,non_sensitivity,,nan
resnet18,ISIC_0012372,ensemble,faithfulness_correlation,0.23124805092811584,
resnet18,ISIC_0012372,ensemble,pixel_flipping,8.398917198181152,
resnet18,ISIC_0012372,ensemble,max_sensitivity,1.0932447910308838,
resnet18,ISIC_0012372,ensemble,avg_sensitivity,1.0113072454929353,
resnet18,ISIC_0012372,ensemble,relevance_mass_accuracy,0.13769428431987762,
resnet18,ISIC_0012372,ensemble,pointing_game,0.0,
resnet18,ISIC_0012372,ensemble,sparseness,0.5083104572529704,
resnet18,ISIC_0012372,ensemble,complexity,11.465638160705566,
resnet18,ISIC_0012372,ensemble,model_parameter_randomisation,,nan
resnet18,ISIC_0012372,ensemble,random_logit,0.7403798571577173,
resnet18,ISIC_0012372,ensemble,completeness,,nan
resnet18,ISIC_0012372,ensemble,non_sensitivity,,nan
squeezenet,ISIC_0012372,ensemble,faithfulness_correlation,0.0683131217956543,
squeezenet,ISIC_0012372,ensemble,pixel_flipping,37.2968864440918,
squeezenet,ISIC_0012372,ensemble,max_sensitivity,1.064959168434143,
squeezenet,ISIC_0012372,ensemble,avg_sensitivity,1.0492406845092774,
squeezenet,ISIC_0012372,ensemble,relevance_mass_accuracy,0.07520529627799988,
squeezenet,ISIC_0012372,ensemble,pointing_game,0.0,
squeezenet,ISIC_0012372,ensemble,sparseness,0.5630689096776326,
squeezenet,ISIC_0012372,ensemble,complexity,11.35367488861084,
squeezenet,ISIC_0012372,ensemble,model_parameter_randomisation,,nan
squeezenet,ISIC_0012372,ensemble,random_logit,0.49695460394709257,
squeezenet,ISIC_0012372,ensemble,completeness,,nan
squeezenet,ISIC_0012372,ensemble,non_sensitivity,,nan
resnet18,ISIC_0012375,ensemble,faithfulness_correlation,0.06959711760282516,
resnet18,ISIC_0012375,ensemble,pixel_flipping,20.63812828063965,
resnet18,ISIC_0012375,ensemble,max_sensitivity,1.1317355632781982,
resnet18,ISIC_0012375,ensemble,avg_sensitivity,1.0718379974365235,
resnet18,ISIC_0012375,ensemble,relevance_mass_accuracy,0.7750356197357178,
resnet18,ISIC_0012375,ensemble,pointing_game,0.0,
resnet18,ISIC_0012375,ensemble,sparseness,0.47384191266317854,
resnet18,ISIC_0012375,ensemble,complexity,11.534207344055176,
resnet18,ISIC_0012375,ensemble,model_parameter_randomisation,,nan
resnet18,ISIC_0012375,ensemble,random_logit,0.43325187635595713,
resnet18,ISIC_0012375,ensemble,completeness,,nan
resnet18,ISIC_0012375,ensemble,non_sensitivity,,nan
squeezenet,ISIC_0012375,ensemble,faithfulness_correlation,-0.03822186216711998,
squeezenet,ISIC_0012375,ensemble,pixel_flipping,71.73703002929688,
squeezenet,ISIC_0012375,ensemble,max_sensitivity,1.113372564315796,
squeezenet,ISIC_0012375,ensemble,avg_sensitivity,1.1042195081710815,
squeezenet,ISIC_0012375,ensemble,relevance_mass_accuracy,0.6321540474891663,
squeezenet,ISIC_0012375,ensemble,pointing_game,1.0,
squeezenet,ISIC_0012375,ensemble,sparseness,0.599421817676156,
squeezenet,ISIC_0012375,ensemble,complexity,11.251062393188477,
squeezenet,ISIC_0012375,ensemble,model_parameter_randomisation,,nan
squeezenet,ISIC_0012375,ensemble,random_logit,0.6057803364596415,
squeezenet,ISIC_0012375,ensemble,completeness,,nan
squeezenet,ISIC_0012375,ensemble,non_sensitivity,,nan
resnet18,ISIC_0012387,ensemble,faithfulness_correlation,0.05306951701641083,
resnet18,ISIC_0012387,ensemble,pixel_flipping,35.99911880493164,
resnet18,ISIC_0012387,ensemble,max_sensitivity,0.9942802786827087,
resnet18,ISIC_0012387,ensemble,avg_sensitivity,0.9878594875335693,
resnet18,ISIC_0012387,ensemble,relevance_mass_accuracy,0.20241035521030426,
resnet18,ISIC_0012387,ensemble,pointing_game,0.0,
resnet18,ISIC_0012387,ensemble,sparseness,0.4624692104711145,
resnet18,ISIC_0012387,ensemble,complexity,11.550849914550781,
resnet18,ISIC_0012387,ensemble,model_parameter_randomisation,,nan
resnet18,ISIC_0012387,ensemble,random_logit,0.5380731680638116,
resnet18,ISIC_0012387,ensemble,completeness,,nan
resnet18,ISIC_0012387,ensemble,non_sensitivity,,nan
squeezenet,ISIC_0012387,ensemble,faithfulness_correlation,0.05793534219264984,
squeezenet,ISIC_0012387,ensemble,pixel_flipping,66.19456481933594,
squeezenet,ISIC_0012387,ensemble,max_sensitivity,1.0196694135665894,
squeezenet,ISIC_0012387,ensemble,avg_sensitivity,1.0058984875679016,
squeezenet,ISIC_0012387,ensemble,relevance_mass_accuracy,0.24716529250144958,
squeezenet,ISIC_0012387,ensemble,pointing_game,0.0,
squeezenet,ISIC_0012387,ensemble,sparseness,0.5739429004461024,
squeezenet,ISIC_0012387,ensemble,complexity,11.320298194885254,
squeezenet,ISIC_0012387,ensemble,model_parameter_randomisation,,nan
squeezenet,ISIC_0012387,ensemble,random_logit,0.5991816201652632,
squeezenet,ISIC_0012387,ensemble,completeness,,nan
squeezenet,ISIC_0012387,ensemble,non_sensitivity,,nan
resnet18,ISIC_0012388,ensemble,faithfulness_correlation,0.13284166157245636,
resnet18,ISIC_0012388,ensemble,pixel_flipping,46.93096923828125,
resnet18,ISIC_0012388,ensemble,max_sensitivity,1.014827013015747,
resnet18,ISIC_0012388,ensemble,avg_sensitivity,0.9949536323547363,
resnet18,ISIC_0012388,ensemble,relevance_mass_accuracy,0.569259762763977,
resnet18,ISIC_0012388,ensemble,pointing_game,1.0,
resnet18,ISIC_0012388,ensemble,sparseness,0.47616387026345436,
resnet18,ISIC_0012388,ensemble,complexity,11.522448539733887,
resnet18,ISIC_0012388,ensemble,model_parameter_randomisation,,nan
resnet18,ISIC_0012388,ensemble,random_logit,0.6488722179131308,
resnet18,ISIC_0012388,ensemble,completeness,,nan
resnet18,ISIC_0012388,ensemble,non_sensitivity,,nan
squeezenet,ISIC_0012388,ensemble,faithfulness_correlation,-0.047741807997226715,
squeezenet,ISIC_0012388,ensemble,pixel_flipping,79.13601684570312,
squeezenet,ISIC_0012388,ensemble,max_sensitivity,1.0142333507537842,
squeezenet,ISIC_0012388,ensemble,avg_sensitivity,0.9878929555416107,
squeezenet,ISIC_0012388,ensemble,relevance_mass_accuracy,0.2976128160953522,
squeezenet,ISIC_0012388,ensemble,pointing_game,0.0,
squeezenet,ISIC_0012388,ensemble,sparseness,0.6117113262180317,
squeezenet,ISIC_0012388,ensemble,complexity,11.214008331298828,
squeezenet,ISIC_0012388,ensemble,model_parameter_randomisation,,nan
squeezenet,ISIC_0012388,ensemble,random_logit,0.5095316063085377,
squeezenet,ISIC_0012388,ensemble,completeness,,nan
squeezenet,ISIC_0012388,ensemble,non_sensitivity,,nan
resnet18,ISIC_0012414,ensemble,faithfulness_correlation,0.005425300449132919,
resnet18,ISIC_0012414,ensemble,pixel_flipping,8.250617980957031,
resnet18,ISIC_0012414,ensemble,max_sensitivity,1.1427255868911743,
resnet18,ISIC_0012414,ensemble,avg_sensitivity,1.07025203704834,
resnet18,ISIC_0012414,ensemble,relevance_mass_accuracy,0.3610430359840393,
resnet18,ISIC_0012414,ensemble,pointing_game,1.0,
resnet18,ISIC_0012414,ensemble,sparseness,0.47443548516949874,
resnet18,ISIC_0012414,ensemble,complexity,11.529541015625,
resnet18,ISIC_0012414,ensemble,model_parameter_randomisation,,nan
resnet18,ISIC_0012414,ensemble,random_logit,0.5259812505182846,
resnet18,ISIC_0012414,ensemble,completeness,,nan
resnet18,ISIC_0012414,ensemble,non_sensitivity,,nan
squeezenet,ISIC_0012414,ensemble,faithfulness_correlation,0.04229065030813217,
squeezenet,ISIC_0012414,ensemble,pixel_flipping,54.2054328918457,
squeezenet,ISIC_0012414,ensemble,max_sensitivity,1.1215819120407104,
squeezenet,ISIC_0012414,ensemble,avg_sensitivity,1.099716567993164,
squeezenet,ISIC_0012414,ensemble,relevance_mass_accuracy,0.395832896232605,
squeezenet,ISIC_0012414,ensemble,pointing_game,1.0,
squeezenet,ISIC_0012414,ensemble,sparseness,0.6265211027420072,
squeezenet,ISIC_0012414,ensemble,complexity,11.19396686553955,
squeezenet,ISIC_0012414,ensemble,model_parameter_randomisation,,nan
squeezenet,ISIC_0012414,ensemble,random_logit,0.5122567441165762,
squeezenet,ISIC_0012414,ensemble,completeness,,nan
squeezenet,ISIC_0012414,ensemble,non_sensitivity,,nan
resnet18,ISIC_0012432,ensemble,faithfulness_correlation,-0.038285933434963226,
resnet18,ISIC_0012432,ensemble,pixel_flipping,381.9094543457031,
resnet18,ISIC_0012432,ensemble,max_sensitivity,0.9313506484031677,
resnet18,ISIC_0012432,ensemble,avg_sensitivity,0.9165029227733612,
resnet18,ISIC_0012432,ensemble,relevance_mass_accuracy,0.26657137274742126,
resnet18,ISIC_0012432,ensemble,pointing_game,0.0,
resnet18,ISIC_0012432,ensemble,sparseness,0.42914515447572216,
resnet18,ISIC_0012432,ensemble,complexity,11.581064224243164,
resnet18,ISIC_0012432,ensemble,model_parameter_randomisation,,nan
resnet18,ISIC_0012432,ensemble,random_logit,0.7662436084554511,
resnet18,ISIC_0012432,ensemble,completeness,,nan
resnet18,ISIC_0012432,ensemble,non_sensitivity,,nan
squeezenet,ISIC_0012432,ensemble,faithfulness_correlation,0.024316608905792236,
squeezenet,ISIC_0012432,ensemble,pixel_flipping,64.11672973632812,
squeezenet,ISIC_0012432,ensemble,max_sensitivity,0.9641740322113037,
squeezenet,ISIC_0012432,ensemble,avg_sensitivity,0.94300736784935,
squeezenet,ISIC_0012432,ensemble,relevance_mass_accuracy,0.12260911613702774,
squeezenet,ISIC_0012432,ensemble,pointing_game,0.0,
squeezenet,ISIC_0012432,ensemble,sparseness,0.5512632251600326,
squeezenet,ISIC_0012432,ensemble,complexity,11.355076789855957,
squeezenet,ISIC_0012432,ensemble,model_parameter_randomisation,,nan
squeezenet,ISIC_0012432,ensemble,random_logit,0.6687721668429921,
squeezenet,ISIC_0012432,ensemble,completeness,,nan
squeezenet,ISIC_0012432,ensemble,non_sensitivity,,nan
resnet18,ISIC_0012447,ensemble,faithfulness_correlation,-0.06774066388607025,
resnet18,ISIC_0012447,ensemble,pixel_flipping,12.589938163757324,
resnet18,ISIC_0012447,ensemble,max_sensitivity,1.076926827430725,
resnet18,ISIC_0012447,ensemble,avg_sensitivity,1.0127828776836396,
resnet18,ISIC_0012447,ensemble,relevance_mass_accuracy,0.1893972009420395,
resnet18,ISIC_0012447,ensemble,pointing_game,0.0,
resnet18,ISIC_0012447,ensemble,sparseness,0.45312189748503917,
resnet18,ISIC_0012447,ensemble,complexity,11.560317993164062,
resnet18,ISIC_0012447,ensemble,model_parameter_randomisation,,nan
resnet18,ISIC_0012447,ensemble,random_logit,0.6259306824258224,
resnet18,ISIC_0012447,ensemble,completeness,,nan
resnet18,ISIC_0012447,ensemble,non_sensitivity,,nan
squeezenet,ISIC_0012447,ensemble,faithfulness_correlation,0.09523480385541916,
squeezenet,ISIC_0012447,ensemble,pixel_flipping,90.56356048583984,
squeezenet,ISIC_0012447,ensemble,max_sensitivity,1.0532500743865967,
squeezenet,ISIC_0012447,ensemble,avg_sensitivity,1.0421565890312194,
squeezenet,ISIC_0012447,ensemble,relevance_mass_accuracy,0.2255210131406784,
squeezenet,ISIC_0012447,ensemble,pointing_game,0.0,
squeezenet,ISIC_0012447,ensemble,sparseness,0.5874239781582429,
squeezenet,ISIC_0012447,ensemble,complexity,11.292773246765137,
squeezenet,ISIC_0012447,ensemble,model_parameter_randomisation,,nan
squeezenet,ISIC_0012447,ensemble,random_logit,0.5342980357023339,
squeezenet,ISIC_0012447,ensemble,completeness,,nan
squeezenet,ISIC_0012447,ensemble,non_sensitivity,,nan
resnet18,ISIC_0012448,ensemble,faithfulness_correlation,0.14970917999744415,
resnet18,ISIC_0012448,ensemble,pixel_flipping,11.09927749633789,
resnet18,ISIC_0012448,ensemble,max_sensitivity,1.0840060710906982,
resnet18,ISIC_0012448,ensemble,avg_sensitivity,1.0518757462501527,
resnet18,ISIC_0012448,ensemble,relevance_mass_accuracy,0.02095303125679493,
resnet18,ISIC_0012448,ensemble,pointing_game,0.0,
resnet18,ISIC_0012448,ensemble,sparseness,0.4586420513188759,
resnet18,ISIC_0012448,ensemble,complexity,11.550658226013184,
resnet18,ISIC_0012448,ensemble,model_parameter_randomisation,,nan
resnet18,ISIC_0012448,ensemble,random_logit,0.5874821406385602,
resnet18,ISIC_0012448,ensemble,completeness,,nan
resnet18,ISIC_0012448,ensemble,non_sensitivity,,nan
squeezenet,ISIC_0012448,ensemble,faithfulness_correlation,0.02474941499531269,
squeezenet,ISIC_0012448,ensemble,pixel_flipping,45.2750129699707,
squeezenet,ISIC_0012448,ensemble,max_sensitivity,0.9905386567115784,
squeezenet,ISIC_0012448,ensemble,avg_sensitivity,0.9713379859924316,
squeezenet,ISIC_0012448,ensemble,relevance_mass_accuracy,0.013034331612288952,
squeezenet,ISIC_0012448,ensemble,pointing_game,0.0,
squeezenet,ISIC_0012448,ensemble,sparseness,0.5746446515430205,
squeezenet,ISIC_0012448,ensemble,complexity,11.307365417480469,
squeezenet,ISIC_0012448,ensemble,model_parameter_randomisation,,nan
squeezenet,ISIC_0012448,ensemble,random_logit,0.609571596887688,
squeezenet,ISIC_0012448,ensemble,completeness,,nan
squeezenet,ISIC_0012448,ensemble,non_sensitivity,,nan
resnet18,ISIC_0012510,ensemble,faithfulness_correlation,-0.05083126202225685,
resnet18,ISIC_0012510,ensemble,pixel_flipping,7.843479156494141,
resnet18,ISIC_0012510,ensemble,max_sensitivity,1.1560322046279907,
resnet18,ISIC_0012510,ensemble,avg_sensitivity,1.1070247292518616,
resnet18,ISIC_0012510,ensemble,relevance_mass_accuracy,0.9345555305480957,
resnet18,ISIC_0012510,ensemble,pointing_game,1.0,
resnet18,ISIC_0012510,ensemble,sparseness,0.475505214170398,
resnet18,ISIC_0012510,ensemble,complexity,11.527867317199707,
resnet18,ISIC_0012510,ensemble,model_parameter_randomisation,,nan
resnet18,ISIC_0012510,ensemble,random_logit,0.6143306189044239,
resnet18,ISIC_0012510,ensemble,completeness,,nan
resnet18,ISIC_0012510,ensemble,non_sensitivity,,nan
squeezenet,ISIC_0012510,ensemble,faithfulness_correlation,0.19638609886169434,
squeezenet,ISIC_0012510,ensemble,pixel_flipping,175.81346130371094,
squeezenet,ISIC_0012510,ensemble,max_sensitivity,1.1132103204727173,
squeezenet,ISIC_0012510,ensemble,avg_sensitivity,1.1065997362136841,
squeezenet,ISIC_0012510,ensemble,relevance_mass_accuracy,1.0500199794769287,
squeezenet,ISIC_0012510,ensemble,pointing_game,1.0,
squeezenet,ISIC_0012510,ensemble,sparseness,0.5709572525959355,
squeezenet,ISIC_0012510,ensemble,complexity,11.323116302490234,
squeezenet,ISIC_0012510,ensemble,model_parameter_randomisation,,nan
squeezenet,ISIC_0012510,ensemble,random_logit,0.7619258089280012,
squeezenet,ISIC_0012510,ensemble,completeness,,nan
squeezenet,ISIC_0012510,ensemble,non_sensitivity,,nan
resnet18,ISIC_0012522,ensemble,faithfulness_correlation,-0.011768234893679619,
resnet18,ISIC_0012522,ensemble,pixel_flipping,563.7144775390625,
resnet18,ISIC_0012522,ensemble,max_sensitivity,0.9992727637290955,
resnet18,ISIC_0012522,ensemble,avg_sensitivity,0.9881898462772369,
resnet18,ISIC_0012522,ensemble,relevance_mass_accuracy,0.25520268082618713,
resnet18,ISIC_0012522,ensemble,pointing_game,1.0,
resnet18,ISIC_0012522,ensemble,sparseness,0.46880701270779096,
resnet18,ISIC_0012522,ensemble,complexity,11.519004821777344,
resnet18,ISIC_0012522,ensemble,model_parameter_randomisation,,nan
resnet18,ISIC_0012522,ensemble,random_logit,0.5937626653750261,
resnet18,ISIC_0012522,ensemble,completeness,,nan
resnet18,ISIC_0012522,ensemble,non_sensitivity,,nan
squeezenet,ISIC_0012522,ensemble,faithfulness_correlation,0.15043480694293976,
squeezenet,ISIC_0012522,ensemble,pixel_flipping,72.97364807128906,
squeezenet,ISIC_0012522,ensemble,max_sensitivity,1.1111056804656982,
squeezenet,ISIC_0012522,ensemble,avg_sensitivity,1.0620911419391632,
squeezenet,ISIC_0012522,ensemble,relevance_mass_accuracy,0.4495777189731598,
squeezenet,ISIC_0012522,ensemble,pointing_game,1.0,
squeezenet,ISIC_0012522,ensemble,sparseness,0.6561640916598824,
squeezenet,ISIC_0012522,ensemble,complexity,11.034931182861328,
squeezenet,ISIC_0012522,ensemble,model_parameter_randomisation,,nan
squeezenet,ISIC_0012522,ensemble,random_logit,0.8349494123396562,
squeezenet,ISIC_0012522,ensemble,completeness,,nan
squeezenet,ISIC_0012522,ensemble,non_sensitivity,,nan
resnet18,ISIC_0012537,ensemble,faithfulness_correlation,0.17967386543750763,
resnet18,ISIC_0012537,ensemble,pixel_flipping,571.1798706054688,
resnet18,ISIC_0012537,ensemble,max_sensitivity,1.1043918132781982,
resnet18,ISIC_0012537,ensemble,avg_sensitivity,1.0451542735099792,
resnet18,ISIC_0012537,ensemble,relevance_mass_accuracy,0.12340353429317474,
resnet18,ISIC_0012537,ensemble,pointing_game,0.0,
resnet18,ISIC_0012537,ensemble,sparseness,0.5434791045706353,
resnet18,ISIC_0012537,ensemble,complexity,11.391651153564453,
resnet18,ISIC_0012537,ensemble,model_parameter_randomisation,,nan
resnet18,ISIC_0012537,ensemble,random_logit,0.5961943333056366,
resnet18,ISIC_0012537,ensemble,completeness,,nan
resnet18,ISIC_0012537,ensemble,non_sensitivity,,nan
squeezenet,ISIC_0012537,ensemble,faithfulness_correlation,0.1151033565402031,
squeezenet,ISIC_0012537,ensemble,pixel_flipping,250.91976928710938,
squeezenet,ISIC_0012537,ensemble,max_sensitivity,1.1189976930618286,
squeezenet,ISIC_0012537,ensemble,avg_sensitivity,1.0873601198196412,
squeezenet,ISIC_0012537,ensemble,relevance_mass_accuracy,0.3238549530506134,
squeezenet,ISIC_0012537,ensemble,pointing_game,0.0,
squeezenet,ISIC_0012537,ensemble,sparseness,0.6599516512334844,
squeezenet,ISIC_0012537,ensemble,complexity,11.0368070602417,
squeezenet,ISIC_0012537,ensemble,model_parameter_randomisation,,nan
squeezenet,ISIC_0012537,ensemble,random_logit,0.8915723752787398,
squeezenet,ISIC_0012537,ensemble,completeness,,nan
squeezenet,ISIC_0012537,ensemble,non_sensitivity,,nan
resnet18,ISIC_0012548,ensemble,faithfulness_correlation,0.21618439257144928,
resnet18,ISIC_0012548,ensemble,pixel_flipping,569.5863037109375,
resnet18,ISIC_0012548,ensemble,max_sensitivity,1.050092101097107,
resnet18,ISIC_0012548,ensemble,avg_sensitivity,1.0403958082199096,
resnet18,ISIC_0012548,ensemble,relevance_mass_accuracy,0.42326220870018005,
resnet18,ISIC_0012548,ensemble,pointing_game,0.0,
resnet18,ISIC_0012548,ensemble,sparseness,0.45451396952636947,
resnet18,ISIC_0012548,ensemble,complexity,11.5589599609375,
resnet18,ISIC_0012548,ensemble,model_parameter_randomisation,,nan
resnet18,ISIC_0012548,ensemble,random_logit,0.558268558362114,
resnet18,ISIC_0012548,ensemble,completeness,,nan
resnet18,ISIC_0012548,ensemble,non_sensitivity,,nan
squeezenet,ISIC_0012548,ensemble,faithfulness_correlation,-0.020620474591851234,
squeezenet,ISIC_0012548,ensemble,pixel_flipping,77.06114959716797,
squeezenet,ISIC_0012548,ensemble,max_sensitivity,1.0870742797851562,
squeezenet,ISIC_0012548,ensemble,avg_sensitivity,1.0559450507164,
squeezenet,ISIC_0012548,ensemble,relevance_mass_accuracy,0.45224666595458984,
squeezenet,ISIC_0012548,ensemble,pointing_game,0.0,
squeezenet,ISIC_0012548,ensemble,sparseness,0.5856670080606181,
squeezenet,ISIC_0012548,ensemble,complexity,11.287263870239258,
squeezenet,ISIC_0012548,ensemble,model_parameter_randomisation,,nan
squeezenet,ISIC_0012548,ensemble,random_logit,0.6213684848846978,
squeezenet,ISIC_0012548,ensemble,completeness,,nan
squeezenet,ISIC_0012548,ensemble,non_sensitivity,,nan
resnet18,ISIC_0012705,ensemble,faithfulness_correlation,0.07084866613149643,
resnet18,ISIC_0012705,ensemble,pixel_flipping,128.12339782714844,
resnet18,ISIC_0012705,ensemble,max_sensitivity,1.1851825714111328,
resnet18,ISIC_0012705,ensemble,avg_sensitivity,1.1288423180580138,
resnet18,ISIC_0012705,ensemble,relevance_mass_accuracy,0.023695500567555428,
resnet18,ISIC_0012705,ensemble,pointing_game,1.0,
resnet18,ISIC_0012705,ensemble,sparseness,0.4920468217201845,
resnet18,ISIC_0012705,ensemble,complexity,11.48192024230957,
resnet18,ISIC_0012705,ensemble,model_parameter_randomisation,,nan
resnet18,ISIC_0012705,ensemble,random_logit,0.6115179422229351,
resnet18,ISIC_0012705,ensemble,completeness,,nan
resnet18,ISIC_0012705,ensemble,non_sensitivity,,nan
squeezenet,ISIC_0012705,ensemble,faithfulness_correlation,0.2554396092891693,
squeezenet,ISIC_0012705,ensemble,pixel_flipping,284.9007568359375,
squeezenet,ISIC_0012705,ensemble,max_sensitivity,1.0381083488464355,
squeezenet,ISIC_0012705,ensemble,avg_sensitivity,1.0070716798305512,
squeezenet,ISIC_0012705,ensemble,relevance_mass_accuracy,0.33333471417427063,
squeezenet,ISIC_0012705,ensemble,pointing_game,0.0,
squeezenet,ISIC_0012705,ensemble,sparseness,0.6489893729335898,
squeezenet,ISIC_0012705,ensemble,complexity,11.00706672668457,
squeezenet,ISIC_0012705,ensemble,model_parameter_randomisation,,nan
squeezenet,ISIC_0012705,ensemble,random_logit,0.832900914289294,
squeezenet,ISIC_0012705,ensemble,completeness,,nan
squeezenet,ISIC_0012705,ensemble,non_sensitivity,,nan
resnet18,ISIC_0012757,ensemble,faithfulness_correlation,-0.19813160598278046,
resnet18,ISIC_0012757,ensemble,pixel_flipping,6.096796989440918,
resnet18,ISIC_0012757,ensemble,max_sensitivity,1.1488890647888184,
resnet18,ISIC_0012757,ensemble,avg_sensitivity,1.1389966011047363,
resnet18,ISIC_0012757,ensemble,relevance_mass_accuracy,0.1370464563369751,
resnet18,ISIC_0012757,ensemble,pointing_game,0.0,
resnet18,ISIC_0012757,ensemble,sparseness,0.47481023949472456,
resnet18,ISIC_0012757,ensemble,complexity,11.52791976928711,
resnet18,ISIC_0012757,ensemble,model_parameter_randomisation,,nan
resnet18,ISIC_0012757,ensemble,random_logit,0.536256777935379,
resnet18,ISIC_0012757,ensemble,completeness,,nan
resnet18,ISIC_0012757,ensemble,non_sensitivity,,nan
squeezenet,ISIC_0012757,ensemble,faithfulness_correlation,0.20993053913116455,
squeezenet,ISIC_0012757,ensemble,pixel_flipping,44.49884796142578,
squeezenet,ISIC_0012757,ensemble,max_sensitivity,1.1174418926239014,
squeezenet,ISIC_0012757,ensemble,avg_sensitivity,1.0906672716140746,
squeezenet,ISIC_0012757,ensemble,relevance_mass_accuracy,0.32496559619903564,
squeezenet,ISIC_0012757,ensemble,pointing_game,1.0,
squeezenet,ISIC_0012757,ensemble,sparseness,0.5762153908808025,
squeezenet,ISIC_0012757,ensemble,complexity,11.310388565063477,
squeezenet,ISIC_0012757,ensemble,model_parameter_randomisation,,nan
squeezenet,ISIC_0012757,ensemble,random_logit,0.6997078632344672,
squeezenet,ISIC_0012757,ensemble,completeness,,nan
squeezenet,ISIC_0012757,ensemble,non_sensitivity,,nan
resnet18,ISIC_0012786,ensemble,faithfulness_correlation,-0.0003605178790166974,
resnet18,ISIC_0012786,ensemble,pixel_flipping,15.113065719604492,
resnet18,ISIC_0012786,ensemble,max_sensitivity,1.0219215154647827,
resnet18,ISIC_0012786,ensemble,avg_sensitivity,1.0031881749629974,
resnet18,ISIC_0012786,ensemble,relevance_mass_accuracy,0.2507050633430481,
resnet18,ISIC_0012786,ensemble,pointing_game,1.0,
resnet18,ISIC_0012786,ensemble,sparseness,0.4456530868427969,
resnet18,ISIC_0012786,ensemble,complexity,11.572381019592285,
resnet18,ISIC_0012786,ensemble,model_parameter_randomisation,,nan
resnet18,ISIC_0012786,ensemble,random_logit,0.5412991479581228,
resnet18,ISIC_0012786,ensemble,completeness,,nan
resnet18,ISIC_0012786,ensemble,non_sensitivity,,nan
squeezenet,ISIC_0012786,ensemble,faithfulness_correlation,0.12305495142936707,
squeezenet,ISIC_0012786,ensemble,pixel_flipping,51.860443115234375,
squeezenet,ISIC_0012786,ensemble,max_sensitivity,1.0533709526062012,
squeezenet,ISIC_0012786,ensemble,avg_sensitivity,1.034487545490265,
squeezenet,ISIC_0012786,ensemble,relevance_mass_accuracy,0.4458179473876953,
squeezenet,ISIC_0012786,ensemble,pointing_game,1.0,
squeezenet,ISIC_0012786,ensemble,sparseness,0.5886065865596302,
squeezenet,ISIC_0012786,ensemble,complexity,11.282672882080078,
squeezenet,ISIC_0012786,ensemble,model_parameter_randomisation,,nan
squeezenet,ISIC_0012786,ensemble,random_logit,0.5237519017115151,
squeezenet,ISIC_0012786,ensemble,completeness,,nan
squeezenet,ISIC_0012786,ensemble,non_sensitivity,,nan
resnet18,ISIC_0012848,ensemble,faithfulness_correlation,0.04448839649558067,
resnet18,ISIC_0012848,ensemble,pixel_flipping,12.509697914123535,
resnet18,ISIC_0012848,ensemble,max_sensitivity,1.0410147905349731,
resnet18,ISIC_0012848,ensemble,avg_sensitivity,1.036072301864624,
resnet18,ISIC_0012848,ensemble,relevance_mass_accuracy,0.25296857953071594,
resnet18,ISIC_0012848,ensemble,pointing_game,0.0,
resnet18,ISIC_0012848,ensemble,sparseness,0.4660216670275824,
resnet18,ISIC_0012848,ensemble,complexity,11.54332447052002,
resnet18,ISIC_0012848,ensemble,model_parameter_randomisation,,nan
resnet18,ISIC_0012848,ensemble,random_logit,0.48020206645365465,
resnet18,ISIC_0012848,ensemble,completeness,,nan
resnet18,ISIC_0012848,ensemble,non_sensitivity,,nan
squeezenet,ISIC_0012848,ensemble,faithfulness_correlation,0.19932571053504944,
squeezenet,ISIC_0012848,ensemble,pixel_flipping,260.44976806640625,
squeezenet,ISIC_0012848,ensemble,max_sensitivity,1.0686726570129395,
squeezenet,ISIC_0012848,ensemble,avg_sensitivity,1.065572190284729,
squeezenet,ISIC_0012848,ensemble,relevance_mass_accuracy,0.6952371597290039,
squeezenet,ISIC_0012848,ensemble,pointing_game,1.0,
squeezenet,ISIC_0012848,ensemble,sparseness,0.6159477809689902,
squeezenet,ISIC_0012848,ensemble,complexity,11.224745750427246,
squeezenet,ISIC_0012848,ensemble,model_parameter_randomisation,,nan
squeezenet,ISIC_0012848,ensemble,random_logit,0.6881509662258316,
squeezenet,ISIC_0012848,ensemble,completeness,,nan
squeezenet,ISIC_0012848,ensemble,non_sensitivity,,nan
resnet18,ISIC_0012852,ensemble,faithfulness_correlation,0.06055373698472977,
resnet18,ISIC_0012852,ensemble,pixel_flipping,9.626840591430664,
resnet18,ISIC_0012852,ensemble,max_sensitivity,1.0909065008163452,
resnet18,ISIC_0012852,ensemble,avg_sensitivity,1.0736666798591614,
resnet18,ISIC_0012852,ensemble,relevance_mass_accuracy,0.14451955258846283,
resnet18,ISIC_0012852,ensemble,pointing_game,1.0,
resnet18,ISIC_0012852,ensemble,sparseness,0.4520011532303093,
resnet18,ISIC_0012852,ensemble,complexity,11.557979583740234,
resnet18,ISIC_0012852,ensemble,model_parameter_randomisation,,nan
resnet18,ISIC_0012852,ensemble,random_logit,0.5445134137345127,
resnet18,ISIC_0012852,ensemble,completeness,,nan
resnet18,ISIC_0012852,ensemble,non_sensitivity,,nan
squeezenet,ISIC_0012852,ensemble,faithfulness_correlation,0.2331770360469818,
squeezenet,ISIC_0012852,ensemble,pixel_flipping,50.323699951171875,
squeezenet,ISIC_0012852,ensemble,max_sensitivity,1.1917706727981567,
squeezenet,ISIC_0012852,ensemble,avg_sensitivity,1.1426661252975463,
squeezenet,ISIC_0012852,ensemble,relevance_mass_accuracy,0.15843677520751953,
squeezenet,ISIC_0012852,ensemble,pointing_game,0.0,
squeezenet,ISIC_0012852,ensemble,sparseness,0.5527492842599779,
squeezenet,ISIC_0012852,ensemble,complexity,11.36659049987793,
squeezenet,ISIC_0012852,ensemble,model_parameter_randomisation,,nan
squeezenet,ISIC_0012852,ensemble,random_logit,0.6024017258445783,
squeezenet,ISIC_0012852,ensemble,completeness,,nan
squeezenet,ISIC_0012852,ensemble,non_sensitivity,,nan
resnet18,ISIC_0012928,ensemble,faithfulness_correlation,0.03468509018421173,
resnet18,ISIC_0012928,ensemble,pixel_flipping,603.352294921875,
resnet18,ISIC_0012928,ensemble,max_sensitivity,0.9916737079620361,
resnet18,ISIC_0012928,ensemble,avg_sensitivity,0.9882487058639526,
resnet18,ISIC_0012928,ensemble,relevance_mass_accuracy,0.09213171154260635,
resnet18,ISIC_0012928,ensemble,pointing_game,0.0,
resnet18,ISIC_0012928,ensemble,sparseness,0.4993950487085624,
resnet18,ISIC_0012928,ensemble,complexity,11.483318328857422,
resnet18,ISIC_0012928,ensemble,model_parameter_randomisation,,nan
resnet18,ISIC_0012928,ensemble,random_logit,0.537804260724025,
resnet18,ISIC_0012928,ensemble,completeness,,nan
resnet18,ISIC_0012928,ensemble,non_sensitivity,,nan
squeezenet,ISIC_0012928,ensemble,faithfulness_correlation,0.025315461680293083,
squeezenet,ISIC_0012928,ensemble,pixel_flipping,52.56727600097656,
squeezenet,ISIC_0012928,ensemble,max_sensitivity,1.0934088230133057,
squeezenet,ISIC_0012928,ensemble,avg_sensitivity,1.0711653351783752,
squeezenet,ISIC_0012928,ensemble,relevance_mass_accuracy,0.0747910812497139,
squeezenet,ISIC_0012928,ensemble,pointing_game,0.0,
squeezenet,ISIC_0012928,ensemble,sparseness,0.5509983148510635,
squeezenet,ISIC_0012928,ensemble,complexity,11.380528450012207,
squeezenet,ISIC_0012928,ensemble,model_parameter_randomisation,,nan
squeezenet,ISIC_0012928,ensemble,random_logit,0.3776191264987465,
squeezenet,ISIC_0012928,ensemble,completeness,,nan
squeezenet,ISIC_0012928,ensemble,non_sensitivity,,nan
resnet18,ISIC_0012955,ensemble,faithfulness_correlation,0.0023482823744416237,
resnet18,ISIC_0012955,ensemble,pixel_flipping,15.410562515258789,
resnet18,ISIC_0012955,ensemble,max_sensitivity,1.0772902965545654,
resnet18,ISIC_0012955,ensemble,avg_sensitivity,1.0216383755207061,
resnet18,ISIC_0012955,ensemble,relevance_mass_accuracy,0.4137911796569824,
resnet18,ISIC_0012955,ensemble,pointing_game,0.0,
resnet18,ISIC_0012955,ensemble,sparseness,0.47896565975595795,
resnet18,ISIC_0012955,ensemble,complexity,11.524272918701172,
resnet18,ISIC_0012955,ensemble,model_parameter_randomisation,,nan
resnet18,ISIC_0012955,ensemble,random_logit,0.5075548866728947,
resnet18,ISIC_0012955,ensemble,completeness,,nan
resnet18,ISIC_0012955,ensemble,non_sensitivity,,nan
squeezenet,ISIC_0012955,ensemble,faithfulness_correlation,-0.09441782534122467,
squeezenet,ISIC_0012955,ensemble,pixel_flipping,57.78996276855469,
squeezenet,ISIC_0012955,ensemble,max_sensitivity,1.1135329008102417,
squeezenet,ISIC_0012955,ensemble,avg_sensitivity,1.078942561149597,
squeezenet,ISIC_0012955,ensemble,relevance_mass_accuracy,0.424306720495224,
squeezenet,ISIC_0012955,ensemble,pointing_game,0.0,
squeezenet,ISIC_0012955,ensemble,sparseness,0.5554487989001877,
squeezenet,ISIC_0012955,ensemble,complexity,11.372880935668945,
squeezenet,ISIC_0012955,ensemble,model_parameter_randomisation,,nan
squeezenet,ISIC_0012955,ensemble,random_logit,0.4504897397840794,
squeezenet,ISIC_0012955,ensemble,completeness,,nan
squeezenet,ISIC_0012955,ensemble,non_sensitivity,,nan
resnet18,ISIC_0012974,ensemble,faithfulness_correlation,0.14691589772701263,
resnet18,ISIC_0012974,ensemble,pixel_flipping,5.542898178100586,
resnet18,ISIC_0012974,ensemble,max_sensitivity,1.0290956497192383,
resnet18,ISIC_0012974,ensemble,avg_sensitivity,1.0208602786064147,
resnet18,ISIC_0012974,ensemble,relevance_mass_accuracy,0.3214964270591736,
resnet18,ISIC_0012974,ensemble,pointing_game,1.0,
resnet18,ISIC_0012974,ensemble,sparseness,0.4827445201151091,
resnet18,ISIC_0012974,ensemble,complexity,11.513751029968262,
resnet18,ISIC_0012974,ensemble,model_parameter_randomisation,,nan
resnet18,ISIC_0012974,ensemble,random_logit,0.6146212004174195,
resnet18,ISIC_0012974,ensemble,completeness,,nan
resnet18,ISIC_0012974,ensemble,non_sensitivity,,nan
squeezenet,ISIC_0012974,ensemble,faithfulness_correlation,-0.06893903762102127,
squeezenet,ISIC_0012974,ensemble,pixel_flipping,51.83440017700195,
squeezenet,ISIC_0012974,ensemble,max_sensitivity,1.1144543886184692,
squeezenet,ISIC_0012974,ensemble,avg_sensitivity,1.1004647731781005,
squeezenet,ISIC_0012974,ensemble,relevance_mass_accuracy,0.3718351721763611,
squeezenet,ISIC_0012974,ensemble,pointing_game,0.0,
squeezenet,ISIC_0012974,ensemble,sparseness,0.5836392109130538,
squeezenet,ISIC_0012974,ensemble,complexity,11.298003196716309,
squeezenet,ISIC_0012974,ensemble,model_parameter_randomisation,,nan
squeezenet,ISIC_0012974,ensemble,random_logit,0.5507443107559209,
squeezenet,ISIC_0012974,ensemble,completeness,,nan
squeezenet,ISIC_0012974,ensemble,non_sensitivity,,nan
resnet18,ISIC_0013035,ensemble,faithfulness_correlation,0.17127041518688202,
resnet18,ISIC_0013035,ensemble,pixel_flipping,19.203901290893555,
resnet18,ISIC_0013035,ensemble,max_sensitivity,1.1080005168914795,
resnet18,ISIC_0013035,ensemble,avg_sensitivity,1.0694086790084838,
resnet18,ISIC_0013035,ensemble,relevance_mass_accuracy,0.12277974933385849,
resnet18,ISIC_0013035,ensemble,pointing_game,0.0,
resnet18,ISIC_0013035,ensemble,sparseness,0.46539915803336923,
resnet18,ISIC_0013035,ensemble,complexity,11.54508113861084,
resnet18,ISIC_0013035,ensemble,model_parameter_randomisation,,nan
resnet18,ISIC_0013035,ensemble,random_logit,0.46749534685015137,
resnet18,ISIC_0013035,ensemble,completeness,,nan
resnet18,ISIC_0013035,ensemble,non_sensitivity,,nan
squeezenet,ISIC_0013035,ensemble,faithfulness_correlation,0.027330702170729637,
squeezenet,ISIC_0013035,ensemble,pixel_flipping,60.89469528198242,
squeezenet,ISIC_0013035,ensemble,max_sensitivity,1.0054413080215454,
squeezenet,ISIC_0013035,ensemble,avg_sensitivity,0.9994712114334107,
squeezenet,ISIC_0013035,ensemble,relevance_mass_accuracy,0.2247590720653534,
squeezenet,ISIC_0013035,ensemble,pointing_game,1.0,
squeezenet,ISIC_0013035,ensemble,sparseness,0.5880263736727208,
squeezenet,ISIC_0013035,ensemble,complexity,11.274557113647461,
squeezenet,ISIC_0013035,ensemble,model_parameter_randomisation,,nan
squeezenet,ISIC_0013035,ensemble,random_logit,0.7500557779519145,
squeezenet,ISIC_0013035,ensemble,completeness,,nan
squeezenet,ISIC_0013035,ensemble,non_sensitivity,,nan
resnet18,ISIC_0013085,ensemble,faithfulness_correlation,0.05396208539605141,
resnet18,ISIC_0013085,ensemble,pixel_flipping,27.01880645751953,
resnet18,ISIC_0013085,ensemble,max_sensitivity,1.0730608701705933,
resnet18,ISIC_0013085,ensemble,avg_sensitivity,1.0793670177459718,
resnet18,ISIC_0013085,ensemble,relevance_mass_accuracy,0.2584640383720398,
resnet18,ISIC_0013085,ensemble,pointing_game,0.0,
resnet18,ISIC_0013085,ensemble,sparseness,0.4948267313917065,
resnet18,ISIC_0013085,ensemble,complexity,11.49631118774414,
resnet18,ISIC_0013085,ensemble,model_parameter_randomisation,,nan
resnet18,ISIC_0013085,ensemble,random_logit,0.4874437595729888,
resnet18,ISIC_0013085,ensemble,completeness,,nan
resnet18,ISIC_0013085,ensemble,non_sensitivity,,nan
squeezenet,ISIC_0013085,ensemble,faithfulness_correlation,0.03749987855553627,
squeezenet,ISIC_0013085,ensemble,pixel_flipping,68.90579223632812,
squeezenet,ISIC_0013085,ensemble,max_sensitivity,1.11613929271698,
squeezenet,ISIC_0013085,ensemble,avg_sensitivity,1.1000160455703736,
squeezenet,ISIC_0013085,ensemble,relevance_mass_accuracy,0.23199619352817535,
squeezenet,ISIC_0013085,ensemble,pointing_game,0.0,
squeezenet,ISIC_0013085,ensemble,sparseness,0.5682037527146133,
squeezenet,ISIC_0013085,ensemble,complexity,11.341327667236328,
squeezenet,ISIC_0013085,ensemble,model_parameter_randomisation,,nan
squeezenet,ISIC_0013085,ensemble,random_logit,0.5136922974202148,
squeezenet,ISIC_0013085,ensemble,completeness,,nan
squeezenet,ISIC_0013085,ensemble,non_sensitivity,,nan
resnet18,ISIC_0013169,ensemble,faithfulness_correlation,0.010576669126749039,
resnet18,ISIC_0013169,ensemble,pixel_flipping,19.67446517944336,
resnet18,ISIC_0013169,ensemble,max_sensitivity,1.0049337148666382,
resnet18,ISIC_0013169,ensemble,avg_sensitivity,0.9944934546947479,
resnet18,ISIC_0013169,ensemble,relevance_mass_accuracy,0.8020774722099304,
resnet18,ISIC_0013169,ensemble,pointing_game,1.0,
resnet18,ISIC_0013169,ensemble,sparseness,0.45661720792656646,
resnet18,ISIC_0013169,ensemble,complexity,11.55667495727539,
resnet18,ISIC_0013169,ensemble,model_parameter_randomisation,,nan
resnet18,ISIC_0013169,ensemble,random_logit,0.6930973995349089,
resnet18,ISIC_0013169,ensemble,completeness,,nan
resnet18,ISIC_0013169,ensemble,non_sensitivity,,nan
squeezenet,ISIC_0013169,ensemble,faithfulness_correlation,0.025735849514603615,
squeezenet,ISIC_0013169,ensemble,pixel_flipping,64.74677276611328,
squeezenet,ISIC_0013169,ensemble,max_sensitivity,1.0410255193710327,
squeezenet,ISIC_0013169,ensemble,avg_sensitivity,1.0267020463943481,
squeezenet,ISIC_0013169,ensemble,relevance_mass_accuracy,0.7390114068984985,
squeezenet,ISIC_0013169,ensemble,pointing_game,1.0,
squeezenet,ISIC_0013169,ensemble,sparseness,0.5348309544294664,
squeezenet,ISIC_0013169,ensemble,complexity,11.410788536071777,
squeezenet,ISIC_0013169,ensemble,model_parameter_randomisation,,nan
squeezenet,ISIC_0013169,ensemble,random_logit,0.4221602429793128,
squeezenet,ISIC_0013169,ensemble,completeness,,nan
squeezenet,ISIC_0013169,ensemble,non_sensitivity,,nan
resnet18,ISIC_0013170,ensemble,faithfulness_correlation,0.0335690900683403,
resnet18,ISIC_0013170,ensemble,pixel_flipping,25.52254867553711,
resnet18,ISIC_0013170,ensemble,max_sensitivity,0.9498152732849121,
resnet18,ISIC_0013170,ensemble,avg_sensitivity,0.9331810891628265,
resnet18,ISIC_0013170,ensemble,relevance_mass_accuracy,0.466671347618103,
resnet18,ISIC_0013170,ensemble,pointing_game,1.0,
resnet18,ISIC_0013170,ensemble,sparseness,0.4698920302640464,
resnet18,ISIC_0013170,ensemble,complexity,11.540264129638672,
resnet18,ISIC_0013170,ensemble,model_parameter_randomisation,,nan
resnet18,ISIC_0013170,ensemble,random_logit,0.507274022405836,
resnet18,ISIC_0013170,ensemble,completeness,,nan
resnet18,ISIC_0013170,ensemble,non_sensitivity,,nan
squeezenet,ISIC_0013170,ensemble,faithfulness_correlation,-0.0018821313278749585,
squeezenet,ISIC_0013170,ensemble,pixel_flipping,72.34584045410156,
squeezenet,ISIC_0013170,ensemble,max_sensitivity,0.9789822101593018,
squeezenet,ISIC_0013170,ensemble,avg_sensitivity,0.9708252370357513,
squeezenet,ISIC_0013170,ensemble,relevance_mass_accuracy,0.48160019516944885,
squeezenet,ISIC_0013170,ensemble,pointing_game,1.0,
squeezenet,ISIC_0013170,ensemble,sparseness,0.552633335257101,
squeezenet,ISIC_0013170,ensemble,complexity,11.3720703125,
squeezenet,ISIC_0013170,ensemble,model_parameter_randomisation,,nan
squeezenet,ISIC_0013170,ensemble,random_logit,0.5149261845474624,
squeezenet,ISIC_0013170,ensemble,completeness,,nan
squeezenet,ISIC_0013170,ensemble,non_sensitivity,,nan
resnet18,ISIC_0013203,ensemble,faithfulness_correlation,0.06359188258647919,
resnet18,ISIC_0013203,ensemble,pixel_flipping,9.232471466064453,
resnet18,ISIC_0013203,ensemble,max_sensitivity,1.1879600286483765,
resnet18,ISIC_0013203,ensemble,avg_sensitivity,1.1340300559997558,
resnet18,ISIC_0013203,ensemble,relevance_mass_accuracy,0.3813819885253906,
resnet18,ISIC_0013203,ensemble,pointing_game,0.0,
resnet18,ISIC_0013203,ensemble,sparseness,0.45686609874408146,
resnet18,ISIC_0013203,ensemble,complexity,11.55819034576416,
resnet18,ISIC_0013203,ensemble,model_parameter_randomisation,,nan
resnet18,ISIC_0013203,ensemble,random_logit,0.5801951837909046,
resnet18,ISIC_0013203,ensemble,completeness,,nan
resnet18,ISIC_0013203,ensemble,non_sensitivity,,nan
squeezenet,ISIC_0013203,ensemble,faithfulness_correlation,0.15086419880390167,
squeezenet,ISIC_0013203,ensemble,pixel_flipping,42.189666748046875,
squeezenet,ISIC_0013203,ensemble,max_sensitivity,1.112606406211853,
squeezenet,ISIC_0013203,ensemble,avg_sensitivity,1.09753178358078,
squeezenet,ISIC_0013203,ensemble,relevance_mass_accuracy,0.3069930970668793,
squeezenet,ISIC_0013203,ensemble,pointing_game,1.0,
squeezenet,ISIC_0013203,ensemble,sparseness,0.5543517070539828,
squeezenet,ISIC_0013203,ensemble,complexity,11.359111785888672,
squeezenet,ISIC_0013203,ensemble,model_parameter_randomisation,,nan
squeezenet,ISIC_0013203,ensemble,random_logit,0.5682461622391631,
squeezenet,ISIC_0013203,ensemble,completeness,,nan
squeezenet,ISIC_0013203,ensemble,non_sensitivity,,nan
resnet18,ISIC_0013270,ensemble,faithfulness_correlation,-0.10467436909675598,
resnet18,ISIC_0013270,ensemble,pixel_flipping,212.69625854492188,
resnet18,ISIC_0013270,ensemble,max_sensitivity,1.2519152164459229,
resnet18,ISIC_0013270,ensemble,avg_sensitivity,1.2442535758018494,
resnet18,ISIC_0013270,ensemble,relevance_mass_accuracy,0.3044380843639374,
resnet18,ISIC_0013270,ensemble,pointing_game,0.0,
resnet18,ISIC_0013270,ensemble,sparseness,0.5097815802271036,
resnet18,ISIC_0013270,ensemble,complexity,11.465258598327637,
resnet18,ISIC_0013270,ensemble,model_parameter_randomisation,,nan
resnet18,ISIC_0013270,ensemble,random_logit,0.49863162051895354,
resnet18,ISIC_0013270,ensemble,completeness,,nan
resnet18,ISIC_0013270,ensemble,non_sensitivity,,nan
squeezenet,ISIC_0013270,ensemble,faithfulness_correlation,0.03582049161195755,
squeezenet,ISIC_0013270,ensemble,pixel_flipping,167.9933319091797,
squeezenet,ISIC_0013270,ensemble,max_sensitivity,1.1659066677093506,
squeezenet,ISIC_0013270,ensemble,avg_sensitivity,1.1495833158493043,
squeezenet,ISIC_0013270,ensemble,relevance_mass_accuracy,0.5768767595291138,
squeezenet,ISIC_0013270,ensemble,pointing_game,0.0,
squeezenet,ISIC_0013270,ensemble,sparseness,0.6367228137863559,
squeezenet,ISIC_0013270,ensemble,complexity,11.126118659973145,
squeezenet,ISIC_0013270,ensemble,model_parameter_randomisation,,nan
squeezenet,ISIC_0013270,ensemble,random_logit,0.7646097019284489,
squeezenet,ISIC_0013270,ensemble,completeness,,nan
squeezenet,ISIC_0013270,ensemble,non_sensitivity,,nan
resnet18,ISIC_0013271,ensemble,faithfulness_correlation,0.23839126527309418,
resnet18,ISIC_0013271,ensemble,pixel_flipping,511.70806884765625,
resnet18,ISIC_0013271,ensemble,max_sensitivity,1.0856214761734009,
resnet18,ISIC_0013271,ensemble,avg_sensitivity,1.0801839590072633,
resnet18,ISIC_0013271,ensemble,relevance_mass_accuracy,0.12600255012512207,
resnet18,ISIC_0013271,ensemble,pointing_game,0.0,
resnet18,ISIC_0013271,ensemble,sparseness,0.5248248249220233,
resnet18,ISIC_0013271,ensemble,complexity,11.433609962463379,
resnet18,ISIC_0013271,ensemble,model_parameter_randomisation,,nan
resnet18,ISIC_0013271,ensemble,random_logit,0.6147244906978764,
resnet18,ISIC_0013271,ensemble,completeness,,nan
resnet18,ISIC_0013271,ensemble,non_sensitivity,,nan
squeezenet,ISIC_0013271,ensemble,faithfulness_correlation,0.46564602851867676,
squeezenet,ISIC_0013271,ensemble,pixel_flipping,156.67782592773438,
squeezenet,ISIC_0013271,ensemble,max_sensitivity,1.105897068977356,
squeezenet,ISIC_0013271,ensemble,avg_sensitivity,1.0835887670516968,
squeezenet,ISIC_0013271,ensemble,relevance_mass_accuracy,0.4123173952102661,
squeezenet,ISIC_0013271,ensemble,pointing_game,0.0,
squeezenet,ISIC_0013271,ensemble,sparseness,0.6600314176823096,
squeezenet,ISIC_0013271,ensemble,complexity,11.023353576660156,
squeezenet,ISIC_0013271,ensemble,model_parameter_randomisation,,nan
squeezenet,ISIC_0013271,ensemble,random_logit,0.8654276583274275,
squeezenet,ISIC_0013271,ensemble,completeness,,nan
squeezenet,ISIC_0013271,ensemble,non_sensitivity,,nan
resnet18,ISIC_0013281,ensemble,faithfulness_correlation,-0.017103828489780426,
resnet18,ISIC_0013281,ensemble,pixel_flipping,35.566139221191406,
resnet18,ISIC_0013281,ensemble,max_sensitivity,1.057861089706421,
resnet18,ISIC_0013281,ensemble,avg_sensitivity,1.0344561100006104,
resnet18,ISIC_0013281,ensemble,relevance_mass_accuracy,0.4406825006008148,
resnet18,ISIC_0013281,ensemble,pointing_game,1.0,
resnet18,ISIC_0013281,ensemble,sparseness,0.4320340491234804,
resnet18,ISIC_0013281,ensemble,complexity,11.596564292907715,
resnet18,ISIC_0013281,ensemble,model_parameter_randomisation,,nan
resnet18,ISIC_0013281,ensemble,random_logit,0.44373994679872397,
resnet18,ISIC_0013281,ensemble,completeness,,nan
resnet18,ISIC_0013281,ensemble,non_sensitivity,,nan
squeezenet,ISIC_0013281,ensemble,faithfulness_correlation,0.01239950954914093,
squeezenet,ISIC_0013281,ensemble,pixel_flipping,51.08024215698242,
squeezenet,ISIC_0013281,ensemble,max_sensitivity,1.102575421333313,
squeezenet,ISIC_0013281,ensemble,avg_sensitivity,1.0766264200210571,
squeezenet,ISIC_0013281,ensemble,relevance_mass_accuracy,0.4255290627479553,
squeezenet,ISIC_0013281,ensemble,pointing_game,1.0,
squeezenet,ISIC_0013281,ensemble,sparseness,0.5827980769634535,
squeezenet,ISIC_0013281,ensemble,complexity,11.282649993896484,
squeezenet,ISIC_0013281,ensemble,model_parameter_randomisation,,nan
squeezenet,ISIC_0013281,ensemble,random_logit,0.69025530738932,
squeezenet,ISIC_0013281,ensemble,completeness,,nan
squeezenet,ISIC_0013281,ensemble,non_sensitivity,,nan
resnet18,ISIC_0013319,ensemble,faithfulness_correlation,0.09915807098150253,
resnet18,ISIC_0013319,ensemble,pixel_flipping,127.67118835449219,
resnet18,ISIC_0013319,ensemble,max_sensitivity,1.1844542026519775,
resnet18,ISIC_0013319,ensemble,avg_sensitivity,1.1249061226844788,
resnet18,ISIC_0013319,ensemble,relevance_mass_accuracy,0.1646145135164261,
resnet18,ISIC_0013319,ensemble,pointing_game,1.0,
resnet18,ISIC_0013319,ensemble,sparseness,0.5191576556970807,
resnet18,ISIC_0013319,ensemble,complexity,11.442477226257324,
resnet18,ISIC_0013319,ensemble,model_parameter_randomisation,,nan
resnet18,ISIC_0013319,ensemble,random_logit,0.5902302760066654,
resnet18,ISIC_0013319,ensemble,completeness,,nan
resnet18,ISIC_0013319,ensemble,non_sensitivity,,nan
squeezenet,ISIC_0013319,ensemble,faithfulness_correlation,0.08817218244075775,
squeezenet,ISIC_0013319,ensemble,pixel_flipping,26.429567337036133,
squeezenet,ISIC_0013319,ensemble,max_sensitivity,1.1033885478973389,
squeezenet,ISIC_0013319,ensemble,avg_sensitivity,1.0787358641624452,
squeezenet,ISIC_0013319,ensemble,relevance_mass_accuracy,0.09556257724761963,
squeezenet,ISIC_0013319,ensemble,pointing_game,1.0,
squeezenet,ISIC_0013319,ensemble,sparseness,0.5921101589324705,
squeezenet,ISIC_0013319,ensemble,complexity,11.279308319091797,
squeezenet,ISIC_0013319,ensemble,model_parameter_randomisation,,nan
squeezenet,ISIC_0013319,ensemble,random_logit,0.5526508745428735,
squeezenet,ISIC_0013319,ensemble,completeness,,nan
squeezenet,ISIC_0013319,ensemble,non_sensitivity,,nan
resnet18,ISIC_0013393,ensemble,faithfulness_correlation,-0.009389031678438187,
resnet18,ISIC_0013393,ensemble,pixel_flipping,32.91022491455078,
resnet18,ISIC_0013393,ensemble,max_sensitivity,1.1958431005477905,
resnet18,ISIC_0013393,ensemble,avg_sensitivity,1.1333131074905396,
resnet18,ISIC_0013393,ensemble,relevance_mass_accuracy,0.436236172914505,
resnet18,ISIC_0013393,ensemble,pointing_game,0.0,
resnet18,ISIC_0013393,ensemble,sparseness,0.4515604268179149,
resnet18,ISIC_0013393,ensemble,complexity,11.559200286865234,
resnet18,ISIC_0013393,ensemble,model_parameter_randomisation,,nan
resnet18,ISIC_0013393,ensemble,random_logit,0.5575797880747941,
resnet18,ISIC_0013393,ensemble,completeness,,nan
resnet18,ISIC_0013393,ensemble,non_sensitivity,,nan
squeezenet,ISIC_0013393,ensemble,faithfulness_correlation,-0.06139347702264786,
squeezenet,ISIC_0013393,ensemble,pixel_flipping,54.089542388916016,
squeezenet,ISIC_0013393,ensemble,max_sensitivity,1.1460360288619995,
squeezenet,ISIC_0013393,ensemble,avg_sensitivity,1.1166691303253173,
squeezenet,ISIC_0013393,ensemble,relevance_mass_accuracy,0.3283731937408447,
squeezenet,ISIC_0013393,ensemble,pointing_game,0.0,
squeezenet,ISIC_0013393,ensemble,sparseness,0.5622440483769023,
squeezenet,ISIC_0013393,ensemble,complexity,11.342074394226074,
squeezenet,ISIC_0013393,ensemble,model_parameter_randomisation,,nan
squeezenet,ISIC_0013393,ensemble,random_logit,0.5795788823877452,
squeezenet,ISIC_0013393,ensemble,completeness,,nan
squeezenet,ISIC_0013393,ensemble,non_sensitivity,,nan
resnet18,ISIC_0013465,ensemble,faithfulness_correlation,-0.05276491120457649,
resnet18,ISIC_0013465,ensemble,pixel_flipping,12.887537956237793,
resnet18,ISIC_0013465,ensemble,max_sensitivity,1.1190228462219238,
resnet18,ISIC_0013465,ensemble,avg_sensitivity,1.086760199069977,
resnet18,ISIC_0013465,ensemble,relevance_mass_accuracy,0.021564261987805367,
resnet18,ISIC_0013465,ensemble,pointing_game,0.0,
resnet18,ISIC_0013465,ensemble,sparseness,0.4921618499044942,
resnet18,ISIC_0013465,ensemble,complexity,11.494624137878418,
resnet18,ISIC_0013465,ensemble,model_parameter_randomisation,,nan
resnet18,ISIC_0013465,ensemble,random_logit,0.7694607227806537,
resnet18,ISIC_0013465,ensemble,completeness,,nan
resnet18,ISIC_0013465,ensemble,non_sensitivity,,nan
squeezenet,ISIC_0013465,ensemble,faithfulness_correlation,0.17169860005378723,
squeezenet,ISIC_0013465,ensemble,pixel_flipping,60.826499938964844,
squeezenet,ISIC_0013465,ensemble,max_sensitivity,1.1591897010803223,
squeezenet,ISIC_0013465,ensemble,avg_sensitivity,1.136529004573822,
squeezenet,ISIC_0013465,ensemble,relevance_mass_accuracy,-0.003763434011489153,
squeezenet,ISIC_0013465,ensemble,pointing_game,0.0,
squeezenet,ISIC_0013465,ensemble,sparseness,0.5760808347131772,
squeezenet,ISIC_0013465,ensemble,complexity,11.318832397460938,
squeezenet,ISIC_0013465,ensemble,model_parameter_randomisation,,nan
squeezenet,ISIC_0013465,ensemble,random_logit,0.5309711862092877,
squeezenet,ISIC_0013465,ensemble,completeness,,nan
squeezenet,ISIC_0013465,ensemble,non_sensitivity,,nan
resnet18,ISIC_0013673,ensemble,faithfulness_correlation,0.09582936763763428,
resnet18,ISIC_0013673,ensemble,pixel_flipping,14.526298522949219,
resnet18,ISIC_0013673,ensemble,max_sensitivity,1.0485870838165283,
resnet18,ISIC_0013673,ensemble,avg_sensitivity,1.014751237630844,
resnet18,ISIC_0013673,ensemble,relevance_mass_accuracy,0.048343852162361145,
resnet18,ISIC_0013673,ensemble,pointing_game,0.0,
resnet18,ISIC_0013673,ensemble,sparseness,0.47114896993481453,
resnet18,ISIC_0013673,ensemble,complexity,11.532585144042969,
resnet18,ISIC_0013673,ensemble,model_parameter_randomisation,,nan
resnet18,ISIC_0013673,ensemble,random_logit,0.512094292461989,
resnet18,ISIC_0013673,ensemble,completeness,,nan
resnet18,ISIC_0013673,ensemble,non_sensitivity,,nan
squeezenet,ISIC_0013673,ensemble,faithfulness_correlation,0.13541831076145172,
squeezenet,ISIC_0013673,ensemble,pixel_flipping,52.12771987915039,
squeezenet,ISIC_0013673,ensemble,max_sensitivity,1.0687816143035889,
squeezenet,ISIC_0013673,ensemble,avg_sensitivity,1.056581234931946,
squeezenet,ISIC_0013673,ensemble,relevance_mass_accuracy,0.03960416838526726,
squeezenet,ISIC_0013673,ensemble,pointing_game,0.0,
squeezenet,ISIC_0013673,ensemble,sparseness,0.5541284316995254,
squeezenet,ISIC_0013673,ensemble,complexity,11.37376594543457,
squeezenet,ISIC_0013673,ensemble,model_parameter_randomisation,,nan
squeezenet,ISIC_0013673,ensemble,random_logit,0.5890754696447841,
squeezenet,ISIC_0013673,ensemble,completeness,,nan
squeezenet,ISIC_0013673,ensemble,non_sensitivity,,nan
resnet18,ISIC_0013708,ensemble,faithfulness_correlation,-0.06230975687503815,
resnet18,ISIC_0013708,ensemble,pixel_flipping,18.67034149169922,
resnet18,ISIC_0013708,ensemble,max_sensitivity,1.067847728729248,
resnet18,ISIC_0013708,ensemble,avg_sensitivity,1.0609960675239563,
resnet18,ISIC_0013708,ensemble,relevance_mass_accuracy,0.7935983538627625,
resnet18,ISIC_0013708,ensemble,pointing_game,1.0,
resnet18,ISIC_0013708,ensemble,sparseness,0.4679107518156818,
resnet18,ISIC_0013708,ensemble,complexity,11.535889625549316,
resnet18,ISIC_0013708,ensemble,model_parameter_randomisation,,nan
resnet18,ISIC_0013708,ensemble,random_logit,0.5629242246833618,
resnet18,ISIC_0013708,ensemble,completeness,,nan
resnet18,ISIC_0013708,ensemble,non_sensitivity,,nan
squeezenet,ISIC_0013708,ensemble,faithfulness_correlation,0.1525638848543167,
squeezenet,ISIC_0013708,ensemble,pixel_flipping,54.21786117553711,
squeezenet,ISIC_0013708,ensemble,max_sensitivity,1.171773910522461,
squeezenet,ISIC_0013708,ensemble,avg_sensitivity,1.1554010272026063,
squeezenet,ISIC_0013708,ensemble,relevance_mass_accuracy,0.6988422870635986,
squeezenet,ISIC_0013708,ensemble,pointing_game,1.0,
squeezenet,ISIC_0013708,ensemble,sparseness,0.5625614786988877,
squeezenet,ISIC_0013708,ensemble,complexity,11.352765083312988,
squeezenet,ISIC_0013708,ensemble,model_parameter_randomisation,,nan
squeezenet,ISIC_0013708,ensemble,random_logit,0.5136979578391359,
squeezenet,ISIC_0013708,ensemble,completeness,,nan
squeezenet,ISIC_0013708,ensemble,non_sensitivity,,nan
resnet18,ISIC_0014006,ensemble,faithfulness_correlation,-0.01963367685675621,
resnet18,ISIC_0014006,ensemble,pixel_flipping,26.3123779296875,
resnet18,ISIC_0014006,ensemble,max_sensitivity,1.0618077516555786,
resnet18,ISIC_0014006,ensemble,avg_sensitivity,1.008786380290985,
resnet18,ISIC_0014006,ensemble,relevance_mass_accuracy,0.09873387217521667,
resnet18,ISIC_0014006,ensemble,pointing_game,0.0,
resnet18,ISIC_0014006,ensemble,sparseness,0.444741003702195,
resnet18,ISIC_0014006,ensemble,complexity,11.571589469909668,
resnet18,ISIC_0014006,ensemble,model_parameter_randomisation,,nan
resnet18,ISIC_0014006,ensemble,random_logit,0.6104197025086239,
resnet18,ISIC_0014006,ensemble,completeness,,nan
resnet18,ISIC_0014006,ensemble,non_sensitivity,,nan
squeezenet,ISIC_0014006,ensemble,faithfulness_correlation,0.07757220417261124,
squeezenet,ISIC_0014006,ensemble,pixel_flipping,49.314453125,
squeezenet,ISIC_0014006,ensemble,max_sensitivity,0.9838290810585022,
squeezenet,ISIC_0014006,ensemble,avg_sensitivity,0.9625116527080536,
squeezenet,ISIC_0014006,ensemble,relevance_mass_accuracy,0.01050530280917883,
squeezenet,ISIC_0014006,ensemble,pointing_game,0.0,
squeezenet,ISIC_0014006,ensemble,sparseness,0.551917828851712,
squeezenet,ISIC_0014006,ensemble,complexity,11.3682222366333,
squeezenet,ISIC_0014006,ensemble,model_parameter_randomisation,,nan
squeezenet,ISIC_0014006,ensemble,random_logit,0.5440399627526852,
squeezenet,ISIC_0014006,ensemble,completeness,,nan
squeezenet,ISIC_0014006,ensemble,non_sensitivity,,nan
resnet18,ISIC_0014177,ensemble,faithfulness_correlation,0.05383167415857315,
resnet18,ISIC_0014177,ensemble,pixel_flipping,23.799118041992188,
resnet18,ISIC_0014177,ensemble,max_sensitivity,1.1210801601409912,
resnet18,ISIC_0014177,ensemble,avg_sensitivity,1.1030801057815551,
resnet18,ISIC_0014177,ensemble,relevance_mass_accuracy,0.10657508671283722,
resnet18,ISIC_0014177,ensemble,pointing_game,0.0,
resnet18,ISIC_0014177,ensemble,sparseness,0.46775304575427773,
resnet18,ISIC_0014177,ensemble,complexity,11.528834342956543,
resnet18,ISIC_0014177,ensemble,model_parameter_randomisation,,nan
resnet18,ISIC_0014177,ensemble,random_logit,0.7039138039364962,
resnet18,ISIC_0014177,ensemble,completeness,,nan
resnet18,ISIC_0014177,ensemble,non_sensitivity,,nan
squeezenet,ISIC_0014177,ensemble,faithfulness_correlation,0.0289667509496212,
squeezenet,ISIC_0014177,ensemble,pixel_flipping,36.5172233581543,
squeezenet,ISIC_0014177,ensemble,max_sensitivity,1.1488407850265503,
squeezenet,ISIC_0014177,ensemble,avg_sensitivity,1.1341960191726685,
squeezenet,ISIC_0014177,ensemble,relevance_mass_accuracy,0.14555688202381134,
squeezenet,ISIC_0014177,ensemble,pointing_game,1.0,
squeezenet,ISIC_0014177,ensemble,sparseness,0.5782736052207736,
squeezenet,ISIC_0014177,ensemble,complexity,11.310040473937988,
squeezenet,ISIC_0014177,ensemble,model_parameter_randomisation,,nan
squeezenet,ISIC_0014177,ensemble,random_logit,0.5361249706869397,
squeezenet,ISIC_0014177,ensemble,completeness,,nan
squeezenet,ISIC_0014177,ensemble,non_sensitivity,,nan
resnet18,ISIC_0014251,ensemble,faithfulness_correlation,-0.06156236305832863,
resnet18,ISIC_0014251,ensemble,pixel_flipping,17.162874221801758,
resnet18,ISIC_0014251,ensemble,max_sensitivity,1.1132105588912964,
resnet18,ISIC_0014251,ensemble,avg_sensitivity,1.0901611328125,
resnet18,ISIC_0014251,ensemble,relevance_mass_accuracy,0.12257876247167587,
resnet18,ISIC_0014251,ensemble,pointing_game,0.0,
resnet18,ISIC_0014251,ensemble,sparseness,0.45174628509895826,
resnet18,ISIC_0014251,ensemble,complexity,11.552708625793457,
resnet18,ISIC_0014251,ensemble,model_parameter_randomisation,,nan
resnet18,ISIC_0014251,ensemble,random_logit,0.6008195331378393,
resnet18,ISIC_0014251,ensemble,completeness,,nan
resnet18,ISIC_0014251,ensemble,non_sensitivity,,nan
squeezenet,ISIC_0014251,ensemble,faithfulness_correlation,0.06938591599464417,
squeezenet,ISIC_0014251,ensemble,pixel_flipping,39.44127655029297,
squeezenet,ISIC_0014251,ensemble,max_sensitivity,1.1007664203643799,
squeezenet,ISIC_0014251,ensemble,avg_sensitivity,1.081884467601776,
squeezenet,ISIC_0014251,ensemble,relevance_mass_accuracy,0.1182742789387703,
squeezenet,ISIC_0014251,ensemble,pointing_game,1.0,
squeezenet,ISIC_0014251,ensemble,sparseness,0.5867906783567862,
squeezenet,ISIC_0014251,ensemble,complexity,11.287087440490723,
squeezenet,ISIC_0014251,ensemble,model_parameter_randomisation,,nan
squeezenet,ISIC_0014251,ensemble,random_logit,0.5530659389931348,
squeezenet,ISIC_0014251,ensemble,completeness,,nan
squeezenet,ISIC_0014251,ensemble,non_sensitivity,,nan
resnet18,ISIC_0014278,ensemble,faithfulness_correlation,0.07835589349269867,
resnet18,ISIC_0014278,ensemble,pixel_flipping,567.4116821289062,
resnet18,ISIC_0014278,ensemble,max_sensitivity,1.0567469596862793,
resnet18,ISIC_0014278,ensemble,avg_sensitivity,1.034841251373291,
resnet18,ISIC_0014278,ensemble,relevance_mass_accuracy,0.1068006306886673,
resnet18,ISIC_0014278,ensemble,pointing_game,0.0,
resnet18,ISIC_0014278,ensemble,sparseness,0.5081368635088728,
resnet18,ISIC_0014278,ensemble,complexity,11.45760726928711,
resnet18,ISIC_0014278,ensemble,model_parameter_randomisation,,nan
resnet18,ISIC_0014278,ensemble,random_logit,0.6175880787267455,
resnet18,ISIC_0014278,ensemble,completeness,,nan
resnet18,ISIC_0014278,ensemble,non_sensitivity,,nan
squeezenet,ISIC_0014278,ensemble,faithfulness_correlation,0.16712559759616852,
squeezenet,ISIC_0014278,ensemble,pixel_flipping,503.6674499511719,
squeezenet,ISIC_0014278,ensemble,max_sensitivity,1.1159080266952515,
squeezenet,ISIC_0014278,ensemble,avg_sensitivity,1.0973206639289856,
squeezenet,ISIC_0014278,ensemble,relevance_mass_accuracy,0.35308313369750977,
squeezenet,ISIC_0014278,ensemble,pointing_game,1.0,
squeezenet,ISIC_0014278,ensemble,sparseness,0.6539638456568968,
squeezenet,ISIC_0014278,ensemble,complexity,11.028972625732422,
squeezenet,ISIC_0014278,ensemble,model_parameter_randomisation,,nan
squeezenet,ISIC_0014278,ensemble,random_logit,0.8651021907897537,
squeezenet,ISIC_0014278,ensemble,completeness,,nan
squeezenet,ISIC_0014278,ensemble,non_sensitivity,,nan
resnet18,ISIC_0014386,ensemble,faithfulness_correlation,-0.09171014279127121,
resnet18,ISIC_0014386,ensemble,pixel_flipping,13.796713829040527,
resnet18,ISIC_0014386,ensemble,max_sensitivity,1.0311124324798584,
resnet18,ISIC_0014386,ensemble,avg_sensitivity,1.0076184928417207,
resnet18,ISIC_0014386,ensemble,relevance_mass_accuracy,0.30664098262786865,
resnet18,ISIC_0014386,ensemble,pointing_game,1.0,
resnet18,ISIC_0014386,ensemble,sparseness,0.4379085270703783,
resnet18,ISIC_0014386,ensemble,complexity,11.575555801391602,
resnet18,ISIC_0014386,ensemble,model_parameter_randomisation,,nan
resnet18,ISIC_0014386,ensemble,random_logit,0.6266463699057698,
resnet18,ISIC_0014386,ensemble,completeness,,nan
resnet18,ISIC_0014386,ensemble,non_sensitivity,,nan
squeezenet,ISIC_0014386,ensemble,faithfulness_correlation,0.12817662954330444,
squeezenet,ISIC_0014386,ensemble,pixel_flipping,77.69184112548828,
squeezenet,ISIC_0014386,ensemble,max_sensitivity,1.1552327871322632,
squeezenet,ISIC_0014386,ensemble,avg_sensitivity,1.1075865149497985,
squeezenet,ISIC_0014386,ensemble,relevance_mass_accuracy,0.468334436416626,
squeezenet,ISIC_0014386,ensemble,pointing_game,1.0,
squeezenet,ISIC_0014386,ensemble,sparseness,0.6202636015089861,
squeezenet,ISIC_0014386,ensemble,complexity,11.18759536743164,
squeezenet,ISIC_0014386,ensemble,model_parameter_randomisation,,nan
squeezenet,ISIC_0014386,ensemble,random_logit,0.6659467669401653,
squeezenet,ISIC_0014386,ensemble,completeness,,nan
squeezenet,ISIC_0014386,ensemble,non_sensitivity,,nan
resnet18,ISIC_0014392,ensemble,faithfulness_correlation,-0.08221812546253204,
resnet18,ISIC_0014392,ensemble,pixel_flipping,11.510019302368164,
resnet18,ISIC_0014392,ensemble,max_sensitivity,1.0241833925247192,
resnet18,ISIC_0014392,ensemble,avg_sensitivity,1.0187014818191529,
resnet18,ISIC_0014392,ensemble,relevance_mass_accuracy,0.3661930561065674,
resnet18,ISIC_0014392,ensemble,pointing_game,0.0,
resnet18,ISIC_0014392,ensemble,sparseness,0.4832834386297399,
resnet18,ISIC_0014392,ensemble,complexity,11.513589859008789,
resnet18,ISIC_0014392,ensemble,model_parameter_randomisation,,nan
resnet18,ISIC_0014392,ensemble,random_logit,0.5679171416171996,
resnet18,ISIC_0014392,ensemble,completeness,,nan
resnet18,ISIC_0014392,ensemble,non_sensitivity,,nan
squeezenet,ISIC_0014392,ensemble,faithfulness_correlation,0.03206675872206688,
squeezenet,ISIC_0014392,ensemble,pixel_flipping,71.99475860595703,
squeezenet,ISIC_0014392,ensemble,max_sensitivity,1.0918385982513428,
squeezenet,ISIC_0014392,ensemble,avg_sensitivity,1.077826201915741,
squeezenet,ISIC_0014392,ensemble,relevance_mass_accuracy,0.44367069005966187,
squeezenet,ISIC_0014392,ensemble,pointing_game,0.0,
squeezenet,ISIC_0014392,ensemble,sparseness,0.5902248278383462,
squeezenet,ISIC_0014392,ensemble,complexity,11.290323257446289,
squeezenet,ISIC_0014392,ensemble,model_parameter_randomisation,,nan
squeezenet,ISIC_0014392,ensemble,random_logit,0.5522686232851695,
squeezenet,ISIC_0014392,ensemble,completeness,,nan
squeezenet,ISIC_0014392,ensemble,non_sensitivity,,nan
resnet18,ISIC_0014409,ensemble,faithfulness_correlation,-0.048191703855991364,
resnet18,ISIC_0014409,ensemble,pixel_flipping,358.55645751953125,
resnet18,ISIC_0014409,ensemble,max_sensitivity,1.0683361291885376,
resnet18,ISIC_0014409,ensemble,avg_sensitivity,1.041619110107422,
resnet18,ISIC_0014409,ensemble,relevance_mass_accuracy,0.09038180857896805,
resnet18,ISIC_0014409,ensemble,pointing_game,1.0,
resnet18,ISIC_0014409,ensemble,sparseness,0.5085357437198768,
resnet18,ISIC_0014409,ensemble,complexity,11.42908000946045,
resnet18,ISIC_0014409,ensemble,model_parameter_randomisation,,nan
resnet18,ISIC_0014409,ensemble,random_logit,0.829531429759787,
resnet18,ISIC_0014409,ensemble,completeness,,nan
resnet18,ISIC_0014409,ensemble,non_sensitivity,,nan
squeezenet,ISIC_0014409,ensemble,faithfulness_correlation,0.1685219258069992,
squeezenet,ISIC_0014409,ensemble,pixel_flipping,351.5711669921875,
squeezenet,ISIC_0014409,ensemble,max_sensitivity,1.1268930435180664,
squeezenet,ISIC_0014409,ensemble,avg_sensitivity,1.1143373370170593,
squeezenet,ISIC_0014409,ensemble,relevance_mass_accuracy,0.2976873517036438,
squeezenet,ISIC_0014409,ensemble,pointing_game,1.0,
squeezenet,ISIC_0014409,ensemble,sparseness,0.6701641558067026,
squeezenet,ISIC_0014409,ensemble,complexity,10.953909873962402,
squeezenet,ISIC_0014409,ensemble,model_parameter_randomisation,,nan
squeezenet,ISIC_0014409,ensemble,random_logit,0.8719344181052409,
squeezenet,ISIC_0014409,ensemble,completeness,,nan
squeezenet,ISIC_0014409,ensemble,non_sensitivity,,nan
resnet18,ISIC_0014419,ensemble,faithfulness_correlation,0.050093550235033035,
resnet18,ISIC_0014419,ensemble,pixel_flipping,96.89118194580078,
resnet18,ISIC_0014419,ensemble,max_sensitivity,1.2291203737258911,
resnet18,ISIC_0014419,ensemble,avg_sensitivity,1.2110310435295104,
resnet18,ISIC_0014419,ensemble,relevance_mass_accuracy,0.34980568289756775,
resnet18,ISIC_0014419,ensemble,pointing_game,1.0,
resnet18,ISIC_0014419,ensemble,sparseness,0.4671209136489278,
resnet18,ISIC_0014419,ensemble,complexity,11.533975601196289,
resnet18,ISIC_0014419,ensemble,model_parameter_randomisation,,nan
resnet18,ISIC_0014419,ensemble,random_logit,0.5673730936700309,
resnet18,ISIC_0014419,ensemble,completeness,,nan
resnet18,ISIC_0014419,ensemble,non_sensitivity,,nan
squeezenet,ISIC_0014419,ensemble,faithfulness_correlation,-0.1609766036272049,
squeezenet,ISIC_0014419,ensemble,pixel_flipping,34.16071701049805,
squeezenet,ISIC_0014419,ensemble,max_sensitivity,1.1530747413635254,
squeezenet,ISIC_0014419,ensemble,avg_sensitivity,1.1223396420478822,
squeezenet,ISIC_0014419,ensemble,relevance_mass_accuracy,0.24372394382953644,
squeezenet,ISIC_0014419,ensemble,pointing_game,1.0,
squeezenet,ISIC_0014419,ensemble,sparseness,0.57997376445143,
squeezenet,ISIC_0014419,ensemble,complexity,11.31397819519043,
squeezenet,ISIC_0014419,ensemble,model_parameter_randomisation,,nan
squeezenet,ISIC_0014419,ensemble,random_logit,0.49116035561586335,
squeezenet,ISIC_0014419,ensemble,completeness,,nan
squeezenet,ISIC_0014419,ensemble,non_sensitivity,,nan
resnet18,ISIC_0014457,ensemble,faithfulness_correlation,0.20327714085578918,
resnet18,ISIC_0014457,ensemble,pixel_flipping,505.27099609375,
resnet18,ISIC_0014457,ensemble,max_sensitivity,1.0492452383041382,
resnet18,ISIC_0014457,ensemble,avg_sensitivity,1.0368421912193297,
resnet18,ISIC_0014457,ensemble,relevance_mass_accuracy,0.7496167421340942,
resnet18,ISIC_0014457,ensemble,pointing_game,1.0,
resnet18,ISIC_0014457,ensemble,sparseness,0.5178643769628901,
resnet18,ISIC_0014457,ensemble,complexity,11.437054634094238,
resnet18,ISIC_0014457,ensemble,model_parameter_randomisation,,nan
resnet18,ISIC_0014457,ensemble,random_logit,0.5672017863109876,
resnet18,ISIC_0014457,ensemble,completeness,,nan
resnet18,ISIC_0014457,ensemble,non_sensitivity,,nan
squeezenet,ISIC_0014457,ensemble,faithfulness_correlation,0.21419715881347656,
squeezenet,ISIC_0014457,ensemble,pixel_flipping,401.89093017578125,
squeezenet,ISIC_0014457,ensemble,max_sensitivity,1.099258542060852,
squeezenet,ISIC_0014457,ensemble,avg_sensitivity,1.085016679763794,
squeezenet,ISIC_0014457,ensemble,relevance_mass_accuracy,0.8129767775535583,
squeezenet,ISIC_0014457,ensemble,pointing_game,1.0,
squeezenet,ISIC_0014457,ensemble,sparseness,0.6414585621974963,
squeezenet,ISIC_0014457,ensemble,complexity,11.11846923828125,
squeezenet,ISIC_0014457,ensemble,model_parameter_randomisation,,nan
squeezenet,ISIC_0014457,ensemble,random_logit,0.8035247897185964,
squeezenet,ISIC_0014457,ensemble,completeness,,nan
squeezenet,ISIC_0014457,ensemble,non_sensitivity,,nan
resnet18,ISIC_0014474,ensemble,faithfulness_correlation,-0.058015160262584686,
resnet18,ISIC_0014474,ensemble,pixel_flipping,17.97690773010254,
resnet18,ISIC_0014474,ensemble,max_sensitivity,1.0786690711975098,
resnet18,ISIC_0014474,ensemble,avg_sensitivity,1.0583202242851257,
resnet18,ISIC_0014474,ensemble,relevance_mass_accuracy,0.27834150195121765,
resnet18,ISIC_0014474,ensemble,pointing_game,0.0,
resnet18,ISIC_0014474,ensemble,sparseness,0.4857940251092703,
resnet18,ISIC_0014474,ensemble,complexity,11.514043807983398,
resnet18,ISIC_0014474,ensemble,model_parameter_randomisation,,nan
resnet18,ISIC_0014474,ensemble,random_logit,0.5492543511075096,
resnet18,ISIC_0014474,ensemble,completeness,,nan
resnet18,ISIC_0014474,ensemble,non_sensitivity,,nan
squeezenet,ISIC_0014474,ensemble,faithfulness_correlation,0.004618685692548752,
squeezenet,ISIC_0014474,ensemble,pixel_flipping,50.741119384765625,
squeezenet,ISIC_0014474,ensemble,max_sensitivity,1.1276360750198364,
squeezenet,ISIC_0014474,ensemble,avg_sensitivity,1.1011772632598877,
squeezenet,ISIC_0014474,ensemble,relevance_mass_accuracy,0.20630179345607758,
squeezenet,ISIC_0014474,ensemble,pointing_game,0.0,
squeezenet,ISIC_0014474,ensemble,sparseness,0.5460133155882633,
squeezenet,ISIC_0014474,ensemble,complexity,11.390702247619629,
squeezenet,ISIC_0014474,ensemble,model_parameter_randomisation,,nan
squeezenet,ISIC_0014474,ensemble,random_logit,0.4911858943906866,
squeezenet,ISIC_0014474,ensemble,completeness,,nan
squeezenet,ISIC_0014474,ensemble,non_sensitivity,,nan
resnet18,ISIC_0014500,ensemble,faithfulness_correlation,0.1618908792734146,
resnet18,ISIC_0014500,ensemble,pixel_flipping,10.412229537963867,
resnet18,ISIC_0014500,ensemble,max_sensitivity,1.1506489515304565,
resnet18,ISIC_0014500,ensemble,avg_sensitivity,1.1405803084373474,
resnet18,ISIC_0014500,ensemble,relevance_mass_accuracy,0.565517783164978,
resnet18,ISIC_0014500,ensemble,pointing_game,0.0,
resnet18,ISIC_0014500,ensemble,sparseness,0.5113860835307371,
resnet18,ISIC_0014500,ensemble,complexity,11.460180282592773,
resnet18,ISIC_0014500,ensemble,model_parameter_randomisation,,nan
resnet18,ISIC_0014500,ensemble,random_logit,0.6686451021217339,
resnet18,ISIC_0014500,ensemble,completeness,,nan
resnet18,ISIC_0014500,ensemble,non_sensitivity,,nan
squeezenet,ISIC_0014500,ensemble,faithfulness_correlation,0.053021881729364395,
squeezenet,ISIC_0014500,ensemble,pixel_flipping,51.45957565307617,
squeezenet,ISIC_0014500,ensemble,max_sensitivity,1.2474201917648315,
squeezenet,ISIC_0014500,ensemble,avg_sensitivity,1.2092624664306642,
squeezenet,ISIC_0014500,ensemble,relevance_mass_accuracy,0.5874642729759216,
squeezenet,ISIC_0014500,ensemble,pointing_game,1.0,
squeezenet,ISIC_0014500,ensemble,sparseness,0.598377319142723,
squeezenet,ISIC_0014500,ensemble,complexity,11.251514434814453,
squeezenet,ISIC_0014500,ensemble,model_parameter_randomisation,,nan
squeezenet,ISIC_0014500,ensemble,random_logit,0.6189341538711329,
squeezenet,ISIC_0014500,ensemble,completeness,,nan
squeezenet,ISIC_0014500,ensemble,non_sensitivity,,nan
resnet18,ISIC_0014567,ensemble,faithfulness_correlation,0.17042900621891022,
resnet18,ISIC_0014567,ensemble,pixel_flipping,10.000121116638184,
resnet18,ISIC_0014567,ensemble,max_sensitivity,1.003318428993225,
resnet18,ISIC_0014567,ensemble,avg_sensitivity,0.9866052746772767,
resnet18,ISIC_0014567,ensemble,relevance_mass_accuracy,0.10937271267175674,
resnet18,ISIC_0014567,ensemble,pointing_game,0.0,
resnet18,ISIC_0014567,ensemble,sparseness,0.4444552289225251,
resnet18,ISIC_0014567,ensemble,complexity,11.577864646911621,
resnet18,ISIC_0014567,ensemble,model_parameter_randomisation,,nan
resnet18,ISIC_0014567,ensemble,random_logit,0.5035419301715277,
resnet18,ISIC_0014567,ensemble,completeness,,nan
resnet18,ISIC_0014567,ensemble,non_sensitivity,,nan
squeezenet,ISIC_0014567,ensemble,faithfulness_correlation,0.07760924845933914,
squeezenet,ISIC_0014567,ensemble,pixel_flipping,53.8479118347168,
squeezenet,ISIC_0014567,ensemble,max_sensitivity,1.1162757873535156,
squeezenet,ISIC_0014567,ensemble,avg_sensitivity,1.08364235162735,
squeezenet,ISIC_0014567,ensemble,relevance_mass_accuracy,0.1105954572558403,
squeezenet,ISIC_0014567,ensemble,pointing_game,0.0,
squeezenet,ISIC_0014567,ensemble,sparseness,0.6100152411739906,
squeezenet,ISIC_0014567,ensemble,complexity,11.22535228729248,
squeezenet,ISIC_0014567,ensemble,model_parameter_randomisation,,nan
squeezenet,ISIC_0014567,ensemble,random_logit,0.5868950052123406,
squeezenet,ISIC_0014567,ensemble,completeness,,nan
squeezenet,ISIC_0014567,ensemble,non_sensitivity,,nan
resnet18,ISIC_0014574,ensemble,faithfulness_correlation,0.10380087792873383,
resnet18,ISIC_0014574,ensemble,pixel_flipping,6.042643070220947,
resnet18,ISIC_0014574,ensemble,max_sensitivity,1.0901377201080322,
resnet18,ISIC_0014574,ensemble,avg_sensitivity,1.0779125690460205,
resnet18,ISIC_0014574,ensemble,relevance_mass_accuracy,0.019393138587474823,
resnet18,ISIC_0014574,ensemble,pointing_game,0.0,
resnet18,ISIC_0014574,ensemble,sparseness,0.4741235006177825,
resnet18,ISIC_0014574,ensemble,complexity,11.526352882385254,
resnet18,ISIC_0014574,ensemble,model_parameter_randomisation,,nan
resnet18,ISIC_0014574,ensemble,random_logit,0.5389592067645932,
resnet18,ISIC_0014574,ensemble,completeness,,nan
resnet18,ISIC_0014574,ensemble,non_sensitivity,,nan
squeezenet,ISIC_0014574,ensemble,faithfulness_correlation,0.22007715702056885,
squeezenet,ISIC_0014574,ensemble,pixel_flipping,39.351715087890625,
squeezenet,ISIC_0014574,ensemble,max_sensitivity,1.147815227508545,
squeezenet,ISIC_0014574,ensemble,avg_sensitivity,1.125608205795288,
squeezenet,ISIC_0014574,ensemble,relevance_mass_accuracy,0.08713475614786148,
squeezenet,ISIC_0014574,ensemble,pointing_game,1.0,
squeezenet,ISIC_0014574,ensemble,sparseness,0.6685062763119934,
squeezenet,ISIC_0014574,ensemble,complexity,11.048419952392578,
squeezenet,ISIC_0014574,ensemble,model_parameter_randomisation,,nan
squeezenet,ISIC_0014574,ensemble,random_logit,0.5509850054857952,
squeezenet,ISIC_0014574,ensemble,completeness,,nan
squeezenet,ISIC_0014574,ensemble,non_sensitivity,,nan
resnet18,ISIC_0014586,ensemble,faithfulness_correlation,0.019586041569709778,
resnet18,ISIC_0014586,ensemble,pixel_flipping,551.889404296875,
resnet18,ISIC_0014586,ensemble,max_sensitivity,0.992179811000824,
resnet18,ISIC_0014586,ensemble,avg_sensitivity,0.9850014448165894,
resnet18,ISIC_0014586,ensemble,relevance_mass_accuracy,0.24424968659877777,
resnet18,ISIC_0014586,ensemble,pointing_game,0.0,
resnet18,ISIC_0014586,ensemble,sparseness,0.4286802749934359,
resnet18,ISIC_0014586,ensemble,complexity,11.598379135131836,
resnet18,ISIC_0014586,ensemble,model_parameter_randomisation,,nan
resnet18,ISIC_0014586,ensemble,random_logit,0.5478030038591458,
resnet18,ISIC_0014586,ensemble,completeness,,nan
resnet18,ISIC_0014586,ensemble,non_sensitivity,,nan
squeezenet,ISIC_0014586,ensemble,faithfulness_correlation,0.2927500903606415,
squeezenet,ISIC_0014586,ensemble,pixel_flipping,138.8585662841797,
squeezenet,ISIC_0014586,ensemble,max_sensitivity,1.0217645168304443,
squeezenet,ISIC_0014586,ensemble,avg_sensitivity,1.0099497497081757,
squeezenet,ISIC_0014586,ensemble,relevance_mass_accuracy,0.4442744851112366,
squeezenet,ISIC_0014586,ensemble,pointing_game,1.0,
squeezenet,ISIC_0014586,ensemble,sparseness,0.5751695209709805,
squeezenet,ISIC_0014586,ensemble,complexity,11.319523811340332,
squeezenet,ISIC_0014586,ensemble,model_parameter_randomisation,,nan
squeezenet,ISIC_0014586,ensemble,random_logit,0.7409688063417567,
squeezenet,ISIC_0014586,ensemble,completeness,,nan
squeezenet,ISIC_0014586,ensemble,non_sensitivity,,nan
resnet18,ISIC_0014587,ensemble,faithfulness_correlation,0.19016994535923004,
resnet18,ISIC_0014587,ensemble,pixel_flipping,6.13742733001709,
resnet18,ISIC_0014587,ensemble,max_sensitivity,1.0103269815444946,
resnet18,ISIC_0014587,ensemble,avg_sensitivity,0.9844384253025055,
resnet18,ISIC_0014587,ensemble,relevance_mass_accuracy,0.028728146106004715,
resnet18,ISIC_0014587,ensemble,pointing_game,0.0,
resnet18,ISIC_0014587,ensemble,sparseness,0.48529250371265736,
resnet18,ISIC_0014587,ensemble,complexity,11.510696411132812,
resnet18,ISIC_0014587,ensemble,model_parameter_randomisation,,nan
resnet18,ISIC_0014587,ensemble,random_logit,0.5464631193607749,
resnet18,ISIC_0014587,ensemble,completeness,,nan
resnet18,ISIC_0014587,ensemble,non_sensitivity,,nan
squeezenet,ISIC_0014587,ensemble,faithfulness_correlation,0.16313180327415466,
squeezenet,ISIC_0014587,ensemble,pixel_flipping,43.47809600830078,
squeezenet,ISIC_0014587,ensemble,max_sensitivity,1.1198134422302246,
squeezenet,ISIC_0014587,ensemble,avg_sensitivity,1.093247663974762,
squeezenet,ISIC_0014587,ensemble,relevance_mass_accuracy,0.02928084321320057,
squeezenet,ISIC_0014587,ensemble,pointing_game,0.0,
squeezenet,ISIC_0014587,ensemble,sparseness,0.6534223124268339,
squeezenet,ISIC_0014587,ensemble,complexity,11.080368041992188,
squeezenet,ISIC_0014587,ensemble,model_parameter_randomisation,,nan
squeezenet,ISIC_0014587,ensemble,random_logit,0.6684948033619171,
squeezenet,ISIC_0014587,ensemble,completeness,,nan
squeezenet,ISIC_0014587,ensemble,non_sensitivity,,nan
resnet18,ISIC_0014588,ensemble,faithfulness_correlation,0.06240442022681236,
resnet18,ISIC_0014588,ensemble,pixel_flipping,17.268856048583984,
resnet18,ISIC_0014588,ensemble,max_sensitivity,1.037253737449646,
resnet18,ISIC_0014588,ensemble,avg_sensitivity,1.0180885791778564,
resnet18,ISIC_0014588,ensemble,relevance_mass_accuracy,-0.0022779449354857206,
resnet18,ISIC_0014588,ensemble,pointing_game,0.0,
resnet18,ISIC_0014588,ensemble,sparseness,0.4668760624445292,
resnet18,ISIC_0014588,ensemble,complexity,11.544075965881348,
resnet18,ISIC_0014588,ensemble,model_parameter_randomisation,,nan
resnet18,ISIC_0014588,ensemble,random_logit,0.5152243107331688,
resnet18,ISIC_0014588,ensemble,completeness,,nan
resnet18,ISIC_0014588,ensemble,non_sensitivity,,nan
squeezenet,ISIC_0014588,ensemble,faithfulness_correlation,0.21562634408473969,
squeezenet,ISIC_0014588,ensemble,pixel_flipping,54.45327377319336,
squeezenet,ISIC_0014588,ensemble,max_sensitivity,1.0930514335632324,
squeezenet,ISIC_0014588,ensemble,avg_sensitivity,1.054572057723999,
squeezenet,ISIC_0014588,ensemble,relevance_mass_accuracy,4.086904300493188e-05,
squeezenet,ISIC_0014588,ensemble,pointing_game,0.0,
squeezenet,ISIC_0014588,ensemble,sparseness,0.6326457972913894,
squeezenet,ISIC_0014588,ensemble,complexity,11.13986587524414,
squeezenet,ISIC_0014588,ensemble,model_parameter_randomisation,,nan
squeezenet,ISIC_0014588,ensemble,random_logit,0.6647645808355065,
squeezenet,ISIC_0014588,ensemble,completeness,,nan
squeezenet,ISIC_0014588,ensemble,non_sensitivity,,nan
resnet18,ISIC_0014590,ensemble,faithfulness_correlation,0.0899122878909111,
resnet18,ISIC_0014590,ensemble,pixel_flipping,11.870214462280273,
resnet18,ISIC_0014590,ensemble,max_sensitivity,1.0220285654067993,
resnet18,ISIC_0014590,ensemble,avg_sensitivity,1.0128422379493713,
resnet18,ISIC_0014590,ensemble,relevance_mass_accuracy,0.014832464046776295,
resnet18,ISIC_0014590,ensemble,pointing_game,0.0,
resnet18,ISIC_0014590,ensemble,sparseness,0.46089991431880334,
resnet18,ISIC_0014590,ensemble,complexity,11.553621292114258,
resnet18,ISIC_0014590,ensemble,model_parameter_randomisation,,nan
resnet18,ISIC_0014590,ensemble,random_logit,0.44646323266318194,
resnet18,ISIC_0014590,ensemble,completeness,,nan
resnet18,ISIC_0014590,ensemble,non_sensitivity,,nan
squeezenet,ISIC_0014590,ensemble,faithfulness_correlation,0.2889743447303772,
squeezenet,ISIC_0014590,ensemble,pixel_flipping,56.81394958496094,
squeezenet,ISIC_0014590,ensemble,max_sensitivity,1.1022331714630127,
squeezenet,ISIC_0014590,ensemble,avg_sensitivity,1.0699817538261414,
squeezenet,ISIC_0014590,ensemble,relevance_mass_accuracy,0.04734256863594055,
squeezenet,ISIC_0014590,ensemble,pointing_game,0.0,
squeezenet,ISIC_0014590,ensemble,sparseness,0.6589005429729923,
squeezenet,ISIC_0014590,ensemble,complexity,11.078996658325195,
squeezenet,ISIC_0014590,ensemble,model_parameter_randomisation,,nan
squeezenet,ISIC_0014590,ensemble,random_logit,0.6129538088866998,
squeezenet,ISIC_0014590,ensemble,completeness,,nan
squeezenet,ISIC_0014590,ensemble,non_sensitivity,,nan
resnet18,ISIC_0014600,ensemble,faithfulness_correlation,0.09195616841316223,
resnet18,ISIC_0014600,ensemble,pixel_flipping,11.915974617004395,
resnet18,ISIC_0014600,ensemble,max_sensitivity,1.0912537574768066,
resnet18,ISIC_0014600,ensemble,avg_sensitivity,1.055727243423462,
resnet18,ISIC_0014600,ensemble,relevance_mass_accuracy,-0.031968824565410614,
resnet18,ISIC_0014600,ensemble,pointing_game,0.0,
resnet18,ISIC_0014600,ensemble,sparseness,0.48931543767586755,
resnet18,ISIC_0014600,ensemble,complexity,11.504205703735352,
resnet18,ISIC_0014600,ensemble,model_parameter_randomisation,,nan
resnet18,ISIC_0014600,ensemble,random_logit,0.4468367360595046,
resnet18,ISIC_0014600,ensemble,completeness,,nan
resnet18,ISIC_0014600,ensemble,non_sensitivity,,nan
squeezenet,ISIC_0014600,ensemble,faithfulness_correlation,0.16566284000873566,
squeezenet,ISIC_0014600,ensemble,pixel_flipping,49.96600341796875,
squeezenet,ISIC_0014600,ensemble,max_sensitivity,1.0710601806640625,
squeezenet,ISIC_0014600,ensemble,avg_sensitivity,1.0364104866981507,
squeezenet,ISIC_0014600,ensemble,relevance_mass_accuracy,0.009382697753608227,
squeezenet,ISIC_0014600,ensemble,pointing_game,0.0,
squeezenet,ISIC_0014600,ensemble,sparseness,0.6707011025031409,
squeezenet,ISIC_0014600,ensemble,complexity,11.021734237670898,
squeezenet,ISIC_0014600,ensemble,model_parameter_randomisation,,nan
squeezenet,ISIC_0014600,ensemble,random_logit,0.5591143918586644,
squeezenet,ISIC_0014600,ensemble,completeness,,nan
squeezenet,ISIC_0014600,ensemble,non_sensitivity,,nan
resnet18,ISIC_0014619,ensemble,faithfulness_correlation,0.13041357696056366,
resnet18,ISIC_0014619,ensemble,pixel_flipping,15.571880340576172,
resnet18,ISIC_0014619,ensemble,max_sensitivity,1.0326529741287231,
resnet18,ISIC_0014619,ensemble,avg_sensitivity,1.0206432938575745,
resnet18,ISIC_0014619,ensemble,relevance_mass_accuracy,0.04970734938979149,
resnet18,ISIC_0014619,ensemble,pointing_game,0.0,
resnet18,ISIC_0014619,ensemble,sparseness,0.4687975058539126,
resnet18,ISIC_0014619,ensemble,complexity,11.537199974060059,
resnet18,ISIC_0014619,ensemble,model_parameter_randomisation,,nan
resnet18,ISIC_0014619,ensemble,random_logit,0.49643758006752464,
resnet18,ISIC_0014619,ensemble,completeness,,nan
resnet18,ISIC_0014619,ensemble,non_sensitivity,,nan
squeezenet,ISIC_0014619,ensemble,faithfulness_correlation,0.301740825176239,
squeezenet,ISIC_0014619,ensemble,pixel_flipping,55.650413513183594,
squeezenet,ISIC_0014619,ensemble,max_sensitivity,1.0855172872543335,
squeezenet,ISIC_0014619,ensemble,avg_sensitivity,1.0581688046455384,
squeezenet,ISIC_0014619,ensemble,relevance_mass_accuracy,0.030997328460216522,
squeezenet,ISIC_0014619,ensemble,pointing_game,0.0,
squeezenet,ISIC_0014619,ensemble,sparseness,0.6571398631069925,
squeezenet,ISIC_0014619,ensemble,complexity,11.074549674987793,
squeezenet,ISIC_0014619,ensemble,model_parameter_randomisation,,nan
squeezenet,ISIC_0014619,ensemble,random_logit,0.47475430752559117,
squeezenet,ISIC_0014619,ensemble,completeness,,nan
squeezenet,ISIC_0014619,ensemble,non_sensitivity,,nan
resnet18,ISIC_0014626,ensemble,faithfulness_correlation,0.02362644672393799,
resnet18,ISIC_0014626,ensemble,pixel_flipping,10.486770629882812,
resnet18,ISIC_0014626,ensemble,max_sensitivity,1.0327038764953613,
resnet18,ISIC_0014626,ensemble,avg_sensitivity,1.0258231997489928,
resnet18,ISIC_0014626,ensemble,relevance_mass_accuracy,0.562301516532898,
resnet18,ISIC_0014626,ensemble,pointing_game,1.0,
resnet18,ISIC_0014626,ensemble,sparseness,0.46107848924521166,
resnet18,ISIC_0014626,ensemble,complexity,11.545595169067383,
resnet18,ISIC_0014626,ensemble,model_parameter_randomisation,,nan
resnet18,ISIC_0014626,ensemble,random_logit,0.5888165553602741,
resnet18,ISIC_0014626,ensemble,completeness,,nan
resnet18,ISIC_0014626,ensemble,non_sensitivity,,nan
squeezenet,ISIC_0014626,ensemble,faithfulness_correlation,0.15768060088157654,
squeezenet,ISIC_0014626,ensemble,pixel_flipping,38.22124099731445,
squeezenet,ISIC_0014626,ensemble,max_sensitivity,1.0911601781845093,
squeezenet,ISIC_0014626,ensemble,avg_sensitivity,1.0734703063964843,
squeezenet,ISIC_0014626,ensemble,relevance_mass_accuracy,0.37148454785346985,
squeezenet,ISIC_0014626,ensemble,pointing_game,0.0,
squeezenet,ISIC_0014626,ensemble,sparseness,0.6162633680530009,
squeezenet,ISIC_0014626,ensemble,complexity,11.198770523071289,
squeezenet,ISIC_0014626,ensemble,model_parameter_randomisation,,nan
squeezenet,ISIC_0014626,ensemble,random_logit,0.5710947019228362,
squeezenet,ISIC_0014626,ensemble,completeness,,nan
squeezenet,ISIC_0014626,ensemble,non_sensitivity,,nan
resnet18,ISIC_0014627,ensemble,faithfulness_correlation,-0.0872596800327301,
resnet18,ISIC_0014627,ensemble,pixel_flipping,11.68834114074707,
resnet18,ISIC_0014627,ensemble,max_sensitivity,1.0369558334350586,
resnet18,ISIC_0014627,ensemble,avg_sensitivity,1.0166521787643432,
resnet18,ISIC_0014627,ensemble,relevance_mass_accuracy,0.11163724958896637,
resnet18,ISIC_0014627,ensemble,pointing_game,0.0,
resnet18,ISIC_0014627,ensemble,sparseness,0.4580669800361276,
resnet18,ISIC_0014627,ensemble,complexity,11.559115409851074,
resnet18,ISIC_0014627,ensemble,model_parameter_randomisation,,nan
resnet18,ISIC_0014627,ensemble,random_logit,0.5683273436332477,
resnet18,ISIC_0014627,ensemble,completeness,,nan
resnet18,ISIC_0014627,ensemble,non_sensitivity,,nan
squeezenet,ISIC_0014627,ensemble,faithfulness_correlation,0.1884750872850418,
squeezenet,ISIC_0014627,ensemble,pixel_flipping,51.07073974609375,
squeezenet,ISIC_0014627,ensemble,max_sensitivity,1.1051028966903687,
squeezenet,ISIC_0014627,ensemble,avg_sensitivity,1.0722205638885498,
squeezenet,ISIC_0014627,ensemble,relevance_mass_accuracy,0.15267829596996307,
squeezenet,ISIC_0014627,ensemble,pointing_game,0.0,
squeezenet,ISIC_0014627,ensemble,sparseness,0.6167060300133775,
squeezenet,ISIC_0014627,ensemble,complexity,11.19551944732666,
squeezenet,ISIC_0014627,ensemble,model_parameter_randomisation,,nan
squeezenet,ISIC_0014627,ensemble,random_logit,0.6425546731810086,
squeezenet,ISIC_0014627,ensemble,completeness,,nan
squeezenet,ISIC_0014627,ensemble,non_sensitivity,,nan
resnet18,ISIC_0014629,ensemble,faithfulness_correlation,0.03312487527728081,
resnet18,ISIC_0014629,ensemble,pixel_flipping,10.567490577697754,
resnet18,ISIC_0014629,ensemble,max_sensitivity,0.988586962223053,
resnet18,ISIC_0014629,ensemble,avg_sensitivity,0.9791698515415191,
resnet18,ISIC_0014629,ensemble,relevance_mass_accuracy,0.12957186996936798,
resnet18,ISIC_0014629,ensemble,pointing_game,0.0,
resnet18,ISIC_0014629,ensemble,sparseness,0.463762906902059,
resnet18,ISIC_0014629,ensemble,complexity,11.546374320983887,
resnet18,ISIC_0014629,ensemble,model_parameter_randomisation,,nan
resnet18,ISIC_0014629,ensemble,random_logit,0.4946019144048448,
resnet18,ISIC_0014629,ensemble,completeness,,nan
resnet18,ISIC_0014629,ensemble,non_sensitivity,,nan
squeezenet,ISIC_0014629,ensemble,faithfulness_correlation,0.03790370374917984,
squeezenet,ISIC_0014629,ensemble,pixel_flipping,55.16150665283203,
squeezenet,ISIC_0014629,ensemble,max_sensitivity,1.0885175466537476,
squeezenet,ISIC_0014629,ensemble,avg_sensitivity,1.047059178352356,
squeezenet,ISIC_0014629,ensemble,relevance_mass_accuracy,0.1584009826183319,
squeezenet,ISIC_0014629,ensemble,pointing_game,0.0,
squeezenet,ISIC_0014629,ensemble,sparseness,0.5996486114306915,
squeezenet,ISIC_0014629,ensemble,complexity,11.247886657714844,
squeezenet,ISIC_0014629,ensemble,model_parameter_randomisation,,nan
squeezenet,ISIC_0014629,ensemble,random_logit,0.6365006812542455,
squeezenet,ISIC_0014629,ensemble,completeness,,nan
squeezenet,ISIC_0014629,ensemble,non_sensitivity,,nan
resnet18,ISIC_0014631,ensemble,faithfulness_correlation,0.017776550725102425,
resnet18,ISIC_0014631,ensemble,pixel_flipping,15.372978210449219,
resnet18,ISIC_0014631,ensemble,max_sensitivity,0.9713766574859619,
resnet18,ISIC_0014631,ensemble,avg_sensitivity,0.9690009117126465,
resnet18,ISIC_0014631,ensemble,relevance_mass_accuracy,0.02114972099661827,
resnet18,ISIC_0014631,ensemble,pointing_game,0.0,
resnet18,ISIC_0014631,ensemble,sparseness,0.45401226877494083,
resnet18,ISIC_0014631,ensemble,complexity,11.555065155029297,
resnet18,ISIC_0014631,ensemble,model_parameter_randomisation,,nan
resnet18,ISIC_0014631,ensemble,random_logit,0.7271671380234248,
resnet18,ISIC_0014631,ensemble,completeness,,nan
resnet18,ISIC_0014631,ensemble,non_sensitivity,,nan
squeezenet,ISIC_0014631,ensemble,faithfulness_correlation,0.22676987946033478,
squeezenet,ISIC_0014631,ensemble,pixel_flipping,55.827415466308594,
squeezenet,ISIC_0014631,ensemble,max_sensitivity,1.0561072826385498,
squeezenet,ISIC_0014631,ensemble,avg_sensitivity,1.046090829372406,
squeezenet,ISIC_0014631,ensemble,relevance_mass_accuracy,0.05242966488003731,
squeezenet,ISIC_0014631,ensemble,pointing_game,0.0,
squeezenet,ISIC_0014631,ensemble,sparseness,0.6391189247308616,
squeezenet,ISIC_0014631,ensemble,complexity,11.142333030700684,
squeezenet,ISIC_0014631,ensemble,model_parameter_randomisation,,nan
squeezenet,ISIC_0014631,ensemble,random_logit,0.7026154280518409,
squeezenet,ISIC_0014631,ensemble,completeness,,nan
squeezenet,ISIC_0014631,ensemble,non_sensitivity,,nan
resnet18,ISIC_0014634,ensemble,faithfulness_correlation,0.08809342235326767,
resnet18,ISIC_0014634,ensemble,pixel_flipping,27.62646484375,
resnet18,ISIC_0014634,ensemble,max_sensitivity,0.990184485912323,
resnet18,ISIC_0014634,ensemble,avg_sensitivity,0.9704453468322753,
resnet18,ISIC_0014634,ensemble,relevance_mass_accuracy,0.3130199909210205,
resnet18,ISIC_0014634,ensemble,pointing_game,1.0,
resnet18,ISIC_0014634,ensemble,sparseness,0.4439940049634742,
resnet18,ISIC_0014634,ensemble,complexity,11.57553768157959,
resnet18,ISIC_0014634,ensemble,model_parameter_randomisation,,nan
resnet18,ISIC_0014634,ensemble,random_logit,0.5929578911120394,
resnet18,ISIC_0014634,ensemble,completeness,,nan
resnet18,ISIC_0014634,ensemble,non_sensitivity,,nan
squeezenet,ISIC_0014634,ensemble,faithfulness_correlation,0.14215178787708282,
squeezenet,ISIC_0014634,ensemble,pixel_flipping,52.31678771972656,
squeezenet,ISIC_0014634,ensemble,max_sensitivity,1.061923861503601,
squeezenet,ISIC_0014634,ensemble,avg_sensitivity,1.036204195022583,
squeezenet,ISIC_0014634,ensemble,relevance_mass_accuracy,0.2532118856906891,
squeezenet,ISIC_0014634,ensemble,pointing_game,0.0,
squeezenet,ISIC_0014634,ensemble,sparseness,0.5728953236300389,
squeezenet,ISIC_0014634,ensemble,complexity,11.313119888305664,
squeezenet,ISIC_0014634,ensemble,model_parameter_randomisation,,nan
squeezenet,ISIC_0014634,ensemble,random_logit,0.6734068068355813,
squeezenet,ISIC_0014634,ensemble,completeness,,nan
squeezenet,ISIC_0014634,ensemble,non_sensitivity,,nan
resnet18,ISIC_0014643,ensemble,faithfulness_correlation,-0.0715193897485733,
resnet18,ISIC_0014643,ensemble,pixel_flipping,8.985791206359863,
resnet18,ISIC_0014643,ensemble,max_sensitivity,1.0319054126739502,
resnet18,ISIC_0014643,ensemble,avg_sensitivity,1.0224838137626648,
resnet18,ISIC_0014643,ensemble,relevance_mass_accuracy,0.12177248299121857,
resnet18,ISIC_0014643,ensemble,pointing_game,0.0,
resnet18,ISIC_0014643,ensemble,sparseness,0.4567911544121059,
resnet18,ISIC_0014643,ensemble,complexity,11.55269718170166,
resnet18,ISIC_0014643,ensemble,model_parameter_randomisation,,nan
resnet18,ISIC_0014643,ensemble,random_logit,0.575323015083155,
resnet18,ISIC_0014643,ensemble,completeness,,nan
resnet18,ISIC_0014643,ensemble,non_sensitivity,,nan
squeezenet,ISIC_0014643,ensemble,faithfulness_correlation,0.15282142162322998,
squeezenet,ISIC_0014643,ensemble,pixel_flipping,43.48183059692383,
squeezenet,ISIC_0014643,ensemble,max_sensitivity,1.10917329788208,
squeezenet,ISIC_0014643,ensemble,avg_sensitivity,1.0854333877563476,
squeezenet,ISIC_0014643,ensemble,relevance_mass_accuracy,0.10818960517644882,
squeezenet,ISIC_0014643,ensemble,pointing_game,0.0,
squeezenet,ISIC_0014643,ensemble,sparseness,0.6362355729908518,
squeezenet,ISIC_0014643,ensemble,complexity,11.134486198425293,
squeezenet,ISIC_0014643,ensemble,model_parameter_randomisation,,nan
squeezenet,ISIC_0014643,ensemble,random_logit,0.6247382725926888,
squeezenet,ISIC_0014643,ensemble,completeness,,nan
squeezenet,ISIC_0014643,ensemble,non_sensitivity,,nan
resnet18,ISIC_0014644,ensemble,faithfulness_correlation,0.06483103334903717,
resnet18,ISIC_0014644,ensemble,pixel_flipping,33.443790435791016,
resnet18,ISIC_0014644,ensemble,max_sensitivity,1.0395362377166748,
resnet18,ISIC_0014644,ensemble,avg_sensitivity,1.0060827672481536,
resnet18,ISIC_0014644,ensemble,relevance_mass_accuracy,0.10223515331745148,
resnet18,ISIC_0014644,ensemble,pointing_game,0.0,
resnet18,ISIC_0014644,ensemble,sparseness,0.507939035108302,
resnet18,ISIC_0014644,ensemble,complexity,11.470687866210938,
resnet18,ISIC_0014644,ensemble,model_parameter_randomisation,,nan
resnet18,ISIC_0014644,ensemble,random_logit,0.6154366908761464,
resnet18,ISIC_0014644,ensemble,completeness,,nan
resnet18,ISIC_0014644,ensemble,non_sensitivity,,nan
squeezenet,ISIC_0014644,ensemble,faithfulness_correlation,0.3576489984989166,
squeezenet,ISIC_0014644,ensemble,pixel_flipping,404.90289306640625,
squeezenet,ISIC_0014644,ensemble,max_sensitivity,1.1095088720321655,
squeezenet,ISIC_0014644,ensemble,avg_sensitivity,1.0971187233924866,
squeezenet,ISIC_0014644,ensemble,relevance_mass_accuracy,0.30143627524375916,
squeezenet,ISIC_0014644,ensemble,pointing_game,1.0,
squeezenet,ISIC_0014644,ensemble,sparseness,0.6375903371977523,
squeezenet,ISIC_0014644,ensemble,complexity,11.12893009185791,
squeezenet,ISIC_0014644,ensemble,model_parameter_randomisation,,nan
squeezenet,ISIC_0014644,ensemble,random_logit,0.7619144277807541,
squeezenet,ISIC_0014644,ensemble,completeness,,nan
squeezenet,ISIC_0014644,ensemble,non_sensitivity,,nan
resnet18,ISIC_0014645,ensemble,faithfulness_correlation,0.13178221881389618,
resnet18,ISIC_0014645,ensemble,pixel_flipping,25.333742141723633,
resnet18,ISIC_0014645,ensemble,max_sensitivity,1.0204609632492065,
resnet18,ISIC_0014645,ensemble,avg_sensitivity,0.9959094643592834,
resnet18,ISIC_0014645,ensemble,relevance_mass_accuracy,0.36511117219924927,
resnet18,ISIC_0014645,ensemble,pointing_game,0.0,
resnet18,ISIC_0014645,ensemble,sparseness,0.4608988187551988,
resnet18,ISIC_0014645,ensemble,complexity,11.54470157623291,
resnet18,ISIC_0014645,ensemble,model_parameter_randomisation,,nan
resnet18,ISIC_0014645,ensemble,random_logit,0.6413688576213004,
resnet18,ISIC_0014645,ensemble,completeness,,nan
resnet18,ISIC_0014645,ensemble,non_sensitivity,,nan
squeezenet,ISIC_0014645,ensemble,faithfulness_correlation,-0.14149530231952667,
squeezenet,ISIC_0014645,ensemble,pixel_flipping,57.813297271728516,
squeezenet,ISIC_0014645,ensemble,max_sensitivity,1.0964146852493286,
squeezenet,ISIC_0014645,ensemble,avg_sensitivity,1.0805671334266662,
squeezenet,ISIC_0014645,ensemble,relevance_mass_accuracy,0.41947802901268005,
squeezenet,ISIC_0014645,ensemble,pointing_game,1.0,
squeezenet,ISIC_0014645,ensemble,sparseness,0.563778830012997,
squeezenet,ISIC_0014645,ensemble,complexity,11.34325885772705,
squeezenet,ISIC_0014645,ensemble,model_parameter_randomisation,,nan
squeezenet,ISIC_0014645,ensemble,random_logit,0.5996851849278535,
squeezenet,ISIC_0014645,ensemble,completeness,,nan
squeezenet,ISIC_0014645,ensemble,non_sensitivity,,nan
resnet18,ISIC_0014647,ensemble,faithfulness_correlation,-0.04663550481200218,
resnet18,ISIC_0014647,ensemble,pixel_flipping,12.594030380249023,
resnet18,ISIC_0014647,ensemble,max_sensitivity,0.9226153492927551,
resnet18,ISIC_0014647,ensemble,avg_sensitivity,0.913126277923584,
resnet18,ISIC_0014647,ensemble,relevance_mass_accuracy,0.029785173013806343,
resnet18,ISIC_0014647,ensemble,pointing_game,0.0,
resnet18,ISIC_0014647,ensemble,sparseness,0.48113957596031093,
resnet18,ISIC_0014647,ensemble,complexity,11.511299133300781,
resnet18,ISIC_0014647,ensemble,model_parameter_randomisation,,nan
resnet18,ISIC_0014647,ensemble,random_logit,0.6222010353894291,
resnet18,ISIC_0014647,ensemble,completeness,,nan
resnet18,ISIC_0014647,ensemble,non_sensitivity,,nan
squeezenet,ISIC_0014647,ensemble,faithfulness_correlation,0.21693898737430573,
squeezenet,ISIC_0014647,ensemble,pixel_flipping,38.31454086303711,
squeezenet,ISIC_0014647,ensemble,max_sensitivity,1.005189061164856,
squeezenet,ISIC_0014647,ensemble,avg_sensitivity,1.0019836604595185,
squeezenet,ISIC_0014647,ensemble,relevance_mass_accuracy,0.02462795376777649,
squeezenet,ISIC_0014647,ensemble,pointing_game,0.0,
squeezenet,ISIC_0014647,ensemble,sparseness,0.6529748329320315,
squeezenet,ISIC_0014647,ensemble,complexity,11.045644760131836,
squeezenet,ISIC_0014647,ensemble,model_parameter_randomisation,,nan
squeezenet,ISIC_0014647,ensemble,random_logit,0.6522462532368595,
squeezenet,ISIC_0014647,ensemble,completeness,,nan
squeezenet,ISIC_0014647,ensemble,non_sensitivity,,nan
resnet18,ISIC_0014648,ensemble,faithfulness_correlation,-0.0458076074719429,
resnet18,ISIC_0014648,ensemble,pixel_flipping,10.825794219970703,
resnet18,ISIC_0014648,ensemble,max_sensitivity,1.0033857822418213,
resnet18,ISIC_0014648,ensemble,avg_sensitivity,0.9914373517036438,
resnet18,ISIC_0014648,ensemble,relevance_mass_accuracy,0.21932381391525269,
resnet18,ISIC_0014648,ensemble,pointing_game,0.0,
resnet18,ISIC_0014648,ensemble,sparseness,0.43343729294768335,
resnet18,ISIC_0014648,ensemble,complexity,11.589315414428711,
resnet18,ISIC_0014648,ensemble,model_parameter_randomisation,,nan
resnet18,ISIC_0014648,ensemble,random_logit,0.7317330627458954,
resnet18,ISIC_0014648,ensemble,completeness,,nan
resnet18,ISIC_0014648,ensemble,non_sensitivity,,nan
squeezenet,ISIC_0014648,ensemble,faithfulness_correlation,0.037978824228048325,
squeezenet,ISIC_0014648,ensemble,pixel_flipping,55.13069152832031,
squeezenet,ISIC_0014648,ensemble,max_sensitivity,1.0768052339553833,
squeezenet,ISIC_0014648,ensemble,avg_sensitivity,1.0626497626304627,
squeezenet,ISIC_0014648,ensemble,relevance_mass_accuracy,0.28687211871147156,
squeezenet,ISIC_0014648,ensemble,pointing_game,0.0,
squeezenet,ISIC_0014648,ensemble,sparseness,0.5579643327913526,
squeezenet,ISIC_0014648,ensemble,complexity,11.35141372680664,
squeezenet,ISIC_0014648,ensemble,model_parameter_randomisation,,nan
squeezenet,ISIC_0014648,ensemble,random_logit,0.5555287987765007,
squeezenet,ISIC_0014648,ensemble,completeness,,nan
squeezenet,ISIC_0014648,ensemble,non_sensitivity,,nan
resnet18,ISIC_0014649,ensemble,faithfulness_correlation,-0.005890999920666218,
resnet18,ISIC_0014649,ensemble,pixel_flipping,13.440262794494629,
resnet18,ISIC_0014649,ensemble,max_sensitivity,1.0592135190963745,
resnet18,ISIC_0014649,ensemble,avg_sensitivity,1.0369117856025696,
resnet18,ISIC_0014649,ensemble,relevance_mass_accuracy,0.15462765097618103,
resnet18,ISIC_0014649,ensemble,pointing_game,0.0,
resnet18,ISIC_0014649,ensemble,sparseness,0.4481665683992983,
resnet18,ISIC_0014649,ensemble,complexity,11.57200813293457,
resnet18,ISIC_0014649,ensemble,model_parameter_randomisation,,nan
resnet18,ISIC_0014649,ensemble,random_logit,0.5074902169812159,
resnet18,ISIC_0014649,ensemble,completeness,,nan
resnet18,ISIC_0014649,ensemble,non_sensitivity,,nan
squeezenet,ISIC_0014649,ensemble,faithfulness_correlation,0.0995735451579094,
squeezenet,ISIC_0014649,ensemble,pixel_flipping,38.73482894897461,
squeezenet,ISIC_0014649,ensemble,max_sensitivity,1.0526237487792969,
squeezenet,ISIC_0014649,ensemble,avg_sensitivity,1.0401759386062621,
squeezenet,ISIC_0014649,ensemble,relevance_mass_accuracy,0.15225662291049957,
squeezenet,ISIC_0014649,ensemble,pointing_game,0.0,
squeezenet,ISIC_0014649,ensemble,sparseness,0.6004493534660281,
squeezenet,ISIC_0014649,ensemble,complexity,11.24972152709961,
squeezenet,ISIC_0014649,ensemble,model_parameter_randomisation,,nan
squeezenet,ISIC_0014649,ensemble,random_logit,0.6466958481593414,
squeezenet,ISIC_0014649,ensemble,completeness,,nan
squeezenet,ISIC_0014649,ensemble,non_sensitivity,,nan
resnet18,ISIC_0014652,ensemble,faithfulness_correlation,0.08630441874265671,
resnet18,ISIC_0014652,ensemble,pixel_flipping,23.46259880065918,
resnet18,ISIC_0014652,ensemble,max_sensitivity,1.0709882974624634,
resnet18,ISIC_0014652,ensemble,avg_sensitivity,1.0129866480827332,
resnet18,ISIC_0014652,ensemble,relevance_mass_accuracy,0.6618712544441223,
resnet18,ISIC_0014652,ensemble,pointing_game,1.0,
resnet18,ISIC_0014652,ensemble,sparseness,0.47206891894848696,
resnet18,ISIC_0014652,ensemble,complexity,11.530200958251953,
resnet18,ISIC_0014652,ensemble,model_parameter_randomisation,,nan
resnet18,ISIC_0014652,ensemble,random_logit,0.6561463662354162,
resnet18,ISIC_0014652,ensemble,completeness,,nan
resnet18,ISIC_0014652,ensemble,non_sensitivity,,nan
squeezenet,ISIC_0014652,ensemble,faithfulness_correlation,0.14333775639533997,
squeezenet,ISIC_0014652,ensemble,pixel_flipping,482.11468505859375,
squeezenet,ISIC_0014652,ensemble,max_sensitivity,1.1145132780075073,
squeezenet,ISIC_0014652,ensemble,avg_sensitivity,1.1029996871948242,
squeezenet,ISIC_0014652,ensemble,relevance_mass_accuracy,0.5457412600517273,
squeezenet,ISIC_0014652,ensemble,pointing_game,0.0,
squeezenet,ISIC_0014652,ensemble,sparseness,0.5476133973168742,
squeezenet,ISIC_0014652,ensemble,complexity,11.386468887329102,
squeezenet,ISIC_0014652,ensemble,model_parameter_randomisation,,nan
squeezenet,ISIC_0014652,ensemble,random_logit,0.6322637445016832,
squeezenet,ISIC_0014652,ensemble,completeness,,nan
squeezenet,ISIC_0014652,ensemble,non_sensitivity,,nan
resnet18,ISIC_0014653,ensemble,faithfulness_correlation,-0.12534917891025543,
resnet18,ISIC_0014653,ensemble,pixel_flipping,11.576557159423828,
resnet18,ISIC_0014653,ensemble,max_sensitivity,1.045573353767395,
resnet18,ISIC_0014653,ensemble,avg_sensitivity,1.0357104301452638,
resnet18,ISIC_0014653,ensemble,relevance_mass_accuracy,0.42108646035194397,
resnet18,ISIC_0014653,ensemble,pointing_game,1.0,
resnet18,ISIC_0014653,ensemble,sparseness,0.4386207294541648,
resnet18,ISIC_0014653,ensemble,complexity,11.584633827209473,
resnet18,ISIC_0014653,ensemble,model_parameter_randomisation,,nan
resnet18,ISIC_0014653,ensemble,random_logit,0.5346690690927597,
resnet18,ISIC_0014653,ensemble,completeness,,nan
resnet18,ISIC_0014653,ensemble,non_sensitivity,,nan
squeezenet,ISIC_0014653,ensemble,faithfulness_correlation,0.09523624926805496,
squeezenet,ISIC_0014653,ensemble,pixel_flipping,50.93088150024414,
squeezenet,ISIC_0014653,ensemble,max_sensitivity,1.1779003143310547,
squeezenet,ISIC_0014653,ensemble,avg_sensitivity,1.1460819721221924,
squeezenet,ISIC_0014653,ensemble,relevance_mass_accuracy,0.36641690135002136,
squeezenet,ISIC_0014653,ensemble,pointing_game,0.0,
squeezenet,ISIC_0014653,ensemble,sparseness,0.5865415002292171,
squeezenet,ISIC_0014653,ensemble,complexity,11.278332710266113,
squeezenet,ISIC_0014653,ensemble,model_parameter_randomisation,,nan
squeezenet,ISIC_0014653,ensemble,random_logit,0.6101717006215298,
squeezenet,ISIC_0014653,ensemble,completeness,,nan
squeezenet,ISIC_0014653,ensemble,non_sensitivity,,nan
