model,fae_method,metric,level_idx,level_frac,batch_idx,n,mean_score,raw_scores,runtime_seconds,timestamp
resnet18,integrated_gradients,max_sensitivity,0,0.0,0,8,1.316554069519043,1.27783;1.22066;1.30471;1.34304;1.23659;1.44297;1.26394;1.4427,22.72,2026-08-26T22:18:27
resnet18,integrated_gradients,max_sensitivity,0,0.0,1,8,1.2935541421175003,1.31732;1.27302;1.267;1.26356;1.23403;1.3302;1.29992;1.36338,15.25,2026-08-26T22:18:43
resnet18,integrated_gradients,max_sensitivity,0,0.0,2,8,1.2548198103904724,1.27855;1.24145;1.33121;1.31485;1.20577;1.22985;1.22398;1.21289,15.96,2026-08-26T22:18:59
resnet18,integrated_gradients,max_sensitivity,0,0.0,3,8,1.2368301451206207,1.24711;1.24577;1.21919;1.29357;1.24889;1.16743;1.24181;1.23087,17.53,2026-08-26T22:19:16
resnet18,integrated_gradients,max_sensitivity,0,0.0,4,8,1.280628740787506,1.27111;1.27189;1.21933;1.39026;1.23063;1.29187;1.28821;1.28174,16.09,2026-08-26T22:19:32
resnet18,integrated_gradients,max_sensitivity,0,0.0,5,8,1.2986774891614914,1.22684;1.4015;1.27448;1.29976;1.2945;1.31221;1.30232;1.2778,16.41,2026-08-26T22:19:49
resnet18,integrated_gradients,max_sensitivity,0,0.0,6,8,1.3033337742090225,1.19855;1.54607;1.31599;1.26522;1.3499;1.32026;1.08767;1.343,15.63,2026-08-26T22:20:04
resnet18,integrated_gradients,max_sensitivity,0,0.0,7,8,1.2874578088521957,1.34656;1.52156;1.17007;1.25071;1.22399;1.25442;1.22236;1.31,16.09,2026-08-26T22:20:20
resnet18,integrated_gradients,max_sensitivity,1,0.1,0,8,1.3216100633144379,1.33191;1.23809;1.24917;1.30942;1.21603;1.48243;1.272;1.47383,15.28,2026-08-26T22:20:36
resnet18,integrated_gradients,max_sensitivity,1,0.1,1,8,1.3019279390573502,1.34896;1.29959;1.22283;1.28493;1.28273;1.27101;1.34838;1.35701,16.11,2026-08-26T22:20:52
resnet18,integrated_gradients,max_sensitivity,1,0.1,2,8,1.2663131654262543,1.28331;1.22612;1.3392;1.34623;1.2106;1.28967;1.21912;1.21626,16.55,2026-08-26T22:21:08
resnet18,integrated_gradients,max_sensitivity,1,0.1,3,8,1.2432243376970291,1.28711;1.26159;1.17584;1.26345;1.28429;1.16431;1.26015;1.24905,17.15,2026-08-26T22:21:25
resnet18,integrated_gradients,max_sensitivity,1,0.1,4,8,1.2869357913732529,1.29521;1.31894;1.22488;1.34039;1.27835;1.27789;1.27835;1.28148,16.6,2026-08-26T22:21:42
resnet18,integrated_gradients,max_sensitivity,1,0.1,5,8,1.3017149865627289,1.25647;1.39382;1.25537;1.30851;1.30201;1.27176;1.35506;1.27071,16.57,2026-08-26T22:21:59
resnet18,integrated_gradients,max_sensitivity,1,0.1,6,8,1.3292503356933594,1.20394;1.6326;1.34883;1.32207;1.28181;1.34227;1.16558;1.33691,16.64,2026-08-26T22:22:15
resnet18,integrated_gradients,max_sensitivity,1,0.1,7,8,1.3034092485904694,1.44293;1.50959;1.20219;1.21793;1.23822;1.26212;1.21789;1.33641,15.55,2026-08-26T22:22:31
resnet18,integrated_gradients,max_sensitivity,2,0.2,0,8,1.3306966871023178,1.34253;1.25533;1.23208;1.33125;1.19921;1.58;1.2696;1.43557,15.35,2026-08-26T22:22:46
resnet18,integrated_gradients,max_sensitivity,2,0.2,1,8,1.3074775487184525,1.32144;1.30958;1.24299;1.30612;1.29249;1.30967;1.31986;1.35768,15.31,2026-08-26T22:23:01
resnet18,integrated_gradients,max_sensitivity,2,0.2,2,8,1.2911237925291061,1.30608;1.34179;1.37537;1.37439;1.22583;1.24076;1.2444;1.22037,15.41,2026-08-26T22:23:17
resnet18,integrated_gradients,max_sensitivity,2,0.2,3,8,1.2804639339447021,1.29003;1.29523;1.23076;1.29967;1.32085;1.17564;1.3234;1.30812,15.63,2026-08-26T22:23:33
resnet18,integrated_gradients,max_sensitivity,2,0.2,4,8,1.3170879930257797,1.29486;1.3134;1.26245;1.36795;1.27319;1.29905;1.40431;1.32151,15.93,2026-08-26T22:23:48
resnet18,integrated_gradients,max_sensitivity,2,0.2,5,8,1.3129197806119919,1.25127;1.39792;1.31353;1.32191;1.28625;1.36199;1.26023;1.31026,16.14,2026-08-26T22:24:05
resnet18,integrated_gradients,max_sensitivity,2,0.2,6,8,1.3402950316667557,1.21114;1.58748;1.29422;1.33862;1.39242;1.32239;1.22749;1.3486,15.36,2026-08-26T22:24:20
resnet18,integrated_gradients,max_sensitivity,2,0.2,7,8,1.3031471073627472,1.3421;1.52474;1.19353;1.23709;1.23066;1.27745;1.25701;1.36259,15.68,2026-08-26T22:24:36
resnet18,integrated_gradients,max_sensitivity,3,0.3,0,8,1.355417788028717,1.34538;1.25922;1.33947;1.35033;1.23973;1.50392;1.37302;1.43226,15.63,2026-08-26T22:24:51
resnet18,integrated_gradients,max_sensitivity,3,0.3,1,8,1.3236565440893173,1.2956;1.32252;1.28355;1.32025;1.31366;1.32951;1.33335;1.39082,15.98,2026-08-26T22:25:07
resnet18,integrated_gradients,max_sensitivity,3,0.3,2,8,1.3124239146709442,1.30051;1.33064;1.38015;1.41271;1.24957;1.27928;1.28825;1.25829,15.68,2026-08-26T22:25:23
resnet18,integrated_gradients,max_sensitivity,3,0.3,3,8,1.2996891289949417,1.28037;1.26006;1.28202;1.30496;1.29601;1.20081;1.43922;1.33407,16.01,2026-08-26T22:25:39
resnet18,integrated_gradients,max_sensitivity,3,0.3,4,8,1.3151438683271408,1.31485;1.32377;1.24115;1.42052;1.274;1.29944;1.32514;1.32229,16.32,2026-08-26T22:25:55
resnet18,integrated_gradients,max_sensitivity,3,0.3,5,8,1.3158111572265625,1.24205;1.40813;1.29174;1.32409;1.3187;1.24654;1.41423;1.28102,15.26,2026-08-26T22:26:11
resnet18,integrated_gradients,max_sensitivity,3,0.3,6,8,1.3390899449586868,1.22373;1.60708;1.3382;1.30948;1.44427;1.29945;1.18722;1.3033,15.34,2026-08-26T22:26:26
resnet18,integrated_gradients,max_sensitivity,3,0.3,7,8,1.3035203516483307,1.3886;1.44414;1.20208;1.2479;1.28966;1.27661;1.27446;1.30471,15.36,2026-08-26T22:26:41
resnet18,integrated_gradients,max_sensitivity,4,0.4,0,8,1.3488775491714478,1.3215;1.23847;1.32872;1.35761;1.32677;1.46431;1.29846;1.45518,14.74,2026-08-26T22:26:56
resnet18,integrated_gradients,max_sensitivity,4,0.4,1,8,1.344182327389717,1.36877;1.35813;1.30226;1.32278;1.29203;1.37402;1.34357;1.39189,14.67,2026-08-26T22:27:11
resnet18,integrated_gradients,max_sensitivity,4,0.4,2,8,1.3069185018539429,1.35811;1.27565;1.34018;1.3959;1.26149;1.28124;1.28124;1.26154,14.86,2026-08-26T22:27:26
resnet18,integrated_gradients,max_sensitivity,4,0.4,3,8,1.291608527302742,1.3059;1.29327;1.24965;1.34349;1.32751;1.20026;1.31557;1.29721,14.48,2026-08-26T22:27:40
resnet18,integrated_gradients,max_sensitivity,4,0.4,4,8,1.3127965778112411,1.36301;1.29903;1.25589;1.39064;1.29395;1.30438;1.30859;1.28688,14.75,2026-08-26T22:27:55
resnet18,integrated_gradients,max_sensitivity,4,0.4,5,8,1.3332962095737457,1.23623;1.48743;1.29196;1.30721;1.3333;1.27456;1.46395;1.27174,14.62,2026-08-26T22:28:09
resnet18,integrated_gradients,max_sensitivity,4,0.4,6,8,1.3736825585365295,1.25536;1.67502;1.35001;1.30029;1.42193;1.36904;1.20964;1.40817,14.29,2026-08-26T22:28:24
resnet18,integrated_gradients,max_sensitivity,4,0.4,7,8,1.3031680136919022,1.42165;1.42355;1.2066;1.22463;1.25947;1.28956;1.27493;1.32497,14.7,2026-08-26T22:28:38
resnet18,integrated_gradients,max_sensitivity,5,0.5,0,8,1.3859296143054962,1.39025;1.23671;1.38262;1.35995;1.351;1.58171;1.29148;1.49372,14.44,2026-08-26T22:28:53
resnet18,integrated_gradients,max_sensitivity,5,0.5,1,8,1.3366950750350952,1.35613;1.31882;1.28792;1.3197;1.344;1.36362;1.33089;1.37248,13.45,2026-08-26T22:29:06
resnet18,integrated_gradients,max_sensitivity,5,0.5,2,8,1.3411370515823364,1.30386;1.35338;1.3459;1.43129;1.29472;1.30566;1.3718;1.3225,13.63,2026-08-26T22:29:20
resnet18,integrated_gradients,max_sensitivity,5,0.5,3,8,1.309498369693756,1.36076;1.31782;1.26552;1.33078;1.29929;1.24123;1.32905;1.33153,13.5,2026-08-26T22:29:33
resnet18,integrated_gradients,max_sensitivity,5,0.5,4,8,1.3322917520999908,1.35765;1.33383;1.23499;1.45101;1.27686;1.31038;1.38553;1.30807,13.78,2026-08-26T22:29:47
resnet18,integrated_gradients,max_sensitivity,5,0.5,5,8,1.3647578060626984,1.22767;1.42309;1.39487;1.35152;1.31578;1.29544;1.58746;1.32224,14.32,2026-08-26T22:30:02
resnet18,integrated_gradients,max_sensitivity,5,0.5,6,8,1.384650930762291,1.30329;1.70995;1.3486;1.34065;1.42292;1.38005;1.27693;1.29483,14.13,2026-08-26T22:30:16
resnet18,integrated_gradients,max_sensitivity,5,0.5,7,8,1.3124637305736542,1.37455;1.46423;1.1927;1.26294;1.28666;1.31604;1.28836;1.31421,13.93,2026-08-26T22:30:30
resnet18,integrated_gradients,max_sensitivity,6,0.6,0,8,1.3726558238267899,1.33356;1.26422;1.41551;1.382;1.28713;1.5792;1.26066;1.45897,12.96,2026-08-26T22:30:43
resnet18,integrated_gradients,max_sensitivity,6,0.6,1,8,1.351132094860077,1.38357;1.31633;1.3138;1.34608;1.33071;1.36008;1.356;1.40249,13.02,2026-08-26T22:30:56
resnet18,integrated_gradients,max_sensitivity,6,0.6,2,8,1.3425518870353699,1.37271;1.30012;1.35414;1.45111;1.322;1.33026;1.30553;1.30455,12.92,2026-08-26T22:31:09
resnet18,integrated_gradients,max_sensitivity,6,0.6,3,8,1.3271412253379822,1.35432;1.33538;1.29815;1.37171;1.33835;1.21804;1.37326;1.32792,13.29,2026-08-26T22:31:22
resnet18,integrated_gradients,max_sensitivity,6,0.6,4,8,1.3396163284778595,1.38257;1.32966;1.28336;1.41868;1.27368;1.3228;1.38653;1.31964,13.85,2026-08-26T22:31:36
resnet18,integrated_gradients,max_sensitivity,6,0.6,5,8,1.3310341238975525,1.2569;1.45773;1.34598;1.33712;1.32027;1.31218;1.33777;1.28032,13.75,2026-08-26T22:31:49
resnet18,integrated_gradients,max_sensitivity,6,0.6,6,8,1.3821141719818115,1.24289;1.76453;1.35912;1.30856;1.47698;1.353;1.23459;1.31725,13.43,2026-08-26T22:32:03
resnet18,integrated_gradients,max_sensitivity,6,0.6,7,8,1.3199696838855743,1.39243;1.49956;1.20871;1.26139;1.28787;1.27717;1.26399;1.36864,12.95,2026-08-26T22:32:16
resnet18,integrated_gradients,max_sensitivity,7,0.7,0,8,1.4010163694620132,1.36709;1.25542;1.43678;1.36734;1.47851;1.51468;1.31529;1.47301,12.67,2026-08-26T22:32:28
resnet18,integrated_gradients,max_sensitivity,7,0.7,1,8,1.3618901818990707,1.39251;1.33381;1.33439;1.36019;1.33665;1.44207;1.33513;1.36037,12.66,2026-08-26T22:32:41
resnet18,integrated_gradients,max_sensitivity,7,0.7,2,8,1.3580801337957382,1.36044;1.32747;1.35888;1.44331;1.33508;1.34964;1.35061;1.33919,12.58,2026-08-26T22:32:54
resnet18,integrated_gradients,max_sensitivity,7,0.7,3,8,1.3471336513757706,1.33895;1.35847;1.33966;1.35596;1.37726;1.28242;1.38566;1.33868,12.56,2026-08-26T22:33:06
resnet18,integrated_gradients,max_sensitivity,7,0.7,4,8,1.3587186485528946,1.42305;1.37262;1.27185;1.44204;1.29874;1.34564;1.41297;1.30283,12.59,2026-08-26T22:33:19
resnet18,integrated_gradients,max_sensitivity,7,0.7,5,8,1.3445942550897598,1.251;1.43962;1.34641;1.31656;1.37716;1.30554;1.45761;1.26286,12.44,2026-08-26T22:33:31
resnet18,integrated_gradients,max_sensitivity,7,0.7,6,8,1.4071108996868134,1.25721;1.82186;1.42825;1.28563;1.47642;1.32882;1.25187;1.40684,12.64,2026-08-26T22:33:44
resnet18,integrated_gradients,max_sensitivity,7,0.7,7,8,1.324315533041954,1.37268;1.50348;1.18248;1.26221;1.28881;1.33686;1.28324;1.36476,12.66,2026-08-26T22:33:57
resnet18,integrated_gradients,max_sensitivity,8,0.8,0,8,1.4107162356376648,1.38703;1.2367;1.50217;1.37097;1.45856;1.51027;1.31813;1.50191,11.98,2026-08-26T22:34:09
resnet18,integrated_gradients,max_sensitivity,8,0.8,1,8,1.3847188502550125,1.42632;1.39192;1.29035;1.43737;1.36233;1.42178;1.31651;1.43116,11.95,2026-08-26T22:34:21
resnet18,integrated_gradients,max_sensitivity,8,0.8,2,8,1.3684601336717606,1.36021;1.3617;1.38439;1.48763;1.29727;1.34212;1.39337;1.32099,12.01,2026-08-26T22:34:33
resnet18,integrated_gradients,max_sensitivity,8,0.8,3,8,1.3702672272920609,1.35002;1.40025;1.34263;1.41971;1.35188;1.24841;1.44571;1.40352,11.9,2026-08-26T22:34:44
resnet18,integrated_gradients,max_sensitivity,8,0.8,4,8,1.3696304112672806,1.47487;1.34573;1.26157;1.4089;1.37031;1.34295;1.39314;1.35959,11.78,2026-08-26T22:34:56
resnet18,integrated_gradients,max_sensitivity,8,0.8,5,8,1.3462441563606262,1.2609;1.4459;1.32587;1.34937;1.38045;1.26463;1.44287;1.29997,12.02,2026-08-26T22:35:08
resnet18,integrated_gradients,max_sensitivity,8,0.8,6,8,1.3914790749549866,1.2373;1.73088;1.36693;1.34741;1.50621;1.36125;1.24864;1.33322,12.06,2026-08-26T22:35:20
resnet18,integrated_gradients,max_sensitivity,8,0.8,7,8,1.3385325521230698,1.3803;1.53397;1.19365;1.34091;1.30262;1.31188;1.31489;1.33004,12.01,2026-08-26T22:35:32
resnet18,integrated_gradients,max_sensitivity,9,0.9,0,8,1.411496564745903,1.39433;1.27555;1.3692;1.42604;1.50578;1.5522;1.35422;1.41465,11.6,2026-08-26T22:35:44
resnet18,integrated_gradients,max_sensitivity,9,0.9,1,8,1.3861134201288223,1.42424;1.39495;1.31641;1.42404;1.34156;1.43654;1.34621;1.40497,11.52,2026-08-26T22:35:55
resnet18,integrated_gradients,max_sensitivity,9,0.9,2,8,1.380797490477562,1.37244;1.35184;1.34843;1.49311;1.33152;1.36185;1.42995;1.35724,11.38,2026-08-26T22:36:07
resnet18,integrated_gradients,max_sensitivity,9,0.9,3,8,1.3802568465471268,1.35646;1.38688;1.37786;1.43219;1.38485;1.27015;1.41559;1.41807,11.55,2026-08-26T22:36:18
resnet18,integrated_gradients,max_sensitivity,9,0.9,4,8,1.3640666007995605,1.48808;1.42278;1.31236;1.42393;1.27309;1.3405;1.36206;1.28974,11.7,2026-08-26T22:36:30
resnet18,integrated_gradients,max_sensitivity,9,0.9,5,8,1.37262062728405,1.28497;1.4842;1.37259;1.36553;1.39539;1.30634;1.48304;1.28891,11.51,2026-08-26T22:36:42
resnet18,integrated_gradients,max_sensitivity,9,0.9,6,8,1.4139360040426254,1.22291;1.73842;1.40995;1.31196;1.44555;1.35969;1.44968;1.37333,11.48,2026-08-26T22:36:53
resnet18,integrated_gradients,max_sensitivity,9,0.9,7,8,1.3463269919157028,1.4083;1.46743;1.21809;1.32164;1.28749;1.3234;1.34431;1.39995,11.36,2026-08-26T22:37:04
resnet18,integrated_gradients,random_logit,0,0.0,0,8,0.634231420606985,0.481143;0.576165;0.759116;0.577436;0.791726;0.82093;0.480215;0.587118,2.5,2026-08-26T22:37:07
resnet18,integrated_gradients,random_logit,0,0.0,1,8,0.5990228274103593,0.614496;0.607758;0.566751;0.558233;0.530953;0.710609;0.558203;0.645179,1.94,2026-08-26T22:37:09
resnet18,integrated_gradients,random_logit,0,0.0,2,8,0.5673937650164104,0.513018;0.431244;0.682087;0.671476;0.631063;0.521966;0.651102;0.437194,1.95,2026-08-26T22:37:11
resnet18,integrated_gradients,random_logit,0,0.0,3,8,0.580783637152092,0.545706;0.594259;0.577628;0.489511;0.523137;0.604566;0.585764;0.725697,1.94,2026-08-26T22:37:13
resnet18,integrated_gradients,random_logit,0,0.0,4,8,0.6421362684273881,0.71686;0.705236;0.626215;0.501712;0.692495;0.492599;0.801711;0.600264,1.98,2026-08-26T22:37:15
resnet18,integrated_gradients,random_logit,0,0.0,5,8,0.656714989075182,0.590315;0.523262;0.613636;0.517182;0.779129;0.664395;0.92338;0.642422,1.99,2026-08-26T22:37:17
resnet18,integrated_gradients,random_logit,0,0.0,6,8,0.7173470762029757,0.845016;0.703332;0.648581;0.59348;0.793971;0.468029;0.908593;0.777775,2.49,2026-08-26T22:37:19
resnet18,integrated_gradients,random_logit,0,0.0,7,8,0.5878744560390956,0.53169;0.536835;0.525485;0.660782;0.588111;0.563751;0.75505;0.541292,2.27,2026-08-26T22:37:22
resnet18,integrated_gradients,random_logit,1,0.1,0,8,0.6068917737378476,0.443738;0.552313;0.739268;0.543202;0.779851;0.804731;0.440752;0.551279,1.91,2026-08-26T22:37:23
resnet18,integrated_gradients,random_logit,1,0.1,1,8,0.5578243868537989,0.584945;0.546972;0.528562;0.500848;0.491884;0.684052;0.516687;0.608645,1.89,2026-08-26T22:37:25
resnet18,integrated_gradients,random_logit,1,0.1,2,8,0.512836047190458,0.474465;0.378154;0.648484;0.546807;0.577126;0.481945;0.60647;0.389238,1.92,2026-08-26T22:37:27
resnet18,integrated_gradients,random_logit,1,0.1,3,8,0.5362337904375091,0.497208;0.513947;0.533299;0.437846;0.484273;0.577481;0.554899;0.690917,1.91,2026-08-26T22:37:29
resnet18,integrated_gradients,random_logit,1,0.1,4,8,0.60566985835415,0.683157;0.678523;0.579375;0.454019;0.659795;0.449667;0.784169;0.556655,1.99,2026-08-26T22:37:31
resnet18,integrated_gradients,random_logit,1,0.1,5,8,0.6115387059334649,0.537672;0.480222;0.576215;0.46003;0.74758;0.575179;0.918421;0.59699,2.41,2026-08-26T22:37:34
resnet18,integrated_gradients,random_logit,1,0.1,6,8,0.7137462381760358,0.836367;0.705792;0.675913;0.569511;0.791001;0.441067;0.920797;0.769522,2.14,2026-08-26T22:37:36
resnet18,integrated_gradients,random_logit,1,0.1,7,8,0.5402768060703778,0.490386;0.493726;0.435255;0.61883;0.534093;0.534318;0.722921;0.492685,1.94,2026-08-26T22:37:38
resnet18,integrated_gradients,random_logit,2,0.2,0,8,0.585920261929253,0.403078;0.537332;0.726814;0.520894;0.773288;0.793527;0.40699;0.525438,1.89,2026-08-26T22:37:40
resnet18,integrated_gradients,random_logit,2,0.2,1,8,0.5220274921598047,0.56465;0.500525;0.499441;0.420006;0.462774;0.664137;0.485801;0.578886,1.9,2026-08-26T22:37:41
resnet18,integrated_gradients,random_logit,2,0.2,2,8,0.4935873926994168,0.44177;0.34175;0.627035;0.612074;0.537826;0.45366;0.576623;0.357962,1.88,2026-08-26T22:37:43
resnet18,integrated_gradients,random_logit,2,0.2,3,8,0.5072259767813213,0.461373;0.534539;0.501995;0.404134;0.456602;0.518735;0.512094;0.668335,2.02,2026-08-26T22:37:45
resnet18,integrated_gradients,random_logit,2,0.2,4,8,0.5670952603404018,0.652974;0.610029;0.53084;0.410466;0.633636;0.395739;0.764346;0.538732,2.35,2026-08-26T22:37:48
resnet18,integrated_gradients,random_logit,2,0.2,5,8,0.588553446581388,0.498762;0.449284;0.549044;0.425933;0.723774;0.581836;0.915556;0.564238,2.14,2026-08-26T22:37:50
resnet18,integrated_gradients,random_logit,2,0.2,6,8,0.6822490549682791,0.824607;0.687313;0.596039;0.536558;0.779311;0.420681;0.856102;0.757381,1.88,2026-08-26T22:37:52
resnet18,integrated_gradients,random_logit,2,0.2,7,8,0.49170131803029193,0.474967;0.396279;0.426172;0.603133;0.434721;0.514862;0.632639;0.450837,1.9,2026-08-26T22:37:54
resnet18,integrated_gradients,random_logit,3,0.3,0,8,0.576796645387889,0.399214;0.531314;0.719826;0.496635;0.772589;0.788788;0.393431;0.512576,1.87,2026-08-26T22:37:56
resnet18,integrated_gradients,random_logit,3,0.3,1,8,0.49596242073886143,0.557596;0.482409;0.472614;0.392769;0.422642;0.617421;0.450813;0.571435,1.84,2026-08-26T22:37:57
resnet18,integrated_gradients,random_logit,3,0.3,2,8,0.45754950615750273,0.41703;0.315171;0.609649;0.497311;0.510507;0.4258;0.555489;0.329439,1.91,2026-08-26T22:37:59
resnet18,integrated_gradients,random_logit,3,0.3,3,8,0.4742319824728466,0.420082;0.457564;0.534798;0.318519;0.48701;0.458788;0.538389;0.578706,2.27,2026-08-26T22:38:02
resnet18,integrated_gradients,random_logit,3,0.3,4,8,0.5520422635764693,0.646003;0.652948;0.481276;0.364485;0.600031;0.403741;0.765326;0.502528,2.12,2026-08-26T22:38:04
resnet18,integrated_gradients,random_logit,3,0.3,5,8,0.5596896768666689,0.469425;0.42953;0.532161;0.355794;0.709765;0.527635;0.914716;0.538492,1.82,2026-08-26T22:38:05
resnet18,integrated_gradients,random_logit,3,0.3,6,8,0.6823835995671302,0.816086;0.661376;0.616415;0.518505;0.779581;0.405682;0.912842;0.748582,1.78,2026-08-26T22:38:07
resnet18,integrated_gradients,random_logit,3,0.3,7,8,0.49292958523929253,0.441299;0.443184;0.402057;0.564755;0.463758;0.505849;0.687585;0.43495,1.8,2026-08-26T22:38:09
resnet18,integrated_gradients,random_logit,4,0.4,0,8,0.577770222864189,0.448482;0.503406;0.70255;0.476807;0.766824;0.776216;0.426754;0.521123,1.81,2026-08-26T22:38:11
resnet18,integrated_gradients,random_logit,4,0.4,1,8,0.4877795475083567,0.559139;0.470166;0.455396;0.37992;0.40182;0.664501;0.427999;0.543295,1.78,2026-08-26T22:38:13
resnet18,integrated_gradients,random_logit,4,0.4,2,8,0.44467048872639375,0.413174;0.296423;0.603629;0.587315;0.41844;0.405331;0.512893;0.320159,2.02,2026-08-26T22:38:15
resnet18,integrated_gradients,random_logit,4,0.4,3,8,0.4631782664213211,0.403136;0.446572;0.492293;0.302982;0.478159;0.475476;0.538727;0.568083,2.23,2026-08-26T22:38:17
resnet18,integrated_gradients,random_logit,4,0.4,4,8,0.5513474131602272,0.637729;0.646157;0.510415;0.355157;0.616327;0.393199;0.761888;0.489906,1.92,2026-08-26T22:38:19
resnet18,integrated_gradients,random_logit,4,0.4,5,8,0.5355945498312696,0.491802;0.443756;0.490364;0.415886;0.563447;0.44841;0.866983;0.564108,1.77,2026-08-26T22:38:21
resnet18,integrated_gradients,random_logit,4,0.4,6,8,0.6769868460862942,0.814702;0.690094;0.630543;0.508258;0.778675;0.40101;0.843473;0.749141,1.77,2026-08-26T22:38:22
resnet18,integrated_gradients,random_logit,4,0.4,7,8,0.4730222377883934,0.447832;0.370074;0.37844;0.570473;0.437928;0.499419;0.669866;0.410146,1.76,2026-08-26T22:38:24
resnet18,integrated_gradients,random_logit,5,0.5,0,8,0.5816430052270136,0.475746;0.48803;0.68138;0.454749;0.748303;0.78592;0.450978;0.568038,1.58,2026-08-26T22:38:26
resnet18,integrated_gradients,random_logit,5,0.5,1,8,0.4769960712275353,0.539;0.442986;0.414801;0.400368;0.384231;0.653068;0.45434;0.527176,1.58,2026-08-26T22:38:27
resnet18,integrated_gradients,random_logit,5,0.5,2,8,0.44685445716933203,0.398343;0.309411;0.578447;0.561091;0.43534;0.442883;0.509202;0.340117,1.87,2026-08-26T22:38:29
resnet18,integrated_gradients,random_logit,5,0.5,3,8,0.44707549438383065,0.403379;0.386952;0.529781;0.290394;0.410061;0.451121;0.549056;0.555862,1.9,2026-08-26T22:38:31
resnet18,integrated_gradients,random_logit,5,0.5,4,8,0.5026115774606483,0.618605;0.566705;0.514698;0.345403;0.575364;0.351649;0.717392;0.331076,1.68,2026-08-26T22:38:33
resnet18,integrated_gradients,random_logit,5,0.5,5,8,0.537293320570829,0.407555;0.395094;0.49745;0.370229;0.704144;0.491826;0.919491;0.512558,1.54,2026-08-26T22:38:34
resnet18,integrated_gradients,random_logit,5,0.5,6,8,0.6787972453684119,0.816741;0.671579;0.632952;0.51192;0.785141;0.408091;0.847075;0.756878,1.6,2026-08-26T22:38:36
resnet18,integrated_gradients,random_logit,5,0.5,7,8,0.4680288725554128,0.42475;0.44094;0.391248;0.531439;0.378052;0.494223;0.687195;0.396385,1.56,2026-08-26T22:38:37
resnet18,integrated_gradients,random_logit,6,0.6,0,8,0.5761166486693229,0.407746;0.560085;0.741375;0.466036;0.804159;0.77241;0.338823;0.518301,1.52,2026-08-26T22:38:39
resnet18,integrated_gradients,random_logit,6,0.6,1,8,0.47448797848694463,0.523691;0.448113;0.398748;0.411038;0.39786;0.663572;0.463469;0.489412,1.5,2026-08-26T22:38:40
resnet18,integrated_gradients,random_logit,6,0.6,2,8,0.4582489134459585,0.420212;0.293713;0.609337;0.59578;0.41442;0.437062;0.555815;0.339653,1.71,2026-08-26T22:38:42
resnet18,integrated_gradients,random_logit,6,0.6,3,8,0.4844662815887801,0.412598;0.460757;0.547249;0.311928;0.508767;0.50525;0.570517;0.558663,1.81,2026-08-26T22:38:44
resnet18,integrated_gradients,random_logit,6,0.6,4,8,0.5302103532091832,0.637108;0.582167;0.482011;0.338843;0.615091;0.366397;0.727222;0.492844,1.71,2026-08-26T22:38:46
resnet18,integrated_gradients,random_logit,6,0.6,5,8,0.5556701371476119,0.465137;0.407775;0.487928;0.380257;0.714554;0.525144;0.923724;0.540843,1.55,2026-08-26T22:38:47
resnet18,integrated_gradients,random_logit,6,0.6,6,8,0.6894109326016142,0.825566;0.713814;0.646575;0.518057;0.714478;0.428252;0.922497;0.746048,1.51,2026-08-26T22:38:49
resnet18,integrated_gradients,random_logit,6,0.6,7,8,0.4719290139580704,0.442905;0.384603;0.370372;0.564114;0.394621;0.530575;0.689943;0.398298,1.51,2026-08-26T22:38:50
resnet18,integrated_gradients,random_logit,7,0.7,0,8,0.5938359490063255,0.476959;0.476033;0.717315;0.542164;0.781617;0.787036;0.451939;0.517625,1.46,2026-08-26T22:38:52
resnet18,integrated_gradients,random_logit,7,0.7,1,8,0.5086564186397737,0.55855;0.505487;0.496087;0.402043;0.450205;0.657181;0.470923;0.528775,1.47,2026-08-26T22:38:53
resnet18,integrated_gradients,random_logit,7,0.7,2,8,0.45627560548172036,0.422597;0.329239;0.56914;0.509697;0.440032;0.46106;0.566875;0.351565,1.51,2026-08-26T22:38:55
resnet18,integrated_gradients,random_logit,7,0.7,3,8,0.48934805846502283,0.420762;0.511078;0.552284;0.332702;0.519568;0.472479;0.541089;0.564822,1.64,2026-08-26T22:38:56
resnet18,integrated_gradients,random_logit,7,0.7,4,8,0.5536283177206529,0.682833;0.662216;0.524338;0.410114;0.626372;0.376762;0.741912;0.40448,1.81,2026-08-26T22:38:58
resnet18,integrated_gradients,random_logit,7,0.7,5,8,0.5677988848549145,0.468422;0.497652;0.61035;0.404661;0.577067;0.541618;0.924447;0.518175,1.63,2026-08-26T22:39:00
resnet18,integrated_gradients,random_logit,7,0.7,6,8,0.6781215374496671,0.847029;0.675923;0.447062;0.550707;0.823124;0.440032;0.893329;0.747765,1.47,2026-08-26T22:39:01
resnet18,integrated_gradients,random_logit,7,0.7,7,8,0.5027938008824719,0.474648;0.424682;0.391669;0.609431;0.421231;0.562686;0.711933;0.42607,1.44,2026-08-26T22:39:03
resnet18,integrated_gradients,random_logit,8,0.8,0,8,0.684286867829192,0.610429;0.571924;0.712056;0.61058;0.779628;0.867627;0.617436;0.704614,1.35,2026-08-26T22:39:04
resnet18,integrated_gradients,random_logit,8,0.8,1,8,0.5648008697893225,0.637229;0.500236;0.58428;0.464233;0.547796;0.672912;0.540753;0.570969,1.33,2026-08-26T22:39:05
resnet18,integrated_gradients,random_logit,8,0.8,2,8,0.5435885928783168,0.513767;0.392822;0.654692;0.582761;0.574977;0.549437;0.622111;0.458141,1.34,2026-08-26T22:39:07
resnet18,integrated_gradients,random_logit,8,0.8,3,8,0.5580923036444859,0.499434;0.57851;0.617765;0.425007;0.497432;0.611746;0.607844;0.627001,1.32,2026-08-26T22:39:08
resnet18,integrated_gradients,random_logit,8,0.8,4,8,0.5887324653339906,0.738503;0.65648;0.629107;0.444269;0.61169;0.468794;0.799228;0.361788,1.34,2026-08-26T22:39:09
resnet18,integrated_gradients,random_logit,8,0.8,5,8,0.6253107082406177,0.532509;0.576618;0.651607;0.413426;0.728287;0.572643;0.920718;0.606677,1.59,2026-08-26T22:39:11
resnet18,integrated_gradients,random_logit,8,0.8,6,8,0.7675135042715712,0.857812;0.752803;0.684818;0.658354;0.835135;0.594493;0.913891;0.842802,1.59,2026-08-26T22:39:13
resnet18,integrated_gradients,random_logit,8,0.8,7,8,0.5432473745625808,0.548059;0.393635;0.458915;0.632523;0.454871;0.639857;0.76685;0.451268,1.45,2026-08-26T22:39:14
resnet18,integrated_gradients,random_logit,9,0.9,0,8,0.7545926181585312,0.729856;0.717178;0.815454;0.718873;0.706768;0.869397;0.679022;0.800193,1.27,2026-08-26T22:39:15
resnet18,integrated_gradients,random_logit,9,0.9,1,8,0.6800058605098511,0.679697;0.642949;0.633037;0.600544;0.621191;0.807083;0.680293;0.775252,1.25,2026-08-26T22:39:17
resnet18,integrated_gradients,random_logit,9,0.9,2,8,0.6663407859737147,0.678302;0.539789;0.77823;0.673103;0.632611;0.670342;0.730845;0.627504,1.26,2026-08-26T22:39:18
resnet18,integrated_gradients,random_logit,9,0.9,3,8,0.6611627803798292,0.595815;0.649139;0.718904;0.559315;0.652123;0.737894;0.668846;0.707266,1.24,2026-08-26T22:39:19
resnet18,integrated_gradients,random_logit,9,0.9,4,8,0.7274359850961002,0.780748;0.775489;0.707374;0.639114;0.778492;0.654565;0.882391;0.601315,1.24,2026-08-26T22:39:20
resnet18,integrated_gradients,random_logit,9,0.9,5,8,0.7365174598981203,0.693059;0.647648;0.777332;0.571153;0.799891;0.721546;0.957025;0.724486,1.22,2026-08-26T22:39:22
resnet18,integrated_gradients,random_logit,9,0.9,6,8,0.8167589582177303,0.931982;0.793969;0.6908;0.75485;0.920542;0.640291;0.945645;0.855993,1.23,2026-08-26T22:39:23
resnet18,integrated_gradients,random_logit,9,0.9,7,8,0.6698926528017577,0.647959;0.595131;0.593991;0.785808;0.642827;0.669128;0.768248;0.656049,1.39,2026-08-26T22:39:24
resnet18,saliency,max_sensitivity,0,0.0,0,8,0.8603249937295914,0.873328;0.854414;0.832173;0.844662;0.85127;0.869059;0.845127;0.912567,7.86,2026-08-26T22:39:32
resnet18,saliency,max_sensitivity,0,0.0,1,8,0.8597330674529076,0.878345;0.864543;0.845621;0.863552;0.841457;0.864613;0.851657;0.868077,6.42,2026-08-26T22:39:38
resnet18,saliency,max_sensitivity,0,0.0,2,8,0.8739968165755272,0.866297;0.850551;0.870892;0.973655;0.850691;0.831603;0.900547;0.847738,7.26,2026-08-26T22:39:46
resnet18,saliency,max_sensitivity,0,0.0,3,8,0.8750210553407669,0.901537;0.888251;0.86494;0.849044;0.888933;0.843665;0.91465;0.849148,6.24,2026-08-26T22:39:52
resnet18,saliency,max_sensitivity,0,0.0,4,8,0.8600656986236572,0.848895;0.887946;0.883482;0.876158;0.868165;0.845351;0.832291;0.838237,7.39,2026-08-26T22:39:59
resnet18,saliency,max_sensitivity,0,0.0,5,8,0.8566852584481239,0.848215;0.846968;0.863252;0.869978;0.851333;0.854884;0.861939;0.856913,6.26,2026-08-26T22:40:06
resnet18,saliency,max_sensitivity,0,0.0,6,8,0.8685695305466652,0.824555;0.938724;0.913607;0.849714;0.857525;0.855859;0.865559;0.843013,7.53,2026-08-26T22:40:13
resnet18,saliency,max_sensitivity,0,0.0,7,8,0.8647332489490509,0.84529;0.878657;0.845217;0.861111;0.83567;0.840278;0.957749;0.853895,6.38,2026-08-26T22:40:20
resnet18,saliency,max_sensitivity,1,0.1,0,8,0.9056511148810387,0.908008;0.877499;0.874198;0.919041;0.873866;0.947742;0.898915;0.945938,7.38,2026-08-26T22:40:27
resnet18,saliency,max_sensitivity,1,0.1,1,8,0.9121296256780624,0.961581;0.914189;0.882236;0.918946;0.915882;0.87765;0.875938;0.950615,6.03,2026-08-26T22:40:33
resnet18,saliency,max_sensitivity,1,0.1,2,8,0.939952902495861,0.937313;0.925202;0.921191;1.07355;0.935076;0.890398;0.912487;0.924402,7.36,2026-08-26T22:40:40
resnet18,saliency,max_sensitivity,1,0.1,3,8,0.926370844244957,0.961977;0.945764;0.891464;0.904472;0.905713;0.899726;0.986023;0.915827,6.03,2026-08-26T22:40:46
resnet18,saliency,max_sensitivity,1,0.1,4,8,0.9036594182252884,0.890508;0.925011;0.943502;0.919114;0.909096;0.886489;0.873395;0.882159,7.5,2026-08-26T22:40:54
resnet18,saliency,max_sensitivity,1,0.1,5,8,0.9028452038764954,0.876919;0.915725;0.897283;0.957536;0.88614;0.87738;0.888021;0.923758,6.24,2026-08-26T22:41:00
resnet18,saliency,max_sensitivity,1,0.1,6,8,0.9111929014325142,0.867931;1.03595;0.973893;0.884272;0.892857;0.882969;0.882235;0.869437,7.43,2026-08-26T22:41:08
resnet18,saliency,max_sensitivity,1,0.1,7,8,0.8923560455441475,0.900693;0.899265;0.872738;0.894034;0.879816;0.869808;0.94376;0.878734,6.12,2026-08-26T22:41:14
resnet18,saliency,max_sensitivity,2,0.2,0,8,0.9512039944529533,0.960555;0.90311;0.917566;1.00735;0.901887;0.939966;0.961306;1.01789,7.17,2026-08-26T22:41:21
resnet18,saliency,max_sensitivity,2,0.2,1,8,0.9448004215955734,0.986478;0.951245;0.94133;0.95219;0.937553;0.913232;0.910771;0.965605,5.93,2026-08-26T22:41:27
resnet18,saliency,max_sensitivity,2,0.2,2,8,0.9986665174365044,0.991376;0.972649;0.982859;1.19579;0.954849;0.942306;0.998105;0.951401,7.3,2026-08-26T22:41:34
resnet18,saliency,max_sensitivity,2,0.2,3,8,0.983693316578865,1.01764;0.989467;0.959552;0.936109;0.980834;0.935285;1.06936;0.981302,5.78,2026-08-26T22:41:40
resnet18,saliency,max_sensitivity,2,0.2,4,8,0.9578304439783096,0.919127;0.981022;1.03177;0.993137;0.983209;0.935871;0.909974;0.908537,6.71,2026-08-26T22:41:47
resnet18,saliency,max_sensitivity,2,0.2,5,8,0.9305989742279053,0.909623;0.951606;0.949952;0.960651;0.93118;0.906384;0.913037;0.922359,6.13,2026-08-26T22:41:53
resnet18,saliency,max_sensitivity,2,0.2,6,8,0.9434802234172821,0.90074;1.04703;1.04408;0.905926;0.935432;0.905162;0.900543;0.908927,6.27,2026-08-26T22:41:59
resnet18,saliency,max_sensitivity,2,0.2,7,8,0.9319150596857071,0.930412;0.921273;0.910671;0.92103;0.915472;0.905075;1.03058;0.920804,6.76,2026-08-26T22:42:06
resnet18,saliency,max_sensitivity,3,0.3,0,8,1.0008094534277916,1.03672;0.923311;0.973254;1.02928;0.930588;1.04705;0.968886;1.09738,5.55,2026-08-26T22:42:11
resnet18,saliency,max_sensitivity,3,0.3,1,8,0.9927718639373779,1.0373;1.02374;0.974596;1.00233;0.990906;0.953235;0.934733;1.02533,7.01,2026-08-26T22:42:18
resnet18,saliency,max_sensitivity,3,0.3,2,8,1.029168151319027,1.01368;1.0487;1.04476;1.12825;1.01446;0.984546;1.0065;0.992448,5.75,2026-08-26T22:42:24
resnet18,saliency,max_sensitivity,3,0.3,3,8,1.0101095587015152,1.03973;1.05409;0.968588;0.978113;1.03899;0.973663;1.04755;0.980157,6.96,2026-08-26T22:42:31
resnet18,saliency,max_sensitivity,3,0.3,4,8,0.9971166700124741,0.950085;1.04186;1.03485;1.04764;0.999627;1.01625;0.93911;0.947503,5.75,2026-08-26T22:42:37
resnet18,saliency,max_sensitivity,3,0.3,5,8,0.9637512117624283,0.936564;0.960999;0.991722;1.00152;0.977668;0.931296;0.935761;0.974478,7.08,2026-08-26T22:42:44
resnet18,saliency,max_sensitivity,3,0.3,6,8,0.9850420504808426,0.942773;1.12424;1.04347;0.965074;0.984077;0.942723;0.925343;0.952636,6.16,2026-08-26T22:42:50
resnet18,saliency,max_sensitivity,3,0.3,7,8,0.9662569239735603,0.9777;0.974961;0.940845;0.951442;0.945936;0.941232;1.0535;0.944442,7.71,2026-08-26T22:42:58
resnet18,saliency,max_sensitivity,4,0.4,0,8,1.0242890641093254,1.07797;0.948841;1.00646;1.05318;0.966748;1.05306;0.994208;1.09385,6.58,2026-08-26T22:43:04
resnet18,saliency,max_sensitivity,4,0.4,1,8,1.0479426607489586,1.1437;1.04407;1.02504;1.07798;1.04769;0.990011;0.972873;1.08218,7.24,2026-08-26T22:43:12
resnet18,saliency,max_sensitivity,4,0.4,2,8,1.086615264415741,1.09077;1.06697;1.09976;1.19866;1.04026;1.04907;1.10148;1.04595,6.79,2026-08-26T22:43:18
resnet18,saliency,max_sensitivity,4,0.4,3,8,1.073047623038292,1.10156;1.14603;1.06965;1.01417;1.03615;1.01647;1.1753;1.02506,6.95,2026-08-26T22:43:25
resnet18,saliency,max_sensitivity,4,0.4,4,8,1.028157226741314,0.993454;1.05043;1.08119;1.09122;1.02632;1.01751;0.982327;0.982802,6.32,2026-08-26T22:43:32
resnet18,saliency,max_sensitivity,4,0.4,5,8,1.0124658942222595,0.9897;1.02751;1.03728;1.10715;0.987766;0.967086;0.96185;1.0214,5.84,2026-08-26T22:43:37
resnet18,saliency,max_sensitivity,4,0.4,6,8,1.0139990448951721,0.977108;1.14237;1.09183;0.996297;1.02416;0.975022;0.950074;0.95513,7.55,2026-08-26T22:43:45
resnet18,saliency,max_sensitivity,4,0.4,7,8,1.0155886560678482,1.0551;1.05363;0.977333;0.980558;0.992218;0.979594;1.10909;0.977185,6.51,2026-08-26T22:43:52
resnet18,saliency,max_sensitivity,5,0.5,0,8,1.0619336366653442,1.10672;0.987504;1.04603;1.06645;1.0043;1.10578;1.02946;1.14923,6.54,2026-08-26T22:43:58
resnet18,saliency,max_sensitivity,5,0.5,1,8,1.0648442804813385,1.12215;1.07782;1.04687;1.08797;1.08003;1.00114;1.00208;1.10069,4.71,2026-08-26T22:44:03
resnet18,saliency,max_sensitivity,5,0.5,2,8,1.127163365483284,1.13627;1.1397;1.1295;1.20328;1.06816;1.10145;1.14025;1.09871,5.37,2026-08-26T22:44:08
resnet18,saliency,max_sensitivity,5,0.5,3,8,1.09885972738266,1.13581;1.13282;1.05616;1.04957;1.10111;1.06555;1.15187;1.09798,5.75,2026-08-26T22:44:14
resnet18,saliency,max_sensitivity,5,0.5,4,8,1.0721161365509033,1.02357;1.12225;1.11428;1.17443;1.05778;1.05038;1.01783;1.01641,4.16,2026-08-26T22:44:18
resnet18,saliency,max_sensitivity,5,0.5,5,8,1.038591094315052,1.00427;1.0317;1.04567;1.14542;1.03761;1.00322;0.990663;1.05016,4.6,2026-08-26T22:44:23
resnet18,saliency,max_sensitivity,5,0.5,6,8,1.056828424334526,1.03941;1.19171;1.18253;1.03079;1.04336;0.992532;0.980606;0.99369,4.98,2026-08-26T22:44:28
resnet18,saliency,max_sensitivity,5,0.5,7,8,1.0603606477379799,1.06976;1.06878;0.998475;1.02978;1.02645;1.04668;1.21238;1.03058,4.27,2026-08-26T22:44:32
resnet18,saliency,max_sensitivity,6,0.6,0,8,1.1003163307905197,1.12364;1.00207;1.08325;1.16016;1.04985;1.12172;1.07186;1.18998,4.51,2026-08-26T22:44:36
resnet18,saliency,max_sensitivity,6,0.6,1,8,1.1340185701847076,1.2461;1.14882;1.1127;1.13464;1.1533;1.04434;1.05669;1.17556,4.79,2026-08-26T22:44:41
resnet18,saliency,max_sensitivity,6,0.6,2,8,1.1705549955368042,1.15465;1.12697;1.18974;1.29151;1.1526;1.13895;1.14904;1.16099,4.0,2026-08-26T22:44:45
resnet18,saliency,max_sensitivity,6,0.6,3,8,1.1610937714576721,1.19088;1.22906;1.12387;1.08322;1.15585;1.09702;1.22228;1.18657,4.11,2026-08-26T22:44:49
resnet18,saliency,max_sensitivity,6,0.6,4,8,1.116481825709343,1.07765;1.15742;1.18465;1.20767;1.11814;1.11176;1.03204;1.04252,5.05,2026-08-26T22:44:54
resnet18,saliency,max_sensitivity,6,0.6,5,8,1.0801670253276825,1.04899;1.11063;1.09718;1.17914;1.06503;1.02597;1.01519;1.09921,3.99,2026-08-26T22:44:58
resnet18,saliency,max_sensitivity,6,0.6,6,8,1.0939719080924988,1.06376;1.26362;1.20441;1.05731;1.10816;1.02492;0.994949;1.03463,4.07,2026-08-26T22:45:02
resnet18,saliency,max_sensitivity,6,0.6,7,8,1.0780781954526901,1.08992;1.0975;1.0251;1.05694;1.05402;1.07131;1.19207;1.03777,5.39,2026-08-26T22:45:08
resnet18,saliency,max_sensitivity,7,0.7,0,8,1.1313778162002563,1.18795;1.02824;1.10067;1.15384;1.0678;1.19267;1.08598;1.23388,4.42,2026-08-26T22:45:12
resnet18,saliency,max_sensitivity,7,0.7,1,8,1.1532573401927948,1.21452;1.17406;1.17105;1.17054;1.20567;1.05919;1.05157;1.17945,4.46,2026-08-26T22:45:17
resnet18,saliency,max_sensitivity,7,0.7,2,8,1.2127138078212738,1.2769;1.21843;1.18237;1.3193;1.16864;1.14954;1.21844;1.1681,5.66,2026-08-26T22:45:22
resnet18,saliency,max_sensitivity,7,0.7,3,8,1.203303948044777,1.23795;1.25684;1.16188;1.12025;1.24315;1.16288;1.29301;1.15046,3.83,2026-08-26T22:45:26
resnet18,saliency,max_sensitivity,7,0.7,4,8,1.152902141213417,1.09511;1.22753;1.27153;1.18889;1.13343;1.13509;1.09654;1.07509,3.8,2026-08-26T22:45:30
resnet18,saliency,max_sensitivity,7,0.7,5,8,1.107314020395279,1.08306;1.16038;1.12819;1.17576;1.09991;1.03752;1.04614;1.12755,4.95,2026-08-26T22:45:35
resnet18,saliency,max_sensitivity,7,0.7,6,8,1.1240982860326767,1.09262;1.3247;1.25403;1.06551;1.11261;1.04741;1.02534;1.07056,4.11,2026-08-26T22:45:39
resnet18,saliency,max_sensitivity,7,0.7,7,8,1.1128137558698654,1.15477;1.13643;1.06898;1.0887;1.08492;1.07083;1.22289;1.07498,3.78,2026-08-26T22:45:43
resnet18,saliency,max_sensitivity,8,0.8,0,8,1.1852000802755356,1.20074;1.07367;1.16781;1.28269;1.06413;1.22703;1.14465;1.32088,3.3,2026-08-26T22:45:46
resnet18,saliency,max_sensitivity,8,0.8,1,8,1.1989140808582306,1.24686;1.18208;1.26356;1.27684;1.20862;1.09152;1.07869;1.24314,4.69,2026-08-26T22:45:51
resnet18,saliency,max_sensitivity,8,0.8,2,8,1.250608965754509,1.25609;1.26089;1.23857;1.34609;1.23378;1.22919;1.24755;1.19271,3.36,2026-08-26T22:45:54
resnet18,saliency,max_sensitivity,8,0.8,3,8,1.237141638994217,1.30089;1.26795;1.22293;1.15266;1.27099;1.21675;1.27117;1.19379,3.33,2026-08-26T22:45:58
resnet18,saliency,max_sensitivity,8,0.8,4,8,1.1842418015003204,1.14663;1.23651;1.22404;1.24886;1.22295;1.16378;1.11268;1.11848,3.73,2026-08-26T22:46:01
resnet18,saliency,max_sensitivity,8,0.8,5,8,1.156151220202446,1.13152;1.13771;1.16983;1.30393;1.14261;1.07503;1.09024;1.19835,4.47,2026-08-26T22:46:06
resnet18,saliency,max_sensitivity,8,0.8,6,8,1.1577834784984589,1.11955;1.32147;1.36818;1.11607;1.14281;1.06299;1.04301;1.08819,3.42,2026-08-26T22:46:09
resnet18,saliency,max_sensitivity,8,0.8,7,8,1.162913754582405,1.25805;1.14886;1.07386;1.10693;1.17109;1.09946;1.2912;1.15387,3.41,2026-08-26T22:46:13
resnet18,saliency,max_sensitivity,9,0.9,0,8,1.209351122379303,1.26878;1.11257;1.21076;1.25848;1.09381;1.25051;1.18257;1.29732,3.46,2026-08-26T22:46:16
resnet18,saliency,max_sensitivity,9,0.9,1,8,1.2323253005743027,1.27405;1.33054;1.20619;1.27927;1.23629;1.13653;1.12383;1.2719,4.12,2026-08-26T22:46:20
resnet18,saliency,max_sensitivity,9,0.9,2,8,1.3061760663986206,1.29504;1.26907;1.30703;1.42316;1.3062;1.29838;1.28964;1.26088,2.86,2026-08-26T22:46:23
resnet18,saliency,max_sensitivity,9,0.9,3,8,1.2943100482225418,1.29636;1.38458;1.40582;1.17506;1.31682;1.20841;1.31916;1.24827,2.79,2026-08-26T22:46:26
resnet18,saliency,max_sensitivity,9,0.9,4,8,1.2341438829898834,1.15222;1.29756;1.35241;1.29937;1.27657;1.2171;1.14708;1.13084,2.63,2026-08-26T22:46:28
resnet18,saliency,max_sensitivity,9,0.9,5,8,1.1769182980060577,1.14114;1.21535;1.23746;1.23022;1.17002;1.1101;1.09558;1.21547,3.55,2026-08-26T22:46:32
resnet18,saliency,max_sensitivity,9,0.9,6,8,1.1867645680904388,1.18256;1.37584;1.33533;1.15146;1.17268;1.08307;1.07904;1.11414,3.25,2026-08-26T22:46:35
resnet18,saliency,max_sensitivity,9,0.9,7,8,1.1966415494680405,1.23914;1.22293;1.12961;1.13883;1.15734;1.16828;1.39508;1.12193,2.62,2026-08-26T22:46:38
resnet18,saliency,random_logit,0,0.0,0,8,0.5113606361196925,0.451457;0.532972;0.550799;0.626322;0.542609;0.609697;0.437805;0.339225,1.01,2026-08-26T22:46:39
resnet18,saliency,random_logit,0,0.0,1,8,0.5392459396261559,0.408671;0.753709;0.443763;0.594082;0.460806;0.576364;0.517334;0.559238,1.01,2026-08-26T22:46:40
resnet18,saliency,random_logit,0,0.0,2,8,0.4997671931489029,0.520544;0.508597;0.568291;0.597136;0.532976;0.450578;0.450117;0.369898,1.01,2026-08-26T22:46:41
resnet18,saliency,random_logit,0,0.0,3,8,0.5014564438532297,0.441532;0.545385;0.522706;0.598413;0.432467;0.436653;0.485771;0.548724,1.01,2026-08-26T22:46:42
resnet18,saliency,random_logit,0,0.0,4,8,0.5238681756151911,0.650009;0.50247;0.487947;0.461982;0.626684;0.426416;0.458531;0.576905,1.02,2026-08-26T22:46:43
resnet18,saliency,random_logit,0,0.0,5,8,0.5391332957300934,0.605555;0.520796;0.465135;0.520832;0.543054;0.567074;0.579085;0.511536,1.33,2026-08-26T22:46:44
resnet18,saliency,random_logit,0,0.0,6,8,0.4942841605560331,0.577613;0.455161;0.524678;0.621686;0.401837;0.448196;0.440156;0.484946,1.55,2026-08-26T22:46:46
resnet18,saliency,random_logit,0,0.0,7,8,0.5553124206296984,0.537945;0.466151;0.552352;0.723618;0.484729;0.543496;0.554272;0.579936,1.52,2026-08-26T22:46:47
resnet18,saliency,random_logit,1,0.1,0,8,0.4722772481470412,0.418582;0.491717;0.497555;0.590813;0.496615;0.57065;0.405205;0.307081,1.01,2026-08-26T22:46:48
resnet18,saliency,random_logit,1,0.1,1,8,0.47994997691350455,0.372467;0.614413;0.401345;0.529211;0.397131;0.537432;0.470628;0.516972,1.01,2026-08-26T22:46:49
resnet18,saliency,random_logit,1,0.1,2,8,0.45324848101509857,0.478364;0.462584;0.518858;0.562207;0.468817;0.406466;0.400547;0.328145,1.03,2026-08-26T22:46:50
resnet18,saliency,random_logit,1,0.1,3,8,0.4491631521155904,0.387798;0.456656;0.463057;0.554595;0.378769;0.406115;0.449191;0.497124,1.02,2026-08-26T22:46:51
resnet18,saliency,random_logit,1,0.1,4,8,0.4700123614829881,0.595398;0.464264;0.371031;0.400708;0.603235;0.384384;0.418521;0.522559,0.99,2026-08-26T22:46:52
resnet18,saliency,random_logit,1,0.1,5,8,0.48510985425170794,0.553204;0.468581;0.417993;0.429653;0.494463;0.514438;0.540454;0.462094,1.0,2026-08-26T22:46:53
resnet18,saliency,random_logit,1,0.1,6,8,0.47505082060431447,0.564586;0.424;0.514459;0.577269;0.383038;0.431696;0.443103;0.462256,1.03,2026-08-26T22:46:55
resnet18,saliency,random_logit,1,0.1,7,8,0.5046088300841475,0.485183;0.427133;0.497519;0.685037;0.406353;0.511436;0.51193;0.51228,1.01,2026-08-26T22:46:56
resnet18,saliency,random_logit,2,0.2,0,8,0.4386897308942118,0.394409;0.454837;0.457667;0.560779;0.458136;0.540317;0.357581;0.285791,0.99,2026-08-26T22:46:57
resnet18,saliency,random_logit,2,0.2,1,8,0.4415204935049787,0.342718;0.596549;0.360643;0.496518;0.376124;0.476385;0.412101;0.471126,0.99,2026-08-26T22:46:58
resnet18,saliency,random_logit,2,0.2,2,8,0.3890690053896851,0.348173;0.448372;0.423589;0.506109;0.371485;0.394821;0.340197;0.279807,1.47,2026-08-26T22:46:59
resnet18,saliency,random_logit,2,0.2,3,8,0.43876329546891624,0.372652;0.500059;0.464274;0.5249;0.381286;0.388014;0.458112;0.420809,1.39,2026-08-26T22:47:00
resnet18,saliency,random_logit,2,0.2,4,8,0.4418282183227327,0.522272;0.438808;0.38443;0.373145;0.586717;0.355386;0.391281;0.482587,1.35,2026-08-26T22:47:02
resnet18,saliency,random_logit,2,0.2,5,8,0.4542476014305135,0.519786;0.433773;0.384879;0.41403;0.461124;0.476043;0.514749;0.429596,0.99,2026-08-26T22:47:03
resnet18,saliency,random_logit,2,0.2,6,8,0.4389314963275778,0.52773;0.403501;0.475543;0.570557;0.347116;0.395799;0.358338;0.432867,0.98,2026-08-26T22:47:04
resnet18,saliency,random_logit,2,0.2,7,8,0.46923167869880444,0.431283;0.401266;0.460873;0.656985;0.375141;0.488781;0.477643;0.461882,0.99,2026-08-26T22:47:05
resnet18,saliency,random_logit,3,0.3,0,8,0.41692300368650637,0.383264;0.442795;0.430495;0.480775;0.442323;0.521828;0.366961;0.266944,0.93,2026-08-26T22:47:06
resnet18,saliency,random_logit,3,0.3,1,8,0.3992435219453534,0.327342;0.504986;0.341685;0.374928;0.319505;0.481479;0.416696;0.427326,0.92,2026-08-26T22:47:07
resnet18,saliency,random_logit,3,0.3,2,8,0.3856892232826207,0.434155;0.406178;0.456934;0.513217;0.383689;0.275196;0.341777;0.274368,0.94,2026-08-26T22:47:07
resnet18,saliency,random_logit,3,0.3,3,8,0.35717873817778556,0.28559;0.415007;0.335452;0.427301;0.276481;0.364287;0.355881;0.39743,0.88,2026-08-26T22:47:08
resnet18,saliency,random_logit,3,0.3,4,8,0.4198676561265309,0.504834;0.436824;0.365363;0.327623;0.590891;0.328732;0.343027;0.461648,0.9,2026-08-26T22:47:09
resnet18,saliency,random_logit,3,0.3,5,8,0.43419448744700845,0.475168;0.43352;0.380319;0.406393;0.445755;0.445893;0.516614;0.369895,0.9,2026-08-26T22:47:10
resnet18,saliency,random_logit,3,0.3,6,8,0.42703711729408417,0.510502;0.370058;0.461537;0.556697;0.329151;0.349345;0.410743;0.428264,0.93,2026-08-26T22:47:11
resnet18,saliency,random_logit,3,0.3,7,8,0.43738229141400214,0.4142;0.374561;0.436645;0.632252;0.343463;0.423928;0.454246;0.419763,1.14,2026-08-26T22:47:12
resnet18,saliency,random_logit,4,0.4,0,8,0.4164223469029285,0.361024;0.43583;0.416032;0.541586;0.429946;0.512651;0.36463;0.26968,1.23,2026-08-26T22:47:13
resnet18,saliency,random_logit,4,0.4,1,8,0.37791440700210477,0.31085;0.459028;0.338487;0.456866;0.333642;0.392704;0.321552;0.410187,1.29,2026-08-26T22:47:15
resnet18,saliency,random_logit,4,0.4,2,8,0.37822500201467013,0.420559;0.393974;0.444476;0.514815;0.363153;0.345199;0.278629;0.264996,1.15,2026-08-26T22:47:16
resnet18,saliency,random_logit,4,0.4,3,8,0.39393894962646714,0.312236;0.48641;0.360439;0.497042;0.300181;0.370166;0.400584;0.424453,0.85,2026-08-26T22:47:17
resnet18,saliency,random_logit,4,0.4,4,8,0.3849568313284482,0.511298;0.416481;0.290546;0.360509;0.446072;0.392606;0.322793;0.33935,0.88,2026-08-26T22:47:18
resnet18,saliency,random_logit,4,0.4,5,8,0.40181690610066256,0.480579;0.394262;0.27402;0.363074;0.408357;0.435509;0.466405;0.392328,0.88,2026-08-26T22:47:19
resnet18,saliency,random_logit,4,0.4,6,8,0.4027250575494821,0.515876;0.388587;0.375384;0.549488;0.332997;0.384412;0.356273;0.318784,0.88,2026-08-26T22:47:19
resnet18,saliency,random_logit,4,0.4,7,8,0.4263979168198766,0.414428;0.36057;0.432552;0.639407;0.314723;0.41545;0.47232;0.361733,0.86,2026-08-26T22:47:20
resnet18,saliency,random_logit,5,0.5,0,8,0.4003039311643589,0.371687;0.414257;0.350138;0.552256;0.42525;0.487151;0.322495;0.279199,0.71,2026-08-26T22:47:21
resnet18,saliency,random_logit,5,0.5,1,8,0.38445930726619093,0.32741;0.542169;0.296213;0.382843;0.317581;0.402244;0.415266;0.391948,0.66,2026-08-26T22:47:22
resnet18,saliency,random_logit,5,0.5,2,8,0.3065264920593159,0.324179;0.308472;0.356922;0.47528;0.314639;0.19549;0.2363;0.240929,0.68,2026-08-26T22:47:22
resnet18,saliency,random_logit,5,0.5,3,8,0.3743134520915294,0.279634;0.493176;0.370479;0.500428;0.275353;0.289767;0.40478;0.380892,0.67,2026-08-26T22:47:23
resnet18,saliency,random_logit,5,0.5,4,8,0.4024468210187992,0.508071;0.419698;0.255496;0.317156;0.584209;0.334591;0.360316;0.440037,0.66,2026-08-26T22:47:24
resnet18,saliency,random_logit,5,0.5,5,8,0.3900140082617151,0.409199;0.334163;0.280275;0.364906;0.433958;0.430524;0.501846;0.365242,0.68,2026-08-26T22:47:24
resnet18,saliency,random_logit,5,0.5,6,8,0.4152180711670625,0.513929;0.356931;0.379273;0.519984;0.332399;0.382594;0.419122;0.417512,0.66,2026-08-26T22:47:25
resnet18,saliency,random_logit,5,0.5,7,8,0.39690806799467104,0.366141;0.324306;0.430699;0.5764;0.313101;0.413634;0.402049;0.348936,0.69,2026-08-26T22:47:26
resnet18,saliency,random_logit,6,0.6,0,8,0.39500997908846514,0.428175;0.403306;0.412021;0.510401;0.382368;0.393882;0.357818;0.272109,0.93,2026-08-26T22:47:27
resnet18,saliency,random_logit,6,0.6,1,8,0.4052039615115683,0.346614;0.543245;0.265187;0.450553;0.318139;0.46691;0.430259;0.420726,0.91,2026-08-26T22:47:28
resnet18,saliency,random_logit,6,0.6,2,8,0.3512472073758963,0.333666;0.387026;0.424482;0.503953;0.269997;0.383623;0.247676;0.259554,0.92,2026-08-26T22:47:28
resnet18,saliency,random_logit,6,0.6,3,8,0.37909415996206697,0.288666;0.515818;0.367198;0.44583;0.289506;0.311238;0.413853;0.400645,0.94,2026-08-26T22:47:29
resnet18,saliency,random_logit,6,0.6,4,8,0.4116156050770504,0.498046;0.350011;0.35598;0.30251;0.611976;0.361157;0.35072;0.462525,0.77,2026-08-26T22:47:30
resnet18,saliency,random_logit,6,0.6,5,8,0.4005136730448069,0.423553;0.404972;0.284585;0.324055;0.43916;0.44321;0.481004;0.40357,0.64,2026-08-26T22:47:31
resnet18,saliency,random_logit,6,0.6,6,8,0.4280077860095659,0.414003;0.421049;0.430797;0.586046;0.334213;0.410636;0.370852;0.456467,0.62,2026-08-26T22:47:31
resnet18,saliency,random_logit,6,0.6,7,8,0.43318431582298467,0.424604;0.377204;0.443288;0.651949;0.309398;0.417811;0.482014;0.359206,0.64,2026-08-26T22:47:32
resnet18,saliency,random_logit,7,0.7,0,8,0.4130347589127483,0.356788;0.446543;0.434097;0.484916;0.420773;0.485038;0.350648;0.325474,0.59,2026-08-26T22:47:33
resnet18,saliency,random_logit,7,0.7,1,8,0.4137971942888361,0.360202;0.46393;0.300844;0.441446;0.338316;0.482118;0.430134;0.493389,0.57,2026-08-26T22:47:33
resnet18,saliency,random_logit,7,0.7,2,8,0.39506612102820593,0.473604;0.436348;0.446029;0.577863;0.259126;0.277206;0.369331;0.321021,0.59,2026-08-26T22:47:34
resnet18,saliency,random_logit,7,0.7,3,8,0.4160007396493826,0.340702;0.499687;0.402716;0.526752;0.349198;0.378257;0.388418;0.442277,0.58,2026-08-26T22:47:34
resnet18,saliency,random_logit,7,0.7,4,8,0.411253750864209,0.483883;0.463283;0.276459;0.346874;0.497171;0.413446;0.369274;0.43964,0.61,2026-08-26T22:47:35
resnet18,saliency,random_logit,7,0.7,5,8,0.4376625268359112,0.455272;0.384906;0.396839;0.358234;0.477808;0.44439;0.543898;0.439954,0.57,2026-08-26T22:47:36
resnet18,saliency,random_logit,7,0.7,6,8,0.4615054659349481,0.560136;0.450359;0.447026;0.544356;0.335128;0.446361;0.422924;0.485754,0.6,2026-08-26T22:47:36
resnet18,saliency,random_logit,7,0.7,7,8,0.4398489677791725,0.463045;0.420721;0.442509;0.597506;0.336913;0.437011;0.46973;0.351358,0.6,2026-08-26T22:47:37
resnet18,saliency,random_logit,8,0.8,0,8,0.5044942242808144,0.511244;0.473232;0.480558;0.547312;0.478313;0.621343;0.497394;0.426557,0.47,2026-08-26T22:47:37
resnet18,saliency,random_logit,8,0.8,1,8,0.4449466705398984,0.37756;0.505796;0.418767;0.463554;0.375316;0.497752;0.442169;0.47866,0.5,2026-08-26T22:47:38
resnet18,saliency,random_logit,8,0.8,2,8,0.4421790421777734,0.431242;0.486731;0.480647;0.491893;0.425225;0.492123;0.346205;0.383366,0.48,2026-08-26T22:47:38
resnet18,saliency,random_logit,8,0.8,3,8,0.4591655445931331,0.395065;0.546629;0.418674;0.461216;0.367188;0.453324;0.523291;0.507937,0.47,2026-08-26T22:47:39
resnet18,saliency,random_logit,8,0.8,4,8,0.46753656218454337,0.522792;0.522465;0.353446;0.384723;0.548539;0.448855;0.425972;0.5335,0.5,2026-08-26T22:47:39
resnet18,saliency,random_logit,8,0.8,5,8,0.5022832049773857,0.458135;0.463069;0.47866;0.474158;0.552175;0.548787;0.584821;0.458461,0.47,2026-08-26T22:47:40
resnet18,saliency,random_logit,8,0.8,6,8,0.4942976947802715,0.537415;0.418253;0.494486;0.594674;0.489723;0.497179;0.503211;0.419442,0.73,2026-08-26T22:47:40
resnet18,saliency,random_logit,8,0.8,7,8,0.5101866480925572,0.515539;0.485907;0.470099;0.70021;0.374055;0.535087;0.579479;0.421118,0.71,2026-08-26T22:47:41
resnet18,saliency,random_logit,9,0.9,0,8,0.6498724469213559,0.670457;0.617481;0.603669;0.709678;0.687752;0.693387;0.606647;0.609908,0.6,2026-08-26T22:47:42
resnet18,saliency,random_logit,9,0.9,1,8,0.6218311786521705,0.655434;0.671191;0.580848;0.625956;0.600042;0.639208;0.610677;0.591294,0.62,2026-08-26T22:47:42
resnet18,saliency,random_logit,9,0.9,2,8,0.5681913059922306,0.558151;0.597805;0.620746;0.617253;0.537204;0.517718;0.517156;0.579497,0.6,2026-08-26T22:47:43
resnet18,saliency,random_logit,9,0.9,3,8,0.6343914573304883,0.599928;0.725632;0.618425;0.663571;0.531078;0.652034;0.616174;0.668291,0.59,2026-08-26T22:47:44
resnet18,saliency,random_logit,9,0.9,4,8,0.6201776504564471,0.668422;0.670196;0.565176;0.569745;0.680913;0.642583;0.563585;0.600802,0.49,2026-08-26T22:47:44
resnet18,saliency,random_logit,9,0.9,5,8,0.6283851718778772,0.651348;0.646961;0.529912;0.614635;0.605128;0.673694;0.654437;0.650966,0.43,2026-08-26T22:47:44
resnet18,saliency,random_logit,9,0.9,6,8,0.6502444992189567,0.744468;0.618266;0.638435;0.727252;0.629063;0.647553;0.619892;0.577026,0.4,2026-08-26T22:47:45
resnet18,saliency,random_logit,9,0.9,7,8,0.6696480800161635,0.651523;0.618289;0.677737;0.797461;0.608437;0.763433;0.64805;0.592255,0.42,2026-08-26T22:47:45
resnet18,gradcam,max_sensitivity,0,0.0,0,8,1.0982459113001823,1.10249;1.59743;0.703308;0.968905;0.799106;1.40413;1.00189;1.2087,4.56,2026-08-26T22:47:50
resnet18,gradcam,max_sensitivity,0,0.0,1,8,0.758547481149435,0.897909;0.913823;0.780875;0.865776;0.682272;0.605458;0.457994;0.864273,4.29,2026-08-26T22:47:54
resnet18,gradcam,max_sensitivity,0,0.0,2,8,0.9769092909991741,1.30902;0.228217;0.653995;1.17963;1.03567;1.76213;0.461309;1.18531,5.45,2026-08-26T22:48:00
resnet18,gradcam,max_sensitivity,0,0.0,3,8,1.2318382859230042,0.560301;0.419677;2.1729;1.82551;0.593362;1.9004;2.01009;0.372467,4.15,2026-08-26T22:48:04
resnet18,gradcam,max_sensitivity,0,0.0,4,8,0.8378062807023525,1.08422;0.576614;1.27879;1.53136;0.49635;0.627974;0.41914;0.687998,4.45,2026-08-26T22:48:08
resnet18,gradcam,max_sensitivity,0,0.0,5,8,0.8564615547657013,1.41851;0.547161;0.473592;1.21984;0.511689;0.491786;0.633343;1.55577,5.43,2026-08-26T22:48:14
resnet18,gradcam,max_sensitivity,0,0.0,6,8,0.8365426622331142,0.613389;1.17394;1.724;0.505061;0.788345;0.842556;0.6701;0.374951,4.26,2026-08-26T22:48:18
resnet18,gradcam,max_sensitivity,0,0.0,7,8,0.7552664875984192,0.815997;0.997031;1.20179;0.768118;0.595915;0.859783;0.370458;0.433039,4.33,2026-08-26T22:48:22
resnet18,gradcam,max_sensitivity,1,0.1,0,8,1.1805021688342094,1.13892;1.61972;0.843853;1.15475;1.01799;1.46353;0.98622;1.21904,5.45,2026-08-26T22:48:28
resnet18,gradcam,max_sensitivity,1,0.1,1,8,0.8399007692933083,1.00756;0.970722;0.744355;0.768176;0.867533;0.958608;0.529882;0.872364,4.09,2026-08-26T22:48:32
resnet18,gradcam,max_sensitivity,1,0.1,2,8,1.1771802306175232,1.44644;0.589055;1.04589;1.17025;1.37168;1.69017;0.670602;1.43335,4.05,2026-08-26T22:48:36
resnet18,gradcam,max_sensitivity,1,0.1,3,8,1.3532197326421738,0.820503;0.715771;2.47826;1.7912;0.786995;1.98739;1.59805;0.647589,5.47,2026-08-26T22:48:41
resnet18,gradcam,max_sensitivity,1,0.1,4,8,0.9394615292549133,1.13099;0.673824;1.6076;1.37444;0.674664;0.724913;0.595173;0.734091,4.11,2026-08-26T22:48:45
resnet18,gradcam,max_sensitivity,1,0.1,5,8,0.9558566361665726,1.13488;0.587452;0.571432;1.27256;0.554492;0.616378;0.707118;2.20255,4.07,2026-08-26T22:48:49
resnet18,gradcam,max_sensitivity,1,0.1,6,8,0.8576787933707237,0.65025;1.18447;1.36149;0.612031;0.893507;0.824712;0.730782;0.604189,5.47,2026-08-26T22:48:55
resnet18,gradcam,max_sensitivity,1,0.1,7,8,0.8294641152024269,0.976508;1.0754;1.09838;0.754962;0.720321;0.901259;0.541629;0.567261,4.1,2026-08-26T22:48:59
resnet18,gradcam,max_sensitivity,2,0.2,0,8,1.1929605156183243,1.12503;1.764;0.808796;1.21482;0.975639;1.46708;0.975936;1.2124,3.97,2026-08-26T22:49:03
resnet18,gradcam,max_sensitivity,2,0.2,1,8,0.9228330552577972,0.860365;1.08265;0.861557;0.849235;0.89415;0.924476;0.651393;1.25883,5.34,2026-08-26T22:49:08
resnet18,gradcam,max_sensitivity,2,0.2,2,8,1.2715859934687614,1.40597;0.684287;1.105;1.51275;1.24055;1.76905;0.889911;1.56516,4.03,2026-08-26T22:49:12
resnet18,gradcam,max_sensitivity,2,0.2,3,8,1.5260531082749367,0.959795;0.908309;2.60734;1.94757;0.952547;1.81304;2.20341;0.81641,3.85,2026-08-26T22:49:16
resnet18,gradcam,max_sensitivity,2,0.2,4,8,1.0948989316821098,1.16098;0.842781;1.72708;1.6029;0.848123;0.980554;0.794049;0.802712,5.01,2026-08-26T22:49:21
resnet18,gradcam,max_sensitivity,2,0.2,5,8,1.0271572470664978,1.4773;0.706577;0.739235;1.17393;0.68589;0.656506;0.756989;2.02083,4.33,2026-08-26T22:49:26
resnet18,gradcam,max_sensitivity,2,0.2,6,8,0.9865396320819855,0.731629;1.43042;1.58431;0.689229;1.04762;0.87989;0.756571;0.772653,3.9,2026-08-26T22:49:30
resnet18,gradcam,max_sensitivity,2,0.2,7,8,0.9196365401148796,0.976938;1.34169;1.06028;0.83598;0.817116;0.912046;0.705276;0.707761,4.56,2026-08-26T22:49:34
resnet18,gradcam,max_sensitivity,3,0.3,0,8,1.177750140428543,1.04113;1.77126;0.883738;1.33739;1.07065;1.23348;0.979452;1.1049,4.53,2026-08-26T22:49:39
resnet18,gradcam,max_sensitivity,3,0.3,1,8,1.024647131562233,1.05147;0.996018;0.862928;0.938135;1.1631;1.05807;0.76642;1.36104,3.85,2026-08-26T22:49:42
resnet18,gradcam,max_sensitivity,3,0.3,2,8,1.308308631181717,1.51765;0.849799;1.23934;1.41648;1.12882;1.86084;0.899511;1.55402,3.94,2026-08-26T22:49:46
resnet18,gradcam,max_sensitivity,3,0.3,3,8,1.5011445954442024,1.11211;0.998284;1.75031;2.15229;1.11102;2.13954;1.73804;1.00758,5.17,2026-08-26T22:49:52
resnet18,gradcam,max_sensitivity,3,0.3,4,8,1.1681036725640297,1.05088;1.11609;1.58786;1.76875;0.994485;1.07463;0.884944;0.867193,3.93,2026-08-26T22:49:56
resnet18,gradcam,max_sensitivity,3,0.3,5,8,1.1586067527532578,1.44561;0.816052;0.86629;1.29672;0.764349;0.750378;0.829523;2.49993,3.74,2026-08-26T22:49:59
resnet18,gradcam,max_sensitivity,3,0.3,6,8,1.0781828686594963,0.785884;1.60454;1.71813;0.851149;1.03033;0.91799;0.838545;0.878888,5.2,2026-08-26T22:50:04
resnet18,gradcam,max_sensitivity,3,0.3,7,8,0.9334883317351341,1.02236;1.20588;1.05021;0.849979;0.837077;0.910548;0.797432;0.794432,3.73,2026-08-26T22:50:08
resnet18,gradcam,max_sensitivity,4,0.4,0,8,1.2702026143670082,1.0187;1.99627;0.906741;1.57876;1.05568;1.33691;0.969165;1.2994,3.67,2026-08-26T22:50:12
resnet18,gradcam,max_sensitivity,4,0.4,1,8,1.1363146752119064,1.05135;1.16519;0.894077;0.99114;1.26186;1.43209;0.870933;1.42388,4.29,2026-08-26T22:50:16
resnet18,gradcam,max_sensitivity,4,0.4,2,8,1.5169935077428818,1.76019;1.00176;1.31587;1.69272;1.30787;2.0762;1.20308;1.77825,4.39,2026-08-26T22:50:21
resnet18,gradcam,max_sensitivity,4,0.4,3,8,1.6294662654399872,1.23098;1.14349;2.06465;2.21353;1.25093;2.15968;1.81477;1.1577,3.76,2026-08-26T22:50:24
resnet18,gradcam,max_sensitivity,4,0.4,4,8,1.2531616911292076,1.03661;1.12703;1.83938;1.88194;1.0966;1.0964;1.04017;0.907168,3.79,2026-08-26T22:50:28
resnet18,gradcam,max_sensitivity,4,0.4,5,8,1.220616690814495,1.66405;0.916492;1.00997;1.34203;0.87964;0.833304;0.888421;2.23104,5.09,2026-08-26T22:50:33
resnet18,gradcam,max_sensitivity,4,0.4,6,8,1.1607939153909683,0.84637;1.86847;1.67407;0.914614;1.14357;0.956227;0.845162;1.03787,3.73,2026-08-26T22:50:37
resnet18,gradcam,max_sensitivity,4,0.4,7,8,1.0040657594799995,0.980845;1.44839;1.08642;0.900142;0.871297;0.963662;0.8858;0.895966,3.68,2026-08-26T22:50:41
resnet18,gradcam,max_sensitivity,5,0.5,0,8,1.3019482120871544,1.00992;2.17368;0.954049;1.44912;1.25949;1.37922;1.0353;1.1548,4.45,2026-08-26T22:50:45
resnet18,gradcam,max_sensitivity,5,0.5,1,8,1.1741956621408463,1.08648;1.04654;1.01326;1.03232;1.332;1.25919;1.06161;1.56217,4.13,2026-08-26T22:50:49
resnet18,gradcam,max_sensitivity,5,0.5,2,8,1.5990750640630722,1.88908;1.10851;1.45982;1.7696;1.43798;2.06614;1.19219;1.86928,3.59,2026-08-26T22:50:53
resnet18,gradcam,max_sensitivity,5,0.5,3,8,1.6186400204896927,1.37832;1.36736;1.88412;2.25499;1.33473;2.03459;1.50785;1.18715,3.71,2026-08-26T22:50:56
resnet18,gradcam,max_sensitivity,5,0.5,4,8,1.3183841481804848,1.07641;1.28753;1.82074;1.96539;1.19644;1.18046;1.08565;0.93445,4.84,2026-08-26T22:51:01
resnet18,gradcam,max_sensitivity,5,0.5,5,8,1.3182577565312386,1.84646;1.01298;1.04794;1.17929;1.02041;0.906988;0.965064;2.56693,3.54,2026-08-26T22:51:05
resnet18,gradcam,max_sensitivity,5,0.5,6,8,1.252368614077568,0.930699;1.63736;1.94815;1.05597;1.40654;0.974699;0.894635;1.17089,3.55,2026-08-26T22:51:08
resnet18,gradcam,max_sensitivity,5,0.5,7,8,1.0523349344730377,1.03104;1.4323;1.04349;0.918636;0.953074;0.983204;1.02773;1.02921,4.31,2026-08-26T22:51:13
resnet18,gradcam,max_sensitivity,6,0.6,0,8,1.3666989654302597,1.05654;2.27243;1.02985;1.6955;1.37933;1.21023;1.02961;1.26011,4.0,2026-08-26T22:51:17
resnet18,gradcam,max_sensitivity,6,0.6,1,8,1.2640633434057236,1.1317;1.2158;1.03488;1.09369;1.50707;1.36179;1.15106;1.61653,3.39,2026-08-26T22:51:20
resnet18,gradcam,max_sensitivity,6,0.6,2,8,1.692447617650032,1.9027;1.16771;1.63911;1.90446;1.33716;2.28269;1.40982;1.89594,3.36,2026-08-26T22:51:23
resnet18,gradcam,max_sensitivity,6,0.6,3,8,1.8084847629070282,1.49945;1.45749;2.04055;2.52628;1.40764;2.34058;1.80591;1.38996,4.52,2026-08-26T22:51:28
resnet18,gradcam,max_sensitivity,6,0.6,4,8,1.4369839280843735,1.12619;1.30244;1.96913;2.05845;1.37882;1.48519;1.20656;0.969087,3.49,2026-08-26T22:51:31
resnet18,gradcam,max_sensitivity,6,0.6,5,8,1.390817016363144,1.96898;1.13843;1.21283;1.1108;1.08334;0.965044;0.99028;2.65682,3.31,2026-08-26T22:51:35
resnet18,gradcam,max_sensitivity,6,0.6,6,8,1.314474917948246,0.996185;1.78734;2.01807;1.1046;1.45595;1.01276;0.948354;1.19256,3.26,2026-08-26T22:51:38
resnet18,gradcam,max_sensitivity,6,0.6,7,8,1.1008802652359009,1.09878;1.49638;1.0242;0.946995;1.02518;0.993167;1.11812;1.10422,4.64,2026-08-26T22:51:43
resnet18,gradcam,max_sensitivity,7,0.7,0,8,1.3478624671697617,1.0646;2.1781;1.08382;1.73075;1.27312;1.24793;1.01006;1.19453,3.12,2026-08-26T22:51:46
resnet18,gradcam,max_sensitivity,7,0.7,1,8,1.3488614559173584,1.27881;1.12188;1.10431;1.18725;1.59123;1.57081;1.17687;1.75973,3.09,2026-08-26T22:51:49
resnet18,gradcam,max_sensitivity,7,0.7,2,8,1.7893174290657043,2.07634;1.27406;1.70917;1.71917;1.72114;2.37865;1.44034;1.99566,3.15,2026-08-26T22:51:52
resnet18,gradcam,max_sensitivity,7,0.7,3,8,1.813636228442192,1.62304;1.54273;2.05471;2.56043;1.65166;2.19936;1.46047;1.4167,4.53,2026-08-26T22:51:57
resnet18,gradcam,max_sensitivity,7,0.7,4,8,1.5280762314796448,1.12521;1.50139;2.00539;2.24097;1.52083;1.38277;1.39037;1.05767,3.09,2026-08-26T22:52:00
resnet18,gradcam,max_sensitivity,7,0.7,5,8,1.4213577806949615,1.8676;1.34241;1.25961;1.06514;1.08844;1.10208;1.10486;2.54072,3.15,2026-08-26T22:52:03
resnet18,gradcam,max_sensitivity,7,0.7,6,8,1.449609398841858,1.10986;1.9311;2.61391;1.21995;1.41635;1.0422;0.996366;1.26715,3.13,2026-08-26T22:52:06
resnet18,gradcam,max_sensitivity,7,0.7,7,8,1.1601172164082527,1.12105;1.56405;1.04694;0.999619;1.11532;1.04326;1.20625;1.18445,4.36,2026-08-26T22:52:10
resnet18,gradcam,max_sensitivity,8,0.8,0,8,1.4272447973489761,1.07622;2.41755;1.16217;2.01637;1.3147;1.22579;1.02778;1.17739,2.82,2026-08-26T22:52:13
resnet18,gradcam,max_sensitivity,8,0.8,1,8,1.4265583604574203,1.29793;1.2313;1.13995;1.20486;1.60606;1.88017;1.18804;1.86416,2.72,2026-08-26T22:52:16
resnet18,gradcam,max_sensitivity,8,0.8,2,8,1.8995048701763153,2.09777;1.48108;1.74956;2.05381;1.62046;2.54652;1.53811;2.10873,2.68,2026-08-26T22:52:19
resnet18,gradcam,max_sensitivity,8,0.8,3,8,1.802579328417778,1.62431;1.47023;1.58538;2.60543;1.60435;2.38005;1.68554;1.46534,3.11,2026-08-26T22:52:22
resnet18,gradcam,max_sensitivity,8,0.8,4,8,1.5783912986516953,1.09649;1.56509;2.24977;2.117;1.53472;1.52781;1.43918;1.09707,3.7,2026-08-26T22:52:25
resnet18,gradcam,max_sensitivity,8,0.8,5,8,1.4685467630624771,1.87354;1.26885;1.28213;1.10022;1.24167;1.13208;1.20215;2.64775,2.72,2026-08-26T22:52:28
resnet18,gradcam,max_sensitivity,8,0.8,6,8,1.4588443040847778,1.16049;1.99477;2.22187;1.25071;1.63927;1.05302;1.03659;1.31405,2.76,2026-08-26T22:52:31
resnet18,gradcam,max_sensitivity,8,0.8,7,8,1.1964510679244995,1.11487;1.58629;1.09899;1.02191;1.20116;1.07916;1.21221;1.25702,2.75,2026-08-26T22:52:34
resnet18,gradcam,max_sensitivity,9,0.9,0,8,1.4141805619001389,1.08973;2.35121;1.19068;1.98164;1.29937;1.21362;1.0425;1.14469,3.35,2026-08-26T22:52:37
resnet18,gradcam,max_sensitivity,9,0.9,1,8,1.5367706567049026,1.44727;1.49325;1.20101;1.38694;1.78662;1.68423;1.35491;1.93994,3.14,2026-08-26T22:52:40
resnet18,gradcam,max_sensitivity,9,0.9,2,8,1.983395755290985,2.29942;1.45742;1.96802;2.10869;1.74293;2.32204;1.62815;2.3405,2.46,2026-08-26T22:52:43
resnet18,gradcam,max_sensitivity,9,0.9,3,8,1.901174634695053,1.69403;1.65832;2.00408;2.76605;1.74957;2.31668;1.40501;1.61565,2.55,2026-08-26T22:52:45
resnet18,gradcam,max_sensitivity,9,0.9,4,8,1.6665946394205093,1.16247;1.70069;2.24799;2.23259;1.7081;1.66155;1.48874;1.13062,2.53,2026-08-26T22:52:48
resnet18,gradcam,max_sensitivity,9,0.9,5,8,1.6111451834440231,1.93957;1.37928;1.55767;1.08826;1.35977;1.27567;1.21881;3.07013,3.3,2026-08-26T22:52:51
resnet18,gradcam,max_sensitivity,9,0.9,6,8,1.5070349276065826,1.28567;1.83054;2.15501;1.38939;1.68208;1.10821;1.10654;1.49885,3.14,2026-08-26T22:52:54
resnet18,gradcam,max_sensitivity,9,0.9,7,8,1.3175407201051712,1.18933;2.09394;1.09969;1.074;1.2047;1.16564;1.34008;1.37294,2.55,2026-08-26T22:52:57
resnet18,gradcam,random_logit,0,0.0,0,8,0.5821052352083521,0.394556;0.433074;0.813509;0.512417;0.553894;0.755452;0.604647;0.589293,0.67,2026-08-26T22:52:57
resnet18,gradcam,random_logit,0,0.0,1,8,0.5572443097144197,0.435327;0.496397;0.65036;0.494989;0.592806;0.484131;0.603979;0.699966,0.68,2026-08-26T22:52:58
resnet18,gradcam,random_logit,0,0.0,2,8,0.5795672183349182,0.638523;0.94369;0.320046;0.606702;0.598784;0.460274;0.50325;0.565269,0.66,2026-08-26T22:52:59
resnet18,gradcam,random_logit,0,0.0,3,8,0.620161336234687,0.724887;0.710814;0.530916;0.620213;0.578913;0.516034;0.489637;0.789877,0.67,2026-08-26T22:52:59
resnet18,gradcam,random_logit,0,0.0,4,8,0.6305919532921406,0.578222;0.819982;0.498331;0.705006;0.377867;0.708098;0.476171;0.881059,0.69,2026-08-26T22:53:00
resnet18,gradcam,random_logit,0,0.0,5,8,0.7014929958336216,0.580101;0.815416;0.733347;0.703641;0.772891;0.834707;0.688962;0.482879,0.68,2026-08-26T22:53:01
resnet18,gradcam,random_logit,0,0.0,6,8,0.6039578185517664,0.825137;0.52708;0.439641;0.663265;0.45995;0.623776;0.716158;0.576656,0.7,2026-08-26T22:53:01
resnet18,gradcam,random_logit,0,0.0,7,8,0.6949575650471826,0.711592;0.546489;0.76617;0.860639;0.629114;0.460757;0.637382;0.947517,0.72,2026-08-26T22:53:02
resnet18,gradcam,random_logit,1,0.1,0,8,0.21864888660646561,0.174563;0.149467;0.233676;0.158829;0.19533;0.333959;0.201092;0.302276,0.76,2026-08-26T22:53:03
resnet18,gradcam,random_logit,1,0.1,1,8,0.2375972409374806,0.144139;0.240217;0.229737;0.236768;0.201909;0.205724;0.306256;0.336028,1.03,2026-08-26T22:53:04
resnet18,gradcam,random_logit,1,0.1,2,8,0.21288611856600043,0.212017;0.30925;0.133372;0.261103;0.206329;0.193478;0.193189;0.194352,1.05,2026-08-26T22:53:05
resnet18,gradcam,random_logit,1,0.1,3,8,0.23217036163270338,0.269921;0.246411;0.183202;0.19489;0.291618;0.165638;0.165623;0.34006,1.05,2026-08-26T22:53:06
resnet18,gradcam,random_logit,1,0.1,4,8,0.23268202564973448,0.193116;0.286218;0.161411;0.289306;0.133847;0.188568;0.276206;0.332785,1.03,2026-08-26T22:53:07
resnet18,gradcam,random_logit,1,0.1,5,8,0.29386286555164165,0.224761;0.32949;0.290797;0.288228;0.364682;0.410804;0.285215;0.156925,0.68,2026-08-26T22:53:08
resnet18,gradcam,random_logit,1,0.1,6,8,0.22964168842643068,0.357785;0.188146;0.127014;0.314251;0.172493;0.176752;0.28861;0.212083,0.66,2026-08-26T22:53:08
resnet18,gradcam,random_logit,1,0.1,7,8,0.24065773701923418,0.299014;0.205138;0.290665;0.266737;0.195619;0.174466;0.181615;0.312009,0.66,2026-08-26T22:53:09
resnet18,gradcam,random_logit,2,0.2,0,8,0.10717297223199976,0.0948772;0.0675673;0.0762326;0.0574361;0.0850268;0.199702;0.0798227;0.196719,0.64,2026-08-26T22:53:10
resnet18,gradcam,random_logit,2,0.2,1,8,0.13483735670294333,0.053953;0.151567;0.102702;0.14333;0.0826562;0.118808;0.210214;0.215469,0.63,2026-08-26T22:53:10
resnet18,gradcam,random_logit,2,0.2,2,8,0.09949296007435546,0.0899412;0.121777;0.0677429;0.144115;0.0919971;0.106035;0.0947471;0.0795886,0.66,2026-08-26T22:53:11
resnet18,gradcam,random_logit,2,0.2,3,8,0.11361453167546895,0.134172;0.110574;0.0755266;0.0712981;0.189238;0.0669778;0.0678683;0.193261,0.64,2026-08-26T22:53:12
resnet18,gradcam,random_logit,2,0.2,4,8,0.1126400448819335,0.080689;0.127474;0.0629148;0.157492;0.0578026;0.0539945;0.19504;0.165713,0.64,2026-08-26T22:53:12
resnet18,gradcam,random_logit,2,0.2,5,8,0.1659639773052226,0.110634;0.184771;0.152467;0.15613;0.232418;0.273285;0.154854;0.063153,0.64,2026-08-26T22:53:13
resnet18,gradcam,random_logit,2,0.2,6,8,0.11572415888474548,0.216495;0.0789465;0.0405236;0.197141;0.0806625;0.0550166;0.159664;0.097344,0.65,2026-08-26T22:53:14
resnet18,gradcam,random_logit,2,0.2,7,8,0.1088073278298188,0.172762;0.0970418;0.148072;0.101178;0.0782588;0.0819622;0.0624635;0.128721,0.65,2026-08-26T22:53:14
resnet18,gradcam,random_logit,3,0.3,0,8,0.07390264286827025,0.0649729;0.0414892;0.0375034;0.0311672;0.0499744;0.157835;0.046028;0.162251,0.66,2026-08-26T22:53:15
resnet18,gradcam,random_logit,3,0.3,1,8,0.10021226889332363,0.0332422;0.119889;0.0622484;0.106168;0.0455885;0.0866315;0.174209;0.173721,0.61,2026-08-26T22:53:16
resnet18,gradcam,random_logit,3,0.3,2,8,0.06346677384542118,0.051924;0.0714926;0.0426914;0.104922;0.0566352;0.0736796;0.0625607;0.0438289,0.66,2026-08-26T22:53:16
resnet18,gradcam,random_logit,3,0.3,3,8,0.07650500716097114,0.0877128;0.0700731;0.0447381;0.0388038;0.14969;0.0351887;0.0404292;0.145405,0.64,2026-08-26T22:53:17
resnet18,gradcam,random_logit,3,0.3,4,8,0.07646184334667949,0.0530275;0.0786389;0.0359007;0.110474;0.0325398;0.0228957;0.162103;0.116115,0.9,2026-08-26T22:53:18
resnet18,gradcam,random_logit,3,0.3,5,8,0.1234440932698627,0.077313;0.131818;0.107904;0.115084;0.184335;0.22495;0.111277;0.0348718,0.96,2026-08-26T22:53:19
resnet18,gradcam,random_logit,3,0.3,6,8,0.08137159977927474,0.170203;0.0490135;0.0187186;0.153469;0.0522172;0.0273891;0.117176;0.062787,0.93,2026-08-26T22:53:20
resnet18,gradcam,random_logit,3,0.3,7,8,0.07039867335910677,0.133928;0.06265;0.105632;0.0565155;0.0439962;0.0517071;0.0307446;0.0780157,0.93,2026-08-26T22:53:21
resnet18,gradcam,random_logit,4,0.4,0,8,0.06302657380361168,0.0557972;0.0334044;0.0257765;0.0212275;0.0404451;0.145067;0.0368731;0.145622,0.76,2026-08-26T22:53:21
resnet18,gradcam,random_logit,4,0.4,1,8,0.0878284641124055,0.0223405;0.109649;0.0488505;0.0929407;0.0347684;0.0769065;0.160958;0.156214,0.59,2026-08-26T22:53:22
resnet18,gradcam,random_logit,4,0.4,2,8,0.05178870330226059,0.0421771;0.0520543;0.0328367;0.0916272;0.0452897;0.0633902;0.0512112;0.0357233,0.6,2026-08-26T22:53:23
resnet18,gradcam,random_logit,4,0.4,3,8,0.06446904055607805,0.0758674;0.0543474;0.0370808;0.0274773;0.136841;0.0267617;0.033158;0.124219,0.63,2026-08-26T22:53:23
resnet18,gradcam,random_logit,4,0.4,4,8,0.06449498043383302,0.0408834;0.0668835;0.028466;0.0982676;0.024806;0.0129184;0.149155;0.0945799,0.59,2026-08-26T22:53:24
resnet18,gradcam,random_logit,4,0.4,5,8,0.10845594046538325,0.063135;0.11578;0.0925465;0.101034;0.164376;0.205762;0.100025;0.0249891,0.66,2026-08-26T22:53:24
resnet18,gradcam,random_logit,4,0.4,6,8,0.06952739087537077,0.153912;0.0370016;0.0116566;0.135622;0.0392387;0.022071;0.10474;0.0519768,0.63,2026-08-26T22:53:25
resnet18,gradcam,random_logit,4,0.4,7,8,0.05859926125767648,0.120224;0.0508255;0.0910416;0.0424382;0.0352188;0.0432691;0.0228716;0.0629055,0.64,2026-08-26T22:53:26
resnet18,gradcam,random_logit,5,0.5,0,8,0.06077463777320383,0.0553031;0.0314569;0.0229579;0.0183438;0.0399907;0.138994;0.0349568;0.144193,0.63,2026-08-26T22:53:26
resnet18,gradcam,random_logit,5,0.5,1,8,0.08814176345462421,0.026692;0.110802;0.0466081;0.092117;0.0337834;0.0764503;0.163867;0.154814,0.57,2026-08-26T22:53:27
resnet18,gradcam,random_logit,5,0.5,2,8,0.04792800714542394,0.0368487;0.047955;0.0332475;0.0858338;0.0415047;0.0592327;0.0466553;0.0321465,0.6,2026-08-26T22:53:27
resnet18,gradcam,random_logit,5,0.5,3,8,0.06086290602023314,0.0696444;0.0524271;0.033605;0.0239192;0.133378;0.0220155;0.0319399;0.119974,0.59,2026-08-26T22:53:28
resnet18,gradcam,random_logit,5,0.5,4,8,0.060221801634722655,0.0350225;0.0597292;0.0278254;0.0943462;0.0233984;0.0144823;0.143914;0.0830563,0.59,2026-08-26T22:53:29
resnet18,gradcam,random_logit,5,0.5,5,8,0.10338300014569293,0.0598817;0.108336;0.0921981;0.0949601;0.158178;0.196332;0.0918782;0.0253002,0.61,2026-08-26T22:53:29
resnet18,gradcam,random_logit,5,0.5,6,8,0.06663501163182498,0.147472;0.0338597;0.0142215;0.133101;0.0382084;0.017021;0.100832;0.0483642,0.59,2026-08-26T22:53:30
resnet18,gradcam,random_logit,5,0.5,7,8,0.05623623584523294,0.117438;0.0492876;0.0882558;0.0415723;0.0376632;0.0388141;0.0177182;0.059141,0.59,2026-08-26T22:53:30
resnet18,gradcam,random_logit,6,0.6,0,8,0.06328494948841684,0.0610324;0.0364179;0.0216766;0.0192523;0.0377783;0.143447;0.0382628;0.148412,0.64,2026-08-26T22:53:31
resnet18,gradcam,random_logit,6,0.6,1,8,0.09193890339331487,0.027233;0.118949;0.0508969;0.0926708;0.0347587;0.0835361;0.171348;0.156119,0.84,2026-08-26T22:53:32
resnet18,gradcam,random_logit,6,0.6,2,8,0.05307889311987123,0.0432869;0.0473441;0.0379618;0.0978277;0.0435893;0.0672331;0.052032;0.0353563,0.86,2026-08-26T22:53:33
resnet18,gradcam,random_logit,6,0.6,3,8,0.06346619169543888,0.0712891;0.0504952;0.0344572;0.0277962;0.14058;0.0277203;0.0332576;0.122133,0.79,2026-08-26T22:53:34
resnet18,gradcam,random_logit,6,0.6,4,8,0.06283998182288456,0.040039;0.057351;0.0290319;0.0974318;0.028845;0.0127021;0.153819;0.0835,0.83,2026-08-26T22:53:34
resnet18,gradcam,random_logit,6,0.6,5,8,0.10767130386583068,0.0636342;0.116748;0.0933119;0.0987344;0.162422;0.203122;0.0965519;0.026846,0.79,2026-08-26T22:53:35
resnet18,gradcam,random_logit,6,0.6,6,8,0.0699133651122681,0.14861;0.0356399;0.0147002;0.143182;0.0411387;0.0179285;0.104804;0.0533036,0.55,2026-08-26T22:53:36
resnet18,gradcam,random_logit,6,0.6,7,8,0.05809771664912716,0.122055;0.0493128;0.0890557;0.0420036;0.0385377;0.0441865;0.023782;0.0558489,0.53,2026-08-26T22:53:36
resnet18,gradcam,random_logit,7,0.7,0,8,0.07941220011561595,0.08107;0.0495734;0.0321264;0.0330823;0.0584018;0.162654;0.051299;0.167091,0.5,2026-08-26T22:53:37
resnet18,gradcam,random_logit,7,0.7,1,8,0.11107924286186513,0.0405515;0.144163;0.0613672;0.11857;0.0474982;0.100841;0.198384;0.177258,0.49,2026-08-26T22:53:37
resnet18,gradcam,random_logit,7,0.7,2,8,0.06903903327798089,0.0511076;0.052084;0.0651579;0.114548;0.059568;0.0906613;0.0721286;0.0470572,0.5,2026-08-26T22:53:38
resnet18,gradcam,random_logit,7,0.7,3,8,0.07724896347963887,0.0855686;0.0618659;0.0500299;0.0396102;0.157505;0.0387107;0.0461928;0.138509,0.52,2026-08-26T22:53:38
resnet18,gradcam,random_logit,7,0.7,4,8,0.07733898708468204,0.0545989;0.0678278;0.0413811;0.114389;0.0423434;0.0237037;0.179386;0.095082,0.59,2026-08-26T22:53:39
resnet18,gradcam,random_logit,7,0.7,5,8,0.12226204730607687,0.0823513;0.128017;0.10815;0.115945;0.173938;0.223203;0.109316;0.0371764,0.5,2026-08-26T22:53:39
resnet18,gradcam,random_logit,7,0.7,6,8,0.08462768604545012,0.167767;0.0496889;0.0239898;0.162665;0.0590925;0.0261246;0.121355;0.0663395,0.49,2026-08-26T22:53:40
resnet18,gradcam,random_logit,7,0.7,7,8,0.07013439412169106,0.139911;0.0647286;0.0994897;0.0439227;0.0484366;0.0621485;0.0386927;0.0637456,0.48,2026-08-26T22:53:40
resnet18,gradcam,random_logit,8,0.8,0,8,0.13054669278396308,0.149259;0.100306;0.0707957;0.0774077;0.112387;0.213618;0.0992177;0.221382,0.42,2026-08-26T22:53:41
resnet18,gradcam,random_logit,8,0.8,1,8,0.1700462522292868,0.101426;0.210514;0.11902;0.188448;0.0943647;0.159232;0.260021;0.227345,0.44,2026-08-26T22:53:41
resnet18,gradcam,random_logit,8,0.8,2,8,0.1243277223121799,0.0990688;0.0863853;0.139825;0.176034;0.109076;0.155446;0.131345;0.0974417,0.41,2026-08-26T22:53:42
resnet18,gradcam,random_logit,8,0.8,3,8,0.12923382920110232,0.13763;0.107972;0.103931;0.0902083;0.217291;0.0865866;0.101737;0.188514,0.43,2026-08-26T22:53:42
resnet18,gradcam,random_logit,8,0.8,4,8,0.1274563775911135,0.111563;0.112163;0.0825993;0.166338;0.101095;0.0594777;0.251479;0.134937,0.41,2026-08-26T22:53:43
resnet18,gradcam,random_logit,8,0.8,5,8,0.17348675919206272,0.134385;0.176252;0.157708;0.170895;0.225194;0.273782;0.161296;0.0883826,0.42,2026-08-26T22:53:43
resnet18,gradcam,random_logit,8,0.8,6,8,0.13515730301852383,0.2183;0.097883;0.0740539;0.21972;0.113591;0.0692129;0.171929;0.116569,0.42,2026-08-26T22:53:43
resnet18,gradcam,random_logit,8,0.8,7,8,0.11710089515558089,0.188059;0.115218;0.149703;0.088939;0.0922181;0.117955;0.0831328;0.101582,0.41,2026-08-26T22:53:44
resnet18,gradcam,random_logit,9,0.9,0,8,0.3212077768615236,0.356257;0.298588;0.25709;0.273658;0.30981;0.390377;0.288018;0.395865,0.39,2026-08-26T22:53:44
resnet18,gradcam,random_logit,9,0.9,1,8,0.3608176220289002,0.301825;0.399251;0.309945;0.396574;0.286335;0.344393;0.443704;0.404514,0.39,2026-08-26T22:53:45
resnet18,gradcam,random_logit,9,0.9,2,8,0.32085868172869664,0.289171;0.262731;0.363363;0.363312;0.297579;0.361456;0.337252;0.292006,0.38,2026-08-26T22:53:45
resnet18,gradcam,random_logit,9,0.9,3,8,0.3169648145997265,0.321939;0.295583;0.295082;0.280476;0.400872;0.282312;0.293037;0.366417,0.54,2026-08-26T22:53:45
resnet18,gradcam,random_logit,9,0.9,4,8,0.3160321127468475,0.303249;0.2907;0.271313;0.353432;0.30256;0.242723;0.447711;0.31657,0.58,2026-08-26T22:53:46
resnet18,gradcam,random_logit,9,0.9,5,8,0.35574501645680034,0.330622;0.358716;0.342774;0.350141;0.399257;0.44014;0.341379;0.282931,0.57,2026-08-26T22:53:47
resnet18,gradcam,random_logit,9,0.9,6,8,0.3254653038717086,0.389489;0.293073;0.277108;0.407635;0.307549;0.257772;0.355448;0.315648,0.58,2026-08-26T22:53:47
resnet18,gradcam,random_logit,9,0.9,7,8,0.30494845987321717,0.37565;0.305644;0.328036;0.272302;0.284708;0.3206;0.275879;0.276768,0.57,2026-08-26T22:53:48
resnet18,deep_lift,max_sensitivity,0,0.0,0,8,1.2868836969137192,1.21462;1.38569;1.13195;1.35595;1.18144;1.42759;1.14973;1.4481,10.85,2026-08-26T22:53:59
resnet18,deep_lift,max_sensitivity,0,0.0,1,8,1.2248634546995163,1.28703;1.18426;1.24527;1.12754;1.42721;1.14317;1.19503;1.1894,9.48,2026-08-26T22:54:08
resnet18,deep_lift,max_sensitivity,0,0.0,2,8,1.2176455855369568,1.18886;1.2258;1.28029;1.25931;1.18213;1.187;1.09119;1.32658,9.48,2026-08-26T22:54:18
resnet18,deep_lift,max_sensitivity,0,0.0,3,8,1.2844181507825851,1.35731;1.3043;1.16975;1.46506;1.28423;1.14724;1.29792;1.24953,8.14,2026-08-26T22:54:26
resnet18,deep_lift,max_sensitivity,0,0.0,4,8,1.2872609198093414,1.17613;1.32607;1.33779;1.47985;1.23745;1.37298;1.20703;1.16078,9.64,2026-08-26T22:54:35
resnet18,deep_lift,max_sensitivity,0,0.0,5,8,1.1793000251054764,1.22117;1.19515;1.18133;1.21385;1.21294;1.08262;1.07488;1.25246,9.56,2026-08-26T22:54:45
resnet18,deep_lift,max_sensitivity,0,0.0,6,8,1.2536676228046417,1.09039;1.37334;1.65171;1.16035;1.28732;1.12184;1.05817;1.28622,8.31,2026-08-26T22:54:53
resnet18,deep_lift,max_sensitivity,0,0.0,7,8,1.1696515679359436,1.15898;1.21965;1.15368;1.06675;1.19147;1.14506;1.23369;1.18794,9.72,2026-08-26T22:55:03
resnet18,deep_lift,max_sensitivity,1,0.1,0,8,1.2879930138587952,1.23919;1.33183;1.15951;1.35514;1.2313;1.38557;1.175;1.4264,9.25,2026-08-26T22:55:12
resnet18,deep_lift,max_sensitivity,1,0.1,1,8,1.2438725680112839,1.34039;1.21259;1.23339;1.14985;1.40562;1.17591;1.22419;1.20903,8.26,2026-08-26T22:55:21
resnet18,deep_lift,max_sensitivity,1,0.1,2,8,1.2558773308992386,1.24824;1.27839;1.30922;1.3143;1.17979;1.20015;1.14774;1.3692,9.83,2026-08-26T22:55:30
resnet18,deep_lift,max_sensitivity,1,0.1,3,8,1.3006461262702942,1.38139;1.30456;1.16171;1.43382;1.3093;1.15766;1.33019;1.32653,8.91,2026-08-26T22:55:39
resnet18,deep_lift,max_sensitivity,1,0.1,4,8,1.2938225716352463,1.21632;1.32909;1.39185;1.43643;1.2418;1.33429;1.20393;1.19687,8.7,2026-08-26T22:55:48
resnet18,deep_lift,max_sensitivity,1,0.1,5,8,1.202276349067688,1.18636;1.24955;1.20603;1.24051;1.17209;1.08747;1.1319;1.34431,9.4,2026-08-26T22:55:57
resnet18,deep_lift,max_sensitivity,1,0.1,6,8,1.251074805855751,1.13911;1.31995;1.52204;1.19785;1.24754;1.12204;1.14677;1.3133,8.39,2026-08-26T22:56:06
resnet18,deep_lift,max_sensitivity,1,0.1,7,8,1.1687699854373932,1.15588;1.20133;1.16169;1.07772;1.19199;1.16588;1.2141;1.18157,9.27,2026-08-26T22:56:15
resnet18,deep_lift,max_sensitivity,2,0.2,0,8,1.2803542762994766,1.23808;1.33067;1.14143;1.35719;1.19811;1.36838;1.17193;1.43705,8.99,2026-08-26T22:56:24
resnet18,deep_lift,max_sensitivity,2,0.2,1,8,1.2551721036434174,1.38114;1.23344;1.28059;1.16367;1.40215;1.16561;1.18971;1.22508,7.97,2026-08-26T22:56:32
resnet18,deep_lift,max_sensitivity,2,0.2,2,8,1.267517313361168,1.27358;1.25783;1.3095;1.2724;1.20556;1.22274;1.15811;1.44043,8.96,2026-08-26T22:56:41
resnet18,deep_lift,max_sensitivity,2,0.2,3,8,1.3166220486164093,1.37919;1.29926;1.19415;1.43836;1.3706;1.19134;1.36272;1.29735,8.49,2026-08-26T22:56:49
resnet18,deep_lift,max_sensitivity,2,0.2,4,8,1.2956565618515015,1.22897;1.32609;1.33838;1.42544;1.24925;1.35301;1.27493;1.16919,8.2,2026-08-26T22:56:58
resnet18,deep_lift,max_sensitivity,2,0.2,5,8,1.2031827867031097,1.22382;1.23265;1.21025;1.23404;1.19067;1.10209;1.13809;1.29386,9.41,2026-08-26T22:57:07
resnet18,deep_lift,max_sensitivity,2,0.2,6,8,1.2520238906145096,1.13205;1.33994;1.50496;1.20569;1.27732;1.13308;1.05303;1.37013,7.61,2026-08-26T22:57:15
resnet18,deep_lift,max_sensitivity,2,0.2,7,8,1.1896245777606964,1.19115;1.21568;1.1702;1.11551;1.1871;1.1652;1.25959;1.21257,9.0,2026-08-26T22:57:24
resnet18,deep_lift,max_sensitivity,3,0.3,0,8,1.307300165295601,1.27385;1.32589;1.16825;1.36751;1.19675;1.55239;1.18272;1.39105,8.64,2026-08-26T22:57:32
resnet18,deep_lift,max_sensitivity,3,0.3,1,8,1.2651338428258896,1.35838;1.24098;1.31935;1.1947;1.42252;1.15359;1.20913;1.22243,7.69,2026-08-26T22:57:40
resnet18,deep_lift,max_sensitivity,3,0.3,2,8,1.2740514129400253,1.22346;1.2868;1.37999;1.28358;1.25366;1.22442;1.14863;1.39188,8.66,2026-08-26T22:57:49
resnet18,deep_lift,max_sensitivity,3,0.3,3,8,1.3278085440397263,1.36922;1.30152;1.18527;1.50665;1.38586;1.20351;1.36763;1.30279,7.56,2026-08-26T22:57:56
resnet18,deep_lift,max_sensitivity,3,0.3,4,8,1.3076603710651398,1.21259;1.32627;1.31561;1.50791;1.27085;1.3913;1.26237;1.17439,8.94,2026-08-26T22:58:05
resnet18,deep_lift,max_sensitivity,3,0.3,5,8,1.215841069817543,1.20941;1.17774;1.22006;1.24439;1.18869;1.10826;1.20451;1.37366,8.33,2026-08-26T22:58:14
resnet18,deep_lift,max_sensitivity,3,0.3,6,8,1.2868856191635132,1.13299;1.49312;1.61606;1.27262;1.2477;1.14526;1.05007;1.33726,7.92,2026-08-26T22:58:21
resnet18,deep_lift,max_sensitivity,3,0.3,7,8,1.1929874271154404,1.18639;1.21389;1.16927;1.11394;1.18832;1.17798;1.27477;1.21933,8.81,2026-08-26T22:58:30
resnet18,deep_lift,max_sensitivity,4,0.4,0,8,1.298786774277687,1.23761;1.35209;1.21047;1.3516;1.21716;1.44404;1.16269;1.41465,7.58,2026-08-26T22:58:38
resnet18,deep_lift,max_sensitivity,4,0.4,1,8,1.2755751013755798,1.34128;1.25469;1.29585;1.21453;1.44169;1.20887;1.21176;1.23595,8.53,2026-08-26T22:58:46
resnet18,deep_lift,max_sensitivity,4,0.4,2,8,1.2911376804113388,1.24755;1.33413;1.3073;1.35298;1.23015;1.25489;1.20443;1.39768,7.46,2026-08-26T22:58:54
resnet18,deep_lift,max_sensitivity,4,0.4,3,8,1.3631978332996368,1.43833;1.35429;1.24072;1.52751;1.36527;1.19015;1.39023;1.39909,8.41,2026-08-26T22:59:02
resnet18,deep_lift,max_sensitivity,4,0.4,4,8,1.310569241642952,1.26621;1.35404;1.35673;1.46017;1.26795;1.29521;1.27794;1.2063,8.53,2026-08-26T22:59:11
resnet18,deep_lift,max_sensitivity,4,0.4,5,8,1.2118531167507172,1.21015;1.23535;1.25212;1.24149;1.20383;1.09945;1.13757;1.31487,7.52,2026-08-26T22:59:18
resnet18,deep_lift,max_sensitivity,4,0.4,6,8,1.2717302441596985,1.13783;1.44872;1.4252;1.25456;1.31226;1.13568;1.09626;1.36333,8.48,2026-08-26T22:59:27
resnet18,deep_lift,max_sensitivity,4,0.4,7,8,1.207504689693451,1.19196;1.23082;1.18789;1.12067;1.2131;1.19033;1.2888;1.23646,7.37,2026-08-26T22:59:34
resnet18,deep_lift,max_sensitivity,5,0.5,0,8,1.3283768743276596,1.25015;1.44318;1.19911;1.38696;1.23599;1.47306;1.17798;1.46059,7.51,2026-08-26T22:59:42
resnet18,deep_lift,max_sensitivity,5,0.5,1,8,1.302076295018196,1.37951;1.25738;1.32529;1.2382;1.54819;1.16106;1.25789;1.24909,6.27,2026-08-26T22:59:48
resnet18,deep_lift,max_sensitivity,5,0.5,2,8,1.3250130712985992,1.2995;1.3684;1.33555;1.41743;1.24585;1.29566;1.19513;1.44259,7.64,2026-08-26T22:59:56
resnet18,deep_lift,max_sensitivity,5,0.5,3,8,1.3599425852298737,1.43043;1.35879;1.20614;1.57011;1.38355;1.20507;1.40218;1.32328,6.71,2026-08-26T23:00:02
resnet18,deep_lift,max_sensitivity,5,0.5,4,8,1.3233415186405182,1.27103;1.38364;1.39613;1.50065;1.28326;1.30515;1.24479;1.20208,7.63,2026-08-26T23:00:10
resnet18,deep_lift,max_sensitivity,5,0.5,5,8,1.2211777120828629,1.25216;1.22986;1.22041;1.26601;1.19639;1.09429;1.15187;1.35843,6.4,2026-08-26T23:00:16
resnet18,deep_lift,max_sensitivity,5,0.5,6,8,1.2933385223150253,1.14904;1.399;1.66741;1.25466;1.28651;1.13848;1.11245;1.33916,7.58,2026-08-26T23:00:24
resnet18,deep_lift,max_sensitivity,5,0.5,7,8,1.2205008268356323,1.20688;1.2513;1.19434;1.13772;1.21052;1.23909;1.28876;1.23539,6.4,2026-08-26T23:00:30
resnet18,deep_lift,max_sensitivity,6,0.6,0,8,1.3551031798124313,1.26756;1.38488;1.22575;1.39887;1.30119;1.57513;1.19147;1.49596,7.33,2026-08-26T23:00:38
resnet18,deep_lift,max_sensitivity,6,0.6,1,8,1.3190875798463821,1.40489;1.3049;1.38049;1.23303;1.53871;1.19516;1.24695;1.24856,6.11,2026-08-26T23:00:44
resnet18,deep_lift,max_sensitivity,6,0.6,2,8,1.3419083207845688,1.33948;1.3337;1.44422;1.36772;1.24747;1.33199;1.22109;1.4496,7.34,2026-08-26T23:00:51
resnet18,deep_lift,max_sensitivity,6,0.6,3,8,1.377916932106018,1.43064;1.39788;1.2785;1.55512;1.3836;1.23568;1.36523;1.3767,6.18,2026-08-26T23:00:57
resnet18,deep_lift,max_sensitivity,6,0.6,4,8,1.3462761789560318,1.29216;1.41423;1.37608;1.50516;1.28619;1.36979;1.26293;1.26368,7.39,2026-08-26T23:01:05
resnet18,deep_lift,max_sensitivity,6,0.6,5,8,1.2269135415554047,1.25781;1.24596;1.26865;1.25436;1.21616;1.0893;1.11983;1.36323,6.47,2026-08-26T23:01:11
resnet18,deep_lift,max_sensitivity,6,0.6,6,8,1.306338906288147,1.1612;1.37343;1.65146;1.20879;1.39621;1.14419;1.17985;1.33557,7.22,2026-08-26T23:01:18
resnet18,deep_lift,max_sensitivity,6,0.6,7,8,1.2369760870933533,1.19542;1.26397;1.2162;1.13362;1.23773;1.21502;1.38575;1.24809,6.06,2026-08-26T23:01:24
resnet18,deep_lift,max_sensitivity,7,0.7,0,8,1.340519517660141,1.30073;1.39679;1.23593;1.3771;1.25973;1.53256;1.19354;1.42777,7.04,2026-08-26T23:01:31
resnet18,deep_lift,max_sensitivity,7,0.7,1,8,1.3242939412593842,1.41459;1.31612;1.33592;1.25793;1.56474;1.20793;1.2356;1.26152,5.79,2026-08-26T23:01:37
resnet18,deep_lift,max_sensitivity,7,0.7,2,8,1.3457226902246475,1.34782;1.3588;1.39925;1.35472;1.30519;1.30415;1.26726;1.42858,6.41,2026-08-26T23:01:44
resnet18,deep_lift,max_sensitivity,7,0.7,3,8,1.4115935415029526,1.52807;1.41621;1.31683;1.58217;1.46489;1.22753;1.38347;1.37358,6.36,2026-08-26T23:01:50
resnet18,deep_lift,max_sensitivity,7,0.7,4,8,1.349551647901535,1.3566;1.37341;1.38106;1.48902;1.3254;1.356;1.29679;1.21813,6.07,2026-08-26T23:01:56
resnet18,deep_lift,max_sensitivity,7,0.7,5,8,1.2313056588172913,1.22323;1.31909;1.24747;1.28778;1.18176;1.1016;1.1767;1.3128,6.73,2026-08-26T23:02:03
resnet18,deep_lift,max_sensitivity,7,0.7,6,8,1.2914693802595139,1.16603;1.391;1.58932;1.27165;1.32028;1.16661;1.07759;1.34928,5.78,2026-08-26T23:02:09
resnet18,deep_lift,max_sensitivity,7,0.7,7,8,1.2495135068893433,1.20042;1.23095;1.21013;1.17105;1.23661;1.2503;1.43938;1.25727,6.99,2026-08-26T23:02:16
resnet18,deep_lift,max_sensitivity,8,0.8,0,8,1.355895385146141,1.25412;1.42143;1.24257;1.50008;1.26121;1.54463;1.18955;1.43358,5.55,2026-08-26T23:02:21
resnet18,deep_lift,max_sensitivity,8,0.8,1,8,1.327272742986679,1.43609;1.35805;1.34385;1.29434;1.48867;1.24536;1.20553;1.24628,6.53,2026-08-26T23:02:28
resnet18,deep_lift,max_sensitivity,8,0.8,2,8,1.3788749873638153,1.30715;1.44941;1.37651;1.4725;1.30071;1.36799;1.26889;1.48785,5.17,2026-08-26T23:02:33
resnet18,deep_lift,max_sensitivity,8,0.8,3,8,1.4219793230295181,1.57231;1.41625;1.28045;1.58733;1.43648;1.25476;1.43373;1.39454,5.68,2026-08-26T23:02:39
resnet18,deep_lift,max_sensitivity,8,0.8,4,8,1.3676312416791916,1.30974;1.41615;1.4619;1.44982;1.31754;1.39906;1.3599;1.22694,5.84,2026-08-26T23:02:44
resnet18,deep_lift,max_sensitivity,8,0.8,5,8,1.2384566366672516,1.23323;1.21321;1.23453;1.2945;1.28961;1.10698;1.17953;1.35605,5.13,2026-08-26T23:02:50
resnet18,deep_lift,max_sensitivity,8,0.8,6,8,1.3017641603946686,1.18946;1.41952;1.67211;1.23508;1.30764;1.1499;1.09618;1.34423,6.6,2026-08-26T23:02:56
resnet18,deep_lift,max_sensitivity,8,0.8,7,8,1.2533744871616364,1.24701;1.25746;1.2202;1.16378;1.27356;1.27627;1.31325;1.27546,5.17,2026-08-26T23:03:01
resnet18,deep_lift,max_sensitivity,9,0.9,0,8,1.3562263399362564,1.26678;1.41998;1.26528;1.42159;1.259;1.56996;1.22143;1.42579,5.26,2026-08-26T23:03:07
resnet18,deep_lift,max_sensitivity,9,0.9,1,8,1.365719974040985,1.41972;1.37186;1.42063;1.32776;1.5926;1.22865;1.26215;1.30239,5.56,2026-08-26T23:03:12
resnet18,deep_lift,max_sensitivity,9,0.9,2,8,1.3853091150522232,1.34343;1.42899;1.44102;1.39044;1.31158;1.3497;1.2807;1.53661,4.69,2026-08-26T23:03:17
resnet18,deep_lift,max_sensitivity,9,0.9,3,8,1.4378445446491241,1.56356;1.47525;1.30946;1.56844;1.41401;1.28011;1.42926;1.46266,6.38,2026-08-26T23:03:23
resnet18,deep_lift,max_sensitivity,9,0.9,4,8,1.3717786818742752,1.31285;1.42848;1.42866;1.44154;1.34123;1.41602;1.3229;1.28256,4.81,2026-08-26T23:03:28
resnet18,deep_lift,max_sensitivity,9,0.9,5,8,1.254580244421959,1.22305;1.25123;1.26833;1.28446;1.27552;1.1334;1.21371;1.38694,4.63,2026-08-26T23:03:33
resnet18,deep_lift,max_sensitivity,9,0.9,6,8,1.3145098090171814,1.27302;1.40443;1.57206;1.25572;1.3206;1.14986;1.18303;1.35736,6.1,2026-08-26T23:03:39
resnet18,deep_lift,max_sensitivity,9,0.9,7,8,1.2868971973657608,1.23553;1.35697;1.244;1.16446;1.2784;1.27361;1.41462;1.3276,4.69,2026-08-26T23:03:43
resnet18,deep_lift,random_logit,0,0.0,0,8,0.6172932581713676,0.504659;0.521353;0.74543;0.647558;0.640082;0.708227;0.570306;0.600731,1.27,2026-08-26T23:03:45
resnet18,deep_lift,random_logit,0,0.0,1,8,0.6951842113442522,0.696976;0.757558;0.642808;0.772455;0.613587;0.762263;0.533471;0.782355,1.23,2026-08-26T23:03:46
resnet18,deep_lift,random_logit,0,0.0,2,8,0.6381979840592471,0.646213;0.465657;0.67778;0.633765;0.817384;0.585445;0.683554;0.595783,1.25,2026-08-26T23:03:47
resnet18,deep_lift,random_logit,0,0.0,3,8,0.6493256478822241,0.675196;0.533309;0.727266;0.645225;0.62503;0.664277;0.630138;0.694165,1.9,2026-08-26T23:03:49
resnet18,deep_lift,random_logit,0,0.0,4,8,0.6731773038914175,0.795511;0.682942;0.678855;0.634414;0.664307;0.489596;0.645374;0.79442,1.82,2026-08-26T23:03:51
resnet18,deep_lift,random_logit,0,0.0,5,8,0.6512305784516229,0.574083;0.586929;0.631454;0.588289;0.600835;0.664278;0.90951;0.654467,1.31,2026-08-26T23:03:52
resnet18,deep_lift,random_logit,0,0.0,6,8,0.6676870255665013,0.827349;0.625319;0.586929;0.607434;0.662762;0.465127;0.912062;0.654514,1.22,2026-08-26T23:03:54
resnet18,deep_lift,random_logit,0,0.0,7,8,0.6788761809997137,0.751864;0.611881;0.72717;0.786104;0.648013;0.496751;0.726601;0.682626,1.29,2026-08-26T23:03:55
resnet18,deep_lift,random_logit,1,0.1,0,8,0.5755157112118033,0.450385;0.483005;0.677285;0.605245;0.60355;0.66235;0.541655;0.580649,1.21,2026-08-26T23:03:56
resnet18,deep_lift,random_logit,1,0.1,1,8,0.6557902221031598,0.677142;0.67674;0.606754;0.722726;0.566319;0.749538;0.499485;0.747617,1.21,2026-08-26T23:03:57
resnet18,deep_lift,random_logit,1,0.1,2,8,0.6089118488933541,0.635102;0.426047;0.649861;0.605108;0.749514;0.572961;0.661268;0.571433,1.24,2026-08-26T23:03:58
resnet18,deep_lift,random_logit,1,0.1,3,8,0.6027262376323095,0.617028;0.463023;0.666158;0.603921;0.588102;0.637248;0.594467;0.651862,1.23,2026-08-26T23:04:00
resnet18,deep_lift,random_logit,1,0.1,4,8,0.6296235687364975,0.733798;0.666464;0.628319;0.577746;0.621908;0.449689;0.61561;0.743454,1.23,2026-08-26T23:04:01
resnet18,deep_lift,random_logit,1,0.1,5,8,0.612257642811519,0.531841;0.542825;0.588772;0.526232;0.557125;0.609161;0.908147;0.633958,1.71,2026-08-26T23:04:03
resnet18,deep_lift,random_logit,1,0.1,6,8,0.6356132727329316,0.799129;0.599239;0.550556;0.565004;0.628974;0.430515;0.896988;0.614502,1.84,2026-08-26T23:04:04
resnet18,deep_lift,random_logit,1,0.1,7,8,0.6228231590336998,0.691456;0.576773;0.65679;0.74582;0.559699;0.457697;0.693851;0.600498,1.43,2026-08-26T23:04:06
resnet18,deep_lift,random_logit,2,0.2,0,8,0.5529075078937278,0.464846;0.45884;0.622412;0.574374;0.580772;0.627895;0.524593;0.569528,1.19,2026-08-26T23:04:07
resnet18,deep_lift,random_logit,2,0.2,1,8,0.6080395021724732,0.646327;0.595224;0.588886;0.608277;0.550334;0.715147;0.462996;0.697127,1.16,2026-08-26T23:04:08
resnet18,deep_lift,random_logit,2,0.2,2,8,0.576599055484422,0.609559;0.397139;0.621791;0.573305;0.702442;0.557642;0.60896;0.541956,1.2,2026-08-26T23:04:09
resnet18,deep_lift,random_logit,2,0.2,3,8,0.5762562714371555,0.56702;0.49751;0.628275;0.579217;0.552251;0.609658;0.56963;0.60649,1.18,2026-08-26T23:04:11
resnet18,deep_lift,random_logit,2,0.2,4,8,0.5917676807077862,0.685268;0.657532;0.59619;0.542332;0.589709;0.423968;0.597389;0.641754,1.15,2026-08-26T23:04:12
resnet18,deep_lift,random_logit,2,0.2,5,8,0.5738754496321193,0.496588;0.511148;0.556689;0.475811;0.528116;0.518363;0.886131;0.61816,1.19,2026-08-26T23:04:13
resnet18,deep_lift,random_logit,2,0.2,6,8,0.6085186789669715,0.783852;0.581739;0.494961;0.518665;0.610148;0.4016;0.892431;0.584754,1.15,2026-08-26T23:04:14
resnet18,deep_lift,random_logit,2,0.2,7,8,0.5559329938828915,0.541889;0.457416;0.603732;0.714938;0.492335;0.429832;0.671037;0.536286,1.25,2026-08-26T23:04:15
resnet18,deep_lift,random_logit,3,0.3,0,8,0.5340512095652835,0.458744;0.442047;0.59186;0.536888;0.56201;0.605244;0.510953;0.564664,1.66,2026-08-26T23:04:17
resnet18,deep_lift,random_logit,3,0.3,1,8,0.590578788826212,0.65896;0.571359;0.52482;0.662595;0.530515;0.666965;0.403494;0.705922,1.6,2026-08-26T23:04:19
resnet18,deep_lift,random_logit,3,0.3,2,8,0.5553526205997772,0.591709;0.379576;0.602942;0.526289;0.671415;0.552469;0.598218;0.520204,1.28,2026-08-26T23:04:20
resnet18,deep_lift,random_logit,3,0.3,3,8,0.5436940116869682,0.540873;0.457571;0.587547;0.503324;0.545791;0.60781;0.506324;0.600312,1.13,2026-08-26T23:04:21
resnet18,deep_lift,random_logit,3,0.3,4,8,0.5702432925044099,0.654047;0.652787;0.545501;0.513512;0.570078;0.405847;0.542113;0.67806,1.13,2026-08-26T23:04:22
resnet18,deep_lift,random_logit,3,0.3,5,8,0.5566471878782808,0.480239;0.466155;0.506623;0.422318;0.513326;0.538953;0.910343;0.615222,1.15,2026-08-26T23:04:23
resnet18,deep_lift,random_logit,3,0.3,6,8,0.5893609484711901,0.770993;0.53663;0.470844;0.508124;0.592212;0.387965;0.883018;0.565102,1.14,2026-08-26T23:04:25
resnet18,deep_lift,random_logit,3,0.3,7,8,0.5500188272442212,0.614144;0.538262;0.564182;0.694289;0.448715;0.411092;0.636533;0.492934,1.15,2026-08-26T23:04:26
resnet18,deep_lift,random_logit,4,0.4,0,8,0.5053877240746087,0.458548;0.397045;0.55812;0.507702;0.547372;0.58048;0.476348;0.517485,1.13,2026-08-26T23:04:27
resnet18,deep_lift,random_logit,4,0.4,1,8,0.5926486736357646,0.659758;0.530143;0.516593;0.628317;0.533398;0.732331;0.452806;0.687845,1.09,2026-08-26T23:04:28
resnet18,deep_lift,random_logit,4,0.4,2,8,0.5358009561910462,0.586827;0.374235;0.529637;0.540466;0.640264;0.551368;0.554422;0.509188,1.12,2026-08-26T23:04:29
resnet18,deep_lift,random_logit,4,0.4,3,8,0.5362300319274289,0.520619;0.482299;0.577803;0.545907;0.521985;0.555485;0.506315;0.579428,1.6,2026-08-26T23:04:31
resnet18,deep_lift,random_logit,4,0.4,4,8,0.5523523585608044,0.638003;0.599158;0.539602;0.481755;0.556254;0.38557;0.564668;0.653809,1.57,2026-08-26T23:04:32
resnet18,deep_lift,random_logit,4,0.4,5,8,0.5476646617264103,0.434629;0.45619;0.529033;0.427232;0.503791;0.522918;0.91305;0.594474,1.46,2026-08-26T23:04:34
resnet18,deep_lift,random_logit,4,0.4,6,8,0.5821163282433521,0.76776;0.5724;0.468417;0.490952;0.588468;0.376485;0.885913;0.506535,1.13,2026-08-26T23:04:35
resnet18,deep_lift,random_logit,4,0.4,7,8,0.4934377016463243,0.541407;0.478285;0.50115;0.611746;0.440365;0.353649;0.634611;0.386289,1.12,2026-08-26T23:04:36
resnet18,deep_lift,random_logit,5,0.5,0,8,0.515540040078832,0.476239;0.409191;0.54044;0.520197;0.575263;0.601153;0.479874;0.521962,0.93,2026-08-26T23:04:37
resnet18,deep_lift,random_logit,5,0.5,1,8,0.576774719797897,0.66742;0.52683;0.491362;0.570739;0.50957;0.761695;0.395499;0.691084,0.93,2026-08-26T23:04:38
resnet18,deep_lift,random_logit,5,0.5,2,8,0.5416250480623062,0.577845;0.366283;0.603747;0.525659;0.661862;0.551336;0.536257;0.510012,0.9,2026-08-26T23:04:39
resnet18,deep_lift,random_logit,5,0.5,3,8,0.5350025351532024,0.509896;0.478607;0.549048;0.545773;0.473835;0.596172;0.554932;0.571757,0.88,2026-08-26T23:04:40
resnet18,deep_lift,random_logit,5,0.5,4,8,0.529278496283351,0.623651;0.656146;0.530401;0.432691;0.543058;0.359126;0.523321;0.565834,0.9,2026-08-26T23:04:40
resnet18,deep_lift,random_logit,5,0.5,5,8,0.5386235452156669,0.471412;0.47872;0.492999;0.371285;0.463725;0.511854;0.917575;0.601419,0.9,2026-08-26T23:04:41
resnet18,deep_lift,random_logit,5,0.5,6,8,0.5875746936074129,0.769401;0.581286;0.448649;0.487813;0.594909;0.368801;0.887198;0.56254,0.91,2026-08-26T23:04:42
resnet18,deep_lift,random_logit,5,0.5,7,8,0.4886265650209406,0.449745;0.438088;0.535694;0.607596;0.393479;0.414652;0.646797;0.422962,0.91,2026-08-26T23:04:43
resnet18,deep_lift,random_logit,6,0.6,0,8,0.4967443314512937,0.455983;0.407254;0.560313;0.492147;0.448913;0.596478;0.493019;0.519849,1.28,2026-08-26T23:04:44
resnet18,deep_lift,random_logit,6,0.6,1,8,0.5849306401321451,0.689533;0.545255;0.543558;0.668706;0.487176;0.665586;0.426984;0.652647,1.28,2026-08-26T23:04:46
resnet18,deep_lift,random_logit,6,0.6,2,8,0.5559788812564415,0.565063;0.393953;0.585717;0.560331;0.628523;0.589965;0.596731;0.527549,1.31,2026-08-26T23:04:47
resnet18,deep_lift,random_logit,6,0.6,3,8,0.5196499646210913,0.372466;0.489007;0.546163;0.562696;0.487894;0.592643;0.50803;0.598301,0.97,2026-08-26T23:04:48
resnet18,deep_lift,random_logit,6,0.6,4,8,0.5426648229622235,0.610076;0.678994;0.486831;0.472111;0.534347;0.374212;0.58471;0.600037,0.88,2026-08-26T23:04:49
resnet18,deep_lift,random_logit,6,0.6,5,8,0.5444225159303303,0.488342;0.492731;0.508159;0.428471;0.482391;0.463332;0.907243;0.584711,0.88,2026-08-26T23:04:50
resnet18,deep_lift,random_logit,6,0.6,6,8,0.5642934660386458,0.755317;0.58419;0.463007;0.462187;0.523478;0.379506;0.884914;0.46175,0.87,2026-08-26T23:04:51
resnet18,deep_lift,random_logit,6,0.6,7,8,0.5114680440549051,0.459033;0.541689;0.515605;0.67383;0.386083;0.410564;0.67555;0.429389,0.88,2026-08-26T23:04:52
resnet18,deep_lift,random_logit,7,0.7,0,8,0.5338324585991466,0.502989;0.490878;0.588221;0.530799;0.490708;0.593276;0.582371;0.491418,0.79,2026-08-26T23:04:52
resnet18,deep_lift,random_logit,7,0.7,1,8,0.6008874787651948,0.71344;0.548673;0.622317;0.665065;0.563949;0.552224;0.473737;0.667694,0.8,2026-08-26T23:04:53
resnet18,deep_lift,random_logit,7,0.7,2,8,0.5826921428766068,0.648877;0.423074;0.653008;0.600338;0.692156;0.56593;0.583901;0.494254,0.81,2026-08-26T23:04:54
resnet18,deep_lift,random_logit,7,0.7,3,8,0.570549373878209,0.565663;0.510785;0.577478;0.573359;0.501861;0.657117;0.544461;0.633671,0.81,2026-08-26T23:04:55
resnet18,deep_lift,random_logit,7,0.7,4,8,0.5525042233194692,0.616635;0.674549;0.520071;0.508739;0.552453;0.415707;0.584113;0.547767,0.83,2026-08-26T23:04:56
resnet18,deep_lift,random_logit,7,0.7,5,8,0.5679431308587385,0.461802;0.432314;0.573947;0.487744;0.535888;0.471054;0.904812;0.675985,0.78,2026-08-26T23:04:56
resnet18,deep_lift,random_logit,7,0.7,6,8,0.6167821447766499,0.799617;0.633104;0.528529;0.541182;0.492417;0.451079;0.903941;0.584388,0.79,2026-08-26T23:04:57
resnet18,deep_lift,random_logit,7,0.7,7,8,0.4930384302237158,0.464288;0.447235;0.515436;0.614862;0.432843;0.418811;0.628541;0.422293,1.13,2026-08-26T23:04:58
resnet18,deep_lift,random_logit,8,0.8,0,8,0.5836915766191872,0.549058;0.476298;0.575729;0.700982;0.500601;0.645588;0.580081;0.641197,1.09,2026-08-26T23:04:59
resnet18,deep_lift,random_logit,8,0.8,1,8,0.6521965297349055,0.680815;0.605999;0.642733;0.638637;0.623055;0.636949;0.606722;0.782663,0.98,2026-08-26T23:05:00
resnet18,deep_lift,random_logit,8,0.8,2,8,0.641036777782905,0.647597;0.507103;0.710442;0.611006;0.737461;0.627169;0.644905;0.642611,1.06,2026-08-26T23:05:01
resnet18,deep_lift,random_logit,8,0.8,3,8,0.5993163376079417,0.522639;0.54022;0.616621;0.582384;0.58975;0.671179;0.606459;0.665277,0.68,2026-08-26T23:05:02
resnet18,deep_lift,random_logit,8,0.8,4,8,0.630559134198561,0.677909;0.724292;0.634789;0.596934;0.597919;0.522397;0.604694;0.685539,1.03,2026-08-26T23:05:03
resnet18,deep_lift,random_logit,8,0.8,5,8,0.6340106555065346,0.639045;0.566667;0.621162;0.531034;0.605805;0.546031;0.913826;0.648515,0.67,2026-08-26T23:05:04
resnet18,deep_lift,random_logit,8,0.8,6,8,0.6370138518080574,0.750553;0.713459;0.603135;0.454103;0.562842;0.500525;0.860565;0.650929,0.7,2026-08-26T23:05:05
resnet18,deep_lift,random_logit,8,0.8,7,8,0.5830948073866068,0.506171;0.666673;0.553445;0.763962;0.484533;0.503409;0.644532;0.542034,0.68,2026-08-26T23:05:05
resnet18,deep_lift,random_logit,9,0.9,0,8,0.6939489497644948,0.596043;0.640212;0.722528;0.793855;0.614431;0.727545;0.713996;0.74298,0.62,2026-08-26T23:05:06
resnet18,deep_lift,random_logit,9,0.9,1,8,0.7358310692894334,0.800209;0.633753;0.763189;0.73279;0.744324;0.720209;0.677914;0.814262,0.58,2026-08-26T23:05:06
resnet18,deep_lift,random_logit,9,0.9,2,8,0.7567291805255407,0.802836;0.661094;0.803361;0.757476;0.821629;0.730799;0.772213;0.704426,0.6,2026-08-26T23:05:07
resnet18,deep_lift,random_logit,9,0.9,3,8,0.7116991080830133,0.671584;0.69393;0.700136;0.715448;0.629027;0.748778;0.794932;0.739758,0.61,2026-08-26T23:05:08
resnet18,deep_lift,random_logit,9,0.9,4,8,0.7307394476559912,0.767998;0.756455;0.748209;0.687474;0.732198;0.635818;0.730826;0.786936,0.63,2026-08-26T23:05:08
resnet18,deep_lift,random_logit,9,0.9,5,8,0.7491132819018755,0.743154;0.775065;0.688512;0.682847;0.726757;0.668763;0.939914;0.767894,0.6,2026-08-26T23:05:09
resnet18,deep_lift,random_logit,9,0.9,6,8,0.7732520216197541,0.829911;0.76569;0.715724;0.678661;0.841921;0.620115;0.931202;0.802792,0.62,2026-08-26T23:05:09
resnet18,deep_lift,random_logit,9,0.9,7,8,0.7051773761419693,0.643742;0.716999;0.651017;0.848524;0.624151;0.693813;0.774664;0.688509,0.58,2026-08-26T23:05:10
resnet18,guided_backprop,max_sensitivity,0,0.0,0,8,1.022696629166603,0.793689;2.2244;0.804234;0.77711;0.91838;0.85386;0.768739;1.04116,8.44,2026-08-26T23:05:19
resnet18,guided_backprop,max_sensitivity,0,0.0,1,8,0.988993763923645,1.02278;0.892846;0.995857;0.60238;1.06727;1.05935;1.28469;0.986779,6.55,2026-08-26T23:05:25
resnet18,guided_backprop,max_sensitivity,0,0.0,2,8,0.794759601354599,0.856911;0.808736;0.846844;0.970067;0.778886;0.688469;0.761779;0.646385,7.8,2026-08-26T23:05:33
resnet18,guided_backprop,max_sensitivity,0,0.0,3,8,0.8756399005651474,1.1879;0.760791;0.831137;0.873683;0.978939;0.640193;0.73558;0.996897,6.66,2026-08-26T23:05:40
resnet18,guided_backprop,max_sensitivity,0,0.0,4,8,1.1001017913222313,0.737738;1.1621;1.3079;1.28056;1.05646;1.38646;0.957646;0.911936,7.6,2026-08-26T23:05:47
resnet18,guided_backprop,max_sensitivity,0,0.0,5,8,1.0461741238832474,1.09439;0.972985;1.2845;0.736304;0.861984;0.943003;1.62845;0.847776,6.85,2026-08-26T23:05:54
resnet18,guided_backprop,max_sensitivity,0,0.0,6,8,1.1265303120017052,1.39298;1.68891;0.865989;1.0695;0.997908;0.983972;0.846883;1.1661,7.88,2026-08-26T23:06:02
resnet18,guided_backprop,max_sensitivity,0,0.0,7,8,0.8339058458805084,0.904357;1.20012;0.686289;0.717079;0.698986;0.720453;0.581156;1.16281,7.24,2026-08-26T23:06:09
resnet18,guided_backprop,max_sensitivity,1,0.1,0,8,1.1290549635887146,0.831706;2.37318;0.867697;0.947494;1.098;0.881008;0.857296;1.17606,7.04,2026-08-26T23:06:16
resnet18,guided_backprop,max_sensitivity,1,0.1,1,8,1.0737471133470535,1.10515;1.02614;0.957101;0.721477;1.18173;1.14629;1.39323;1.05885,7.0,2026-08-26T23:06:23
resnet18,guided_backprop,max_sensitivity,1,0.1,2,8,0.8774493262171745,0.94465;0.873071;0.97552;0.99504;0.864082;0.776692;0.843659;0.746881,7.06,2026-08-26T23:06:30
resnet18,guided_backprop,max_sensitivity,1,0.1,3,8,0.9704441577196121,1.2976;0.912773;0.879882;0.938668;1.00519;0.811663;0.843098;1.07468,6.95,2026-08-26T23:06:37
resnet18,guided_backprop,max_sensitivity,1,0.1,4,8,1.1428617984056473,0.819294;1.20975;1.44733;1.3322;1.04703;1.34316;1.00533;0.938785,6.93,2026-08-26T23:06:44
resnet18,guided_backprop,max_sensitivity,1,0.1,5,8,1.079578973352909,1.1624;1.04981;1.21439;0.798218;0.897622;0.987045;1.6331;0.894048,7.01,2026-08-26T23:06:51
resnet18,guided_backprop,max_sensitivity,1,0.1,6,8,1.0938946530222893,1.24527;1.46874;0.876943;1.01878;1.02496;1.03849;0.859285;1.2187,6.99,2026-08-26T23:06:58
resnet18,guided_backprop,max_sensitivity,1,0.1,7,8,0.8872954547405243,0.987879;1.05969;0.780721;0.779576;0.795839;0.786336;0.688165;1.22016,6.84,2026-08-26T23:07:05
resnet18,guided_backprop,max_sensitivity,2,0.2,0,8,1.0881277099251747,0.921003;1.88032;0.929283;0.99788;1.07094;0.911212;0.874915;1.11947,6.76,2026-08-26T23:07:12
resnet18,guided_backprop,max_sensitivity,2,0.2,1,8,1.0721266642212868,1.1859;1.02211;0.951173;0.781669;1.1429;1.14647;1.2275;1.11929,6.27,2026-08-26T23:07:18
resnet18,guided_backprop,max_sensitivity,2,0.2,2,8,0.9799875468015671,0.966235;0.967913;1.09276;1.12839;0.945285;0.935729;0.950481;0.85311,6.99,2026-08-26T23:07:25
resnet18,guided_backprop,max_sensitivity,2,0.2,3,8,1.063530646264553,1.35195;1.05343;0.999944;1.13159;1.07505;0.872558;0.8389;1.18482,6.07,2026-08-26T23:07:31
resnet18,guided_backprop,max_sensitivity,2,0.2,4,8,1.1553003937005997,0.900943;1.19677;1.28501;1.37418;1.01824;1.44154;1.03707;0.988648,7.15,2026-08-26T23:07:38
resnet18,guided_backprop,max_sensitivity,2,0.2,5,8,1.119996689260006,1.1465;1.08085;1.27722;0.85402;0.930218;1.08532;1.6738;0.912036,5.92,2026-08-26T23:07:44
resnet18,guided_backprop,max_sensitivity,2,0.2,6,8,1.187706619501114,1.33251;1.47165;0.969285;1.16884;1.08331;1.3144;0.926571;1.23508,7.21,2026-08-26T23:07:51
resnet18,guided_backprop,max_sensitivity,2,0.2,7,8,0.9799336493015289,0.99775;1.31487;0.835849;0.852389;0.876131;0.856214;0.80749;1.29878,6.05,2026-08-26T23:07:57
resnet18,guided_backprop,max_sensitivity,3,0.3,0,8,1.1499638557434082,0.979632;1.8193;1.05729;1.17521;1.10544;0.937673;0.932945;1.19222,7.05,2026-08-26T23:08:04
resnet18,guided_backprop,max_sensitivity,3,0.3,1,8,1.162942685186863,1.2049;1.09279;1.061;0.888734;1.20062;1.17459;1.46001;1.2209,5.95,2026-08-26T23:08:10
resnet18,guided_backprop,max_sensitivity,3,0.3,2,8,1.0563319250941277,1.09456;1.03242;1.23027;1.1161;1.00586;1.04516;0.953016;0.973268,7.03,2026-08-26T23:08:17
resnet18,guided_backprop,max_sensitivity,3,0.3,3,8,1.0965293869376183,1.37432;0.984746;0.985871;1.12161;1.18721;1.00917;0.929088;1.18022,5.84,2026-08-26T23:08:23
resnet18,guided_backprop,max_sensitivity,3,0.3,4,8,1.2141814082860947,0.950493;1.22325;1.47832;1.45143;1.05791;1.50195;1.04682;1.00328,6.57,2026-08-26T23:08:30
resnet18,guided_backprop,max_sensitivity,3,0.3,5,8,1.231723852455616,1.24744;1.13407;1.45367;0.937765;1.04843;1.09704;1.96499;0.970398,6.34,2026-08-26T23:08:36
resnet18,guided_backprop,max_sensitivity,3,0.3,6,8,1.2056384906172752,1.36766;1.61022;1.03191;1.17855;1.10026;1.09023;0.991339;1.27494,6.41,2026-08-26T23:08:43
resnet18,guided_backprop,max_sensitivity,3,0.3,7,8,1.0245514586567879,1.05829;1.19797;0.972764;0.888429;1.00412;0.924661;0.868121;1.28206,6.79,2026-08-26T23:08:49
resnet18,guided_backprop,max_sensitivity,4,0.4,0,8,1.240833580493927,1.00438;1.86145;1.10428;1.47316;1.22877;1.01747;0.984266;1.25288,5.56,2026-08-26T23:08:55
resnet18,guided_backprop,max_sensitivity,4,0.4,1,8,1.2170986831188202,1.2267;1.20708;1.09029;1.02276;1.41182;1.18726;1.42116;1.16972,6.83,2026-08-26T23:09:02
resnet18,guided_backprop,max_sensitivity,4,0.4,2,8,1.1568207144737244,1.14364;1.0743;1.16023;1.58796;1.08249;1.08536;1.06753;1.05306,5.46,2026-08-26T23:09:07
resnet18,guided_backprop,max_sensitivity,4,0.4,3,8,1.2020145952701569,1.4623;1.20113;1.11731;1.27878;1.25913;1.1278;1.00397;1.1657,6.83,2026-08-26T23:09:14
resnet18,guided_backprop,max_sensitivity,4,0.4,4,8,1.2689542025327682,0.997299;1.32683;1.53929;1.5297;1.10829;1.52777;1.08464;1.03782,5.56,2026-08-26T23:09:20
resnet18,guided_backprop,max_sensitivity,4,0.4,5,8,1.2353322803974152,1.3026;1.1814;1.43582;1.01093;1.04688;1.09519;1.77563;1.03421,6.44,2026-08-26T23:09:26
resnet18,guided_backprop,max_sensitivity,4,0.4,6,8,1.2631248533725739,1.46137;1.63612;1.10626;1.20743;1.14026;1.09933;1.08729;1.36694,5.93,2026-08-26T23:09:32
resnet18,guided_backprop,max_sensitivity,4,0.4,7,8,1.1033083498477936,1.25816;1.22504;1.1104;0.929478;1.03394;0.983599;0.971128;1.31473,5.64,2026-08-26T23:09:38
resnet18,guided_backprop,max_sensitivity,5,0.5,0,8,1.3013885170221329,1.12793;2.275;1.10705;1.25502;1.32713;1.00165;1.00507;1.31225,5.74,2026-08-26T23:09:43
resnet18,guided_backprop,max_sensitivity,5,0.5,1,8,1.2595551162958145,1.27553;1.26076;1.11897;1.11711;1.27695;1.23344;1.43423;1.35943,4.55,2026-08-26T23:09:48
resnet18,guided_backprop,max_sensitivity,5,0.5,2,8,1.1977947056293488,1.21724;1.20398;1.13602;1.36742;1.1288;1.21483;1.13619;1.17787,4.93,2026-08-26T23:09:53
resnet18,guided_backprop,max_sensitivity,5,0.5,3,8,1.2437867522239685,1.46798;1.23141;1.19078;1.31332;1.25688;1.16166;1.07578;1.2525,5.45,2026-08-26T23:09:58
resnet18,guided_backprop,max_sensitivity,5,0.5,4,8,1.3203820288181305,1.08464;1.45724;1.49981;1.54278;1.20076;1.51771;1.17582;1.08431,4.49,2026-08-26T23:10:03
resnet18,guided_backprop,max_sensitivity,5,0.5,5,8,1.2888633012771606,1.35643;1.23569;1.4469;1.06128;1.06522;1.13299;1.93399;1.0784,5.35,2026-08-26T23:10:08
resnet18,guided_backprop,max_sensitivity,5,0.5,6,8,1.3281093835830688,1.43301;1.79428;1.1603;1.21773;1.31052;1.31403;1.05356;1.34144,4.97,2026-08-26T23:10:13
resnet18,guided_backprop,max_sensitivity,5,0.5,7,8,1.1378884389996529,1.16049;1.2144;1.08418;0.996992;1.08092;1.06478;1.10705;1.3943,4.6,2026-08-26T23:10:18
resnet18,guided_backprop,max_sensitivity,6,0.6,0,8,1.336323544383049,1.13959;2.09951;1.15618;1.40557;1.41326;1.12263;1.02858;1.32526,5.28,2026-08-26T23:10:23
resnet18,guided_backprop,max_sensitivity,6,0.6,1,8,1.3511113971471786,1.46191;1.27093;1.20078;1.13524;1.43585;1.30879;1.6228;1.3726,4.49,2026-08-26T23:10:28
resnet18,guided_backprop,max_sensitivity,6,0.6,2,8,1.2552697956562042,1.30517;1.1576;1.35884;1.39702;1.23383;1.26213;1.13935;1.18822,4.18,2026-08-26T23:10:32
resnet18,guided_backprop,max_sensitivity,6,0.6,3,8,1.3166068196296692,1.55054;1.36924;1.21689;1.33734;1.3617;1.21831;1.18267;1.29617,5.45,2026-08-26T23:10:37
resnet18,guided_backprop,max_sensitivity,6,0.6,4,8,1.3399407863616943,1.11364;1.35602;1.65902;1.55215;1.19464;1.52895;1.15454;1.16056,4.23,2026-08-26T23:10:41
resnet18,guided_backprop,max_sensitivity,6,0.6,5,8,1.3452225029468536,1.52762;1.34803;1.60389;1.12778;1.06749;1.14302;1.84043;1.10353,4.27,2026-08-26T23:10:46
resnet18,guided_backprop,max_sensitivity,6,0.6,6,8,1.3592421263456345,1.64038;1.74743;1.23212;1.30597;1.24053;1.21269;1.09652;1.3983,5.38,2026-08-26T23:10:51
resnet18,guided_backprop,max_sensitivity,6,0.6,7,8,1.1846842020750046,1.25043;1.27015;1.19332;1.0368;1.13448;1.11213;1.11487;1.3653,4.48,2026-08-26T23:10:56
resnet18,guided_backprop,max_sensitivity,7,0.7,0,8,1.4497179836034775,1.17253;2.75017;1.24266;1.59407;1.35361;1.06115;1.11326;1.31031,3.99,2026-08-26T23:11:00
resnet18,guided_backprop,max_sensitivity,7,0.7,1,8,1.3508027493953705,1.41206;1.39737;1.15659;1.17684;1.45285;1.34104;1.5014;1.36827,5.07,2026-08-26T23:11:05
resnet18,guided_backprop,max_sensitivity,7,0.7,2,8,1.2940324693918228,1.25218;1.21135;1.21759;1.4046;1.32068;1.46688;1.21315;1.26582,4.27,2026-08-26T23:11:09
resnet18,guided_backprop,max_sensitivity,7,0.7,3,8,1.3858999460935593,1.60905;1.45249;1.23726;1.46264;1.43922;1.32553;1.189;1.37201,3.95,2026-08-26T23:11:13
resnet18,guided_backprop,max_sensitivity,7,0.7,4,8,1.4256602972745895,1.14938;1.3909;1.77928;1.66152;1.26773;1.6237;1.29298;1.2398,4.47,2026-08-26T23:11:17
resnet18,guided_backprop,max_sensitivity,7,0.7,5,8,1.4051436483860016,1.59674;1.36278;1.51882;1.15297;1.18231;1.29175;1.98095;1.15483,4.76,2026-08-26T23:11:22
resnet18,guided_backprop,max_sensitivity,7,0.7,6,8,1.4048540145158768,1.50065;1.96874;1.25549;1.2898;1.27745;1.27717;1.1766;1.49292,3.95,2026-08-26T23:11:26
resnet18,guided_backprop,max_sensitivity,7,0.7,7,8,1.2383566498756409,1.26393;1.31952;1.19047;1.11159;1.22591;1.18255;1.167;1.44587,4.14,2026-08-26T23:11:30
resnet18,guided_backprop,max_sensitivity,8,0.8,0,8,1.4667862504720688,1.24567;2.57783;1.25197;1.53004;1.45895;1.0494;1.13401;1.48642,4.45,2026-08-26T23:11:35
resnet18,guided_backprop,max_sensitivity,8,0.8,1,8,1.430913284420967,1.50473;1.44253;1.25146;1.23433;1.5475;1.40623;1.66339;1.39714,3.32,2026-08-26T23:11:38
resnet18,guided_backprop,max_sensitivity,8,0.8,2,8,1.4667299091815948,1.56206;1.35176;1.55134;1.78588;1.32738;1.4775;1.27933;1.39857,3.29,2026-08-26T23:11:41
resnet18,guided_backprop,max_sensitivity,8,0.8,3,8,1.4471894800662994,1.62068;1.54341;1.28562;1.50495;1.54468;1.37696;1.21583;1.48539,3.8,2026-08-26T23:11:45
resnet18,guided_backprop,max_sensitivity,8,0.8,4,8,1.4978917390108109,1.23481;1.52212;1.71747;1.68061;1.35829;1.88669;1.35822;1.22492,4.16,2026-08-26T23:11:49
resnet18,guided_backprop,max_sensitivity,8,0.8,5,8,1.4257429540157318,1.55595;1.32839;1.49026;1.26361;1.30346;1.24565;2.01148;1.20715,3.29,2026-08-26T23:11:52
resnet18,guided_backprop,max_sensitivity,8,0.8,6,8,1.470004603266716,1.45647;1.93788;1.36313;1.34424;1.42862;1.43322;1.21667;1.5798,3.31,2026-08-26T23:11:56
resnet18,guided_backprop,max_sensitivity,8,0.8,7,8,1.300238162279129,1.31737;1.42801;1.28822;1.11096;1.22155;1.27239;1.25577;1.50763,4.13,2026-08-26T23:12:00
resnet18,guided_backprop,max_sensitivity,9,0.9,0,8,1.4509408921003342,1.32593;1.92703;1.34748;1.533;1.55404;1.26208;1.21288;1.44509,3.56,2026-08-26T23:12:03
resnet18,guided_backprop,max_sensitivity,9,0.9,1,8,1.5290759652853012,1.65002;1.44896;1.29384;1.37785;1.62613;1.42781;1.84744;1.56056,2.93,2026-08-26T23:12:06
resnet18,guided_backprop,max_sensitivity,9,0.9,2,8,1.4543366432189941,1.40646;1.34044;1.5057;1.54037;1.44256;1.46273;1.41323;1.52322,2.89,2026-08-26T23:12:09
resnet18,guided_backprop,max_sensitivity,9,0.9,3,8,1.5359143316745758,1.74047;1.67591;1.41589;1.52539;1.69024;1.46786;1.27311;1.49845,3.22,2026-08-26T23:12:13
resnet18,guided_backprop,max_sensitivity,9,0.9,4,8,1.5643919557332993,1.26802;1.57843;1.71759;1.90918;1.62637;1.71246;1.43479;1.26829,3.98,2026-08-26T23:12:17
resnet18,guided_backprop,max_sensitivity,9,0.9,5,8,1.4557720720767975,1.64232;1.4521;1.61041;1.22572;1.30037;1.36551;1.87156;1.17818,2.93,2026-08-26T23:12:19
resnet18,guided_backprop,max_sensitivity,9,0.9,6,8,1.4465472102165222,1.69511;1.80339;1.33547;1.35214;1.37628;1.27179;1.23076;1.50744,2.86,2026-08-26T23:12:22
resnet18,guided_backprop,max_sensitivity,9,0.9,7,8,1.3403576165437698,1.41761;1.30165;1.37867;1.17111;1.31273;1.2867;1.31459;1.5398,2.93,2026-08-26T23:12:25
resnet18,guided_backprop,random_logit,0,0.0,0,8,0.9853644757242574,0.989801;0.976093;0.987788;0.968883;0.978187;0.998926;0.989325;0.993914,1.32,2026-08-26T23:12:27
resnet18,guided_backprop,random_logit,0,0.0,1,8,0.9665899074004517,0.969066;0.973393;0.989699;0.917386;0.961579;0.943953;0.991552;0.986091,1.63,2026-08-26T23:12:28
resnet18,guided_backprop,random_logit,0,0.0,2,8,0.9797754831892469,0.979861;0.918256;0.99897;0.98383;0.996232;0.980073;0.988393;0.992589,1.68,2026-08-26T23:12:30
resnet18,guided_backprop,random_logit,0,0.0,3,8,0.9805629985098794,0.965691;0.984158;0.966461;0.990492;0.991779;0.969585;0.983549;0.99279,1.09,2026-08-26T23:12:31
resnet18,guided_backprop,random_logit,0,0.0,4,8,0.9892011574374828,0.990762;0.971378;0.993369;0.985584;0.996553;0.989807;0.996357;0.9898,1.06,2026-08-26T23:12:32
resnet18,guided_backprop,random_logit,0,0.0,5,8,0.9790066859573179,0.979098;0.968754;0.977449;0.982838;0.996581;0.990263;0.973475;0.963595,1.1,2026-08-26T23:12:33
resnet18,guided_backprop,random_logit,0,0.0,6,8,0.9775796282700724,0.982558;0.938326;0.98267;0.985192;0.978598;0.962558;0.993565;0.997171,1.07,2026-08-26T23:12:34
resnet18,guided_backprop,random_logit,0,0.0,7,8,0.9912578559993868,0.991216;0.991165;0.995432;0.992666;0.995699;0.994672;0.9932;0.976012,1.11,2026-08-26T23:12:35
resnet18,guided_backprop,random_logit,1,0.1,0,8,0.9463472507392678,0.949471;0.94312;0.940414;0.911091;0.964329;0.986015;0.941999;0.934339,1.04,2026-08-26T23:12:36
resnet18,guided_backprop,random_logit,1,0.1,1,8,0.9319246155712501,0.904465;0.946788;0.955364;0.886845;0.912814;0.921661;0.970976;0.956485,1.05,2026-08-26T23:12:37
resnet18,guided_backprop,random_logit,1,0.1,2,8,0.9350090708008927,0.935926;0.887932;0.990917;0.913422;0.94185;0.948783;0.925152;0.936091,1.02,2026-08-26T23:12:38
resnet18,guided_backprop,random_logit,1,0.1,3,8,0.9360574222931111,0.895935;0.96458;0.922015;0.905994;0.949584;0.929355;0.949617;0.971378,1.06,2026-08-26T23:12:39
resnet18,guided_backprop,random_logit,1,0.1,4,8,0.944002248276394,0.942601;0.901711;0.947231;0.928105;0.944719;0.967924;0.975138;0.94459,1.3,2026-08-26T23:12:41
resnet18,guided_backprop,random_logit,1,0.1,5,8,0.9544231961417591,0.954549;0.940175;0.949561;0.929954;0.9771;0.97458;0.958771;0.950694,1.57,2026-08-26T23:12:42
resnet18,guided_backprop,random_logit,1,0.1,6,8,0.9413264211746488,0.939867;0.918042;0.936196;0.953831;0.893399;0.941301;0.975219;0.972756,1.56,2026-08-26T23:12:44
resnet18,guided_backprop,random_logit,1,0.1,7,8,0.9417847262554393,0.947786;0.959826;0.955514;0.910953;0.963989;0.958616;0.896009;0.941585,1.07,2026-08-26T23:12:45
resnet18,guided_backprop,random_logit,2,0.2,0,8,0.9113125321158463,0.913854;0.907901;0.896145;0.855576;0.946592;0.971922;0.909212;0.889298,0.96,2026-08-26T23:12:46
resnet18,guided_backprop,random_logit,2,0.2,1,8,0.8933876642127461,0.839853;0.919748;0.932604;0.840385;0.856805;0.892426;0.951121;0.91416,0.98,2026-08-26T23:12:47
resnet18,guided_backprop,random_logit,2,0.2,2,8,0.8964817834172019,0.892758;0.865866;0.983771;0.858157;0.898248;0.924899;0.874062;0.874093,0.99,2026-08-26T23:12:48
resnet18,guided_backprop,random_logit,2,0.2,3,8,0.9005408435438192,0.868334;0.949873;0.886674;0.840688;0.911948;0.883813;0.922537;0.94046,1.0,2026-08-26T23:12:49
resnet18,guided_backprop,random_logit,2,0.2,4,8,0.892979308346658,0.887065;0.826736;0.894561;0.874253;0.883985;0.942181;0.931981;0.903071,0.99,2026-08-26T23:12:50
resnet18,guided_backprop,random_logit,2,0.2,5,8,0.9285850187688601,0.91893;0.927008;0.927294;0.879898;0.967229;0.964394;0.92966;0.914267,1.02,2026-08-26T23:12:51
resnet18,guided_backprop,random_logit,2,0.2,6,8,0.9016314078912193,0.928409;0.842233;0.887831;0.923456;0.806308;0.900201;0.970851;0.953761,0.96,2026-08-26T23:12:52
resnet18,guided_backprop,random_logit,2,0.2,7,8,0.9001875172817778,0.911212;0.927758;0.925818;0.848286;0.936139;0.917586;0.819488;0.915212,0.97,2026-08-26T23:12:53
resnet18,guided_backprop,random_logit,3,0.3,0,8,0.889101381126351,0.891573;0.896983;0.872044;0.832285;0.938227;0.967994;0.865483;0.848223,0.92,2026-08-26T23:12:54
resnet18,guided_backprop,random_logit,3,0.3,1,8,0.87179587895591,0.799118;0.90271;0.914402;0.821249;0.82291;0.868066;0.938175;0.907737,1.37,2026-08-26T23:12:55
resnet18,guided_backprop,random_logit,3,0.3,2,8,0.8717247483482348,0.870988;0.849146;0.979917;0.815131;0.864678;0.901269;0.836134;0.856536,1.37,2026-08-26T23:12:57
resnet18,guided_backprop,random_logit,3,0.3,3,8,0.8618083692395353,0.854465;0.932305;0.845323;0.781317;0.888348;0.855022;0.824201;0.913487,1.41,2026-08-26T23:12:58
resnet18,guided_backprop,random_logit,3,0.3,4,8,0.8780159483165719,0.859898;0.805399;0.879703;0.849935;0.887027;0.928026;0.946197;0.867944,0.94,2026-08-26T23:12:59
resnet18,guided_backprop,random_logit,3,0.3,5,8,0.912256311621296,0.906025;0.919836;0.906507;0.837145;0.958418;0.95606;0.915733;0.898327,0.94,2026-08-26T23:13:00
resnet18,guided_backprop,random_logit,3,0.3,6,8,0.8690509634266861,0.903092;0.794977;0.847969;0.901935;0.741116;0.867317;0.955919;0.940081,0.93,2026-08-26T23:13:01
resnet18,guided_backprop,random_logit,3,0.3,7,8,0.8689368268734818,0.887506;0.914471;0.901048;0.792022;0.917673;0.904062;0.748186;0.886527,0.93,2026-08-26T23:13:02
resnet18,guided_backprop,random_logit,4,0.4,0,8,0.873230852196786,0.85237;0.881243;0.85038;0.808547;0.937597;0.958411;0.86291;0.834388,0.9,2026-08-26T23:13:03
resnet18,guided_backprop,random_logit,4,0.4,1,8,0.8522489084811,0.770832;0.863203;0.900661;0.778289;0.8063;0.871323;0.932025;0.895358,0.89,2026-08-26T23:13:03
resnet18,guided_backprop,random_logit,4,0.4,2,8,0.8336090805306089,0.837735;0.815525;0.955637;0.77993;0.830556;0.871889;0.739157;0.838444,0.93,2026-08-26T23:13:04
resnet18,guided_backprop,random_logit,4,0.4,3,8,0.8495915624413852,0.809567;0.92774;0.81028;0.748987;0.869598;0.832337;0.887407;0.910818,0.92,2026-08-26T23:13:05
resnet18,guided_backprop,random_logit,4,0.4,4,8,0.8438737877302316,0.841658;0.749061;0.848788;0.812818;0.862258;0.913327;0.885467;0.837614,0.85,2026-08-26T23:13:06
resnet18,guided_backprop,random_logit,4,0.4,5,8,0.9046990923022782,0.890473;0.91169;0.908294;0.831376;0.946947;0.952324;0.906676;0.889813,0.89,2026-08-26T23:13:07
resnet18,guided_backprop,random_logit,4,0.4,6,8,0.8590994053006134,0.895552;0.787333;0.834543;0.896348;0.712708;0.863442;0.95039;0.93248,0.92,2026-08-26T23:13:08
resnet18,guided_backprop,random_logit,4,0.4,7,8,0.8471854403428113,0.868377;0.892422;0.877839;0.759513;0.899348;0.888116;0.712668;0.879201,1.33,2026-08-26T23:13:09
resnet18,guided_backprop,random_logit,5,0.5,0,8,0.8577322483069219,0.857957;0.834604;0.828924;0.786864;0.929049;0.954914;0.854828;0.814718,1.02,2026-08-26T23:13:10
resnet18,guided_backprop,random_logit,5,0.5,1,8,0.8362761003211645,0.707471;0.842299;0.888747;0.805695;0.78494;0.854173;0.923526;0.883356,1.06,2026-08-26T23:13:11
resnet18,guided_backprop,random_logit,5,0.5,2,8,0.830038309870349,0.792206;0.834219;0.973159;0.750218;0.825126;0.886353;0.790988;0.788037,0.91,2026-08-26T23:13:12
resnet18,guided_backprop,random_logit,5,0.5,3,8,0.8322083173589883,0.826231;0.908;0.829946;0.72113;0.859715;0.820303;0.794048;0.898293,0.81,2026-08-26T23:13:13
resnet18,guided_backprop,random_logit,5,0.5,4,8,0.8431861922299992,0.825638;0.766029;0.824239;0.813502;0.838643;0.926015;0.915331;0.836093,0.72,2026-08-26T23:13:14
resnet18,guided_backprop,random_logit,5,0.5,5,8,0.8927740939208593,0.888342;0.906831;0.894806;0.802142;0.94787;0.942877;0.895176;0.864149,0.74,2026-08-26T23:13:15
resnet18,guided_backprop,random_logit,5,0.5,6,8,0.8425522981135785,0.883706;0.774593;0.817949;0.880555;0.652784;0.855736;0.948619;0.926477,0.73,2026-08-26T23:13:15
resnet18,guided_backprop,random_logit,5,0.5,7,8,0.826660153092226,0.856634;0.850666;0.87757;0.736131;0.884981;0.876682;0.683951;0.846665,0.74,2026-08-26T23:13:16
resnet18,guided_backprop,random_logit,6,0.6,0,8,0.8552428894939001,0.852741;0.869629;0.7919;0.782026;0.930412;0.95671;0.851204;0.807323,0.66,2026-08-26T23:13:17
resnet18,guided_backprop,random_logit,6,0.6,1,8,0.8321596283551238,0.733292;0.886266;0.818621;0.773836;0.786298;0.86828;0.925457;0.865228,0.66,2026-08-26T23:13:17
resnet18,guided_backprop,random_logit,6,0.6,2,8,0.8177958635395504,0.824239;0.834811;0.949022;0.750001;0.829919;0.880236;0.695537;0.778601,0.67,2026-08-26T23:13:18
resnet18,guided_backprop,random_logit,6,0.6,3,8,0.8319118218097631,0.761247;0.908385;0.837124;0.718642;0.873517;0.848556;0.800648;0.907175,0.66,2026-08-26T23:13:19
resnet18,guided_backprop,random_logit,6,0.6,4,8,0.8420253325428428,0.834612;0.757111;0.847582;0.809815;0.846854;0.910257;0.897869;0.832102,0.69,2026-08-26T23:13:19
resnet18,guided_backprop,random_logit,6,0.6,5,8,0.8891651526434872,0.858541;0.89954;0.876813;0.81427;0.942338;0.948401;0.89192;0.881499,0.68,2026-08-26T23:13:20
resnet18,guided_backprop,random_logit,6,0.6,6,8,0.8323434021515677,0.853566;0.734294;0.820309;0.868054;0.649084;0.859532;0.948176;0.925734,0.63,2026-08-26T23:13:21
resnet18,guided_backprop,random_logit,6,0.6,7,8,0.8231150905813936,0.854162;0.876183;0.873588;0.71912;0.887837;0.857777;0.675155;0.841097,0.68,2026-08-26T23:13:21
resnet18,guided_backprop,random_logit,7,0.7,0,8,0.8428289530524806,0.854386;0.822985;0.773521;0.751899;0.940051;0.947901;0.859144;0.792744,0.61,2026-08-26T23:13:22
resnet18,guided_backprop,random_logit,7,0.7,1,8,0.8467029324279385,0.759083;0.872176;0.856893;0.818963;0.794429;0.876572;0.926722;0.868785,0.88,2026-08-26T23:13:23
resnet18,guided_backprop,random_logit,7,0.7,2,8,0.8458574968926009,0.836299;0.851639;0.926026;0.793495;0.859031;0.870918;0.802302;0.82715,0.89,2026-08-26T23:13:24
resnet18,guided_backprop,random_logit,7,0.7,3,8,0.8271052062480653,0.770378;0.920848;0.730471;0.745898;0.851867;0.861024;0.824783;0.911573,0.94,2026-08-26T23:13:25
resnet18,guided_backprop,random_logit,7,0.7,4,8,0.8631692764062178,0.849662;0.788408;0.876613;0.842221;0.862682;0.918463;0.899295;0.868009,0.93,2026-08-26T23:13:26
resnet18,guided_backprop,random_logit,7,0.7,5,8,0.8943320158314421,0.875718;0.914029;0.896101;0.82275;0.944257;0.950673;0.896483;0.854645,0.76,2026-08-26T23:13:26
resnet18,guided_backprop,random_logit,7,0.7,6,8,0.8493597575220666,0.898055;0.806572;0.810144;0.874716;0.679577;0.858074;0.937387;0.930351,0.6,2026-08-26T23:13:27
resnet18,guided_backprop,random_logit,7,0.7,7,8,0.8193912859615511,0.838578;0.870858;0.864025;0.71946;0.891322;0.865217;0.628964;0.876706,0.61,2026-08-26T23:13:28
resnet18,guided_backprop,random_logit,8,0.8,0,8,0.8652870522862622,0.88885;0.854106;0.814606;0.781429;0.948532;0.961857;0.8654;0.807517,0.5,2026-08-26T23:13:28
resnet18,guided_backprop,random_logit,8,0.8,1,8,0.8588433567101004,0.766639;0.876276;0.919674;0.854884;0.805607;0.843266;0.934958;0.869443,0.5,2026-08-26T23:13:29
resnet18,guided_backprop,random_logit,8,0.8,2,8,0.8389362808814383,0.884444;0.835783;0.924435;0.773937;0.815859;0.901849;0.734707;0.840476,0.47,2026-08-26T23:13:29
resnet18,guided_backprop,random_logit,8,0.8,3,8,0.8450060452377579,0.857442;0.907697;0.790656;0.735563;0.878243;0.887384;0.776629;0.926434,0.49,2026-08-26T23:13:30
resnet18,guided_backprop,random_logit,8,0.8,4,8,0.8665680791408918,0.850073;0.799762;0.859126;0.835738;0.852345;0.940131;0.917735;0.877635,0.49,2026-08-26T23:13:30
resnet18,guided_backprop,random_logit,8,0.8,5,8,0.9003688733946976,0.891363;0.914642;0.918735;0.796609;0.945036;0.952641;0.889472;0.894451,0.5,2026-08-26T23:13:31
resnet18,guided_backprop,random_logit,8,0.8,6,8,0.8515226426110151,0.915527;0.766576;0.829546;0.886256;0.656771;0.875873;0.942184;0.939449,0.49,2026-08-26T23:13:31
resnet18,guided_backprop,random_logit,8,0.8,7,8,0.8450931937171271,0.859732;0.875063;0.889676;0.766674;0.902423;0.893425;0.699761;0.873992,0.49,2026-08-26T23:13:32
resnet18,guided_backprop,random_logit,9,0.9,0,8,0.8926848930423048,0.917053;0.891395;0.841907;0.807499;0.960252;0.959997;0.882619;0.880756,0.41,2026-08-26T23:13:32
resnet18,guided_backprop,random_logit,9,0.9,1,8,0.8759972281176561,0.808583;0.916057;0.862768;0.882404;0.800871;0.877448;0.951556;0.908291,0.42,2026-08-26T23:13:32
resnet18,guided_backprop,random_logit,9,0.9,2,8,0.874384300522968,0.911805;0.917225;0.928185;0.843822;0.861551;0.895783;0.800143;0.836559,0.43,2026-08-26T23:13:33
resnet18,guided_backprop,random_logit,9,0.9,3,8,0.8734530161556237,0.804628;0.944347;0.841461;0.824776;0.928858;0.90841;0.832371;0.902773,0.4,2026-08-26T23:13:33
resnet18,guided_backprop,random_logit,9,0.9,4,8,0.9121296752870386,0.913564;0.834727;0.918836;0.914373;0.945047;0.946636;0.934366;0.889488,0.42,2026-08-26T23:13:34
resnet18,guided_backprop,random_logit,9,0.9,5,8,0.9368750057310954,0.926257;0.942354;0.928616;0.888317;0.95618;0.963361;0.939646;0.950269,0.41,2026-08-26T23:13:34
resnet18,guided_backprop,random_logit,9,0.9,6,8,0.9007199935866584,0.93171;0.853412;0.908011;0.909494;0.786427;0.884756;0.971566;0.960384,0.42,2026-08-26T23:13:35
resnet18,guided_backprop,random_logit,9,0.9,7,8,0.8877980885250669,0.919335;0.918372;0.921768;0.808522;0.928975;0.876088;0.817975;0.91135,0.42,2026-08-26T23:13:35
resnet18,lrp,max_sensitivity,0,0.0,0,8,427.8752516657114,8.25105;113.416;1.55003;74.4062;2615.03;191.462;42.087;376.795,8.74,2026-08-26T23:13:44
resnet18,lrp,max_sensitivity,0,0.0,1,8,235.38112410902977,13.3465;200.809;150.651;14.5249;1498.84;1.11873;2.70992;1.04542,6.03,2026-08-26T23:13:50
resnet18,lrp,max_sensitivity,0,0.0,2,8,884.0300626456738,1.00816;22.1937;73.5825;6614.14;305.412;6.39567;3.03861;46.4696,7.1,2026-08-26T23:13:57
resnet18,lrp,max_sensitivity,0,0.0,3,8,3100.287207841873,21803.4;4.05305;1155.87;89.6279;56.3211;1.02472;556.66;1135.38,5.93,2026-08-26T23:14:03
resnet18,lrp,max_sensitivity,0,0.0,4,8,713.4693737477064,1038.91;1.52722;5.84292;15.9025;260.045;3.17637;3479.39;902.965,7.0,2026-08-26T23:14:10
resnet18,lrp,max_sensitivity,0,0.0,5,8,55.77331358194351,90.1618;2.44373;5.59324;63.8129;246.458;5.70976;6.8335;25.1736,6.05,2026-08-26T23:14:16
resnet18,lrp,max_sensitivity,0,0.0,6,8,199.5781242698431,1.04634;1453.62;72.3777;1.04119;16.5224;4.18472;34.0101;13.8201,6.99,2026-08-26T23:14:23
resnet18,lrp,max_sensitivity,0,0.0,7,8,1051.0108137875795,3.77359;2.36257;2904.21;1.06181;5366.9;43.1869;60.404;26.189,5.89,2026-08-26T23:14:29
resnet18,lrp,max_sensitivity,1,0.1,0,8,2588.040623962879,1.06505;51.3077;5.00643;515.382;19602.6;144.84;21.0942;362.989,6.9,2026-08-26T23:14:36
resnet18,lrp,max_sensitivity,1,0.1,1,8,68.85355463624,28.242;136.094;12.9522;32.4375;328.306;2.025;2.12709;8.6445,5.82,2026-08-26T23:14:41
resnet18,lrp,max_sensitivity,1,0.1,2,8,420.0849195122719,191.989;5.86698;20.7319;731.348;2195.85;38.2987;31.2116;145.383,6.34,2026-08-26T23:14:48
resnet18,lrp,max_sensitivity,1,0.1,3,8,23.9180805683136,3.12074;11.7055;31.9935;2.34424;14.8494;1.00263;9.34341;116.985,6.32,2026-08-26T23:14:54
resnet18,lrp,max_sensitivity,1,0.1,4,8,292.00494506955147,1191.95;1.05697;10.6444;72.8063;60.9792;8.08928;477.884;512.628,5.82,2026-08-26T23:15:00
resnet18,lrp,max_sensitivity,1,0.1,5,8,850.9075194299221,161.645;1.09251;207.246;40.6763;359.265;2.2621;3362.28;2672.79,6.77,2026-08-26T23:15:07
resnet18,lrp,max_sensitivity,1,0.1,6,8,162.1939766407013,29.2147;948.403;31.0793;9.65017;11.0321;38.1495;205.826;24.1973,5.77,2026-08-26T23:15:12
resnet18,lrp,max_sensitivity,1,0.1,7,8,117978.02125646174,53831.6;8.821;887026;1.22169;181.399;10.7999;9.65197;2754.5,6.95,2026-08-26T23:15:19
resnet18,lrp,max_sensitivity,2,0.2,0,8,897.0278067737818,1.19657;184.367;35.8962;163.333;3336.54;24.3699;989.884;2440.64,5.64,2026-08-26T23:15:25
resnet18,lrp,max_sensitivity,2,0.2,1,8,18341.711079090834,86.3679;143.034;2.24863;307.797;146127;18.8214;45.2651;3.0454,6.93,2026-08-26T23:15:32
resnet18,lrp,max_sensitivity,2,0.2,2,8,496.2875276654959,1.7866;18.2492;2293.87;1082.27;291.166;16.1407;1.95288;264.869,5.58,2026-08-26T23:15:38
resnet18,lrp,max_sensitivity,2,0.2,3,8,60.948272719979286,1.53922;94.6357;15.9131;202.475;28.1967;1.0065;81.8497;61.9701,6.24,2026-08-26T23:15:44
resnet18,lrp,max_sensitivity,2,0.2,4,8,539.0863175839186,19.6477;1.27319;11.313;38.8869;27.9886;1513.24;44.3298;2656.01,6.13,2026-08-26T23:15:50
resnet18,lrp,max_sensitivity,2,0.2,5,8,839.2858926206827,6348.57;1.02665;2.99129;8.57021;28.7844;11.5519;292.436;20.3538,5.68,2026-08-26T23:15:56
resnet18,lrp,max_sensitivity,2,0.2,6,8,168.85098153352737,2.77077;901.736;161.583;6.75529;2.57166;145.218;57.6786;72.4947,6.69,2026-08-26T23:16:02
resnet18,lrp,max_sensitivity,2,0.2,7,8,3208.186679303646,1183.72;10.9374;30.7427;2.31516;631.111;23711.7;51.9519;43.0533,5.73,2026-08-26T23:16:08
resnet18,lrp,max_sensitivity,3,0.3,0,8,390.0172955542803,1.01063;98.619;7.97977;1249.78;345.917;1163.69;163.659;89.4792,6.71,2026-08-26T23:16:15
resnet18,lrp,max_sensitivity,3,0.3,1,8,238.72274039685726,58.637;133.867;1.19883;157.955;1538.5;17.4693;1.11572;1.04244,5.59,2026-08-26T23:16:20
resnet18,lrp,max_sensitivity,3,0.3,2,8,607.373358592391,124.102;14.5999;366.339;56.3438;3611.7;230.066;1.64554;454.191,6.33,2026-08-26T23:16:27
resnet18,lrp,max_sensitivity,3,0.3,3,8,255.41884107887745,19.2674;1831.69;43.6099;29.9127;3.63198;1.17125;3.60505;110.463,5.93,2026-08-26T23:16:33
resnet18,lrp,max_sensitivity,3,0.3,4,8,181.0723656564951,125.087;1.06569;142;90.0399;57.771;49.1336;784.296;199.186,5.88,2026-08-26T23:16:39
resnet18,lrp,max_sensitivity,3,0.3,5,8,5944.11817073822,46702.9;1.02288;10.8789;19.6292;45.7215;11.2088;5.73198;755.881,6.29,2026-08-26T23:16:45
resnet18,lrp,max_sensitivity,3,0.3,6,8,464.9855468571186,491.483;2953.33;127.721;5.1409;3.76126;49.2886;76.4239;12.7334,5.41,2026-08-26T23:16:50
resnet18,lrp,max_sensitivity,3,0.3,7,8,166.2996904551983,260.272;72.3863;110.924;1.0236;33.0723;783.957;26.8704;41.8918,6.62,2026-08-26T23:16:57
resnet18,lrp,max_sensitivity,4,0.4,0,8,961.0941789895296,1.00147;9.98944;3.39801;11.93;4680.6;1.15236;2904.75;75.9347,5.48,2026-08-26T23:17:02
resnet18,lrp,max_sensitivity,4,0.4,1,8,149.29736964404583,10.346;29.8633;2.13805;85.0617;1040.87;2.48262;22.592;1.02316,6.63,2026-08-26T23:17:09
resnet18,lrp,max_sensitivity,4,0.4,2,8,58.06456007063389,1.53484;20.9963;196.641;133.333;28.1312;10.2549;1.98058;71.6445,5.53,2026-08-26T23:17:14
resnet18,lrp,max_sensitivity,4,0.4,3,8,8522.707158640027,2.84388;31.7246;231.933;13.0071;212.334;1.17521;724.328;66964.3,5.98,2026-08-26T23:17:20
resnet18,lrp,max_sensitivity,4,0.4,4,8,246.35716545581818,1038.54;10.9466;10.2849;154.66;61.9217;523.085;56.5275;114.888,6.2,2026-08-26T23:17:27
resnet18,lrp,max_sensitivity,4,0.4,5,8,1521.7039256244898,268.698;1.00982;8131.69;3668.9;25.4102;2.79355;68.2459;6.88258,5.43,2026-08-26T23:17:32
resnet18,lrp,max_sensitivity,4,0.4,6,8,256.0217478722334,1.05284;252.422;1024.87;1.27436;12.7217;2.42721;230.919;522.491,6.44,2026-08-26T23:17:39
resnet18,lrp,max_sensitivity,4,0.4,7,8,69.98513658344746,7.31286;2.59787;131.579;1.09357;167.061;169.852;55.6694;24.7148,5.32,2026-08-26T23:17:44
resnet18,lrp,max_sensitivity,5,0.5,0,8,252.6502627134323,2.58;39.2028;6.45057;209.781;1248.44;43.4569;48.0468;423.241,5.45,2026-08-26T23:17:49
resnet18,lrp,max_sensitivity,5,0.5,1,8,136.24164332449436,25.674;27.4523;3.70866;6.25282;1016.91;6.57421;2.35117;1.01057,5.41,2026-08-26T23:17:55
resnet18,lrp,max_sensitivity,5,0.5,2,8,703.5561797618866,61.7158;134.674;4729.65;557.486;37.4916;92.2532;2.12483;13.0584,4.91,2026-08-26T23:18:00
resnet18,lrp,max_sensitivity,5,0.5,3,8,130.6310116648674,3.00974;104.026;4.57937;263.468;48.3485;1.40731;585.847;34.362,6.05,2026-08-26T23:18:06
resnet18,lrp,max_sensitivity,5,0.5,4,8,5187.563671886921,331.389;5.59213;4.71497;57.0913;5.13274;30.357;127.639;40938.6,4.84,2026-08-26T23:18:11
resnet18,lrp,max_sensitivity,5,0.5,5,8,215.5577572286129,1497.32;5.15045;13.2292;3.06972;23.3583;3.83322;172.274;6.22941,5.15,2026-08-26T23:18:16
resnet18,lrp,max_sensitivity,5,0.5,6,8,314.96612560749054,15.7529;1676.85;329.481;1.06771;51.5232;235.652;186.091;23.3122,5.78,2026-08-26T23:18:21
resnet18,lrp,max_sensitivity,5,0.5,7,8,70.37691631913185,13.0856;16.4655;171.121;1.42752;33.1758;92.4413;169.023;66.2761,4.9,2026-08-26T23:18:26
resnet18,lrp,max_sensitivity,6,0.6,0,8,124.17584399878979,1.00016;9.12565;44.4037;3.14803;408.473;1.27406;503.897;22.0854,5.43,2026-08-26T23:18:32
resnet18,lrp,max_sensitivity,6,0.6,1,8,949.3109613955021,7.07675;30.4661;5.16703;17.9258;7338.69;15.7057;178.456;1.00011,5.03,2026-08-26T23:18:37
resnet18,lrp,max_sensitivity,6,0.6,2,8,240.505283549428,1.08102;15.631;36.965;32.1967;258.978;62.1639;1476.36;40.6674,4.66,2026-08-26T23:18:41
resnet18,lrp,max_sensitivity,6,0.6,3,8,135.2357483804226,312.965;1.4497;67.6431;130.014;58.6136;1.01573;225.7;284.485,5.91,2026-08-26T23:18:47
resnet18,lrp,max_sensitivity,6,0.6,4,8,312.2718952447176,26.3142;1.00523;1.78386;28.9088;151.496;12.0313;2214.02;62.6166,4.67,2026-08-26T23:18:52
resnet18,lrp,max_sensitivity,6,0.6,5,8,48.14643973112106,196.418;1.13269;66.6915;34.5534;11.7528;28.5351;2.44253;43.6457,4.77,2026-08-26T23:18:57
resnet18,lrp,max_sensitivity,6,0.6,6,8,154.27417336404324,1.41362;591.243;174.736;77.8074;134.706;5.35944;170.138;78.79,5.79,2026-08-26T23:19:03
resnet18,lrp,max_sensitivity,6,0.6,7,8,373.335087031126,106.75;23.7666;1438.39;1.03268;1092.5;25.4937;294.343;4.39859,4.74,2026-08-26T23:19:07
resnet18,lrp,max_sensitivity,7,0.7,0,8,149.31520676612854,1.00001;26.3188;5.56471;47.5899;476.776;6.51256;190.926;439.834,5.02,2026-08-26T23:19:12
resnet18,lrp,max_sensitivity,7,0.7,1,8,134.47307594120502,24.9634;142.845;1.04407;31.7833;612.911;36.53;224.708;1.00045,5.24,2026-08-26T23:19:18
resnet18,lrp,max_sensitivity,7,0.7,2,8,1433.8140633106232,10514.6;551.181;191.551;21.8164;37.5233;13.3677;15.0608;125.397,4.53,2026-08-26T23:19:22
resnet18,lrp,max_sensitivity,7,0.7,3,8,76.75436052680016,1.26452;301.065;78.5901;5.22777;6.16446;1.03177;137.944;82.7476,5.49,2026-08-26T23:19:28
resnet18,lrp,max_sensitivity,7,0.7,4,8,233.1204618215561,227.473;6.16533;25.7745;162.499;10.5822;8.9544;1401.18;22.332,4.82,2026-08-26T23:19:32
resnet18,lrp,max_sensitivity,7,0.7,5,8,921.7612754106522,2985.29;3.33565;1152.49;13.1022;2808.47;4.26327;24.488;382.655,4.56,2026-08-26T23:19:37
resnet18,lrp,max_sensitivity,7,0.7,6,8,483.0035545229912,3.47727;2058.08;626.636;4.94592;1036.49;109.336;19.3076;5.74567,5.66,2026-08-26T23:19:43
resnet18,lrp,max_sensitivity,7,0.7,7,8,161.54656840860844,300.241;8.23536;651.737;1.05593;73.5279;104.226;17.9662;135.383,4.66,2026-08-26T23:19:47
resnet18,lrp,max_sensitivity,8,0.8,0,8,8101.919072598219,1.0023;15.798;1.51504;12.6768;63855.9;63.3068;8.54337;856.631,4.2,2026-08-26T23:19:52
resnet18,lrp,max_sensitivity,8,0.8,1,8,1404.1040065735579,610.453;42.8699;1.4778;97.4153;10473.5;1.26424;4.78629;1.01715,5.35,2026-08-26T23:19:57
resnet18,lrp,max_sensitivity,8,0.8,2,8,134781.68525649607,1.20026;96.0464;2740.08;1.07063e+06;3963.64;8.6833;235.183;582.898,4.17,2026-08-26T23:20:01
resnet18,lrp,max_sensitivity,8,0.8,3,8,942.6651063263416,3.34052;4.27401;58.3603;189.908;7213.13;1.55544;12.5168;58.2388,4.22,2026-08-26T23:20:05
resnet18,lrp,max_sensitivity,8,0.8,4,8,109710.44429671764,64.5076;72.6419;3.42286;94.0886;142.821;10.4469;862264;15031.8,5.34,2026-08-26T23:20:11
resnet18,lrp,max_sensitivity,8,0.8,5,8,880.2453801929951,480.718;107.616;118.749;106.55;244.342;11.9599;5968.41;3.61709,4.21,2026-08-26T23:20:15
resnet18,lrp,max_sensitivity,8,0.8,6,8,306.45434603095055,1.26302;1045.95;323.915;1.00969;269.181;740.628;67.9742;1.70911,4.28,2026-08-26T23:20:19
resnet18,lrp,max_sensitivity,8,0.8,7,8,144.41669872403145,67.302;14.8693;147.873;763.61;72.1234;3.14155;77.3692;9.04549,5.4,2026-08-26T23:20:25
resnet18,lrp,max_sensitivity,9,0.9,0,8,315.36519987881184,1.00383;180.498;840.577;21.2624;1015.5;16.7126;334.035;113.332,3.86,2026-08-26T23:20:28
resnet18,lrp,max_sensitivity,9,0.9,1,8,33.39136232435703,76.262;20.1523;18.9903;43.3069;82.081;21.2381;3.68988;1.41041,3.91,2026-08-26T23:20:32
resnet18,lrp,max_sensitivity,9,0.9,2,8,108.12983341515064,1.49602;64.1741;13.5318;150.288;519.229;59.3656;8.08254;48.8719,4.96,2026-08-26T23:20:37
resnet18,lrp,max_sensitivity,9,0.9,3,8,480.30490116775036,1.11683;6.90537;2641.3;35.9115;942.973;1.00193;184.972;28.2573,4.08,2026-08-26T23:20:41
resnet18,lrp,max_sensitivity,9,0.9,4,8,908.9787520170212,8.98705;1.08582;6.6017;1767.63;4867.27;17.7387;105.051;497.467,3.95,2026-08-26T23:20:45
resnet18,lrp,max_sensitivity,9,0.9,5,8,87.1851869225502,182.691;21.9429;15.0529;221.887;33.2292;2.61552;159.966;60.0976,4.64,2026-08-26T23:20:50
resnet18,lrp,max_sensitivity,9,0.9,6,8,548.3938422203064,1.10345;1552.83;2583.63;3.17113;15.5733;72.4283;144.472;13.9467,4.55,2026-08-26T23:20:55
resnet18,lrp,max_sensitivity,9,0.9,7,8,297.5775078237057,48.2116;2.30192;2186.27;1.24204;21.9918;14.1283;35.257;71.2196,3.99,2026-08-26T23:20:59
resnet18,lrp,random_logit,0,0.0,0,8,0.975905465971932,0.999999;0.979201;0.995785;0.954404;0.957992;0.992552;0.951592;0.975718,0.91,2026-08-26T23:20:59
resnet18,lrp,random_logit,0,0.0,1,8,0.9800389500019162,0.988332;0.944221;0.987951;0.966723;0.982284;0.978896;0.992191;0.999714,0.89,2026-08-26T23:21:00
resnet18,lrp,random_logit,0,0.0,2,8,0.9748599056704912,0.991693;0.974789;0.974362;0.950614;0.97888;0.987725;0.989357;0.951459,0.89,2026-08-26T23:21:01
resnet18,lrp,random_logit,0,0.0,3,8,0.9845135707315511,0.994911;0.954854;0.9627;0.97805;0.998257;1;0.997744;0.989592,1.03,2026-08-26T23:21:02
resnet18,lrp,random_logit,0,0.0,4,8,0.981289776820288,0.976452;0.995866;0.999683;0.971296;0.958547;0.989616;0.978295;0.980562,1.22,2026-08-26T23:21:03
resnet18,lrp,random_logit,0,0.0,5,8,0.9916919144504839,0.994601;0.987585;0.997087;0.98153;0.998973;0.995556;0.994356;0.983848,1.15,2026-08-26T23:21:05
resnet18,lrp,random_logit,0,0.0,6,8,0.9702478026063657,0.98904;0.958516;0.993895;0.9999;0.976642;0.955895;0.949073;0.939022,1.14,2026-08-26T23:21:06
resnet18,lrp,random_logit,0,0.0,7,8,0.9644612533161303,0.952899;0.982891;0.948788;0.961646;0.943477;0.982082;0.973432;0.970474,0.84,2026-08-26T23:21:07
resnet18,lrp,random_logit,1,0.1,0,8,0.9731272201345345,0.998444;0.975514;0.993914;0.953959;0.943881;0.991354;0.951657;0.976295,0.86,2026-08-26T23:21:07
resnet18,lrp,random_logit,1,0.1,1,8,0.9794771765951809,0.987703;0.941982;0.988353;0.966691;0.983208;0.979117;0.992162;0.996602,0.83,2026-08-26T23:21:08
resnet18,lrp,random_logit,1,0.1,2,8,0.9730090073228217,0.988071;0.97362;0.975403;0.942147;0.974472;0.986501;0.989832;0.954026,0.86,2026-08-26T23:21:09
resnet18,lrp,random_logit,1,0.1,3,8,0.9831678691732606,0.993719;0.955498;0.96294;0.978777;0.993887;0.997509;0.993926;0.989087,0.83,2026-08-26T23:21:10
resnet18,lrp,random_logit,1,0.1,4,8,0.9776459650083791,0.976634;0.991641;0.992364;0.971866;0.951617;0.988236;0.971332;0.977478,0.88,2026-08-26T23:21:11
resnet18,lrp,random_logit,1,0.1,5,8,0.9891719648505577,0.98971;0.987848;0.993781;0.975923;0.994955;0.992271;0.994177;0.984711,0.84,2026-08-26T23:21:12
resnet18,lrp,random_logit,1,0.1,6,8,0.9706726242042669,0.988848;0.960648;0.992965;0.998544;0.977097;0.957585;0.949172;0.940521,0.84,2026-08-26T23:21:13
resnet18,lrp,random_logit,1,0.1,7,8,0.9650689246355016,0.952017;0.982755;0.950811;0.963941;0.943637;0.981121;0.97487;0.971398,0.87,2026-08-26T23:21:13
resnet18,lrp,random_logit,2,0.2,0,8,0.9718720504845675,0.996308;0.974635;0.991378;0.956436;0.934295;0.991033;0.951339;0.979553,0.85,2026-08-26T23:21:14
resnet18,lrp,random_logit,2,0.2,1,8,0.9770539113433849,0.987483;0.938435;0.988645;0.952697;0.984244;0.979284;0.992088;0.993557,0.87,2026-08-26T23:21:15
resnet18,lrp,random_logit,2,0.2,2,8,0.9710467990978564,0.985415;0.974458;0.968626;0.936636;0.970335;0.985285;0.990336;0.957284,1.09,2026-08-26T23:21:16
resnet18,lrp,random_logit,2,0.2,3,8,0.9824592127716834,0.993091;0.957026;0.963921;0.979962;0.990155;0.995333;0.991049;0.989136,1.13,2026-08-26T23:21:17
resnet18,lrp,random_logit,2,0.2,4,8,0.9746300275641306,0.976808;0.988873;0.98621;0.972331;0.945581;0.98674;0.965476;0.975021,1.12,2026-08-26T23:21:18
resnet18,lrp,random_logit,2,0.2,5,8,0.9873401041669742,0.986121;0.988099;0.989737;0.971854;0.991777;0.991416;0.994204;0.985513,1.1,2026-08-26T23:21:20
resnet18,lrp,random_logit,2,0.2,6,8,0.9712305609646834,0.98819;0.963352;0.992107;0.997526;0.978354;0.959298;0.948946;0.942071,0.85,2026-08-26T23:21:20
resnet18,lrp,random_logit,2,0.2,7,8,0.9609839022540665,0.950112;0.978195;0.94689;0.953163;0.938088;0.976013;0.973219;0.972191,0.85,2026-08-26T23:21:21
resnet18,lrp,random_logit,3,0.3,0,8,0.9706996895194979,0.996396;0.971359;0.991024;0.956367;0.927544;0.989368;0.955123;0.978416,0.84,2026-08-26T23:21:22
resnet18,lrp,random_logit,3,0.3,1,8,0.9799758846316067,0.98756;0.944123;0.989329;0.9689;0.985392;0.980829;0.991904;0.99177,0.81,2026-08-26T23:21:23
resnet18,lrp,random_logit,3,0.3,2,8,0.9707067549017003,0.983419;0.974925;0.970304;0.932344;0.968297;0.984879;0.991051;0.960435,0.83,2026-08-26T23:21:24
resnet18,lrp,random_logit,3,0.3,3,8,0.9815841200819254,0.992183;0.955523;0.965623;0.980813;0.986648;0.994247;0.988591;0.989045,0.83,2026-08-26T23:21:25
resnet18,lrp,random_logit,3,0.3,4,8,0.9721090372283817,0.978031;0.98627;0.982412;0.97305;0.941967;0.986212;0.955739;0.97319,0.83,2026-08-26T23:21:25
resnet18,lrp,random_logit,3,0.3,5,8,0.9856664171569465,0.981989;0.985274;0.985764;0.969758;0.988936;0.991557;0.995145;0.986908,0.86,2026-08-26T23:21:26
resnet18,lrp,random_logit,3,0.3,6,8,0.969785670655166,0.988141;0.956076;0.990943;0.995975;0.977885;0.959955;0.947107;0.942201,0.85,2026-08-26T23:21:27
resnet18,lrp,random_logit,3,0.3,7,8,0.9674381265540236,0.953796;0.983568;0.956545;0.968909;0.946169;0.980782;0.976575;0.973161,0.84,2026-08-26T23:21:28
resnet18,lrp,random_logit,4,0.4,0,8,0.9670494859107563,0.995474;0.957196;0.990853;0.958377;0.915603;0.989022;0.957609;0.97226,0.82,2026-08-26T23:21:29
resnet18,lrp,random_logit,4,0.4,1,8,0.9786444987104314,0.987268;0.941279;0.989948;0.969252;0.978618;0.979637;0.992799;0.990354,0.88,2026-08-26T23:21:30
resnet18,lrp,random_logit,4,0.4,2,8,0.9722547206368843,0.981955;0.976115;0.98046;0.931384;0.967254;0.985022;0.991666;0.964182,1.12,2026-08-26T23:21:31
resnet18,lrp,random_logit,4,0.4,3,8,0.9808467997501881,0.991523;0.955977;0.966456;0.981063;0.984819;0.991227;0.985564;0.990146,1.14,2026-08-26T23:21:32
resnet18,lrp,random_logit,4,0.4,4,8,0.9712642514587594,0.978913;0.984231;0.974912;0.974735;0.940031;0.985629;0.95896;0.972704,1.09,2026-08-26T23:21:33
resnet18,lrp,random_logit,4,0.4,5,8,0.9836118805653709,0.979484;0.989916;0.982833;0.970816;0.983931;0.984863;0.993388;0.983665,0.91,2026-08-26T23:21:34
resnet18,lrp,random_logit,4,0.4,6,8,0.9729976661650406,0.988119;0.969481;0.991865;0.996035;0.980353;0.964546;0.944526;0.949056,0.82,2026-08-26T23:21:35
resnet18,lrp,random_logit,4,0.4,7,8,0.9683616408391773,0.954621;0.982974;0.960427;0.971531;0.946762;0.981419;0.976893;0.972264,0.81,2026-08-26T23:21:36
resnet18,lrp,random_logit,5,0.5,0,8,0.9700301487606202,0.995003;0.968168;0.989545;0.961553;0.915378;0.988518;0.960485;0.981591,0.68,2026-08-26T23:21:36
resnet18,lrp,random_logit,5,0.5,1,8,0.9794031821806584,0.987604;0.93727;0.990713;0.972126;0.982208;0.982918;0.993312;0.989074,0.69,2026-08-26T23:21:37
resnet18,lrp,random_logit,5,0.5,2,8,0.9728780439115723,0.98066;0.976347;0.982986;0.931988;0.967301;0.983457;0.992263;0.968022,0.73,2026-08-26T23:21:38
resnet18,lrp,random_logit,5,0.5,3,8,0.981870532662185,0.991575;0.96368;0.967107;0.982866;0.984376;0.989513;0.986077;0.98977,0.71,2026-08-26T23:21:38
resnet18,lrp,random_logit,5,0.5,4,8,0.9705086453278686,0.980911;0.982065;0.974223;0.973115;0.938818;0.986408;0.95628;0.972248,0.7,2026-08-26T23:21:39
resnet18,lrp,random_logit,5,0.5,5,8,0.9837368627637636,0.976024;0.989119;0.985988;0.963596;0.98557;0.987979;0.992877;0.988742,0.7,2026-08-26T23:21:40
resnet18,lrp,random_logit,5,0.5,6,8,0.975485842141273,0.989194;0.973496;0.991495;0.995822;0.98214;0.963739;0.955963;0.952037,0.7,2026-08-26T23:21:41
resnet18,lrp,random_logit,5,0.5,7,8,0.9712900349831277,0.958248;0.982959;0.96413;0.975231;0.95091;0.979776;0.982269;0.976798,0.69,2026-08-26T23:21:41
resnet18,lrp,random_logit,6,0.6,0,8,0.966631325015488,0.993759;0.965404;0.990287;0.965753;0.895222;0.989167;0.951202;0.982256,0.7,2026-08-26T23:21:42
resnet18,lrp,random_logit,6,0.6,1,8,0.9813782323175557,0.988128;0.950081;0.989756;0.974436;0.984088;0.982619;0.992135;0.989781,0.67,2026-08-26T23:21:43
resnet18,lrp,random_logit,6,0.6,2,8,0.9698574679031476,0.979899;0.979425;0.95872;0.927877;0.963746;0.986483;0.990177;0.972532,0.69,2026-08-26T23:21:43
resnet18,lrp,random_logit,6,0.6,3,8,0.9803549583197179,0.991224;0.956408;0.964717;0.98402;0.981184;0.990703;0.983792;0.990791,0.9,2026-08-26T23:21:44
resnet18,lrp,random_logit,6,0.6,4,8,0.970755855597476,0.980123;0.984017;0.975785;0.978548;0.943039;0.977852;0.952694;0.973988,0.98,2026-08-26T23:21:45
resnet18,lrp,random_logit,6,0.6,5,8,0.985359220858823,0.978426;0.991489;0.987055;0.971313;0.98663;0.984898;0.994793;0.988272,0.92,2026-08-26T23:21:46
resnet18,lrp,random_logit,6,0.6,6,8,0.9778549762225328,0.989723;0.977687;0.991777;0.993866;0.9834;0.97128;0.959808;0.955299,0.92,2026-08-26T23:21:47
resnet18,lrp,random_logit,6,0.6,7,8,0.9709162839354237,0.962881;0.986379;0.961386;0.965405;0.952423;0.982691;0.984339;0.971827,0.81,2026-08-26T23:21:48
resnet18,lrp,random_logit,7,0.7,0,8,0.9740453653474345,0.994674;0.963039;0.989185;0.970327;0.930141;0.988812;0.970785;0.9854,0.64,2026-08-26T23:21:48
resnet18,lrp,random_logit,7,0.7,1,8,0.9833720648765492,0.989816;0.95291;0.992653;0.977966;0.984123;0.986853;0.993674;0.988982,0.68,2026-08-26T23:21:49
resnet18,lrp,random_logit,7,0.7,2,8,0.9759939260009425,0.981998;0.981559;0.988762;0.936245;0.964884;0.985194;0.990598;0.978713,0.67,2026-08-26T23:21:50
resnet18,lrp,random_logit,7,0.7,3,8,0.9839134811823604,0.992403;0.962836;0.975339;0.988871;0.986028;0.989136;0.985285;0.991409,0.67,2026-08-26T23:21:50
resnet18,lrp,random_logit,7,0.7,4,8,0.973961311098108,0.985099;0.982851;0.975516;0.97847;0.948884;0.988265;0.955957;0.976648,0.65,2026-08-26T23:21:51
resnet18,lrp,random_logit,7,0.7,5,8,0.9854549752206737,0.980572;0.992492;0.984758;0.969323;0.983134;0.988259;0.993185;0.991917,0.63,2026-08-26T23:21:52
resnet18,lrp,random_logit,7,0.7,6,8,0.9789537172862524,0.990187;0.98212;0.992416;0.994671;0.985911;0.972439;0.951417;0.962471,0.62,2026-08-26T23:21:52
resnet18,lrp,random_logit,7,0.7,7,8,0.9759638403510518,0.965575;0.986851;0.968142;0.974991;0.961502;0.983302;0.982281;0.985067,0.67,2026-08-26T23:21:53
resnet18,lrp,random_logit,8,0.8,0,8,0.9768590277541078,0.994174;0.963222;0.991218;0.977832;0.943175;0.991688;0.964524;0.98904,0.55,2026-08-26T23:21:54
resnet18,lrp,random_logit,8,0.8,1,8,0.9870424587416409,0.988821;0.972126;0.992757;0.982664;0.994414;0.983052;0.994485;0.988021,0.57,2026-08-26T23:21:54
resnet18,lrp,random_logit,8,0.8,2,8,0.9778673478886055,0.981368;0.980992;0.98391;0.942126;0.973795;0.986676;0.99554;0.978533,0.56,2026-08-26T23:21:55
resnet18,lrp,random_logit,8,0.8,3,8,0.9838514897709456,0.992214;0.969618;0.979148;0.989731;0.976639;0.991626;0.982695;0.98914,0.56,2026-08-26T23:21:55
resnet18,lrp,random_logit,8,0.8,4,8,0.9747389079727706,0.978893;0.984498;0.979596;0.9838;0.942869;0.986531;0.969916;0.971808,0.54,2026-08-26T23:21:56
resnet18,lrp,random_logit,8,0.8,5,8,0.9865185983172142,0.971826;0.993105;0.989675;0.97154;0.986763;0.991754;0.996307;0.991179,0.56,2026-08-26T23:21:56
resnet18,lrp,random_logit,8,0.8,6,8,0.9828239133692531,0.992005;0.977929;0.993083;0.993657;0.989201;0.981498;0.964636;0.970581,0.57,2026-08-26T23:21:57
resnet18,lrp,random_logit,8,0.8,7,8,0.9783087023108812,0.97034;0.987098;0.959874;0.981969;0.967794;0.986353;0.987007;0.986036,0.63,2026-08-26T23:21:58
resnet18,lrp,random_logit,9,0.9,0,8,0.9835959573801301,0.996098;0.986726;0.993736;0.98333;0.947368;0.994861;0.978306;0.988343,0.75,2026-08-26T23:21:58
resnet18,lrp,random_logit,9,0.9,1,8,0.9889689596982609,0.99362;0.978425;0.994493;0.983167;0.991343;0.985192;0.995956;0.989555,0.77,2026-08-26T23:21:59
resnet18,lrp,random_logit,9,0.9,2,8,0.9844738094346613,0.98818;0.989335;0.989946;0.971826;0.970769;0.991724;0.997765;0.976245,0.75,2026-08-26T23:22:00
resnet18,lrp,random_logit,9,0.9,3,8,0.9904148811288559,0.993115;0.978355;0.987769;0.994518;0.990594;0.994606;0.989609;0.994753,0.76,2026-08-26T23:22:01
resnet18,lrp,random_logit,9,0.9,4,8,0.9833837324757254,0.989594;0.989409;0.980861;0.989846;0.969356;0.99457;0.974672;0.978763,0.81,2026-08-26T23:22:01
resnet18,lrp,random_logit,9,0.9,5,8,0.9887978053842283,0.979209;0.995622;0.986183;0.979952;0.983898;0.993554;0.996793;0.995171,0.52,2026-08-26T23:22:02
resnet18,lrp,random_logit,9,0.9,6,8,0.9877639385357626,0.994153;0.99264;0.995846;0.996888;0.990289;0.984822;0.96709;0.980384,0.52,2026-08-26T23:22:03
resnet18,lrp,random_logit,9,0.9,7,8,0.9843357089826437,0.964227;0.989686;0.987164;0.986823;0.976573;0.990169;0.989643;0.990399,0.52,2026-08-26T23:22:03
resnet18,occlusion,max_sensitivity,0,0.0,0,8,1.1526183560490608,1.25206;1.34038;0.768106;0.907697;1.51389;1.33129;1.3213;0.786226,374.41,2026-08-26T23:28:17
resnet18,occlusion,max_sensitivity,0,0.0,1,8,1.1830644011497498,0.634061;1.43879;0.717625;1.15435;1.51658;1.24683;1.69821;1.05807,209.29,2026-08-26T23:31:47
resnet18,occlusion,max_sensitivity,0,0.0,2,8,1.0682661533355713,1.20122;0.997877;1.2528;1.17911;0.861981;0.675266;1.36421;1.01366,211.63,2026-08-26T23:35:18
resnet18,occlusion,max_sensitivity,0,0.0,3,8,1.0555737242102623,0.847049;0.922167;0.890144;1.42978;1.37919;1.01867;0.498107;1.45948,212.67,2026-08-26T23:38:51
resnet18,occlusion,max_sensitivity,0,0.0,4,8,1.2826840206980705,1.82022;0.956756;1.13648;1.18891;1.03855;1.28076;1.35992;1.47987,210.73,2026-08-26T23:42:22
resnet18,occlusion,max_sensitivity,0,0.0,5,8,1.298995479941368,1.50802;1.29435;0.933422;1.27928;1.46661;1.41031;1.45352;1.04645,210.43,2026-08-26T23:45:52
resnet18,occlusion,max_sensitivity,0,0.0,6,8,1.2645550072193146,1.33068;1.65347;1.37743;0.906207;0.93795;1.31221;1.14236;1.45614,210.51,2026-08-26T23:49:23
resnet18,occlusion,max_sensitivity,0,0.0,7,8,1.3223114684224129,2.2851;1.60041;1.02771;1.333;1.34379;1.11235;1.06047;0.815664,212.39,2026-08-26T23:52:55
resnet18,occlusion,max_sensitivity,1,0.1,0,8,1.1578673422336578,1.20951;1.2211;0.853087;1.13772;1.43363;1.31403;1.23479;0.859067,208.67,2026-08-26T23:56:24
resnet18,occlusion,max_sensitivity,1,0.1,1,8,1.2552126571536064,0.963274;1.45223;0.876483;1.04932;1.58973;1.2958;1.50054;1.31432,208.25,2026-08-26T23:59:52
resnet18,occlusion,max_sensitivity,1,0.1,2,8,1.182433009147644,1.39096;1.07626;1.12011;1.32376;1.17104;0.761451;1.455;1.1609,209.28,2026-08-27T00:03:21
resnet18,occlusion,max_sensitivity,1,0.1,3,8,1.1135240867733955,0.88955;0.926114;1.18719;1.34931;1.50482;0.946375;0.672162;1.43267,208.82,2026-08-27T00:06:50
resnet18,occlusion,max_sensitivity,1,0.1,4,8,1.3337008878588676,2.115;0.988103;1.30132;1.17285;1.02418;1.22628;1.3342;1.50768,215.25,2026-08-27T00:10:26
resnet18,occlusion,max_sensitivity,1,0.1,5,8,1.3833963572978973,1.38697;1.40992;1.0195;1.37416;1.29847;1.41383;1.93067;1.23364,214.33,2026-08-27T00:14:00
resnet18,occlusion,max_sensitivity,1,0.1,6,8,1.2653679475188255,1.36787;1.68039;1.19273;0.923452;0.998131;1.28306;1.25744;1.41987,233.3,2026-08-27T00:17:53
resnet18,occlusion,max_sensitivity,1,0.1,7,8,1.3783886432647705,2.80989;1.39122;1.01754;1.28433;1.44808;1.06299;1.14298;0.870075,231.09,2026-08-27T00:21:44
resnet18,occlusion,max_sensitivity,2,0.2,0,8,1.208255112171173,1.32966;1.27315;0.947206;1.06145;1.38567;1.3432;1.27877;1.04693,208.36,2026-08-27T00:25:13
resnet18,occlusion,max_sensitivity,2,0.2,1,8,1.2392686679959297,1.13878;1.40309;0.937396;1.21272;1.44972;1.23494;1.42329;1.11421,208.89,2026-08-27T00:28:42
resnet18,occlusion,max_sensitivity,2,0.2,2,8,1.2092622146010399,1.36214;1.17884;1.20725;1.2336;1.24611;0.877316;1.28507;1.28378,209.71,2026-08-27T00:32:11
resnet18,occlusion,max_sensitivity,2,0.2,3,8,1.1770472899079323,0.89681;1.04392;1.37163;1.3102;1.37422;1.05989;0.793296;1.56641,211.09,2026-08-27T00:35:42
resnet18,occlusion,max_sensitivity,2,0.2,4,8,1.366516575217247,2.14297;1.0707;1.19091;1.37854;1.10345;1.28301;1.28028;1.48227,212.58,2026-08-27T00:39:15
resnet18,occlusion,max_sensitivity,2,0.2,5,8,1.3559545576572418,1.68308;1.39417;1.03095;1.2717;1.24243;1.49669;1.45673;1.27189,209.72,2026-08-27T00:42:45
resnet18,occlusion,max_sensitivity,2,0.2,6,8,1.2866749167442322,1.50374;1.56916;1.34052;0.946718;1.07056;1.26112;1.12311;1.47847,210.5,2026-08-27T00:46:15
resnet18,occlusion,max_sensitivity,2,0.2,7,8,1.4087649956345558,2.22114;1.65926;1.06686;1.50706;1.36639;1.2361;1.35748;0.855817,211.69,2026-08-27T00:49:47
resnet18,occlusion,max_sensitivity,3,0.3,0,8,1.2702132761478424,1.35447;1.28619;1.0101;1.29492;1.34986;1.36854;1.36174;1.13588,208.78,2026-08-27T00:53:16
resnet18,occlusion,max_sensitivity,3,0.3,1,8,1.2828868255019188,1.05638;1.55484;0.960276;1.29603;1.41814;1.2266;1.48314;1.26769,210.78,2026-08-27T00:56:46
resnet18,occlusion,max_sensitivity,3,0.3,2,8,1.2827975302934647,1.59589;1.18693;1.27346;1.26153;1.25162;0.981332;1.45251;1.2591,209.7,2026-08-27T01:00:16
resnet18,occlusion,max_sensitivity,3,0.3,3,8,1.2075053602457047,1.08445;1.03141;1.16902;1.39617;1.41325;1.09162;0.875836;1.5983,209.54,2026-08-27T01:03:46
resnet18,occlusion,max_sensitivity,3,0.3,4,8,1.4165772497653961,2.12115;1.13105;1.27611;1.49617;1.11461;1.40548;1.2771;1.51093,208.34,2026-08-27T01:07:14
resnet18,occlusion,max_sensitivity,3,0.3,5,8,1.4078671783208847,1.57966;1.39815;1.16103;1.56454;1.28629;1.36756;1.52829;1.37742,210.44,2026-08-27T01:10:45
resnet18,occlusion,max_sensitivity,3,0.3,6,8,1.29592564702034,1.366;1.58212;1.27182;1.09368;1.17526;1.3085;1.21184;1.35817,210.39,2026-08-27T01:14:15
resnet18,occlusion,max_sensitivity,3,0.3,7,8,1.4588433057069778,2.65998;1.46861;1.07538;1.49705;1.50173;1.24474;1.23154;0.991727,210.44,2026-08-27T01:17:45
resnet18,occlusion,max_sensitivity,4,0.4,0,8,1.326900064945221,1.40649;1.55362;1.03941;1.3073;1.393;1.41381;1.243;1.25857,211.29,2026-08-27T01:21:17
resnet18,occlusion,max_sensitivity,4,0.4,1,8,1.4064778536558151,1.44789;1.67397;1.05201;1.32267;1.40267;1.38167;1.6346;1.33634,208.94,2026-08-27T01:24:46
resnet18,occlusion,max_sensitivity,4,0.4,2,8,1.4032409489154816,1.65295;1.17001;1.3945;1.45193;1.34207;1.13421;1.63107;1.44919,210.3,2026-08-27T01:28:16
resnet18,occlusion,max_sensitivity,4,0.4,3,8,1.2658112049102783,1.08046;1.07399;1.20157;1.57743;1.36205;1.10425;1.03239;1.69436,209.02,2026-08-27T01:31:45
resnet18,occlusion,max_sensitivity,4,0.4,4,8,1.4009415805339813,1.94296;1.13873;1.19308;1.40523;1.19784;1.52704;1.3129;1.48975,208.28,2026-08-27T01:35:13
resnet18,occlusion,max_sensitivity,4,0.4,5,8,1.423407644033432,1.45931;1.37019;1.28862;1.48891;1.40082;1.43012;1.64529;1.304,207.34,2026-08-27T01:38:41
resnet18,occlusion,max_sensitivity,4,0.4,6,8,1.3636413216590881,1.28331;2.02353;1.31841;1.18537;1.23099;1.36108;1.12787;1.37857,207.05,2026-08-27T01:42:08
resnet18,occlusion,max_sensitivity,4,0.4,7,8,1.6582256704568863,3.12574;1.99111;1.26882;1.57799;1.47871;1.38809;1.40144;1.03391,209.8,2026-08-27T01:45:38
resnet18,occlusion,max_sensitivity,5,0.5,0,8,1.3885163217782974,1.37598;1.68157;1.09868;1.39174;1.50071;1.50183;1.34449;1.21314,208.55,2026-08-27T01:49:06
resnet18,occlusion,max_sensitivity,5,0.5,1,8,1.434449553489685,1.30073;1.70254;1.1199;1.36419;1.60255;1.27601;1.77664;1.33304,207.08,2026-08-27T01:52:33
resnet18,occlusion,max_sensitivity,5,0.5,2,8,1.5110080689191818,1.88454;1.25636;1.53025;1.6692;1.53736;1.18073;1.64565;1.38396,207.54,2026-08-27T01:56:01
resnet18,occlusion,max_sensitivity,5,0.5,3,8,1.3400976359844208,1.1989;1.24163;1.24858;1.61146;1.55593;1.1415;1.09585;1.62693,207.73,2026-08-27T01:59:29
resnet18,occlusion,max_sensitivity,5,0.5,4,8,1.4597110599279404,1.85184;1.31713;1.27979;1.4314;1.35355;1.51119;1.41517;1.51761,210.0,2026-08-27T02:02:59
resnet18,occlusion,max_sensitivity,5,0.5,5,8,1.5063238888978958,1.73793;1.46138;1.3205;1.55461;1.35808;1.56457;1.63422;1.41929,208.04,2026-08-27T02:06:27
resnet18,occlusion,max_sensitivity,5,0.5,6,8,1.3454774618148804,1.24402;1.6834;1.39081;1.18917;1.31446;1.32891;1.15034;1.46273,208.26,2026-08-27T02:09:55
resnet18,occlusion,max_sensitivity,5,0.5,7,8,1.5295564532279968,2.36535;1.80384;1.2092;1.53614;1.41071;1.33788;1.33101;1.24233,207.39,2026-08-27T02:13:22
resnet18,occlusion,max_sensitivity,6,0.6,0,8,1.427042081952095,1.49258;1.4576;1.22146;1.45872;1.47593;1.54494;1.41607;1.34904,208.58,2026-08-27T02:16:51
resnet18,occlusion,max_sensitivity,6,0.6,1,8,1.4726505130529404,1.44071;1.70631;1.19196;1.41497;1.6235;1.36301;1.54771;1.49304,208.18,2026-08-27T02:20:19
resnet18,occlusion,max_sensitivity,6,0.6,2,8,1.5475488007068634,1.77636;1.27849;1.4674;1.73;1.66947;1.23748;1.66307;1.55812,208.78,2026-08-27T02:23:48
resnet18,occlusion,max_sensitivity,6,0.6,3,8,1.4337618947029114,1.2042;1.36519;1.36981;1.6118;1.70685;1.15575;1.23786;1.81864,209.03,2026-08-27T02:27:17
resnet18,occlusion,max_sensitivity,6,0.6,4,8,1.538250744342804,1.94463;1.31922;1.44992;1.69895;1.43813;1.50643;1.52517;1.42355,207.06,2026-08-27T02:30:44
resnet18,occlusion,max_sensitivity,6,0.6,5,8,1.538398191332817,1.61413;1.57125;1.46787;1.50654;1.29348;1.69523;1.63496;1.52373,205.52,2026-08-27T02:34:09
resnet18,occlusion,max_sensitivity,6,0.6,6,8,1.3938349336385727,1.47638;1.7129;1.40356;1.35932;1.43845;1.26471;1.11274;1.38262,207.18,2026-08-27T02:37:37
resnet18,occlusion,max_sensitivity,6,0.6,7,8,1.5259623229503632,2.22405;1.72725;1.22328;1.55841;1.52644;1.33949;1.43274;1.17603,206.52,2026-08-27T02:41:03
resnet18,occlusion,max_sensitivity,7,0.7,0,8,1.4540068358182907,1.60858;1.34859;1.25371;1.38099;1.66273;1.71131;1.33297;1.33319,211.33,2026-08-27T02:44:35
resnet18,occlusion,max_sensitivity,7,0.7,1,8,1.4944867342710495,1.52647;1.67432;1.13669;1.53947;1.6821;1.44261;1.46009;1.49414,208.78,2026-08-27T02:48:03
resnet18,occlusion,max_sensitivity,7,0.7,2,8,1.5694801658391953,1.78572;1.23918;1.53344;1.70656;1.59347;1.34775;1.66704;1.68266,208.77,2026-08-27T02:51:32
resnet18,occlusion,max_sensitivity,7,0.7,3,8,1.5026792883872986,1.40579;1.35648;1.50119;1.84094;1.52709;1.23655;1.30831;1.84507,207.7,2026-08-27T02:55:00
resnet18,occlusion,max_sensitivity,7,0.7,4,8,1.584466576576233,1.94013;1.36309;1.39192;1.66889;1.50341;1.67497;1.48686;1.64645,211.87,2026-08-27T02:58:32
resnet18,occlusion,max_sensitivity,7,0.7,5,8,1.5493768155574799,1.50205;1.81834;1.55764;1.49857;1.38952;1.67718;1.56838;1.38333,208.36,2026-08-27T03:02:00
resnet18,occlusion,max_sensitivity,7,0.7,6,8,1.4304440319538116,1.49887;1.86562;1.5164;1.31192;1.42971;1.25909;1.12317;1.43877,208.4,2026-08-27T03:05:29
resnet18,occlusion,max_sensitivity,7,0.7,7,8,1.6056705713272095,2.46369;1.68221;1.41482;1.66853;1.62894;1.40465;1.366;1.21652,207.53,2026-08-27T03:08:56
resnet18,occlusion,max_sensitivity,8,0.8,0,8,1.5121511071920395,1.63183;1.72532;1.34;1.47618;1.49333;1.62016;1.43174;1.37865,209.65,2026-08-27T03:12:26
resnet18,occlusion,max_sensitivity,8,0.8,1,8,1.5707394778728485,1.48097;1.81288;1.29569;1.65321;1.46458;1.61468;1.68654;1.55736,210.13,2026-08-27T03:15:56
resnet18,occlusion,max_sensitivity,8,0.8,2,8,1.6227208822965622,1.91584;1.25903;1.62911;1.76428;1.64808;1.44905;1.68892;1.62746,208.39,2026-08-27T03:19:24
resnet18,occlusion,max_sensitivity,8,0.8,3,8,1.5230075269937515,1.3496;1.39186;1.4493;1.7785;1.63534;1.33488;1.3618;1.88277,207.3,2026-08-27T03:22:52
resnet18,occlusion,max_sensitivity,8,0.8,4,8,1.614446982741356,2.11869;1.4181;1.46371;1.52691;1.61861;1.67704;1.47404;1.61848,208.17,2026-08-27T03:26:20
resnet18,occlusion,max_sensitivity,8,0.8,5,8,1.552070215344429,1.43626;1.66518;1.71173;1.64074;1.37265;1.47582;1.6992;1.41498,208.1,2026-08-27T03:29:48
resnet18,occlusion,max_sensitivity,8,0.8,6,8,1.4609632343053818,1.52248;1.75003;1.69643;1.33958;1.4928;1.24728;1.21579;1.42331,207.21,2026-08-27T03:33:15
resnet18,occlusion,max_sensitivity,8,0.8,7,8,1.6745565384626389,2.68716;1.74948;1.28765;1.83553;1.65715;1.51934;1.39724;1.26291,207.74,2026-08-27T03:36:43
resnet18,occlusion,max_sensitivity,9,0.9,0,8,1.5078285932540894,1.74998;1.3499;1.37779;1.6176;1.47502;1.57598;1.37778;1.53858,207.05,2026-08-27T03:40:10
resnet18,occlusion,max_sensitivity,9,0.9,1,8,1.5797069817781448,1.59404;1.77344;1.32571;1.64833;1.59864;1.59562;1.53023;1.57165,208.08,2026-08-27T03:43:38
resnet18,occlusion,max_sensitivity,9,0.9,2,8,1.7033196538686752,1.98884;1.34201;1.60356;1.88454;1.79158;1.49167;1.78788;1.73649,209.54,2026-08-27T03:47:08
resnet18,occlusion,max_sensitivity,9,0.9,3,8,1.6002315282821655,1.48584;1.47022;1.57973;1.76187;1.79948;1.27132;1.46643;1.96697,209.77,2026-08-27T03:50:37
resnet18,occlusion,max_sensitivity,9,0.9,4,8,1.6108621060848236,2.032;1.47871;1.47873;1.60112;1.45787;1.65072;1.56348;1.62427,208.39,2026-08-27T03:54:06
resnet18,occlusion,max_sensitivity,9,0.9,5,8,1.5845931768417358,1.35237;1.95193;1.61232;1.68964;1.30807;1.65043;1.63392;1.47807,211.47,2026-08-27T03:57:37
resnet18,occlusion,max_sensitivity,9,0.9,6,8,1.4920200109481812,1.5029;1.82664;1.5088;1.53421;1.61025;1.2363;1.18683;1.53023,208.57,2026-08-27T04:01:06
resnet18,occlusion,max_sensitivity,9,0.9,7,8,1.7800588011741638,2.84495;2.24308;1.38988;1.6592;1.82201;1.41542;1.45225;1.41368,208.67,2026-08-27T04:04:34
resnet18,occlusion,random_logit,0,0.0,0,8,0.4363377295816766,0.305089;0.369066;0.444287;0.457757;0.466991;0.480344;0.447236;0.519931,21.48,2026-08-27T04:04:56
resnet18,occlusion,random_logit,0,0.0,1,8,0.4517612098442852,0.366402;0.535586;0.337609;0.462787;0.404781;0.548539;0.56165;0.396735,21.26,2026-08-27T04:05:17
resnet18,occlusion,random_logit,0,0.0,2,8,0.39062819235818524,0.358322;0.523072;0.509829;0.272856;0.451489;0.343326;0.366243;0.299889,21.57,2026-08-27T04:05:39
resnet18,occlusion,random_logit,0,0.0,3,8,0.4149499562027647,0.428349;0.47541;0.363606;0.423864;0.416404;0.416063;0.358512;0.437391,21.12,2026-08-27T04:06:00
resnet18,occlusion,random_logit,0,0.0,4,8,0.41017501626949904,0.362072;0.39261;0.356594;0.367847;0.498968;0.35538;0.451067;0.496863,21.21,2026-08-27T04:06:21
resnet18,occlusion,random_logit,0,0.0,5,8,0.4933714328117016,0.580717;0.449335;0.478634;0.42802;0.512602;0.46579;0.569584;0.46229,21.73,2026-08-27T04:06:43
resnet18,occlusion,random_logit,0,0.0,6,8,0.46088827752679085,0.392355;0.416034;0.494084;0.52601;0.520577;0.332052;0.587026;0.418968,20.33,2026-08-27T04:07:03
resnet18,occlusion,random_logit,0,0.0,7,8,0.427438887156472,0.477614;0.380319;0.38962;0.378511;0.484559;0.319542;0.43371;0.555637,21.48,2026-08-27T04:07:25
resnet18,occlusion,random_logit,1,0.1,0,8,0.2621899438278751,0.151169;0.208377;0.218665;0.300886;0.337804;0.317333;0.232742;0.330544,21.27,2026-08-27T04:07:46
resnet18,occlusion,random_logit,1,0.1,1,8,0.2630114523005851,0.244535;0.279141;0.176295;0.266313;0.204077;0.323913;0.379785;0.230033,21.95,2026-08-27T04:08:08
resnet18,occlusion,random_logit,1,0.1,2,8,0.19839542565164936,0.193599;0.232993;0.271041;0.140172;0.262655;0.138075;0.180494;0.168135,21.02,2026-08-27T04:08:29
resnet18,occlusion,random_logit,1,0.1,3,8,0.2207664096683184,0.231065;0.322895;0.189479;0.1849;0.24431;0.195324;0.187463;0.210696,21.99,2026-08-27T04:08:51
resnet18,occlusion,random_logit,1,0.1,4,8,0.2275698554042109,0.193062;0.195075;0.190747;0.191685;0.319404;0.18108;0.293037;0.256469,21.55,2026-08-27T04:09:13
resnet18,occlusion,random_logit,1,0.1,5,8,0.3214277937324723,0.370469;0.324921;0.290719;0.203432;0.350352;0.322532;0.462036;0.246961,22.63,2026-08-27T04:09:35
resnet18,occlusion,random_logit,1,0.1,6,8,0.27382514502633093,0.213167;0.247174;0.283347;0.319665;0.346634;0.177221;0.380437;0.222956,21.75,2026-08-27T04:09:57
resnet18,occlusion,random_logit,1,0.1,7,8,0.21326547951857194,0.248366;0.207952;0.176755;0.184915;0.260101;0.161058;0.23422;0.232758,21.34,2026-08-27T04:10:18
resnet18,occlusion,random_logit,2,0.2,0,8,0.18977886343024453,0.0934209;0.142348;0.133129;0.233451;0.274803;0.243353;0.149614;0.248113,22.33,2026-08-27T04:10:41
resnet18,occlusion,random_logit,2,0.2,1,8,0.18696059982946023,0.18701;0.180162;0.117967;0.184978;0.131512;0.231085;0.297236;0.165734,20.62,2026-08-27T04:11:01
resnet18,occlusion,random_logit,2,0.2,2,8,0.1275586072272618,0.130594;0.131328;0.183546;0.0909848;0.184219;0.0732503;0.112097;0.114448,21.33,2026-08-27T04:11:23
resnet18,occlusion,random_logit,2,0.2,3,8,0.14714941575560642,0.157671;0.255193;0.125089;0.102455;0.174556;0.118775;0.119154;0.124301,20.67,2026-08-27T04:11:43
resnet18,occlusion,random_logit,2,0.2,4,8,0.1557354510909384,0.126843;0.121546;0.122622;0.125585;0.245601;0.115136;0.224477;0.164075,22.1,2026-08-27T04:12:05
resnet18,occlusion,random_logit,2,0.2,5,8,0.24770466191438703,0.277806;0.266153;0.21053;0.123774;0.276394;0.255397;0.407012;0.16457,20.78,2026-08-27T04:12:26
resnet18,occlusion,random_logit,2,0.2,6,8,0.197200542182754,0.143375;0.177946;0.198665;0.234471;0.270012;0.116752;0.290038;0.146346,21.44,2026-08-27T04:12:48
resnet18,occlusion,random_logit,2,0.2,7,8,0.1331537678035593,0.160604;0.134767;0.10028;0.111061;0.175483;0.100301;0.155399;0.127335,20.33,2026-08-27T04:13:08
resnet18,occlusion,random_logit,3,0.3,0,8,0.15945101057954456,0.0751606;0.118774;0.0975773;0.203576;0.245436;0.208821;0.117678;0.208585,21.6,2026-08-27T04:13:29
resnet18,occlusion,random_logit,3,0.3,1,8,0.15334079765753195,0.163002;0.136948;0.0907624;0.149979;0.101025;0.191316;0.25745;0.136244,20.52,2026-08-27T04:13:50
resnet18,occlusion,random_logit,3,0.3,2,8,0.10081196550567308,0.107778;0.0961403;0.150904;0.0746932;0.149232;0.0480474;0.0835167;0.0961847,21.22,2026-08-27T04:14:11
resnet18,occlusion,random_logit,3,0.3,3,8,0.11824533491814988,0.132419;0.225309;0.098842;0.0706988;0.143696;0.0885923;0.0938126;0.0925937,21.2,2026-08-27T04:14:32
resnet18,occlusion,random_logit,3,0.3,4,8,0.12549915004726758,0.100637;0.0895318;0.0974209;0.0977276;0.210858;0.0902842;0.192133;0.125401,21.12,2026-08-27T04:14:54
resnet18,occlusion,random_logit,3,0.3,5,8,0.21409547382207794,0.236549;0.233599;0.175829;0.0891853;0.240468;0.227585;0.379191;0.130359,22.1,2026-08-27T04:15:16
resnet18,occlusion,random_logit,3,0.3,6,8,0.163214774730617,0.112928;0.145518;0.160302;0.197498;0.234242;0.0965801;0.245979;0.112672,21.18,2026-08-27T04:15:37
resnet18,occlusion,random_logit,3,0.3,7,8,0.09908417550890478,0.108544;0.108664;0.0630898;0.0852664;0.135302;0.0795897;0.122803;0.0894143,21.68,2026-08-27T04:15:59
resnet18,occlusion,random_logit,4,0.4,0,8,0.14679664170701393,0.0654684;0.105808;0.0900203;0.190401;0.231175;0.195721;0.103588;0.192192,21.1,2026-08-27T04:16:20
resnet18,occlusion,random_logit,4,0.4,1,8,0.14016746111691433,0.150594;0.121504;0.0818246;0.135327;0.0885619;0.176071;0.24211;0.125347,21.64,2026-08-27T04:16:41
resnet18,occlusion,random_logit,4,0.4,2,8,0.09041733834940194,0.0992567;0.0839708;0.13487;0.0674073;0.134322;0.0411278;0.0744166;0.087968,20.39,2026-08-27T04:17:02
resnet18,occlusion,random_logit,4,0.4,3,8,0.10602746605723441,0.119243;0.209371;0.0801576;0.0568142;0.135006;0.0772391;0.0840956;0.0862932,21.88,2026-08-27T04:17:24
resnet18,occlusion,random_logit,4,0.4,4,8,0.11355897284590111,0.0881375;0.0768901;0.0883256;0.0852227;0.198804;0.0814393;0.179461;0.110191,20.4,2026-08-27T04:17:44
resnet18,occlusion,random_logit,4,0.4,5,8,0.1996544618999665,0.215157;0.219099;0.159826;0.0773754;0.22281;0.215275;0.369237;0.118456,21.38,2026-08-27T04:18:05
resnet18,occlusion,random_logit,4,0.4,6,8,0.1492962946596577,0.0988038;0.133204;0.143367;0.181095;0.219853;0.0871878;0.229864;0.100997,20.62,2026-08-27T04:18:26
resnet18,occlusion,random_logit,4,0.4,7,8,0.08995431471527365,0.109481;0.0990541;0.0617891;0.0765688;0.121221;0.0678554;0.108075;0.0755898,22.22,2026-08-27T04:18:48
resnet18,occlusion,random_logit,5,0.5,0,8,0.14546297628138039,0.0648306;0.10839;0.0856536;0.189688;0.233532;0.19329;0.102028;0.186291,21.05,2026-08-27T04:19:09
resnet18,occlusion,random_logit,5,0.5,1,8,0.1375395372953894,0.150808;0.116468;0.0817414;0.131707;0.0861069;0.170003;0.238949;0.124532,20.97,2026-08-27T04:19:30
resnet18,occlusion,random_logit,5,0.5,2,8,0.08743010539774233,0.0936943;0.0810152;0.12951;0.0687905;0.130273;0.0403681;0.0698729;0.085917,21.55,2026-08-27T04:19:52
resnet18,occlusion,random_logit,5,0.5,3,8,0.10303117760003577,0.10255;0.209804;0.085995;0.0552441;0.130978;0.075853;0.0845085;0.0793171,21.4,2026-08-27T04:20:13
resnet18,occlusion,random_logit,5,0.5,4,8,0.10951755922329677,0.0894557;0.0684113;0.0860473;0.0858962;0.195441;0.0757865;0.17815;0.0969531,21.27,2026-08-27T04:20:34
resnet18,occlusion,random_logit,5,0.5,5,8,0.1960534802993588,0.211772;0.22212;0.160269;0.07293;0.222785;0.214938;0.372789;0.0908259,21.28,2026-08-27T04:20:56
resnet18,occlusion,random_logit,5,0.5,6,8,0.14275016567565119,0.098698;0.131384;0.112253;0.176731;0.217756;0.0842968;0.223377;0.0975065,21.64,2026-08-27T04:21:17
resnet18,occlusion,random_logit,5,0.5,7,8,0.0855773017399693,0.105166;0.0943629;0.0581145;0.0748659;0.120803;0.068907;0.0870004;0.0753994,20.44,2026-08-27T04:21:38
resnet18,occlusion,random_logit,6,0.6,0,8,0.1456616783451823,0.0601517;0.104698;0.0757718;0.193565;0.237974;0.191838;0.11452;0.186775,21.62,2026-08-27T04:21:59
resnet18,occlusion,random_logit,6,0.6,1,8,0.14615395576383944,0.165394;0.121953;0.0876355;0.138207;0.0934553;0.176245;0.250793;0.13555,20.71,2026-08-27T04:22:20
resnet18,occlusion,random_logit,6,0.6,2,8,0.09391281463738788,0.108352;0.079552;0.137387;0.0680715;0.131948;0.0454056;0.0867517;0.0938351,21.65,2026-08-27T04:22:42
resnet18,occlusion,random_logit,6,0.6,3,8,0.11137669830652484,0.125051;0.218148;0.0925084;0.0593828;0.139165;0.082629;0.0892708;0.0848591,20.24,2026-08-27T04:23:02
resnet18,occlusion,random_logit,6,0.6,4,8,0.12065172965170617,0.102507;0.084483;0.0983561;0.102474;0.19241;0.0933949;0.175018;0.116571,21.8,2026-08-27T04:23:24
resnet18,occlusion,random_logit,6,0.6,5,8,0.20615311632534497,0.200126;0.233789;0.170814;0.0674367;0.236278;0.228091;0.390739;0.121952,20.43,2026-08-27T04:23:44
resnet18,occlusion,random_logit,6,0.6,6,8,0.15113331413043735,0.103289;0.131419;0.147772;0.184056;0.228905;0.0810347;0.229054;0.103536,21.88,2026-08-27T04:24:06
resnet18,occlusion,random_logit,6,0.6,7,8,0.09098637281262123,0.108148;0.101864;0.0628301;0.0752372;0.121432;0.073828;0.111718;0.0728329,20.74,2026-08-27T04:24:27
resnet18,occlusion,random_logit,7,0.7,0,8,0.17183254851044416,0.0787058;0.130424;0.108626;0.213701;0.281434;0.225398;0.110596;0.225776,21.6,2026-08-27T04:24:49
resnet18,occlusion,random_logit,7,0.7,1,8,0.16920703842538973,0.184096;0.143305;0.113998;0.165464;0.116465;0.209355;0.261687;0.159286,20.63,2026-08-27T04:25:09
resnet18,occlusion,random_logit,7,0.7,2,8,0.11321567154648121,0.123343;0.0983905;0.154218;0.0968781;0.16426;0.0547814;0.0946698;0.119185,21.06,2026-08-27T04:25:30
resnet18,occlusion,random_logit,7,0.7,3,8,0.13083203201807278,0.147368;0.246419;0.115339;0.0664186;0.163462;0.0912588;0.114268;0.102123,21.45,2026-08-27T04:25:52
resnet18,occlusion,random_logit,7,0.7,4,8,0.14124064624630672,0.115229;0.0997602;0.115769;0.113064;0.232292;0.105639;0.219932;0.128239,22.13,2026-08-27T04:26:14
resnet18,occlusion,random_logit,7,0.7,5,8,0.23300847401643515,0.241508;0.265693;0.194206;0.0785934;0.254977;0.25964;0.428654;0.140798,21.49,2026-08-27T04:26:35
resnet18,occlusion,random_logit,7,0.7,6,8,0.17707798044248188,0.126402;0.161934;0.166929;0.208727;0.257325;0.115673;0.256876;0.122757,20.32,2026-08-27T04:26:56
resnet18,occlusion,random_logit,7,0.7,7,8,0.10888908401999531,0.129687;0.12437;0.0768048;0.0959487;0.139332;0.0888241;0.126919;0.0892263,21.52,2026-08-27T04:27:17
resnet18,occlusion,random_logit,8,0.8,0,8,0.23217797652486324,0.135223;0.192326;0.15044;0.296368;0.34015;0.284184;0.177717;0.281016,20.32,2026-08-27T04:27:37
resnet18,occlusion,random_logit,8,0.8,1,8,0.23621231240246532,0.263951;0.204074;0.182641;0.229722;0.179183;0.271174;0.332117;0.226836,21.32,2026-08-27T04:27:59
resnet18,occlusion,random_logit,8,0.8,2,8,0.17040389448717064,0.185853;0.152537;0.207638;0.157829;0.22772;0.104328;0.159924;0.167403,20.22,2026-08-27T04:28:19
resnet18,occlusion,random_logit,8,0.8,3,8,0.18658714229274245,0.189671;0.312982;0.160903;0.126784;0.223636;0.153361;0.168837;0.156523,21.54,2026-08-27T04:28:41
resnet18,occlusion,random_logit,8,0.8,4,8,0.19779373176356185,0.164813;0.155258;0.182862;0.169092;0.280926;0.17235;0.271648;0.185401,20.72,2026-08-27T04:29:01
resnet18,occlusion,random_logit,8,0.8,5,8,0.2935470011215378,0.324699;0.33826;0.228971;0.143918;0.342686;0.313921;0.477346;0.178575,21.85,2026-08-27T04:29:23
resnet18,occlusion,random_logit,8,0.8,6,8,0.23297176894478133,0.191137;0.213752;0.204079;0.273948;0.325409;0.183194;0.285432;0.186823,20.21,2026-08-27T04:29:43
resnet18,occlusion,random_logit,8,0.8,7,8,0.16169705920849778,0.18584;0.18403;0.121537;0.146448;0.199345;0.142894;0.172572;0.140909,21.3,2026-08-27T04:30:05
resnet18,occlusion,random_logit,9,0.9,0,8,0.4249282443756995,0.34225;0.387665;0.349374;0.468112;0.518174;0.481162;0.387423;0.465265,20.46,2026-08-27T04:30:25
resnet18,occlusion,random_logit,9,0.9,1,8,0.4269195718328306,0.469854;0.390297;0.384342;0.422733;0.368347;0.452564;0.507481;0.419737,21.5,2026-08-27T04:30:47
resnet18,occlusion,random_logit,9,0.9,2,8,0.35909305684017345,0.381797;0.328616;0.384951;0.352837;0.402648;0.296813;0.351689;0.373394,20.02,2026-08-27T04:31:07
resnet18,occlusion,random_logit,9,0.9,3,8,0.3741542668477779,0.378385;0.490735;0.350791;0.308266;0.419816;0.341247;0.364483;0.339511,21.5,2026-08-27T04:31:28
resnet18,occlusion,random_logit,9,0.9,4,8,0.3920392223642245,0.354099;0.350368;0.371023;0.379563;0.470869;0.358213;0.477942;0.374237,21.35,2026-08-27T04:31:50
resnet18,occlusion,random_logit,9,0.9,5,8,0.4728383723573191,0.48951;0.518629;0.410282;0.320483;0.510048;0.517244;0.653057;0.363455,21.9,2026-08-27T04:32:11
resnet18,occlusion,random_logit,9,0.9,6,8,0.42385323118588836,0.383435;0.404821;0.399551;0.454758;0.503723;0.38997;0.467844;0.386724,20.95,2026-08-27T04:32:32
resnet18,occlusion,random_logit,9,0.9,7,8,0.3528852933227288,0.356708;0.383919;0.31678;0.349663;0.386801;0.343539;0.354848;0.330824,21.11,2026-08-27T04:32:53
squeezenet,integrated_gradients,max_sensitivity,0,0.0,0,8,1.393633782863617,1.31754;1.45045;1.461;1.49324;1.22864;1.23947;1.48041;1.47831,14.84,2026-08-27T04:33:08
squeezenet,integrated_gradients,max_sensitivity,0,0.0,1,8,1.2633924782276154,1.31387;1.3286;1.26752;1.20489;1.13222;1.11592;1.21674;1.52738,11.01,2026-08-27T04:33:19
squeezenet,integrated_gradients,max_sensitivity,0,0.0,2,8,1.2658703178167343,1.33609;1.23461;1.40776;1.29308;1.14114;1.2053;1.21009;1.2989,11.12,2026-08-27T04:33:30
squeezenet,integrated_gradients,max_sensitivity,0,0.0,3,8,1.3251629024744034,1.41068;1.27997;1.18411;1.39616;1.16676;1.54876;1.23958;1.3753,10.63,2026-08-27T04:33:41
squeezenet,integrated_gradients,max_sensitivity,0,0.0,4,8,1.2924995124340057,1.09979;1.26973;1.45253;1.3076;1.2499;1.3551;1.46402;1.14133,11.13,2026-08-27T04:33:52
squeezenet,integrated_gradients,max_sensitivity,0,0.0,5,8,1.492627739906311,1.65157;1.39634;1.40566;1.36896;1.43642;1.38579;1.4122;1.88409,11.49,2026-08-27T04:34:04
squeezenet,integrated_gradients,max_sensitivity,0,0.0,6,8,1.3914110958576202,1.29016;1.45469;1.3083;1.40497;1.29493;1.34397;1.60703;1.42725,11.25,2026-08-27T04:34:15
squeezenet,integrated_gradients,max_sensitivity,0,0.0,7,8,1.294435366988182,1.40326;1.27094;1.2147;1.32362;1.1715;1.26153;1.41592;1.29402,11.14,2026-08-27T04:34:26
squeezenet,integrated_gradients,max_sensitivity,1,0.1,0,8,1.4329426139593124,1.31494;1.6863;1.38347;1.52461;1.27693;1.27232;1.51172;1.49325,10.21,2026-08-27T04:34:36
squeezenet,integrated_gradients,max_sensitivity,1,0.1,1,8,1.298633098602295,1.33367;1.36867;1.35078;1.22333;1.13733;1.16952;1.24817;1.55759,11.09,2026-08-27T04:34:47
squeezenet,integrated_gradients,max_sensitivity,1,0.1,2,8,1.313060224056244,1.45074;1.23711;1.39779;1.41563;1.12773;1.28556;1.24963;1.34028,11.15,2026-08-27T04:34:59
squeezenet,integrated_gradients,max_sensitivity,1,0.1,3,8,1.339346706867218,1.35897;1.32625;1.17579;1.40926;1.19217;1.63804;1.25423;1.36007,11.17,2026-08-27T04:35:10
squeezenet,integrated_gradients,max_sensitivity,1,0.1,4,8,1.3036210387945175,1.12563;1.23247;1.45775;1.35278;1.24675;1.37254;1.43334;1.20771,10.43,2026-08-27T04:35:20
squeezenet,integrated_gradients,max_sensitivity,1,0.1,5,8,1.503557100892067,1.67151;1.38934;1.35807;1.34266;1.50344;1.40222;1.43181;1.9294,10.79,2026-08-27T04:35:31
squeezenet,integrated_gradients,max_sensitivity,1,0.1,6,8,1.3889928460121155,1.36726;1.33992;1.25937;1.44065;1.32235;1.3479;1.51839;1.5161,11.0,2026-08-27T04:35:42
squeezenet,integrated_gradients,max_sensitivity,1,0.1,7,8,1.3025453984737396,1.4215;1.24097;1.19769;1.34533;1.16713;1.32285;1.41591;1.30898,11.11,2026-08-27T04:35:53
squeezenet,integrated_gradients,max_sensitivity,2,0.2,0,8,1.4096063822507858,1.31964;1.52392;1.36514;1.52784;1.23008;1.3122;1.54526;1.45279,10.52,2026-08-27T04:36:04
squeezenet,integrated_gradients,max_sensitivity,2,0.2,1,8,1.311620518565178,1.34125;1.37294;1.33806;1.242;1.15616;1.18939;1.25798;1.59519,10.11,2026-08-27T04:36:14
squeezenet,integrated_gradients,max_sensitivity,2,0.2,2,8,1.3074427098035812,1.39054;1.25475;1.44334;1.36097;1.1429;1.254;1.27182;1.34123,10.46,2026-08-27T04:36:24
squeezenet,integrated_gradients,max_sensitivity,2,0.2,3,8,1.3724754452705383,1.34466;1.36337;1.26019;1.43287;1.21671;1.66813;1.35074;1.34313,10.84,2026-08-27T04:36:35
squeezenet,integrated_gradients,max_sensitivity,2,0.2,4,8,1.327488362789154,1.12368;1.25736;1.52465;1.36254;1.24704;1.47561;1.45914;1.16987,10.35,2026-08-27T04:36:45
squeezenet,integrated_gradients,max_sensitivity,2,0.2,5,8,1.5252107828855515,1.73995;1.40724;1.38038;1.3567;1.51551;1.48511;1.44093;1.87587,10.37,2026-08-27T04:36:56
squeezenet,integrated_gradients,max_sensitivity,2,0.2,6,8,1.4120176434516907,1.28569;1.34445;1.35231;1.45833;1.27093;1.3655;1.73328;1.48564,10.64,2026-08-27T04:37:06
squeezenet,integrated_gradients,max_sensitivity,2,0.2,7,8,1.3169611394405365,1.41704;1.26429;1.21297;1.35311;1.23332;1.30268;1.43489;1.31739,10.71,2026-08-27T04:37:17
squeezenet,integrated_gradients,max_sensitivity,3,0.3,0,8,1.46976438164711,1.32625;1.48838;1.58454;1.67302;1.29392;1.3329;1.52433;1.53478,9.81,2026-08-27T04:37:27
squeezenet,integrated_gradients,max_sensitivity,3,0.3,1,8,1.3317225575447083,1.36583;1.41459;1.38492;1.25912;1.15051;1.19871;1.29345;1.58665,10.47,2026-08-27T04:37:37
squeezenet,integrated_gradients,max_sensitivity,3,0.3,2,8,1.3322751373052597,1.40893;1.2701;1.39199;1.43676;1.18674;1.28102;1.27282;1.40984,10.57,2026-08-27T04:37:48
squeezenet,integrated_gradients,max_sensitivity,3,0.3,3,8,1.393604338169098,1.3581;1.39413;1.23562;1.52484;1.2426;1.6127;1.36843;1.41242,10.56,2026-08-27T04:37:59
squeezenet,integrated_gradients,max_sensitivity,3,0.3,4,8,1.3380658477544785,1.16411;1.26131;1.5102;1.36199;1.30016;1.3995;1.51748;1.18978,9.52,2026-08-27T04:38:08
squeezenet,integrated_gradients,max_sensitivity,3,0.3,5,8,1.5322044491767883,1.6499;1.44329;1.4346;1.41842;1.58696;1.39406;1.46051;1.86989,10.3,2026-08-27T04:38:18
squeezenet,integrated_gradients,max_sensitivity,3,0.3,6,8,1.442455679178238,1.36447;1.48852;1.41638;1.4331;1.31849;1.41063;1.67666;1.43139,10.39,2026-08-27T04:38:29
squeezenet,integrated_gradients,max_sensitivity,3,0.3,7,8,1.3409740775823593,1.45821;1.29179;1.26528;1.34674;1.23139;1.32859;1.47081;1.33498,10.11,2026-08-27T04:38:39
squeezenet,integrated_gradients,max_sensitivity,4,0.4,0,8,1.4586854577064514,1.33296;1.49506;1.46473;1.57006;1.35848;1.33327;1.57719;1.53773,9.57,2026-08-27T04:38:48
squeezenet,integrated_gradients,max_sensitivity,4,0.4,1,8,1.331796482205391,1.37521;1.43023;1.34639;1.27145;1.21154;1.19433;1.27351;1.55171,10.01,2026-08-27T04:38:58
squeezenet,integrated_gradients,max_sensitivity,4,0.4,2,8,1.3816962987184525,1.52106;1.31466;1.47292;1.44726;1.20344;1.33807;1.30486;1.4513,10.14,2026-08-27T04:39:09
squeezenet,integrated_gradients,max_sensitivity,4,0.4,3,8,1.4333287179470062,1.41173;1.39725;1.27881;1.50738;1.24178;1.63316;1.4566;1.53992,9.27,2026-08-27T04:39:18
squeezenet,integrated_gradients,max_sensitivity,4,0.4,4,8,1.335272029042244,1.14655;1.28537;1.51794;1.34453;1.28925;1.41612;1.49428;1.18813,10.14,2026-08-27T04:39:28
squeezenet,integrated_gradients,max_sensitivity,4,0.4,5,8,1.5844428688287735,1.69458;1.43919;1.52987;1.39486;1.65976;1.47797;1.6186;1.86071,10.3,2026-08-27T04:39:38
squeezenet,integrated_gradients,max_sensitivity,4,0.4,6,8,1.4782493859529495,1.34991;1.43398;1.39854;1.48091;1.38179;1.43224;1.76088;1.58776,9.41,2026-08-27T04:39:48
squeezenet,integrated_gradients,max_sensitivity,4,0.4,7,8,1.3565783202648163,1.46576;1.27627;1.25584;1.42005;1.26387;1.34153;1.48872;1.34059,10.01,2026-08-27T04:39:58
squeezenet,integrated_gradients,max_sensitivity,5,0.5,0,8,1.4599394500255585,1.31483;1.44223;1.4714;1.59807;1.3683;1.353;1.59106;1.54064,8.95,2026-08-27T04:40:07
squeezenet,integrated_gradients,max_sensitivity,5,0.5,1,8,1.3742176741361618,1.43198;1.4707;1.40044;1.33299;1.21391;1.2311;1.30463;1.608,8.34,2026-08-27T04:40:15
squeezenet,integrated_gradients,max_sensitivity,5,0.5,2,8,1.3784696012735367,1.49075;1.33701;1.46;1.46757;1.18489;1.34182;1.35269;1.39303,8.96,2026-08-27T04:40:24
squeezenet,integrated_gradients,max_sensitivity,5,0.5,3,8,1.4522386640310287,1.41853;1.42675;1.31418;1.61008;1.28458;1.7533;1.43025;1.38025,9.21,2026-08-27T04:40:33
squeezenet,integrated_gradients,max_sensitivity,5,0.5,4,8,1.3703587651252747,1.20178;1.26991;1.57668;1.3788;1.31892;1.45655;1.55857;1.20167,8.32,2026-08-27T04:40:42
squeezenet,integrated_gradients,max_sensitivity,5,0.5,5,8,1.5809011459350586,1.69473;1.47684;1.4632;1.39784;1.64844;1.47704;1.59728;1.89184,9.13,2026-08-27T04:40:51
squeezenet,integrated_gradients,max_sensitivity,5,0.5,6,8,1.483716830611229,1.42043;1.53992;1.40261;1.53197;1.36406;1.40935;1.66234;1.53906,8.73,2026-08-27T04:40:59
squeezenet,integrated_gradients,max_sensitivity,5,0.5,7,8,1.3756928890943527,1.50302;1.28296;1.27638;1.41801;1.30626;1.34207;1.49173;1.38511,8.67,2026-08-27T04:41:08
squeezenet,integrated_gradients,max_sensitivity,6,0.6,0,8,1.4985636323690414,1.34779;1.55066;1.54457;1.6115;1.34932;1.35656;1.65728;1.57081,8.8,2026-08-27T04:41:17
squeezenet,integrated_gradients,max_sensitivity,6,0.6,1,8,1.4051290452480316,1.41804;1.50084;1.47001;1.35016;1.27946;1.24052;1.32389;1.65811,8.02,2026-08-27T04:41:25
squeezenet,integrated_gradients,max_sensitivity,6,0.6,2,8,1.40696781873703,1.54596;1.33974;1.49408;1.5123;1.21494;1.37054;1.34636;1.43181,8.7,2026-08-27T04:41:34
squeezenet,integrated_gradients,max_sensitivity,6,0.6,3,8,1.4648754745721817,1.48938;1.5135;1.29131;1.57056;1.29679;1.65319;1.43321;1.47107,8.46,2026-08-27T04:41:42
squeezenet,integrated_gradients,max_sensitivity,6,0.6,4,8,1.3735670745372772,1.20373;1.31135;1.57876;1.35754;1.29241;1.47295;1.54889;1.22292,8.34,2026-08-27T04:41:50
squeezenet,integrated_gradients,max_sensitivity,6,0.6,5,8,1.6134422421455383,1.71935;1.53315;1.54065;1.40325;1.77317;1.43256;1.54019;1.96522,8.78,2026-08-27T04:41:59
squeezenet,integrated_gradients,max_sensitivity,6,0.6,6,8,1.505500927567482,1.41392;1.47671;1.45328;1.54676;1.35308;1.41561;1.82306;1.5616,7.96,2026-08-27T04:42:07
squeezenet,integrated_gradients,max_sensitivity,6,0.6,7,8,1.3950886726379395,1.50531;1.30055;1.30653;1.40711;1.28804;1.42405;1.55431;1.3748,8.76,2026-08-27T04:42:16
squeezenet,integrated_gradients,max_sensitivity,7,0.7,0,8,1.5323112308979034,1.40553;1.6202;1.67036;1.65452;1.40008;1.43144;1.58635;1.49001,8.23,2026-08-27T04:42:24
squeezenet,integrated_gradients,max_sensitivity,7,0.7,1,8,1.4146805256605148,1.45987;1.58485;1.40814;1.30117;1.24656;1.33549;1.32862;1.65274,8.04,2026-08-27T04:42:32
squeezenet,integrated_gradients,max_sensitivity,7,0.7,2,8,1.4309122115373611,1.56989;1.35446;1.47037;1.57144;1.24672;1.39188;1.38218;1.46036,8.52,2026-08-27T04:42:41
squeezenet,integrated_gradients,max_sensitivity,7,0.7,3,8,1.4880279898643494,1.47749;1.4986;1.36355;1.61057;1.30371;1.67126;1.47475;1.50429,7.71,2026-08-27T04:42:48
squeezenet,integrated_gradients,max_sensitivity,7,0.7,4,8,1.3995509892702103,1.2607;1.32059;1.58021;1.37581;1.33569;1.5418;1.55177;1.22983,8.5,2026-08-27T04:42:57
squeezenet,integrated_gradients,max_sensitivity,7,0.7,5,8,1.5845408141613007,1.69845;1.55228;1.53301;1.43382;1.55942;1.43853;1.57864;1.88218,7.92,2026-08-27T04:43:05
squeezenet,integrated_gradients,max_sensitivity,7,0.7,6,8,1.51762193441391,1.36089;1.55297;1.44557;1.5334;1.36798;1.45306;1.90453;1.52258,8.3,2026-08-27T04:43:13
squeezenet,integrated_gradients,max_sensitivity,7,0.7,7,8,1.3992094993591309,1.44648;1.31565;1.32788;1.42501;1.32277;1.3997;1.55021;1.40599,8.3,2026-08-27T04:43:21
squeezenet,integrated_gradients,max_sensitivity,8,0.8,0,8,1.5869061946868896,1.36277;1.44889;2.13353;1.70463;1.41786;1.42602;1.54745;1.65411,7.26,2026-08-27T04:43:29
squeezenet,integrated_gradients,max_sensitivity,8,0.8,1,8,1.4400929063558578,1.48754;1.52038;1.44537;1.36917;1.29736;1.3651;1.35192;1.68392,7.76,2026-08-27T04:43:36
squeezenet,integrated_gradients,max_sensitivity,8,0.8,2,8,1.4233610928058624,1.52237;1.38765;1.4512;1.49655;1.2644;1.39718;1.38783;1.47971,7.01,2026-08-27T04:43:43
squeezenet,integrated_gradients,max_sensitivity,8,0.8,3,8,1.5233431607484818,1.53764;1.49642;1.36457;1.59283;1.34067;1.71458;1.53992;1.60013,7.82,2026-08-27T04:43:51
squeezenet,integrated_gradients,max_sensitivity,8,0.8,4,8,1.4328954219818115,1.27581;1.36249;1.65609;1.44137;1.34379;1.44986;1.65048;1.28327,6.97,2026-08-27T04:43:58
squeezenet,integrated_gradients,max_sensitivity,8,0.8,5,8,1.6464963853359222,1.68715;1.49545;1.58916;1.42342;1.74654;1.50213;1.84001;1.88811,7.76,2026-08-27T04:44:06
squeezenet,integrated_gradients,max_sensitivity,8,0.8,6,8,1.5492106527090073,1.47853;1.57649;1.49902;1.47904;1.40064;1.43394;1.98607;1.53996,7.03,2026-08-27T04:44:13
squeezenet,integrated_gradients,max_sensitivity,8,0.8,7,8,1.4321123361587524,1.44639;1.30487;1.32988;1.54898;1.41059;1.42542;1.56146;1.42931,7.73,2026-08-27T04:44:21
squeezenet,integrated_gradients,max_sensitivity,9,0.9,0,8,1.5960965752601624,1.39859;1.50022;1.76657;1.71547;1.65792;1.42988;1.68341;1.61672,6.7,2026-08-27T04:44:27
squeezenet,integrated_gradients,max_sensitivity,9,0.9,1,8,1.4714451879262924,1.54416;1.66711;1.47804;1.38994;1.26038;1.34788;1.32739;1.75667,7.34,2026-08-27T04:44:35
squeezenet,integrated_gradients,max_sensitivity,9,0.9,2,8,1.4427545666694641,1.6023;1.4523;1.44975;1.49899;1.26445;1.4094;1.40596;1.45888,6.61,2026-08-27T04:44:41
squeezenet,integrated_gradients,max_sensitivity,9,0.9,3,8,1.5505044758319855,1.55336;1.4882;1.47237;1.73242;1.38158;1.75949;1.4685;1.54814,7.4,2026-08-27T04:44:49
squeezenet,integrated_gradients,max_sensitivity,9,0.9,4,8,1.4393984079360962,1.26053;1.34552;1.63599;1.40856;1.34429;1.52769;1.70271;1.2899,6.66,2026-08-27T04:44:55
squeezenet,integrated_gradients,max_sensitivity,9,0.9,5,8,1.6729419380426407,1.66567;1.61715;1.61965;1.44836;1.78115;1.55288;1.75068;1.94799,7.36,2026-08-27T04:45:03
squeezenet,integrated_gradients,max_sensitivity,9,0.9,6,8,1.573203667998314,1.55848;1.58091;1.4418;1.50102;1.3688;1.4557;2.08169;1.59721,6.61,2026-08-27T04:45:09
squeezenet,integrated_gradients,max_sensitivity,9,0.9,7,8,1.4628271609544754,1.59849;1.37964;1.35694;1.53257;1.35697;1.41778;1.68168;1.37854,7.32,2026-08-27T04:45:17
squeezenet,integrated_gradients,random_logit,0,0.0,0,8,0.8384677627911852,0.864916;0.799866;0.86585;0.849558;0.875882;0.903116;0.812962;0.735593,1.45,2026-08-27T04:45:18
squeezenet,integrated_gradients,random_logit,0,0.0,1,8,0.7986199678615339,0.700466;0.812688;0.658263;0.768987;0.887144;0.853778;0.889421;0.818212,1.44,2026-08-27T04:45:20
squeezenet,integrated_gradients,random_logit,0,0.0,2,8,0.701984822860412,0.820889;0.371941;0.826028;0.76717;0.704887;0.668271;0.723182;0.733511,1.45,2026-08-27T04:45:21
squeezenet,integrated_gradients,random_logit,0,0.0,3,8,0.7499189344991172,0.821563;0.673348;0.648392;0.690176;0.817317;0.622208;0.84423;0.882118,1.4,2026-08-27T04:45:23
squeezenet,integrated_gradients,random_logit,0,0.0,4,8,0.8069254193539548,0.860883;0.822842;0.838456;0.805955;0.893271;0.723529;0.88825;0.622217,1.45,2026-08-27T04:45:24
squeezenet,integrated_gradients,random_logit,0,0.0,5,8,0.7847202254107568,0.674615;0.750744;0.857046;0.612699;0.915274;0.765277;0.960995;0.741114,1.7,2026-08-27T04:45:26
squeezenet,integrated_gradients,random_logit,0,0.0,6,8,0.8930717078978354,0.940377;0.859181;0.914681;0.811537;0.889525;0.883842;0.950918;0.894512,1.95,2026-08-27T04:45:28
squeezenet,integrated_gradients,random_logit,0,0.0,7,8,0.6995788346220102,0.672151;0.806784;0.734737;0.525408;0.699872;0.822051;0.622932;0.712695,1.85,2026-08-27T04:45:29
squeezenet,integrated_gradients,random_logit,1,0.1,0,8,0.827384120336778,0.846192;0.79402;0.863649;0.828485;0.866813;0.900706;0.798029;0.721179,1.41,2026-08-27T04:45:31
squeezenet,integrated_gradients,random_logit,1,0.1,1,8,0.7834611715582354,0.687814;0.80806;0.620027;0.76093;0.858975;0.858013;0.875173;0.798697,1.43,2026-08-27T04:45:32
squeezenet,integrated_gradients,random_logit,1,0.1,2,8,0.6859245260420344,0.799263;0.38736;0.807348;0.749608;0.693743;0.6163;0.703907;0.729867,1.45,2026-08-27T04:45:34
squeezenet,integrated_gradients,random_logit,1,0.1,3,8,0.7357892522596796,0.804617;0.648861;0.639011;0.678909;0.793926;0.622488;0.823463;0.87504,1.42,2026-08-27T04:45:35
squeezenet,integrated_gradients,random_logit,1,0.1,4,8,0.7970594399301136,0.853129;0.81854;0.823344;0.789459;0.870165;0.718052;0.878575;0.625212,1.4,2026-08-27T04:45:37
squeezenet,integrated_gradients,random_logit,1,0.1,5,8,0.7697484185257584,0.654581;0.744466;0.832914;0.603713;0.907861;0.772255;0.960401;0.681798,1.38,2026-08-27T04:45:38
squeezenet,integrated_gradients,random_logit,1,0.1,6,8,0.8800467552577418,0.936234;0.831923;0.880796;0.795551;0.881333;0.884204;0.951698;0.878636,1.45,2026-08-27T04:45:39
squeezenet,integrated_gradients,random_logit,1,0.1,7,8,0.681996617479846,0.649607;0.792577;0.716405;0.521408;0.674;0.810697;0.594068;0.697211,1.87,2026-08-27T04:45:41
squeezenet,integrated_gradients,random_logit,2,0.2,0,8,0.8205297480772944,0.832138;0.793141;0.861636;0.815243;0.859575;0.90059;0.789583;0.712331,1.8,2026-08-27T04:45:43
squeezenet,integrated_gradients,random_logit,2,0.2,1,8,0.7652957156799018,0.65846;0.804594;0.604335;0.733991;0.843369;0.846854;0.850656;0.780107,1.39,2026-08-27T04:45:44
squeezenet,integrated_gradients,random_logit,2,0.2,2,8,0.6838511478572294,0.784438;0.407463;0.793228;0.729484;0.687412;0.647964;0.690259;0.730561,1.37,2026-08-27T04:45:46
squeezenet,integrated_gradients,random_logit,2,0.2,3,8,0.7204071418433581,0.796093;0.631475;0.63693;0.672493;0.7776;0.627483;0.759045;0.862137,1.36,2026-08-27T04:45:47
squeezenet,integrated_gradients,random_logit,2,0.2,4,8,0.7912882374959902,0.847399;0.816113;0.813449;0.778407;0.851445;0.718195;0.871745;0.633553,1.33,2026-08-27T04:45:49
squeezenet,integrated_gradients,random_logit,2,0.2,5,8,0.7657095334965247,0.638265;0.741735;0.856234;0.605435;0.903689;0.725556;0.959625;0.695137,1.33,2026-08-27T04:45:50
squeezenet,integrated_gradients,random_logit,2,0.2,6,8,0.8821496017647092,0.933886;0.856663;0.905149;0.786973;0.875905;0.887181;0.934501;0.876938,1.31,2026-08-27T04:45:51
squeezenet,integrated_gradients,random_logit,2,0.2,7,8,0.6861847312610563,0.647834;0.801682;0.730002;0.51844;0.687737;0.809018;0.582921;0.711844,1.36,2026-08-27T04:45:53
squeezenet,integrated_gradients,random_logit,3,0.3,0,8,0.8134296583310285,0.790519;0.78683;0.857459;0.802603;0.863658;0.902529;0.791029;0.712809,1.54,2026-08-27T04:45:54
squeezenet,integrated_gradients,random_logit,3,0.3,1,8,0.7618672330611532,0.678768;0.80693;0.61267;0.677972;0.825158;0.855212;0.860312;0.777917,1.87,2026-08-27T04:45:56
squeezenet,integrated_gradients,random_logit,3,0.3,2,8,0.6687529258510589,0.775715;0.433344;0.788383;0.723426;0.607259;0.604644;0.6838;0.733454,1.61,2026-08-27T04:45:58
squeezenet,integrated_gradients,random_logit,3,0.3,3,8,0.7160144294922157,0.788479;0.604323;0.640999;0.673423;0.768298;0.63547;0.746909;0.870215,1.35,2026-08-27T04:45:59
squeezenet,integrated_gradients,random_logit,3,0.3,4,8,0.7813945502921152,0.845979;0.816416;0.806061;0.7725;0.83989;0.722205;0.846468;0.601637,1.29,2026-08-27T04:46:00
squeezenet,integrated_gradients,random_logit,3,0.3,5,8,0.7654845504279186,0.63287;0.719985;0.837084;0.607512;0.900748;0.793083;0.949574;0.68302,1.3,2026-08-27T04:46:02
squeezenet,integrated_gradients,random_logit,3,0.3,6,8,0.8835882166875308,0.93379;0.859095;0.903384;0.781646;0.872874;0.891193;0.954669;0.872054,1.33,2026-08-27T04:46:03
squeezenet,integrated_gradients,random_logit,3,0.3,7,8,0.6702308928850776,0.617809;0.731077;0.735156;0.536493;0.645212;0.807218;0.569594;0.719287,1.33,2026-08-27T04:46:04
squeezenet,integrated_gradients,random_logit,4,0.4,0,8,0.8029425080890698,0.809913;0.713714;0.863798;0.804166;0.836469;0.905146;0.781551;0.708784,1.26,2026-08-27T04:46:05
squeezenet,integrated_gradients,random_logit,4,0.4,1,8,0.7733693095507463,0.682192;0.814664;0.610834;0.764452;0.815994;0.864814;0.860191;0.773814,1.29,2026-08-27T04:46:07
squeezenet,integrated_gradients,random_logit,4,0.4,2,8,0.6710005737064562,0.771943;0.456689;0.770038;0.723591;0.622285;0.651494;0.685634;0.686331,1.52,2026-08-27T04:46:08
squeezenet,integrated_gradients,random_logit,4,0.4,3,8,0.7246329829810415,0.787349;0.618506;0.630932;0.682407;0.764752;0.65034;0.792743;0.870034,1.71,2026-08-27T04:46:10
squeezenet,integrated_gradients,random_logit,4,0.4,4,8,0.7807327326582068,0.846571;0.824467;0.806384;0.754231;0.824716;0.693363;0.830027;0.666104,1.56,2026-08-27T04:46:12
squeezenet,integrated_gradients,random_logit,4,0.4,5,8,0.7558809951423385,0.601628;0.671961;0.832283;0.69191;0.847673;0.731975;0.954569;0.715048,1.26,2026-08-27T04:46:13
squeezenet,integrated_gradients,random_logit,4,0.4,6,8,0.8729783291190893,0.933392;0.858182;0.901458;0.693721;0.860991;0.9025;0.940074;0.893509,1.29,2026-08-27T04:46:14
squeezenet,integrated_gradients,random_logit,4,0.4,7,8,0.6813663429597913,0.638982;0.800635;0.731699;0.552971;0.654546;0.806143;0.548529;0.717426,1.31,2026-08-27T04:46:15
squeezenet,integrated_gradients,random_logit,5,0.5,0,8,0.8160096251962922,0.812243;0.818106;0.871359;0.78427;0.857084;0.878595;0.7886;0.717819,1.09,2026-08-27T04:46:17
squeezenet,integrated_gradients,random_logit,5,0.5,1,8,0.7754047868444651,0.644664;0.817156;0.612493;0.806276;0.802146;0.887991;0.838251;0.794261,1.1,2026-08-27T04:46:18
squeezenet,integrated_gradients,random_logit,5,0.5,2,8,0.702321650626184,0.774934;0.504043;0.788789;0.728433;0.708798;0.662906;0.692398;0.758271,1.11,2026-08-27T04:46:19
squeezenet,integrated_gradients,random_logit,5,0.5,3,8,0.7261801661639249,0.756313;0.627034;0.664718;0.70497;0.743404;0.671294;0.77832;0.863389,1.14,2026-08-27T04:46:20
squeezenet,integrated_gradients,random_logit,5,0.5,4,8,0.7871396241583937,0.80219;0.828534;0.813974;0.763995;0.81503;0.735928;0.849673;0.687793,1.1,2026-08-27T04:46:21
squeezenet,integrated_gradients,random_logit,5,0.5,5,8,0.7687739931017267,0.641979;0.766494;0.874977;0.556096;0.906202;0.755739;0.962703;0.686001,1.26,2026-08-27T04:46:22
squeezenet,integrated_gradients,random_logit,5,0.5,6,8,0.8821472345858034,0.937765;0.808999;0.877374;0.787574;0.87566;0.907122;0.961534;0.90115,1.38,2026-08-27T04:46:24
squeezenet,integrated_gradients,random_logit,5,0.5,7,8,0.7047254311875415,0.660226;0.821284;0.761122;0.578845;0.659946;0.820467;0.588286;0.747627,1.42,2026-08-27T04:46:25
squeezenet,integrated_gradients,random_logit,6,0.6,0,8,0.7871685651829071,0.81044;0.713419;0.876232;0.799212;0.858099;0.893448;0.620934;0.725565,1.14,2026-08-27T04:46:26
squeezenet,integrated_gradients,random_logit,6,0.6,1,8,0.7704591945796915,0.699328;0.762068;0.645398;0.754661;0.781397;0.874583;0.859798;0.78644,1.08,2026-08-27T04:46:27
squeezenet,integrated_gradients,random_logit,6,0.6,2,8,0.6927975256989056,0.737691;0.551318;0.760625;0.75795;0.654868;0.651075;0.70084;0.728013,1.04,2026-08-27T04:46:28
squeezenet,integrated_gradients,random_logit,6,0.6,3,8,0.7371916022234586,0.748995;0.630436;0.683311;0.697626;0.768184;0.702802;0.793662;0.872517,1.05,2026-08-27T04:46:29
squeezenet,integrated_gradients,random_logit,6,0.6,4,8,0.7867813588121504,0.862772;0.847048;0.782177;0.766995;0.758879;0.743504;0.877405;0.655472,1.04,2026-08-27T04:46:30
squeezenet,integrated_gradients,random_logit,6,0.6,5,8,0.7628667623733029,0.647251;0.724242;0.860915;0.597226;0.882825;0.784521;0.943989;0.661965,1.06,2026-08-27T04:46:31
squeezenet,integrated_gradients,random_logit,6,0.6,6,8,0.8867305559853991,0.927662;0.875001;0.896019;0.739949;0.866304;0.909841;0.965593;0.913475,1.05,2026-08-27T04:46:33
squeezenet,integrated_gradients,random_logit,6,0.6,7,8,0.724887352003529,0.623777;0.850146;0.793755;0.634674;0.753119;0.779276;0.6275;0.736852,1.05,2026-08-27T04:46:34
squeezenet,integrated_gradients,random_logit,7,0.7,0,8,0.8219147515432752,0.758074;0.725103;0.880582;0.789724;0.875388;0.917806;0.844578;0.784064,0.99,2026-08-27T04:46:35
squeezenet,integrated_gradients,random_logit,7,0.7,1,8,0.7602940377290925,0.707224;0.722631;0.626033;0.779225;0.737792;0.862774;0.852926;0.793748,1.09,2026-08-27T04:46:36
squeezenet,integrated_gradients,random_logit,7,0.7,2,8,0.7385769891026819,0.754373;0.598956;0.819556;0.777659;0.697776;0.723478;0.727481;0.809335,1.26,2026-08-27T04:46:37
squeezenet,integrated_gradients,random_logit,7,0.7,3,8,0.7647360411464835,0.789235;0.66588;0.698022;0.740701;0.792368;0.726294;0.80811;0.897277,1.27,2026-08-27T04:46:38
squeezenet,integrated_gradients,random_logit,7,0.7,4,8,0.805372020593941,0.863672;0.830155;0.841004;0.794688;0.751559;0.787674;0.865352;0.708871,1.26,2026-08-27T04:46:39
squeezenet,integrated_gradients,random_logit,7,0.7,5,8,0.7937519927963674,0.639121;0.738432;0.811831;0.736637;0.896095;0.822777;0.960096;0.745028,0.97,2026-08-27T04:46:40
squeezenet,integrated_gradients,random_logit,7,0.7,6,8,0.8739281296367194,0.945589;0.888713;0.892922;0.725792;0.892454;0.76044;0.959305;0.926208,0.98,2026-08-27T04:46:41
squeezenet,integrated_gradients,random_logit,7,0.7,7,8,0.7092404682017494,0.692134;0.744891;0.659943;0.714838;0.699671;0.769217;0.661316;0.731914,1.0,2026-08-27T04:46:42
squeezenet,integrated_gradients,random_logit,8,0.8,0,8,0.8386280420557548,0.788546;0.77779;0.887003;0.821085;0.881454;0.93164;0.792077;0.82943,0.85,2026-08-27T04:46:43
squeezenet,integrated_gradients,random_logit,8,0.8,1,8,0.807168429842835,0.784255;0.753834;0.706953;0.750291;0.835004;0.932078;0.863539;0.831393,0.85,2026-08-27T04:46:44
squeezenet,integrated_gradients,random_logit,8,0.8,2,8,0.7455413854397059,0.762631;0.72052;0.835847;0.79996;0.70347;0.640546;0.696119;0.805237,0.87,2026-08-27T04:46:45
squeezenet,integrated_gradients,random_logit,8,0.8,3,8,0.7939308285705671,0.840354;0.73788;0.735083;0.771086;0.814565;0.769318;0.807751;0.875409,0.89,2026-08-27T04:46:46
squeezenet,integrated_gradients,random_logit,8,0.8,4,8,0.8430670515752672,0.898815;0.861599;0.832644;0.831938;0.814212;0.826878;0.914745;0.763705,0.87,2026-08-27T04:46:47
squeezenet,integrated_gradients,random_logit,8,0.8,5,8,0.8250985258241414,0.740259;0.727067;0.883573;0.788245;0.884955;0.826851;0.967114;0.782724,0.88,2026-08-27T04:46:48
squeezenet,integrated_gradients,random_logit,8,0.8,6,8,0.8903265225175847,0.954171;0.868281;0.871293;0.777438;0.906084;0.87099;0.955874;0.91848,0.86,2026-08-27T04:46:48
squeezenet,integrated_gradients,random_logit,8,0.8,7,8,0.7710289717181275,0.777571;0.820402;0.803878;0.713871;0.744736;0.827494;0.709635;0.770646,0.86,2026-08-27T04:46:49
squeezenet,integrated_gradients,random_logit,9,0.9,0,8,0.8839370321033941,0.840962;0.84776;0.910465;0.856988;0.905409;0.952381;0.877715;0.879817,0.98,2026-08-27T04:46:50
squeezenet,integrated_gradients,random_logit,9,0.9,1,8,0.867728640424593,0.851532;0.84513;0.776139;0.842414;0.879691;0.955199;0.900468;0.891256,0.99,2026-08-27T04:46:51
squeezenet,integrated_gradients,random_logit,9,0.9,2,8,0.8483164517596562,0.894041;0.850373;0.892995;0.824322;0.783927;0.823416;0.845399;0.872058,0.98,2026-08-27T04:46:52
squeezenet,integrated_gradients,random_logit,9,0.9,3,8,0.8489651753953433,0.870998;0.82731;0.852733;0.793167;0.830404;0.841703;0.875092;0.900314,1.01,2026-08-27T04:46:53
squeezenet,integrated_gradients,random_logit,9,0.9,4,8,0.8782333921844888,0.904275;0.896911;0.872366;0.796849;0.879985;0.869756;0.939299;0.866426,0.82,2026-08-27T04:46:54
squeezenet,integrated_gradients,random_logit,9,0.9,5,8,0.8741536037952469,0.78113;0.896534;0.935129;0.836335;0.941706;0.905282;0.973115;0.723997,0.8,2026-08-27T04:46:55
squeezenet,integrated_gradients,random_logit,9,0.9,6,8,0.9386449507857019,0.969972;0.950642;0.962179;0.871357;0.93635;0.891421;0.986198;0.941041,0.78,2026-08-27T04:46:56
squeezenet,integrated_gradients,random_logit,9,0.9,7,8,0.8307000266771534,0.839297;0.87557;0.789516;0.831659;0.79387;0.887673;0.768931;0.859084,0.78,2026-08-27T04:46:56
squeezenet,saliency,max_sensitivity,0,0.0,0,8,0.9390287026762962,0.9512;0.88377;1.04522;1.02114;0.896667;0.863169;0.953287;0.897772,6.93,2026-08-27T04:47:03
squeezenet,saliency,max_sensitivity,0,0.0,1,8,0.9245416224002838,0.954061;0.96345;0.962301;0.882933;0.8769;0.895035;0.878103;0.98355,7.6,2026-08-27T04:47:11
squeezenet,saliency,max_sensitivity,0,0.0,2,8,0.9273390546441078,1.04268;0.890954;0.968422;0.875991;0.881118;0.869086;0.902925;0.987542,6.14,2026-08-27T04:47:17
squeezenet,saliency,max_sensitivity,0,0.0,3,8,0.9597295671701431,0.912186;0.916855;0.938385;1.13999;0.88074;1.09398;0.86416;0.931535,7.39,2026-08-27T04:47:25
squeezenet,saliency,max_sensitivity,0,0.0,4,8,0.9109172523021698,0.933637;0.92934;0.955242;0.895474;0.883114;0.892317;0.907203;0.891013,6.33,2026-08-27T04:47:31
squeezenet,saliency,max_sensitivity,0,0.0,5,8,1.0663662031292915,0.96572;0.960524;0.998233;0.990988;1.03206;0.85578;0.971135;1.75649,7.5,2026-08-27T04:47:38
squeezenet,saliency,max_sensitivity,0,0.0,6,8,0.9195226430892944,0.866797;1.01715;0.881266;0.927105;0.913761;0.921493;0.962747;0.865862,6.27,2026-08-27T04:47:45
squeezenet,saliency,max_sensitivity,0,0.0,7,8,0.9621590673923492,0.941712;0.937724;0.923902;0.959483;0.954057;0.956611;1.10227;0.921514,7.52,2026-08-27T04:47:52
squeezenet,saliency,max_sensitivity,1,0.1,0,8,0.9763255640864372,0.976487;0.958015;1.04034;1.0286;0.919921;0.913344;0.998498;0.975404,6.07,2026-08-27T04:47:58
squeezenet,saliency,max_sensitivity,1,0.1,1,8,0.9782660380005836,1.02534;1.0789;1.01525;0.925904;0.933419;0.930887;0.919879;0.996557,7.24,2026-08-27T04:48:06
squeezenet,saliency,max_sensitivity,1,0.1,2,8,0.9942250624299049,1.13171;0.980654;1.01108;0.974494;0.912401;0.928572;0.953291;1.0616,5.85,2026-08-27T04:48:11
squeezenet,saliency,max_sensitivity,1,0.1,3,8,1.0221692621707916,0.930763;1.00214;1.00511;1.19916;0.933077;1.19408;0.924811;0.988223,7.23,2026-08-27T04:48:19
squeezenet,saliency,max_sensitivity,1,0.1,4,8,0.942488469183445,1.00431;0.947754;0.961589;0.923024;0.915961;0.928362;0.94082;0.918083,5.85,2026-08-27T04:48:24
squeezenet,saliency,max_sensitivity,1,0.1,5,8,1.0970033183693886,1.03664;0.990776;1.02822;1.02308;1.09705;0.899284;1.03273;1.66824,7.2,2026-08-27T04:48:32
squeezenet,saliency,max_sensitivity,1,0.1,6,8,0.9579973295331001,0.901833;1.04645;0.920238;0.963635;0.960799;0.994007;0.965263;0.911757,5.88,2026-08-27T04:48:38
squeezenet,saliency,max_sensitivity,1,0.1,7,8,1.0039038807153702,0.956119;0.929671;0.955681;1.02046;0.983273;1.0167;1.20615;0.963177,7.05,2026-08-27T04:48:45
squeezenet,saliency,max_sensitivity,2,0.2,0,8,1.0215915739536285,0.99783;0.937805;1.07391;1.15512;0.981754;0.965774;1.07781;0.982728,5.77,2026-08-27T04:48:50
squeezenet,saliency,max_sensitivity,2,0.2,1,8,1.0228466838598251,1.07992;1.08361;1.0813;0.971567;0.987253;0.994118;0.937305;1.0477,6.24,2026-08-27T04:48:57
squeezenet,saliency,max_sensitivity,2,0.2,2,8,1.0256171077489853,1.14266;0.989693;1.03228;0.989007;0.960145;0.963136;1.00029;1.12772,6.47,2026-08-27T04:49:03
squeezenet,saliency,max_sensitivity,2,0.2,3,8,1.0783284604549408,0.985918;1.02628;1.11899;1.23306;0.98052;1.24855;0.978992;1.05431,5.75,2026-08-27T04:49:09
squeezenet,saliency,max_sensitivity,2,0.2,4,8,0.9930029585957527,1.02252;1.01165;1.015;0.957979;0.970035;1.0341;0.996964;0.935783,6.91,2026-08-27T04:49:16
squeezenet,saliency,max_sensitivity,2,0.2,5,8,1.141059510409832,1.0882;1.0568;1.0463;1.0675;1.20748;0.948169;1.04394;1.67008,5.59,2026-08-27T04:49:21
squeezenet,saliency,max_sensitivity,2,0.2,6,8,0.9929763302206993,0.926069;1.07652;0.969891;1.02671;0.993148;0.996078;0.988004;0.967395,6.94,2026-08-27T04:49:28
squeezenet,saliency,max_sensitivity,2,0.2,7,8,1.0444958880543709,0.999889;0.979653;1.01783;1.08395;1.01892;1.0464;1.23123;0.9781,5.62,2026-08-27T04:49:34
squeezenet,saliency,max_sensitivity,3,0.3,0,8,1.08298409730196,1.0231;0.984524;1.33857;1.14887;0.996667;1.05212;1.10432;1.0157,6.59,2026-08-27T04:49:40
squeezenet,saliency,max_sensitivity,3,0.3,1,8,1.0697994902729988,1.14145;1.14912;1.13865;1.00341;1.00511;0.998369;1.00463;1.11765,5.56,2026-08-27T04:49:46
squeezenet,saliency,max_sensitivity,3,0.3,2,8,1.0705003142356873,1.17168;1.04118;1.09621;1.04122;0.986877;1.01773;1.04808;1.16103,5.89,2026-08-27T04:49:52
squeezenet,saliency,max_sensitivity,3,0.3,3,8,1.1307192891836166,1.01828;1.08295;1.13652;1.28503;1.04056;1.27133;1.03394;1.17713,6.3,2026-08-27T04:49:58
squeezenet,saliency,max_sensitivity,3,0.3,4,8,1.0336824879050255,1.06584;1.05831;1.06567;0.995895;0.991089;1.08786;1.04117;0.963616,5.45,2026-08-27T04:50:04
squeezenet,saliency,max_sensitivity,3,0.3,5,8,1.2182404398918152,1.09804;1.16751;1.12605;1.10904;1.17528;0.992895;1.09253;1.98457,6.79,2026-08-27T04:50:10
squeezenet,saliency,max_sensitivity,3,0.3,6,8,1.0420448556542397,0.951614;1.18807;1.00899;1.05983;1.02961;1.04757;1.03715;1.01353,5.51,2026-08-27T04:50:16
squeezenet,saliency,max_sensitivity,3,0.3,7,8,1.0856443792581558,1.04939;1.03004;1.03099;1.09464;1.08848;1.1388;1.24732;1.00548,6.75,2026-08-27T04:50:23
squeezenet,saliency,max_sensitivity,4,0.4,0,8,1.1045440882444382,1.06847;1.00974;1.18838;1.20779;1.07785;1.05819;1.15654;1.0694,5.3,2026-08-27T04:50:28
squeezenet,saliency,max_sensitivity,4,0.4,1,8,1.11249478161335,1.18164;1.19889;1.1599;1.04641;1.02889;1.05748;1.01491;1.21185,5.59,2026-08-27T04:50:34
squeezenet,saliency,max_sensitivity,4,0.4,2,8,1.132137507200241,1.23794;1.09109;1.13827;1.16152;1.03659;1.05856;1.09826;1.23486,6.12,2026-08-27T04:50:40
squeezenet,saliency,max_sensitivity,4,0.4,3,8,1.1653989553451538,1.05821;1.12371;1.18368;1.33543;1.05702;1.31446;1.07931;1.17138,5.11,2026-08-27T04:50:45
squeezenet,saliency,max_sensitivity,4,0.4,4,8,1.0633232593536377,1.09072;1.09478;1.07874;1.04773;1.02622;1.11424;1.07746;0.976699,6.4,2026-08-27T04:50:51
squeezenet,saliency,max_sensitivity,4,0.4,5,8,1.2360283732414246,1.168;1.15964;1.20485;1.14721;1.26299;1.03604;1.16825;1.74124,5.3,2026-08-27T04:50:57
squeezenet,saliency,max_sensitivity,4,0.4,6,8,1.0872585102915764,0.98619;1.18339;1.06579;1.1136;1.09815;1.08704;1.08543;1.07847,5.96,2026-08-27T04:51:03
squeezenet,saliency,max_sensitivity,4,0.4,7,8,1.1340191513299942,1.10251;1.05859;1.09864;1.14677;1.12388;1.13144;1.38139;1.02893,5.92,2026-08-27T04:51:08
squeezenet,saliency,max_sensitivity,5,0.5,0,8,1.1277489066123962,1.09984;1.03913;1.15918;1.25261;1.08431;1.11822;1.17347;1.09523,4.39,2026-08-27T04:51:13
squeezenet,saliency,max_sensitivity,5,0.5,1,8,1.155810460448265,1.21264;1.23963;1.23289;1.15247;1.09225;1.06471;1.06944;1.18245,5.7,2026-08-27T04:51:19
squeezenet,saliency,max_sensitivity,5,0.5,2,8,1.165604680776596,1.28175;1.12891;1.17339;1.13767;1.07934;1.11047;1.14894;1.26437,4.38,2026-08-27T04:51:23
squeezenet,saliency,max_sensitivity,5,0.5,3,8,1.2228870391845703,1.12964;1.17168;1.25989;1.42425;1.11732;1.34295;1.1261;1.21126,4.3,2026-08-27T04:51:27
squeezenet,saliency,max_sensitivity,5,0.5,4,8,1.1112459599971771,1.15609;1.10074;1.12711;1.07241;1.09657;1.2076;1.12533;1.00411,5.5,2026-08-27T04:51:33
squeezenet,saliency,max_sensitivity,5,0.5,5,8,1.282164141535759,1.17947;1.1915;1.22434;1.18271;1.29655;1.09319;1.17525;1.91431,4.29,2026-08-27T04:51:37
squeezenet,saliency,max_sensitivity,5,0.5,6,8,1.124045342206955,1.03057;1.26361;1.11907;1.19445;1.09836;1.09589;1.12539;1.06502,4.19,2026-08-27T04:51:41
squeezenet,saliency,max_sensitivity,5,0.5,7,8,1.1701253652572632,1.14713;1.07524;1.11349;1.23038;1.16853;1.18814;1.37106;1.06704,5.57,2026-08-27T04:51:47
squeezenet,saliency,max_sensitivity,6,0.6,0,8,1.1925316452980042,1.17055;1.09198;1.29254;1.32087;1.12879;1.13236;1.22063;1.18253,3.91,2026-08-27T04:51:51
squeezenet,saliency,max_sensitivity,6,0.6,1,8,1.182277724146843,1.24202;1.27999;1.23173;1.14871;1.11607;1.10465;1.12071;1.21434,3.91,2026-08-27T04:51:55
squeezenet,saliency,max_sensitivity,6,0.6,2,8,1.2063712030649185,1.33575;1.17899;1.21168;1.19912;1.09358;1.14858;1.16458;1.31869,4.87,2026-08-27T04:52:00
squeezenet,saliency,max_sensitivity,6,0.6,3,8,1.2619971334934235,1.19996;1.23711;1.23942;1.44859;1.14219;1.40295;1.19307;1.23269,4.47,2026-08-27T04:52:04
squeezenet,saliency,max_sensitivity,6,0.6,4,8,1.1443529278039932,1.15197;1.16785;1.20387;1.09958;1.12739;1.22567;1.14223;1.03626,3.9,2026-08-27T04:52:08
squeezenet,saliency,max_sensitivity,6,0.6,5,8,1.3497497588396072,1.27037;1.27712;1.29365;1.23521;1.39145;1.10402;1.2162;2.00998,4.41,2026-08-27T04:52:12
squeezenet,saliency,max_sensitivity,6,0.6,6,8,1.1739195585250854,1.03723;1.27858;1.22565;1.2176;1.18788;1.17372;1.17392;1.09678,4.72,2026-08-27T04:52:17
squeezenet,saliency,max_sensitivity,6,0.6,7,8,1.2153149247169495,1.13613;1.08808;1.15294;1.24185;1.23187;1.24972;1.52653;1.09539,4.0,2026-08-27T04:52:21
squeezenet,saliency,max_sensitivity,7,0.7,0,8,1.2159083783626556,1.22107;1.13744;1.28836;1.37618;1.16519;1.15274;1.24441;1.1419,3.85,2026-08-27T04:52:25
squeezenet,saliency,max_sensitivity,7,0.7,1,8,1.2317111045122147,1.29205;1.3282;1.34714;1.16919;1.17131;1.12771;1.14374;1.27434,5.04,2026-08-27T04:52:30
squeezenet,saliency,max_sensitivity,7,0.7,2,8,1.2588609606027603,1.37874;1.2489;1.26189;1.24238;1.15973;1.22471;1.19464;1.3599,3.73,2026-08-27T04:52:34
squeezenet,saliency,max_sensitivity,7,0.7,3,8,1.301712542772293,1.21307;1.25813;1.32105;1.49524;1.19744;1.42229;1.20912;1.29737,3.7,2026-08-27T04:52:37
squeezenet,saliency,max_sensitivity,7,0.7,4,8,1.1851129233837128,1.23181;1.21235;1.23472;1.14704;1.14023;1.24622;1.21135;1.05718,4.66,2026-08-27T04:52:42
squeezenet,saliency,max_sensitivity,7,0.7,5,8,1.3631577640771866,1.2457;1.30935;1.29423;1.30846;1.38274;1.13614;1.33799;1.89065,3.89,2026-08-27T04:52:46
squeezenet,saliency,max_sensitivity,7,0.7,6,8,1.2181496173143387,1.0985;1.34941;1.18192;1.2935;1.20269;1.20671;1.19504;1.21744,3.71,2026-08-27T04:52:50
squeezenet,saliency,max_sensitivity,7,0.7,7,8,1.2541448324918747,1.18174;1.16732;1.19171;1.27902;1.28068;1.2799;1.52657;1.12622,4.0,2026-08-27T04:52:54
squeezenet,saliency,max_sensitivity,8,0.8,0,8,1.265401691198349,1.2545;1.09615;1.4492;1.41152;1.20925;1.18313;1.2852;1.23426,4.03,2026-08-27T04:52:58
squeezenet,saliency,max_sensitivity,8,0.8,1,8,1.2720433175563812,1.33517;1.39466;1.42194;1.20616;1.2008;1.15546;1.16841;1.29376,3.01,2026-08-27T04:53:01
squeezenet,saliency,max_sensitivity,8,0.8,2,8,1.2786891609430313,1.3785;1.26018;1.29277;1.25198;1.14581;1.2355;1.265;1.39977,3.09,2026-08-27T04:53:04
squeezenet,saliency,max_sensitivity,8,0.8,3,8,1.3565136194229126,1.23517;1.28635;1.37154;1.61222;1.2367;1.5166;1.25452;1.33901,3.14,2026-08-27T04:53:07
squeezenet,saliency,max_sensitivity,8,0.8,4,8,1.2109474688768387,1.24279;1.24179;1.24653;1.15503;1.15749;1.30299;1.26361;1.07734,4.25,2026-08-27T04:53:11
squeezenet,saliency,max_sensitivity,8,0.8,5,8,1.4266170263290405,1.31059;1.37307;1.29238;1.32387;1.47071;1.23098;1.37755;2.03379,3.05,2026-08-27T04:53:14
squeezenet,saliency,max_sensitivity,8,0.8,6,8,1.2541802674531937,1.12709;1.446;1.23973;1.25494;1.18802;1.22467;1.3122;1.24077,3.05,2026-08-27T04:53:17
squeezenet,saliency,max_sensitivity,8,0.8,7,8,1.2844702303409576,1.19855;1.18147;1.19925;1.33698;1.28415;1.31351;1.58699;1.17485,3.05,2026-08-27T04:53:20
squeezenet,saliency,max_sensitivity,9,0.9,0,8,1.3140249848365784,1.27994;1.14508;1.52529;1.43563;1.25262;1.27061;1.34997;1.25305,3.76,2026-08-27T04:53:24
squeezenet,saliency,max_sensitivity,9,0.9,1,8,1.306648924946785,1.46265;1.41024;1.36276;1.28328;1.22797;1.182;1.18421;1.34007,2.86,2026-08-27T04:53:27
squeezenet,saliency,max_sensitivity,9,0.9,2,8,1.3267193138599396,1.44147;1.30809;1.31873;1.35373;1.18886;1.26111;1.28247;1.4593,2.63,2026-08-27T04:53:30
squeezenet,saliency,max_sensitivity,9,0.9,3,8,1.3859116584062576,1.28041;1.33612;1.45861;1.61038;1.24552;1.54195;1.28024;1.33407,2.66,2026-08-27T04:53:32
squeezenet,saliency,max_sensitivity,9,0.9,4,8,1.253619223833084,1.28492;1.25951;1.30657;1.19509;1.19354;1.38787;1.27969;1.12176,2.79,2026-08-27T04:53:35
squeezenet,saliency,max_sensitivity,9,0.9,5,8,1.4722571969032288,1.33591;1.38335;1.40249;1.36118;1.59754;1.23475;1.36675;2.09609,3.87,2026-08-27T04:53:39
squeezenet,saliency,max_sensitivity,9,0.9,6,8,1.2723671197891235,1.11913;1.43248;1.21814;1.31569;1.27739;1.26058;1.25414;1.30138,2.55,2026-08-27T04:53:41
squeezenet,saliency,max_sensitivity,9,0.9,7,8,1.3213754892349243,1.23092;1.18618;1.24589;1.36026;1.32596;1.38224;1.64078;1.19877,2.56,2026-08-27T04:53:44
squeezenet,saliency,random_logit,0,0.0,0,8,0.7478178951487978,0.827425;0.752472;0.592649;0.8387;0.810487;0.662022;0.775964;0.722825,1.04,2026-08-27T04:53:45
squeezenet,saliency,random_logit,0,0.0,1,8,0.7194629732503748,0.641302;0.623941;0.616213;0.669207;0.713768;0.786084;0.875696;0.829493,1.01,2026-08-27T04:53:46
squeezenet,saliency,random_logit,0,0.0,2,8,0.6014428426630152,0.664344;0.372522;0.732362;0.715389;0.508802;0.431755;0.638937;0.747431,1.02,2026-08-27T04:53:47
squeezenet,saliency,random_logit,0,0.0,3,8,0.7132859178138984,0.841801;0.639116;0.495574;0.600359;0.845563;0.640761;0.790755;0.85236,1.0,2026-08-27T04:53:48
squeezenet,saliency,random_logit,0,0.0,4,8,0.7044118770203066,0.589611;0.670853;0.736983;0.776076;0.831696;0.730026;0.845888;0.454162,1.22,2026-08-27T04:53:49
squeezenet,saliency,random_logit,0,0.0,5,8,0.7499594030156984,0.845944;0.635501;0.848802;0.76444;0.750237;0.75097;0.843985;0.559796,1.5,2026-08-27T04:53:51
squeezenet,saliency,random_logit,0,0.0,6,8,0.8055404445424366,0.854016;0.644525;0.879003;0.827604;0.812854;0.799694;0.769766;0.856861,1.52,2026-08-27T04:53:52
squeezenet,saliency,random_logit,0,0.0,7,8,0.5400016985207401,0.52665;0.570125;0.57745;0.449093;0.547519;0.570542;0.576424;0.502211,1.09,2026-08-27T04:53:53
squeezenet,saliency,random_logit,1,0.1,0,8,0.7315757103590932,0.818113;0.737105;0.568272;0.833332;0.798202;0.674702;0.737386;0.685493,1.03,2026-08-27T04:53:54
squeezenet,saliency,random_logit,1,0.1,1,8,0.6867568488122529,0.602436;0.610029;0.565112;0.617246;0.651408;0.782003;0.858828;0.806991,1.01,2026-08-27T04:53:55
squeezenet,saliency,random_logit,1,0.1,2,8,0.5789965480561465,0.616111;0.385474;0.702307;0.688996;0.484482;0.412014;0.606236;0.736353,0.98,2026-08-27T04:53:56
squeezenet,saliency,random_logit,1,0.1,3,8,0.6813760384673557,0.815196;0.569323;0.481771;0.587109;0.799628;0.623812;0.730629;0.843541,1.0,2026-08-27T04:53:57
squeezenet,saliency,random_logit,1,0.1,4,8,0.6881071709378165,0.566177;0.665964;0.708135;0.7609;0.78374;0.727845;0.83457;0.457527,1.02,2026-08-27T04:53:58
squeezenet,saliency,random_logit,1,0.1,5,8,0.7350012671150432,0.824125;0.675441;0.808233;0.728751;0.746484;0.737658;0.817678;0.54164,1.02,2026-08-27T04:54:00
squeezenet,saliency,random_logit,1,0.1,6,8,0.7916866183221545,0.841463;0.631213;0.864712;0.809311;0.783827;0.79321;0.763805;0.845952,1.03,2026-08-27T04:54:01
squeezenet,saliency,random_logit,1,0.1,7,8,0.5615323849993676,0.492691;0.590366;0.579349;0.499764;0.617545;0.580856;0.596453;0.535235,1.01,2026-08-27T04:54:02
squeezenet,saliency,random_logit,2,0.2,0,8,0.7055603520674445,0.741934;0.730634;0.526657;0.81762;0.786568;0.626232;0.727872;0.686965,0.97,2026-08-27T04:54:03
squeezenet,saliency,random_logit,2,0.2,1,8,0.6659173919062181,0.572014;0.60519;0.529915;0.63531;0.612387;0.730885;0.847423;0.794215,1.37,2026-08-27T04:54:04
squeezenet,saliency,random_logit,2,0.2,2,8,0.5644145223327283,0.580734;0.404426;0.680004;0.669333;0.466831;0.399038;0.584024;0.730927,1.47,2026-08-27T04:54:05
squeezenet,saliency,random_logit,2,0.2,3,8,0.673614291705145,0.795437;0.636301;0.474531;0.5823;0.764938;0.613749;0.683507;0.838153,1.37,2026-08-27T04:54:07
squeezenet,saliency,random_logit,2,0.2,4,8,0.6638445281067406,0.551841;0.634951;0.631418;0.720038;0.745418;0.729978;0.830222;0.46689,1.0,2026-08-27T04:54:08
squeezenet,saliency,random_logit,2,0.2,5,8,0.7304879802647073,0.826555;0.641565;0.824475;0.764207;0.725442;0.766554;0.778412;0.516695,0.98,2026-08-27T04:54:09
squeezenet,saliency,random_logit,2,0.2,6,8,0.7727410853256926,0.833086;0.563204;0.854832;0.795693;0.763163;0.789344;0.763524;0.819083,0.96,2026-08-27T04:54:10
squeezenet,saliency,random_logit,2,0.2,7,8,0.5383022748217987,0.505187;0.574247;0.580017;0.504928;0.514186;0.559746;0.5544;0.513708,0.98,2026-08-27T04:54:11
squeezenet,saliency,random_logit,3,0.3,0,8,0.7078691589475762,0.784675;0.75252;0.52521;0.806205;0.74319;0.620255;0.730819;0.700078,0.92,2026-08-27T04:54:12
squeezenet,saliency,random_logit,3,0.3,1,8,0.6547093105990659,0.543964;0.589272;0.504206;0.648426;0.57295;0.775539;0.836079;0.767238,0.92,2026-08-27T04:54:13
squeezenet,saliency,random_logit,3,0.3,2,8,0.5587883628535648,0.562361;0.428459;0.668402;0.657594;0.4585;0.394506;0.570347;0.730137,0.91,2026-08-27T04:54:13
squeezenet,saliency,random_logit,3,0.3,3,8,0.6664920798543095,0.78068;0.644152;0.475718;0.585221;0.741409;0.612611;0.655554;0.836591,0.91,2026-08-27T04:54:14
squeezenet,saliency,random_logit,3,0.3,4,8,0.6727891353055019,0.558872;0.689958;0.672957;0.748448;0.723069;0.739295;0.774966;0.474748,0.91,2026-08-27T04:54:15
squeezenet,saliency,random_logit,3,0.3,5,8,0.7246703581407947,0.822973;0.625939;0.820389;0.768601;0.721865;0.777656;0.775471;0.484468,0.91,2026-08-27T04:54:16
squeezenet,saliency,random_logit,3,0.3,6,8,0.769057002165946,0.829972;0.558155;0.849765;0.786985;0.750978;0.790703;0.765652;0.820245,1.21,2026-08-27T04:54:17
squeezenet,saliency,random_logit,3,0.3,7,8,0.5791422414179815,0.496153;0.597089;0.590789;0.55787;0.626376;0.569033;0.647343;0.548485,1.36,2026-08-27T04:54:19
squeezenet,saliency,random_logit,4,0.4,0,8,0.7219169173152472,0.780684;0.760474;0.563869;0.803303;0.745783;0.680155;0.733158;0.707909,1.31,2026-08-27T04:54:20
squeezenet,saliency,random_logit,4,0.4,1,8,0.6456227868738028,0.547779;0.606509;0.479385;0.59333;0.555782;0.796875;0.838367;0.746956,1.05,2026-08-27T04:54:21
squeezenet,saliency,random_logit,4,0.4,2,8,0.5533377011722364,0.54715;0.463054;0.662078;0.655922;0.458116;0.401779;0.56715;0.671453,0.86,2026-08-27T04:54:22
squeezenet,saliency,random_logit,4,0.4,3,8,0.6564567233161888,0.774555;0.653892;0.484697;0.591505;0.722831;0.568043;0.633962;0.822167,0.89,2026-08-27T04:54:23
squeezenet,saliency,random_logit,4,0.4,4,8,0.6799423052251954,0.549792;0.685548;0.667896;0.746323;0.702928;0.746067;0.832135;0.50885,0.86,2026-08-27T04:54:24
squeezenet,saliency,random_logit,4,0.4,5,8,0.7174689866045485,0.810856;0.679526;0.734199;0.747009;0.719624;0.772501;0.798896;0.477142,0.9,2026-08-27T04:54:25
squeezenet,saliency,random_logit,4,0.4,6,8,0.765579942275075,0.830701;0.630918;0.810614;0.784894;0.731903;0.754143;0.775197;0.806268,0.87,2026-08-27T04:54:25
squeezenet,saliency,random_logit,4,0.4,7,8,0.5619282515156603,0.516418;0.601794;0.542619;0.581424;0.565875;0.575357;0.561811;0.550128,0.86,2026-08-27T04:54:26
squeezenet,saliency,random_logit,5,0.5,0,8,0.704997888349167,0.724752;0.770738;0.589095;0.741208;0.790914;0.606426;0.736268;0.680582,0.73,2026-08-27T04:54:27
squeezenet,saliency,random_logit,5,0.5,1,8,0.6467949642990103,0.556669;0.637742;0.4883;0.607372;0.569829;0.752756;0.829048;0.732643,0.7,2026-08-27T04:54:28
squeezenet,saliency,random_logit,5,0.5,2,8,0.5555775797870333,0.51996;0.507047;0.650024;0.638307;0.425941;0.398555;0.565941;0.738846,0.66,2026-08-27T04:54:28
squeezenet,saliency,random_logit,5,0.5,3,8,0.6498561529063784,0.774414;0.598814;0.450768;0.606658;0.717293;0.631164;0.62419;0.79555,0.71,2026-08-27T04:54:29
squeezenet,saliency,random_logit,5,0.5,4,8,0.6651188056668547,0.463448;0.702805;0.673918;0.7175;0.666869;0.719836;0.837183;0.539392,0.69,2026-08-27T04:54:30
squeezenet,saliency,random_logit,5,0.5,5,8,0.7269245466654135,0.810974;0.709626;0.793824;0.682121;0.721501;0.788313;0.799121;0.509917,0.68,2026-08-27T04:54:31
squeezenet,saliency,random_logit,5,0.5,6,8,0.7797311517013856,0.811702;0.681007;0.819788;0.804933;0.739824;0.769579;0.758327;0.85269,1.03,2026-08-27T04:54:32
squeezenet,saliency,random_logit,5,0.5,7,8,0.591855299226828,0.521053;0.608883;0.617628;0.637926;0.648056;0.494837;0.644792;0.561665,1.05,2026-08-27T04:54:33
squeezenet,saliency,random_logit,6,0.6,0,8,0.7273989438016182,0.73811;0.735915;0.667098;0.754561;0.739128;0.726863;0.752583;0.704934,0.93,2026-08-27T04:54:34
squeezenet,saliency,random_logit,6,0.6,1,8,0.6386558831435777,0.503272;0.489066;0.50355;0.618205;0.526571;0.828966;0.847944;0.791674,1.0,2026-08-27T04:54:35
squeezenet,saliency,random_logit,6,0.6,2,8,0.5829490401865374,0.538562;0.5648;0.672541;0.657365;0.450416;0.446275;0.574259;0.759374,0.68,2026-08-27T04:54:35
squeezenet,saliency,random_logit,6,0.6,3,8,0.6759937185199958,0.740315;0.715641;0.470856;0.59728;0.700861;0.687258;0.648913;0.846825,0.65,2026-08-27T04:54:36
squeezenet,saliency,random_logit,6,0.6,4,8,0.6774105129047483,0.554887;0.628384;0.606097;0.746522;0.698208;0.764318;0.841679;0.579188,0.64,2026-08-27T04:54:37
squeezenet,saliency,random_logit,6,0.6,5,8,0.7373039974264401,0.805597;0.696636;0.830468;0.774979;0.748217;0.796385;0.791941;0.454208,0.67,2026-08-27T04:54:37
squeezenet,saliency,random_logit,6,0.6,6,8,0.7931499051628502,0.84598;0.673391;0.835086;0.797983;0.74962;0.826171;0.7798;0.837168,0.64,2026-08-27T04:54:38
squeezenet,saliency,random_logit,6,0.6,7,8,0.6150954754701712,0.544953;0.661994;0.606472;0.684963;0.582136;0.607358;0.609082;0.623806,0.66,2026-08-27T04:54:38
squeezenet,saliency,random_logit,7,0.7,0,8,0.7603077679366497,0.806333;0.800702;0.667688;0.763626;0.806962;0.799226;0.739753;0.698172,0.59,2026-08-27T04:54:39
squeezenet,saliency,random_logit,7,0.7,1,8,0.6751907758434805,0.551939;0.720901;0.483847;0.594349;0.630998;0.826926;0.834359;0.758205,0.59,2026-08-27T04:54:40
squeezenet,saliency,random_logit,7,0.7,2,8,0.6182110148166072,0.552551;0.636125;0.637722;0.705307;0.54848;0.508652;0.585944;0.770906,0.64,2026-08-27T04:54:40
squeezenet,saliency,random_logit,7,0.7,3,8,0.6723225426238042,0.723433;0.767946;0.463098;0.595963;0.684645;0.621723;0.693067;0.828706,0.59,2026-08-27T04:54:41
squeezenet,saliency,random_logit,7,0.7,4,8,0.6767982483650573,0.502532;0.622516;0.61495;0.730767;0.711426;0.7622;0.85896;0.611034,0.6,2026-08-27T04:54:42
squeezenet,saliency,random_logit,7,0.7,5,8,0.767928325072167,0.832953;0.781716;0.777774;0.821782;0.748327;0.835632;0.792665;0.552577,0.58,2026-08-27T04:54:42
squeezenet,saliency,random_logit,7,0.7,6,8,0.795950456953616,0.841202;0.684298;0.882737;0.786298;0.74416;0.763585;0.812249;0.853075,0.61,2026-08-27T04:54:43
squeezenet,saliency,random_logit,7,0.7,7,8,0.6556921499975591,0.5696;0.701732;0.577743;0.728326;0.731539;0.639087;0.620846;0.676664,0.59,2026-08-27T04:54:43
squeezenet,saliency,random_logit,8,0.8,0,8,0.7835806694597731,0.788626;0.822133;0.724769;0.790741;0.826188;0.790917;0.81663;0.708641,0.48,2026-08-27T04:54:44
squeezenet,saliency,random_logit,8,0.8,1,8,0.6930835208345192,0.578065;0.661146;0.563252;0.663396;0.62335;0.816249;0.849812;0.789398,0.48,2026-08-27T04:54:44
squeezenet,saliency,random_logit,8,0.8,2,8,0.6687338499999025,0.636763;0.72306;0.718819;0.739313;0.565047;0.557995;0.678547;0.730327,0.55,2026-08-27T04:54:45
squeezenet,saliency,random_logit,8,0.8,3,8,0.7114119854998914,0.765226;0.762432;0.635863;0.608787;0.741439;0.673242;0.629669;0.874637,0.67,2026-08-27T04:54:46
squeezenet,saliency,random_logit,8,0.8,4,8,0.764368320922653,0.672859;0.747044;0.746623;0.777127;0.749962;0.8109;0.889311;0.721122,0.7,2026-08-27T04:54:46
squeezenet,saliency,random_logit,8,0.8,5,8,0.7977094395536035,0.815011;0.825747;0.819151;0.851202;0.802114;0.83507;0.822254;0.611126,0.72,2026-08-27T04:54:47
squeezenet,saliency,random_logit,8,0.8,6,8,0.8398624019663607,0.860148;0.765859;0.86557;0.828928;0.799376;0.855887;0.846145;0.896985,0.71,2026-08-27T04:54:48
squeezenet,saliency,random_logit,8,0.8,7,8,0.7188602954185604,0.698377;0.752881;0.668143;0.795425;0.700448;0.674485;0.727828;0.733295,0.72,2026-08-27T04:54:48
squeezenet,saliency,random_logit,9,0.9,0,8,0.8538418308349218,0.814389;0.847525;0.779654;0.875451;0.90313;0.912154;0.844257;0.854175,0.54,2026-08-27T04:54:49
squeezenet,saliency,random_logit,9,0.9,1,8,0.7948408200187757,0.683568;0.783122;0.705929;0.807956;0.774822;0.836963;0.908949;0.857418,0.37,2026-08-27T04:54:49
squeezenet,saliency,random_logit,9,0.9,2,8,0.772997422930028,0.736592;0.82812;0.796484;0.843597;0.703927;0.637122;0.765345;0.872792,0.37,2026-08-27T04:54:50
squeezenet,saliency,random_logit,9,0.9,3,8,0.7989225040669781,0.836899;0.845717;0.685468;0.77123;0.787145;0.864372;0.742976;0.857573,0.39,2026-08-27T04:54:50
squeezenet,saliency,random_logit,9,0.9,4,8,0.8248559493190423,0.818612;0.816415;0.80693;0.800145;0.786199;0.897953;0.887793;0.7848,0.37,2026-08-27T04:54:50
squeezenet,saliency,random_logit,9,0.9,5,8,0.8807549978794919,0.900108;0.889128;0.926089;0.914313;0.822302;0.919424;0.898292;0.776385,0.37,2026-08-27T04:54:51
squeezenet,saliency,random_logit,9,0.9,6,8,0.8763232930160625,0.914278;0.730296;0.906482;0.878053;0.890037;0.859469;0.897098;0.934874,0.39,2026-08-27T04:54:51
squeezenet,saliency,random_logit,9,0.9,7,8,0.7986603992641504,0.792801;0.832923;0.770754;0.82085;0.811929;0.758108;0.784885;0.817032,0.37,2026-08-27T04:54:52
squeezenet,gradcam,max_sensitivity,0,0.0,0,8,0.8075277842581272,0.378078;0.989044;0.574778;1.23381;1.36737;0.510365;0.721446;0.685325,4.84,2026-08-27T04:54:56
squeezenet,gradcam,max_sensitivity,0,0.0,1,8,0.9373533800244331,1.02137;0.517627;0.751126;0.693635;0.951153;0.590276;0.561015;2.41263,5.65,2026-08-27T04:55:02
squeezenet,gradcam,max_sensitivity,0,0.0,2,8,0.9183864034712315,1.16427;0.259788;0.756837;1.04808;0.661766;0.441824;0.799952;2.21457,5.0,2026-08-27T04:55:07
squeezenet,gradcam,max_sensitivity,0,0.0,3,8,0.9463601224124432,0.394426;0.626053;0.702393;1.26958;0.401781;1.57256;0.439535;2.16455,4.57,2026-08-27T04:55:12
squeezenet,gradcam,max_sensitivity,0,0.0,4,8,0.9968826808035374,0.821092;0.467067;1.92139;0.794485;0.493309;0.749565;1.81541;0.912751,5.95,2026-08-27T04:55:18
squeezenet,gradcam,max_sensitivity,0,0.0,5,8,1.1170230358839035,1.43034;0.494779;0.714139;0.666466;0.935018;0.523062;1.23279;2.9396,4.56,2026-08-27T04:55:22
squeezenet,gradcam,max_sensitivity,0,0.0,6,8,0.6827362775802612,0.39023;0.607942;0.555237;1.18398;0.789212;0.664885;0.686523;0.583877,4.55,2026-08-27T04:55:27
squeezenet,gradcam,max_sensitivity,0,0.0,7,8,0.613157857209444,0.6584;0.709451;0.561202;0.357534;0.740373;0.46373;0.7727;0.641873,5.87,2026-08-27T04:55:33
squeezenet,gradcam,max_sensitivity,1,0.1,0,8,0.9765260294079781,0.563761;1.16168;0.759109;1.55814;1.36928;0.810543;0.830396;0.759293,4.57,2026-08-27T04:55:37
squeezenet,gradcam,max_sensitivity,1,0.1,1,8,1.0855679139494896,0.93815;0.888148;0.934333;0.773706;0.896635;0.875813;0.727109;2.65065,4.69,2026-08-27T04:55:42
squeezenet,gradcam,max_sensitivity,1,0.1,2,8,1.0831464380025864,1.52567;0.505701;0.921413;1.22195;0.687328;0.677105;0.924534;2.20146,5.61,2026-08-27T04:55:47
squeezenet,gradcam,max_sensitivity,1,0.1,3,8,1.1217331811785698,0.64278;0.796107;0.777995;1.47971;0.714648;1.70426;0.615032;2.24333,4.4,2026-08-27T04:55:52
squeezenet,gradcam,max_sensitivity,1,0.1,4,8,1.085554152727127,0.846717;0.590648;1.99787;0.938412;0.679652;0.927831;1.76983;0.933478,5.15,2026-08-27T04:55:57
squeezenet,gradcam,max_sensitivity,1,0.1,5,8,1.225773699581623,1.44658;0.663046;0.995567;0.781503;1.09275;0.758871;1.15723;2.91064,5.26,2026-08-27T04:56:02
squeezenet,gradcam,max_sensitivity,1,0.1,6,8,0.83006801456213,0.681032;0.782773;0.613029;1.08446;0.982492;0.817346;0.868855;0.810561,4.4,2026-08-27T04:56:07
squeezenet,gradcam,max_sensitivity,1,0.1,7,8,0.7256907075643539,0.742889;0.75536;0.651865;0.595253;0.802765;0.598779;0.965401;0.693213,5.46,2026-08-27T04:56:12
squeezenet,gradcam,max_sensitivity,2,0.2,0,8,1.094699241220951,0.730564;1.1463;0.77494;1.77686;1.62994;0.940301;0.893154;0.865538,4.73,2026-08-27T04:56:17
squeezenet,gradcam,max_sensitivity,2,0.2,1,8,1.1707057505846024,1.1165;0.920655;1.03522;0.80722;1.12645;0.972234;0.89893;2.48844,4.31,2026-08-27T04:56:21
squeezenet,gradcam,max_sensitivity,2,0.2,2,8,1.2233404740691185,1.54252;0.709102;1.02795;1.48261;0.749403;0.807055;1.02428;2.4438,5.6,2026-08-27T04:56:27
squeezenet,gradcam,max_sensitivity,2,0.2,3,8,1.2346054017543793,0.796665;0.943299;0.99437;1.3087;0.77724;1.83625;0.791085;2.42924,4.52,2026-08-27T04:56:31
squeezenet,gradcam,max_sensitivity,2,0.2,4,8,1.2055746093392372,0.88547;0.755351;2.08787;1.03628;0.806526;1.08987;2.05364;0.92959,4.22,2026-08-27T04:56:36
squeezenet,gradcam,max_sensitivity,2,0.2,5,8,1.329283483326435,1.62744;0.849791;1.00446;0.901476;1.12541;0.920095;1.34604;2.85954,5.76,2026-08-27T04:56:41
squeezenet,gradcam,max_sensitivity,2,0.2,6,8,1.0154160931706429,0.857872;0.910726;0.751419;1.3879;1.16755;0.884711;1.0781;1.08505,4.35,2026-08-27T04:56:46
squeezenet,gradcam,max_sensitivity,2,0.2,7,8,0.8144225403666496,0.800153;0.850663;0.733543;0.726115;0.877019;0.717787;1.05857;0.751532,4.36,2026-08-27T04:56:50
squeezenet,gradcam,max_sensitivity,3,0.3,0,8,1.2118965461850166,0.91854;1.23998;0.885257;1.78538;1.71917;1.07059;1.09437;0.981891,5.67,2026-08-27T04:56:56
squeezenet,gradcam,max_sensitivity,3,0.3,1,8,1.306933619081974,1.28464;1.0799;1.1386;0.868092;1.11428;1.12648;1.08749;2.75599,4.38,2026-08-27T04:57:00
squeezenet,gradcam,max_sensitivity,3,0.3,2,8,1.3185510411858559,1.5938;0.848704;1.1928;1.42998;0.813766;0.933863;1.16153;2.57396,4.36,2026-08-27T04:57:04
squeezenet,gradcam,max_sensitivity,3,0.3,3,8,1.3617128729820251,0.931143;1.1666;0.969763;1.46926;0.946527;1.84877;1.00155;2.56009,5.74,2026-08-27T04:57:10
squeezenet,gradcam,max_sensitivity,3,0.3,4,8,1.307593435049057,0.959946;0.886066;2.0529;1.22171;0.93056;1.2102;2.25729;0.94207,4.34,2026-08-27T04:57:14
squeezenet,gradcam,max_sensitivity,3,0.3,5,8,1.4855622798204422,1.715;0.949729;1.15968;0.995115;1.38385;1.10743;1.64567;2.92802,4.39,2026-08-27T04:57:19
squeezenet,gradcam,max_sensitivity,3,0.3,6,8,1.1158603578805923,0.917655;0.975431;0.875535;1.47523;1.24822;0.942057;1.25224;1.24051,5.65,2026-08-27T04:57:25
squeezenet,gradcam,max_sensitivity,3,0.3,7,8,0.8991671800613403,0.904845;0.85823;0.840181;0.869504;0.933289;0.834112;1.13803;0.815149,4.36,2026-08-27T04:57:29
squeezenet,gradcam,max_sensitivity,4,0.4,0,8,1.346569113433361,0.943491;1.29489;0.955443;2.04887;1.86241;1.27209;1.3024;1.09296,4.18,2026-08-27T04:57:33
squeezenet,gradcam,max_sensitivity,4,0.4,1,8,1.3846498727798462,1.35412;1.16566;1.23967;0.901899;1.35323;1.23084;1.12996;2.70181,5.6,2026-08-27T04:57:39
squeezenet,gradcam,max_sensitivity,4,0.4,2,8,1.3748708739876747,1.6802;0.926988;1.26469;1.51415;0.88177;1.03536;1.21085;2.48497,4.13,2026-08-27T04:57:43
squeezenet,gradcam,max_sensitivity,4,0.4,3,8,1.4348035007715225,1.04453;1.24666;1.10945;1.43419;1.07022;1.91743;1.04198;2.61398,4.2,2026-08-27T04:57:47
squeezenet,gradcam,max_sensitivity,4,0.4,4,8,1.3504051640629768,0.990088;1.00211;2.11064;1.35497;1.01377;1.28661;2.06887;0.976175,5.51,2026-08-27T04:57:52
squeezenet,gradcam,max_sensitivity,4,0.4,5,8,1.5516395568847656,1.74518;1.19464;1.24675;1.0754;1.45737;1.24212;1.70757;2.74409,4.31,2026-08-27T04:57:57
squeezenet,gradcam,max_sensitivity,4,0.4,6,8,1.2630688548088074,1.07494;1.02731;1.01463;1.75798;1.51332;1.14945;1.31834;1.24858,4.21,2026-08-27T04:58:01
squeezenet,gradcam,max_sensitivity,4,0.4,7,8,0.9814147800207138,0.954729;0.918926;0.913019;0.979743;0.960141;0.969298;1.31011;0.845348,5.64,2026-08-27T04:58:07
squeezenet,gradcam,max_sensitivity,5,0.5,0,8,1.3783500790596008,1.09758;1.35276;1.00808;1.94808;1.97327;1.30946;1.17535;1.16222,3.75,2026-08-27T04:58:10
squeezenet,gradcam,max_sensitivity,5,0.5,1,8,1.4939983040094376,1.45817;1.24792;1.37043;0.946692;1.45286;1.31937;1.31901;2.83754,3.7,2026-08-27T04:58:14
squeezenet,gradcam,max_sensitivity,5,0.5,2,8,1.503285028040409,1.65596;1.09399;1.40225;1.75355;0.937619;1.14094;1.36244;2.67954,4.54,2026-08-27T04:58:19
squeezenet,gradcam,max_sensitivity,5,0.5,3,8,1.5137519985437393,1.13619;1.294;1.14429;1.56099;1.14131;2.00704;1.12722;2.69898,4.28,2026-08-27T04:58:23
squeezenet,gradcam,max_sensitivity,5,0.5,4,8,1.47161316126585,1.03441;1.07457;2.27296;1.46537;1.09909;1.4736;2.37558;0.977318,3.78,2026-08-27T04:58:27
squeezenet,gradcam,max_sensitivity,5,0.5,5,8,1.7198201715946198,1.89242;1.33786;1.45359;1.15327;1.71317;1.30594;1.82095;3.08136,3.82,2026-08-27T04:58:31
squeezenet,gradcam,max_sensitivity,5,0.5,6,8,1.3755964487791061,1.22794;1.2824;1.19563;1.84921;1.44165;1.14523;1.54399;1.31873,5.08,2026-08-27T04:58:36
squeezenet,gradcam,max_sensitivity,5,0.5,7,8,1.0437154993414879,1.03313;0.962523;0.988908;1.06948;1.05465;1.02071;1.32931;0.891013,3.68,2026-08-27T04:58:39
squeezenet,gradcam,max_sensitivity,6,0.6,0,8,1.4623661637306213,1.15172;1.56387;1.05834;1.93626;2.02111;1.33196;1.37305;1.26262,3.59,2026-08-27T04:58:43
squeezenet,gradcam,max_sensitivity,6,0.6,1,8,1.614815816283226,1.66377;1.34633;1.46248;1.00069;1.48924;1.42565;1.44239;3.08799,4.4,2026-08-27T04:58:47
squeezenet,gradcam,max_sensitivity,6,0.6,2,8,1.5824971571564674,1.97618;1.15208;1.48813;1.76984;0.997738;1.18287;1.46338;2.62975,4.05,2026-08-27T04:58:51
squeezenet,gradcam,max_sensitivity,6,0.6,3,8,1.5924241542816162,1.25584;1.4874;1.20152;1.51379;1.24795;2.02598;1.27452;2.73239,3.52,2026-08-27T04:58:55
squeezenet,gradcam,max_sensitivity,6,0.6,4,8,1.5589453801512718,1.09064;1.13779;2.6395;1.55582;1.17606;1.5153;2.36356;0.992881,3.53,2026-08-27T04:58:58
squeezenet,gradcam,max_sensitivity,6,0.6,5,8,1.745457112789154,1.95124;1.4347;1.57881;1.1878;1.68433;1.41168;1.86092;2.85418,4.85,2026-08-27T04:59:03
squeezenet,gradcam,max_sensitivity,6,0.6,6,8,1.439993754029274,1.26768;1.29753;1.30682;1.86882;1.52858;1.25911;1.52844;1.46298,3.54,2026-08-27T04:59:07
squeezenet,gradcam,max_sensitivity,6,0.6,7,8,1.1408616229891777,1.12452;1.03505;1.03917;1.19845;1.10573;1.15725;1.53436;0.932363,3.54,2026-08-27T04:59:10
squeezenet,gradcam,max_sensitivity,7,0.7,0,8,1.5893596857786179,1.27565;1.65926;1.15341;2.16678;2.1114;1.45197;1.56756;1.32885,3.54,2026-08-27T04:59:14
squeezenet,gradcam,max_sensitivity,7,0.7,1,8,1.6709590554237366,1.6278;1.47599;1.57178;1.09015;1.74875;1.49021;1.46743;2.89556,4.31,2026-08-27T04:59:18
squeezenet,gradcam,max_sensitivity,7,0.7,2,8,1.6580150872468948,1.96531;1.20667;1.66908;1.8657;1.03665;1.34234;1.51634;2.66203,3.19,2026-08-27T04:59:21
squeezenet,gradcam,max_sensitivity,7,0.7,3,8,1.6870916038751602,1.33516;1.50648;1.27833;1.74595;1.34793;2.12456;1.3108;2.84753,3.2,2026-08-27T04:59:25
squeezenet,gradcam,max_sensitivity,7,0.7,4,8,1.6336034387350082,1.13046;1.24028;2.48499;1.69754;1.24902;1.61462;2.62222;1.0297,3.44,2026-08-27T04:59:28
squeezenet,gradcam,max_sensitivity,7,0.7,5,8,1.8519350588321686,2.20537;1.45002;1.68804;1.32002;1.72844;1.53143;1.92266;2.96951,4.45,2026-08-27T04:59:32
squeezenet,gradcam,max_sensitivity,7,0.7,6,8,1.5782037526369095,1.42207;1.57998;1.29546;1.99239;1.76123;1.36321;1.61694;1.59435,3.28,2026-08-27T04:59:36
squeezenet,gradcam,max_sensitivity,7,0.7,7,8,1.1875334680080414,1.17293;1.08518;1.1139;1.2395;1.18737;1.19852;1.52116;0.981694,3.09,2026-08-27T04:59:39
squeezenet,gradcam,max_sensitivity,8,0.8,0,8,1.6304300874471664,1.29096;1.57017;1.23562;2.19241;2.15859;1.61169;1.51369;1.47031,3.2,2026-08-27T04:59:42
squeezenet,gradcam,max_sensitivity,8,0.8,1,8,1.757100760936737,1.77865;1.54805;1.66696;1.09595;1.64376;1.67501;1.48384;3.1646,4.1,2026-08-27T04:59:46
squeezenet,gradcam,max_sensitivity,8,0.8,2,8,1.724314272403717,1.96661;1.30267;1.65403;2.06422;1.08943;1.39658;1.56575;2.75523,2.96,2026-08-27T04:59:49
squeezenet,gradcam,max_sensitivity,8,0.8,3,8,1.8044551014900208,1.44605;1.54828;1.43323;1.81771;1.49167;2.31461;1.43374;2.95035,2.9,2026-08-27T04:59:52
squeezenet,gradcam,max_sensitivity,8,0.8,4,8,1.7051460891962051,1.18246;1.33862;2.61103;1.73653;1.40325;1.7317;2.60745;1.03014,2.97,2026-08-27T04:59:55
squeezenet,gradcam,max_sensitivity,8,0.8,5,8,1.9422626495361328,2.21701;1.55957;1.74925;1.33636;2.0125;1.71991;1.98669;2.95681,4.15,2026-08-27T04:59:59
squeezenet,gradcam,max_sensitivity,8,0.8,6,8,1.5831640362739563,1.43994;1.51431;1.35584;1.88172;1.82346;1.35039;1.65315;1.64651,3.09,2026-08-27T05:00:02
squeezenet,gradcam,max_sensitivity,8,0.8,7,8,1.2582339495420456,1.27244;1.15544;1.18051;1.31849;1.23429;1.24868;1.62862;1.02741,3.03,2026-08-27T05:00:05
squeezenet,gradcam,max_sensitivity,9,0.9,0,8,1.7337687611579895,1.3874;1.6238;1.27075;2.38314;2.39956;1.60211;1.62814;1.57526,2.58,2026-08-27T05:00:08
squeezenet,gradcam,max_sensitivity,9,0.9,1,8,1.8610392063856125,1.82417;1.56737;1.68084;1.15462;1.90142;1.71115;1.65343;3.3953,3.09,2026-08-27T05:00:11
squeezenet,gradcam,max_sensitivity,9,0.9,2,8,1.7950645685195923,2.06211;1.38907;1.80027;2.06242;1.14656;1.45772;1.65684;2.78553,3.56,2026-08-27T05:00:15
squeezenet,gradcam,max_sensitivity,9,0.9,3,8,1.8408092260360718,1.52392;1.64661;1.38155;1.89271;1.51254;2.15671;1.4741;3.13832,2.61,2026-08-27T05:00:17
squeezenet,gradcam,max_sensitivity,9,0.9,4,8,1.7632459998130798,1.21545;1.44834;2.70924;1.79186;1.43675;1.81892;2.62349;1.06191,2.52,2026-08-27T05:00:20
squeezenet,gradcam,max_sensitivity,9,0.9,5,8,2.041163071990013,2.29675;1.6558;1.90078;1.4534;2.01797;1.67193;2.24438;3.08829,2.53,2026-08-27T05:00:22
squeezenet,gradcam,max_sensitivity,9,0.9,6,8,1.653431460261345,1.51519;1.47254;1.3973;1.98397;1.9671;1.40117;1.76354;1.72665,3.04,2026-08-27T05:00:25
squeezenet,gradcam,max_sensitivity,9,0.9,7,8,1.3014924377202988,1.27771;1.18418;1.29393;1.4051;1.22542;1.30961;1.63803;1.07797,3.52,2026-08-27T05:00:29
squeezenet,gradcam,random_logit,0,0.0,0,8,0.5831895427853481,0.665555;0.551025;0.504596;0.661918;0.602355;0.632363;0.540227;0.507476,0.79,2026-08-27T05:00:30
squeezenet,gradcam,random_logit,0,0.0,1,8,0.5725656766425031,0.458199;0.517787;0.530417;0.657928;0.491657;0.615444;0.739749;0.569345,0.79,2026-08-27T05:00:30
squeezenet,gradcam,random_logit,0,0.0,2,8,0.580850882092175,0.640855;0.458761;0.72693;0.614927;0.595001;0.364533;0.701643;0.544157,0.77,2026-08-27T05:00:31
squeezenet,gradcam,random_logit,0,0.0,3,8,0.5799207018276886,0.722253;0.522337;0.408497;0.423206;0.769617;0.435784;0.72684;0.630832,0.78,2026-08-27T05:00:32
squeezenet,gradcam,random_logit,0,0.0,4,8,0.6025619035107558,0.564531;0.491532;0.627869;0.668074;0.579975;0.636083;0.648856;0.603576,0.77,2026-08-27T05:00:33
squeezenet,gradcam,random_logit,0,0.0,5,8,0.6208487346665457,0.568516;0.574466;0.654772;0.544228;0.689838;0.735265;0.689942;0.509763,0.76,2026-08-27T05:00:33
squeezenet,gradcam,random_logit,0,0.0,6,8,0.6390121573749565,0.749445;0.427141;0.713025;0.609621;0.67034;0.572704;0.665459;0.704363,0.76,2026-08-27T05:00:34
squeezenet,gradcam,random_logit,0,0.0,7,8,0.5535114453569201,0.550812;0.64749;0.461401;0.538801;0.608163;0.487109;0.473376;0.66094,0.8,2026-08-27T05:00:35
squeezenet,gradcam,random_logit,1,0.1,0,8,0.4066176710120479,0.375553;0.401087;0.313186;0.484117;0.431114;0.526693;0.35243;0.368762,0.75,2026-08-27T05:00:36
squeezenet,gradcam,random_logit,1,0.1,1,8,0.39981811558832936,0.243388;0.360997;0.280267;0.444822;0.367054;0.467798;0.578508;0.455709,0.74,2026-08-27T05:00:36
squeezenet,gradcam,random_logit,1,0.1,2,8,0.36868248215666743,0.414482;0.399825;0.465989;0.400258;0.38674;0.157459;0.361664;0.363042,0.78,2026-08-27T05:00:37
squeezenet,gradcam,random_logit,1,0.1,3,8,0.3866432191428142,0.490556;0.381305;0.25752;0.240207;0.506559;0.268005;0.478087;0.470907,0.8,2026-08-27T05:00:38
squeezenet,gradcam,random_logit,1,0.1,4,8,0.4352571877024336,0.407129;0.362441;0.428788;0.470181;0.322489;0.54598;0.489275;0.455776,1.16,2026-08-27T05:00:39
squeezenet,gradcam,random_logit,1,0.1,5,8,0.47373265554590077,0.361614;0.466734;0.578871;0.33734;0.560325;0.626298;0.545161;0.313518,1.11,2026-08-27T05:00:40
squeezenet,gradcam,random_logit,1,0.1,6,8,0.49927948256347005,0.632831;0.275701;0.557566;0.481801;0.510696;0.409245;0.593529;0.532866,1.14,2026-08-27T05:00:41
squeezenet,gradcam,random_logit,1,0.1,7,8,0.39964361866555764,0.373961;0.509328;0.356637;0.39696;0.4531;0.336066;0.231391;0.539707,0.93,2026-08-27T05:00:42
squeezenet,gradcam,random_logit,2,0.2,0,8,0.3346366941133816,0.264436;0.338559;0.233972;0.413416;0.36321;0.484644;0.271358;0.307498,0.8,2026-08-27T05:00:43
squeezenet,gradcam,random_logit,2,0.2,1,8,0.32995110358773116,0.163016;0.29656;0.18369;0.357149;0.316467;0.406093;0.511699;0.404935,0.74,2026-08-27T05:00:44
squeezenet,gradcam,random_logit,2,0.2,2,8,0.28497641824307085,0.323589;0.373572;0.367617;0.309294;0.296498;0.0844179;0.236211;0.288613,0.75,2026-08-27T05:00:45
squeezenet,gradcam,random_logit,2,0.2,3,8,0.309266471624023,0.407325;0.317994;0.191433;0.169463;0.409438;0.197177;0.378728;0.402574,0.76,2026-08-27T05:00:45
squeezenet,gradcam,random_logit,2,0.2,4,8,0.3655391344101783,0.339429;0.305245;0.340277;0.391538;0.226691;0.50757;0.418941;0.394623,0.73,2026-08-27T05:00:46
squeezenet,gradcam,random_logit,2,0.2,5,8,0.41040676452279545,0.276178;0.420755;0.54482;0.250551;0.503573;0.574299;0.482699;0.230379,0.74,2026-08-27T05:00:47
squeezenet,gradcam,random_logit,2,0.2,6,8,0.4398867865213733,0.584892;0.207886;0.485219;0.429887;0.452135;0.340723;0.560408;0.457945,0.73,2026-08-27T05:00:48
squeezenet,gradcam,random_logit,2,0.2,7,8,0.33342870305042294,0.296994;0.447789;0.309565;0.327915;0.38814;0.26464;0.142159;0.490228,0.72,2026-08-27T05:00:48
squeezenet,gradcam,random_logit,3,0.3,0,8,0.30436454702215904,0.218708;0.314564;0.199391;0.381542;0.335619;0.469173;0.235605;0.280313,0.72,2026-08-27T05:00:49
squeezenet,gradcam,random_logit,3,0.3,1,8,0.3010440731691651,0.131868;0.270369;0.146069;0.31994;0.296032;0.380009;0.482487;0.381579,0.71,2026-08-27T05:00:50
squeezenet,gradcam,random_logit,3,0.3,2,8,0.2514919520623473,0.284769;0.364868;0.332332;0.271325;0.257754;0.0612282;0.182398;0.257261,0.71,2026-08-27T05:00:51
squeezenet,gradcam,random_logit,3,0.3,3,8,0.2775617284478929,0.375217;0.290626;0.162676;0.141498;0.373011;0.169178;0.337365;0.370922,0.74,2026-08-27T05:00:51
squeezenet,gradcam,random_logit,3,0.3,4,8,0.33532421133951473,0.308065;0.279963;0.301382;0.35853;0.189109;0.490529;0.386443;0.368574,0.73,2026-08-27T05:00:52
squeezenet,gradcam,random_logit,3,0.3,5,8,0.38355005857159585,0.242646;0.403294;0.53129;0.21287;0.47735;0.550493;0.455961;0.194497,1.09,2026-08-27T05:00:53
squeezenet,gradcam,random_logit,3,0.3,6,8,0.41477603585907646,0.562138;0.179698;0.449354;0.412887;0.431646;0.313453;0.546052;0.42298,1.08,2026-08-27T05:00:54
squeezenet,gradcam,random_logit,3,0.3,7,8,0.304793875782126,0.267251;0.421383;0.290045;0.293728;0.359347;0.232542;0.106701;0.467354,1.12,2026-08-27T05:00:55
squeezenet,gradcam,random_logit,4,0.4,0,8,0.29333707742917825,0.200205;0.309156;0.187006;0.369588;0.324716;0.465629;0.220042;0.270355,1.0,2026-08-27T05:00:56
squeezenet,gradcam,random_logit,4,0.4,1,8,0.2897525095643627,0.116888;0.261006;0.128712;0.303552;0.290133;0.370932;0.470077;0.376721,0.71,2026-08-27T05:00:57
squeezenet,gradcam,random_logit,4,0.4,2,8,0.23792250935984138,0.2651;0.368319;0.317077;0.255533;0.242799;0.0508408;0.161611;0.2421,0.69,2026-08-27T05:00:58
squeezenet,gradcam,random_logit,4,0.4,3,8,0.26532001382538856,0.361015;0.282323;0.150408;0.13034;0.356959;0.15652;0.3196;0.365395,0.66,2026-08-27T05:00:58
squeezenet,gradcam,random_logit,4,0.4,4,8,0.32477382407913324,0.294717;0.272236;0.282683;0.349681;0.174472;0.488045;0.374093;0.362263,0.7,2026-08-27T05:00:59
squeezenet,gradcam,random_logit,4,0.4,5,8,0.37263143588694847,0.225749;0.398737;0.527678;0.195641;0.466967;0.53878;0.447102;0.180396,0.71,2026-08-27T05:01:00
squeezenet,gradcam,random_logit,4,0.4,6,8,0.4069690656816034,0.560024;0.16844;0.433974;0.408522;0.427736;0.3043;0.544486;0.40827,0.68,2026-08-27T05:01:00
squeezenet,gradcam,random_logit,4,0.4,7,8,0.29501121511531275,0.255409;0.411437;0.283839;0.282305;0.349284;0.221052;0.0927762;0.463987,0.74,2026-08-27T05:01:01
squeezenet,gradcam,random_logit,5,0.5,0,8,0.29503155217516386,0.19794;0.310866;0.184896;0.372228;0.327644;0.472319;0.218928;0.275432,0.6,2026-08-27T05:01:02
squeezenet,gradcam,random_logit,5,0.5,1,8,0.29143394742945916,0.117203;0.264528;0.125818;0.300046;0.293017;0.374148;0.472621;0.384091,0.6,2026-08-27T05:01:02
squeezenet,gradcam,random_logit,5,0.5,2,8,0.2377003719740955,0.267358;0.38168;0.315497;0.250668;0.235914;0.0503011;0.155482;0.244703,0.64,2026-08-27T05:01:03
squeezenet,gradcam,random_logit,5,0.5,3,8,0.2642137174586532,0.360552;0.281331;0.15072;0.130153;0.353728;0.157357;0.31411;0.365758,0.6,2026-08-27T05:01:04
squeezenet,gradcam,random_logit,5,0.5,4,8,0.3260644983049992,0.292103;0.275156;0.281283;0.350095;0.170792;0.495805;0.375469;0.367813,0.61,2026-08-27T05:01:04
squeezenet,gradcam,random_logit,5,0.5,5,8,0.37504702628948106,0.225492;0.40931;0.533542;0.195551;0.472999;0.538883;0.444868;0.179732,0.6,2026-08-27T05:01:05
squeezenet,gradcam,random_logit,5,0.5,6,8,0.4112746729032391,0.562398;0.170119;0.434112;0.418184;0.437444;0.30899;0.553099;0.405851,0.6,2026-08-27T05:01:05
squeezenet,gradcam,random_logit,5,0.5,7,8,0.2966096968430576,0.256902;0.41429;0.289747;0.280743;0.349969;0.219494;0.094604;0.467129,0.63,2026-08-27T05:01:06
squeezenet,gradcam,random_logit,6,0.6,0,8,0.30703164088945406,0.203027;0.324811;0.196878;0.388061;0.339072;0.487275;0.227988;0.289141,0.75,2026-08-27T05:01:07
squeezenet,gradcam,random_logit,6,0.6,1,8,0.30321863739394994,0.125282;0.280126;0.133021;0.308286;0.308406;0.387043;0.483017;0.400568,0.83,2026-08-27T05:01:08
squeezenet,gradcam,random_logit,6,0.6,2,8,0.2458046953661287,0.27742;0.403738;0.318242;0.257157;0.246737;0.0523307;0.157466;0.253348,0.83,2026-08-27T05:01:09
squeezenet,gradcam,random_logit,6,0.6,3,8,0.2755470288614771,0.37306;0.293905;0.16078;0.138497;0.366158;0.169115;0.317759;0.385102,0.83,2026-08-27T05:01:09
squeezenet,gradcam,random_logit,6,0.6,4,8,0.3383401899168315,0.306105;0.289781;0.290865;0.361496;0.175727;0.511887;0.387328;0.383534,0.84,2026-08-27T05:01:10
squeezenet,gradcam,random_logit,6,0.6,5,8,0.38908254955600513,0.236161;0.433772;0.550765;0.204641;0.490206;0.550246;0.458371;0.188499,0.66,2026-08-27T05:01:11
squeezenet,gradcam,random_logit,6,0.6,6,8,0.4256047573641455,0.577741;0.182959;0.447474;0.435386;0.451674;0.322455;0.57199;0.41516,0.54,2026-08-27T05:01:11
squeezenet,gradcam,random_logit,6,0.6,7,8,0.3090588067786215,0.267757;0.430386;0.310432;0.294587;0.362406;0.231437;0.0958803;0.479585,0.53,2026-08-27T05:01:12
squeezenet,gradcam,random_logit,7,0.7,0,8,0.3361380457056781,0.2322;0.357231;0.225024;0.416956;0.375157;0.511668;0.253303;0.317566,0.49,2026-08-27T05:01:12
squeezenet,gradcam,random_logit,7,0.7,1,8,0.3300161051341685,0.148066;0.311347;0.154111;0.327245;0.337384;0.412626;0.514753;0.434598,0.49,2026-08-27T05:01:13
squeezenet,gradcam,random_logit,7,0.7,2,8,0.27268794846271455,0.300402;0.446102;0.34058;0.289773;0.270704;0.0712501;0.178554;0.28414,0.54,2026-08-27T05:01:13
squeezenet,gradcam,random_logit,7,0.7,3,8,0.3029157980363014,0.394097;0.328033;0.194065;0.164148;0.391321;0.195912;0.340877;0.414874,0.51,2026-08-27T05:01:14
squeezenet,gradcam,random_logit,7,0.7,4,8,0.3683152292051316,0.331286;0.325364;0.321043;0.391955;0.194975;0.543082;0.420096;0.418721,0.53,2026-08-27T05:01:15
squeezenet,gradcam,random_logit,7,0.7,5,8,0.41734523298048437,0.2585;0.472608;0.581309;0.225813;0.523719;0.572302;0.487603;0.216908,0.51,2026-08-27T05:01:15
squeezenet,gradcam,random_logit,7,0.7,6,8,0.4565963819413541,0.606593;0.21494;0.476382;0.470632;0.485418;0.35695;0.601794;0.440062,0.5,2026-08-27T05:01:16
squeezenet,gradcam,random_logit,7,0.7,7,8,0.33914401510131015,0.299176;0.461054;0.348606;0.326229;0.388897;0.264112;0.115834;0.509242,0.5,2026-08-27T05:01:16
squeezenet,gradcam,random_logit,8,0.8,0,8,0.3992326674684312,0.296469;0.424723;0.29138;0.475695;0.440589;0.563971;0.317941;0.383092,0.45,2026-08-27T05:01:16
squeezenet,gradcam,random_logit,8,0.8,1,8,0.3941086273758644,0.213102;0.379781;0.218798;0.3881;0.406944;0.47191;0.568924;0.505312,0.46,2026-08-27T05:01:17
squeezenet,gradcam,random_logit,8,0.8,2,8,0.33296902976724446,0.360682;0.519641;0.388959;0.347976;0.339825;0.134824;0.231785;0.34006,0.47,2026-08-27T05:01:17
squeezenet,gradcam,random_logit,8,0.8,3,8,0.367736907378779,0.449248;0.396203;0.270646;0.234174;0.443356;0.265247;0.400256;0.482767,0.45,2026-08-27T05:01:18
squeezenet,gradcam,random_logit,8,0.8,4,8,0.43253183311495125,0.400794;0.40084;0.387324;0.451336;0.248831;0.601435;0.482878;0.486818,0.43,2026-08-27T05:01:18
squeezenet,gradcam,random_logit,8,0.8,5,8,0.47750707598794856,0.3261;0.539345;0.633016;0.291256;0.582918;0.618473;0.543851;0.285096,0.46,2026-08-27T05:01:19
squeezenet,gradcam,random_logit,8,0.8,6,8,0.5177834549706993,0.655365;0.293305;0.537707;0.535989;0.544148;0.424715;0.656004;0.495035,0.44,2026-08-27T05:01:19
squeezenet,gradcam,random_logit,8,0.8,7,8,0.40477098923157484,0.364242;0.526202;0.42955;0.399319;0.445375;0.336685;0.170539;0.566255,0.46,2026-08-27T05:01:20
squeezenet,gradcam,random_logit,9,0.9,0,8,0.5601543671850882,0.471546;0.577345;0.477355;0.620188;0.597516;0.682882;0.499757;0.554646,0.37,2026-08-27T05:01:20
squeezenet,gradcam,random_logit,9,0.9,1,8,0.5524588870539495,0.404109;0.54903;0.408328;0.542917;0.566232;0.611821;0.690453;0.646781,0.37,2026-08-27T05:01:20
squeezenet,gradcam,random_logit,9,0.9,2,8,0.5008902130532218,0.530634;0.663241;0.531131;0.519119;0.509371;0.333232;0.403677;0.516716,0.56,2026-08-27T05:01:21
squeezenet,gradcam,random_logit,9,0.9,3,8,0.53380987483996,0.58911;0.563217;0.471007;0.42625;0.587399;0.456839;0.544158;0.632499,0.6,2026-08-27T05:01:22
squeezenet,gradcam,random_logit,9,0.9,4,8,0.5857816289298994,0.559598;0.570411;0.550161;0.598364;0.424206;0.720867;0.631324;0.631323,0.6,2026-08-27T05:01:22
squeezenet,gradcam,random_logit,9,0.9,5,8,0.6216395904783352,0.503732;0.678854;0.745622;0.471365;0.70804;0.726333;0.669802;0.469368,0.6,2026-08-27T05:01:23
squeezenet,gradcam,random_logit,9,0.9,6,8,0.6560501859124108,0.754116;0.49436;0.666795;0.675847;0.675517;0.589729;0.762817;0.629219,0.58,2026-08-27T05:01:23
squeezenet,gradcam,random_logit,9,0.9,7,8,0.5674500750666633,0.538435;0.654333;0.602142;0.574988;0.593301;0.527164;0.368307;0.680931,0.58,2026-08-27T05:01:24
squeezenet,deep_lift,max_sensitivity,0,0.0,0,8,1.3498299568891525,1.27513;1.28748;1.38916;1.60185;1.21977;1.29315;1.35435;1.37775,10.28,2026-08-27T05:01:34
squeezenet,deep_lift,max_sensitivity,0,0.0,1,8,1.3018802553415298,1.3857;1.36671;1.41925;1.07243;1.28168;1.23605;1.31081;1.34242,9.33,2026-08-27T05:01:44
squeezenet,deep_lift,max_sensitivity,0,0.0,2,8,1.2863664776086807,1.38306;1.1221;1.36913;1.2523;1.16108;1.27191;1.25861;1.47274,9.55,2026-08-27T05:01:53
squeezenet,deep_lift,max_sensitivity,0,0.0,3,8,1.2899377346038818,1.19356;1.27874;1.28713;1.36086;1.24645;1.48613;1.18935;1.27727,8.16,2026-08-27T05:02:01
squeezenet,deep_lift,max_sensitivity,0,0.0,4,8,1.2463935762643814,1.06569;1.12868;1.39712;1.30673;1.21021;1.33411;1.3812;1.1474,9.39,2026-08-27T05:02:11
squeezenet,deep_lift,max_sensitivity,0,0.0,5,8,1.4224906265735626,1.67507;1.33879;1.26826;1.30551;1.49282;1.30466;1.19017;1.80464,8.94,2026-08-27T05:02:20
squeezenet,deep_lift,max_sensitivity,0,0.0,6,8,1.2984414398670197,1.20013;1.29016;1.2223;1.46657;1.16963;1.40092;1.43512;1.2027,8.57,2026-08-27T05:02:28
squeezenet,deep_lift,max_sensitivity,0,0.0,7,8,1.301722303032875,1.36345;1.3036;1.24969;1.30383;1.38583;1.20222;1.43689;1.16826,9.41,2026-08-27T05:02:38
squeezenet,deep_lift,max_sensitivity,1,0.1,0,8,1.3751421123743057,1.29629;1.44964;1.23403;1.65931;1.28676;1.34109;1.36617;1.36784,7.79,2026-08-27T05:02:45
squeezenet,deep_lift,max_sensitivity,1,0.1,1,8,1.3376183211803436,1.36204;1.47276;1.4592;1.08684;1.32407;1.26861;1.31493;1.4125,8.89,2026-08-27T05:02:54
squeezenet,deep_lift,max_sensitivity,1,0.1,2,8,1.3228846192359924,1.47219;1.16391;1.36591;1.31982;1.18729;1.27125;1.27688;1.52584,9.12,2026-08-27T05:03:03
squeezenet,deep_lift,max_sensitivity,1,0.1,3,8,1.3233997523784637,1.21509;1.29417;1.27941;1.4484;1.2901;1.51331;1.22123;1.32549,8.02,2026-08-27T05:03:11
squeezenet,deep_lift,max_sensitivity,1,0.1,4,8,1.2352303117513657,1.08164;1.1453;1.38738;1.2673;1.21266;1.31641;1.32606;1.14511,9.08,2026-08-27T05:03:21
squeezenet,deep_lift,max_sensitivity,1,0.1,5,8,1.429283544421196,1.65162;1.33808;1.31655;1.29409;1.59017;1.33856;1.18861;1.71657,8.4,2026-08-27T05:03:29
squeezenet,deep_lift,max_sensitivity,1,0.1,6,8,1.3281928449869156,1.30012;1.2977;1.21713;1.40278;1.19299;1.44213;1.57481;1.19789,8.35,2026-08-27T05:03:37
squeezenet,deep_lift,max_sensitivity,1,0.1,7,8,1.3262149095535278,1.44055;1.29048;1.24695;1.34478;1.31161;1.29181;1.46791;1.21563,8.98,2026-08-27T05:03:46
squeezenet,deep_lift,max_sensitivity,2,0.2,0,8,1.3784316629171371,1.30441;1.27199;1.38525;1.70557;1.29541;1.29128;1.37794;1.3956,7.46,2026-08-27T05:03:54
squeezenet,deep_lift,max_sensitivity,2,0.2,1,8,1.3433268368244171,1.42534;1.41521;1.4566;1.13639;1.30267;1.29253;1.30222;1.41566,8.78,2026-08-27T05:04:02
squeezenet,deep_lift,max_sensitivity,2,0.2,2,8,1.3443106561899185,1.40599;1.18041;1.41126;1.33635;1.23158;1.33439;1.30086;1.55366,7.82,2026-08-27T05:04:10
squeezenet,deep_lift,max_sensitivity,2,0.2,3,8,1.3620527684688568,1.2112;1.33811;1.46289;1.4371;1.30623;1.59159;1.23837;1.31094,8.36,2026-08-27T05:04:19
squeezenet,deep_lift,max_sensitivity,2,0.2,4,8,1.2734103202819824,1.07822;1.13963;1.48382;1.32447;1.22129;1.37568;1.4122;1.15197,8.59,2026-08-27T05:04:27
squeezenet,deep_lift,max_sensitivity,2,0.2,5,8,1.4381180852651596,1.71142;1.34832;1.27309;1.31927;1.56597;1.35637;1.27376;1.65674,7.45,2026-08-27T05:04:35
squeezenet,deep_lift,max_sensitivity,2,0.2,6,8,1.3302222341299057,1.25135;1.30249;1.23554;1.43826;1.22811;1.3977;1.49897;1.28936,8.65,2026-08-27T05:04:43
squeezenet,deep_lift,max_sensitivity,2,0.2,7,8,1.3356581330299377,1.40895;1.31394;1.23983;1.33807;1.38828;1.28225;1.50519;1.20876,7.53,2026-08-27T05:04:51
squeezenet,deep_lift,max_sensitivity,3,0.3,0,8,1.399007648229599,1.34096;1.30777;1.35093;1.66092;1.34733;1.36927;1.40272;1.41216,8.83,2026-08-27T05:05:00
squeezenet,deep_lift,max_sensitivity,3,0.3,1,8,1.3650109767913818,1.44846;1.49519;1.52147;1.11693;1.29898;1.28532;1.35595;1.39779,8.2,2026-08-27T05:05:08
squeezenet,deep_lift,max_sensitivity,3,0.3,2,8,1.3647351562976837,1.4627;1.20199;1.40518;1.33274;1.29189;1.39749;1.29098;1.5349,7.7,2026-08-27T05:05:16
squeezenet,deep_lift,max_sensitivity,3,0.3,3,8,1.3679911941289902,1.22314;1.34864;1.32205;1.50007;1.31009;1.57853;1.3343;1.32711,8.6,2026-08-27T05:05:24
squeezenet,deep_lift,max_sensitivity,3,0.3,4,8,1.28225676715374,1.1096;1.16199;1.46021;1.34373;1.23425;1.33989;1.38607;1.22231,7.31,2026-08-27T05:05:32
squeezenet,deep_lift,max_sensitivity,3,0.3,5,8,1.4697837680578232,1.68954;1.34842;1.29758;1.37575;1.63681;1.33633;1.29577;1.77809,8.82,2026-08-27T05:05:40
squeezenet,deep_lift,max_sensitivity,3,0.3,6,8,1.367054969072342,1.32843;1.37121;1.22821;1.4448;1.22258;1.41801;1.60005;1.32314,7.3,2026-08-27T05:05:48
squeezenet,deep_lift,max_sensitivity,3,0.3,7,8,1.377108246088028,1.50608;1.31922;1.3112;1.41041;1.41422;1.30282;1.51014;1.24279,8.38,2026-08-27T05:05:56
squeezenet,deep_lift,max_sensitivity,4,0.4,0,8,1.4218580424785614,1.32886;1.28417;1.48892;1.7606;1.36286;1.36317;1.39897;1.38733,7.89,2026-08-27T05:06:04
squeezenet,deep_lift,max_sensitivity,4,0.4,1,8,1.3852741569280624,1.47778;1.4893;1.4836;1.18421;1.36044;1.32333;1.29184;1.47171,7.56,2026-08-27T05:06:12
squeezenet,deep_lift,max_sensitivity,4,0.4,2,8,1.3896920680999756,1.52014;1.23134;1.41939;1.37531;1.32327;1.36561;1.339;1.54347,8.21,2026-08-27T05:06:20
squeezenet,deep_lift,max_sensitivity,4,0.4,3,8,1.3999935239553452,1.24006;1.37645;1.43503;1.52361;1.33277;1.59667;1.34;1.35535,6.88,2026-08-27T05:06:27
squeezenet,deep_lift,max_sensitivity,4,0.4,4,8,1.294288232922554,1.14972;1.18739;1.47529;1.3368;1.24597;1.37708;1.36775;1.2143,8.27,2026-08-27T05:06:35
squeezenet,deep_lift,max_sensitivity,4,0.4,5,8,1.4720687866210938,1.68667;1.39932;1.33905;1.3716;1.59598;1.34305;1.34418;1.6967,6.9,2026-08-27T05:06:42
squeezenet,deep_lift,max_sensitivity,4,0.4,6,8,1.3973620235919952,1.33589;1.34378;1.27042;1.46457;1.29324;1.4773;1.66641;1.32728,8.45,2026-08-27T05:06:50
squeezenet,deep_lift,max_sensitivity,4,0.4,7,8,1.3795320987701416,1.49252;1.28986;1.31784;1.39113;1.36794;1.3233;1.55805;1.29563,6.99,2026-08-27T05:06:57
squeezenet,deep_lift,max_sensitivity,5,0.5,0,8,1.4212871491909027,1.33842;1.29327;1.38092;1.70995;1.36969;1.43325;1.42171;1.42309,7.25,2026-08-27T05:07:04
squeezenet,deep_lift,max_sensitivity,5,0.5,1,8,1.3878593891859055,1.45908;1.4878;1.48978;1.19296;1.35901;1.33866;1.33897;1.43661,6.1,2026-08-27T05:07:11
squeezenet,deep_lift,max_sensitivity,5,0.5,2,8,1.399475023150444,1.50965;1.23511;1.44932;1.41805;1.28365;1.41164;1.34289;1.54548,7.44,2026-08-27T05:07:18
squeezenet,deep_lift,max_sensitivity,5,0.5,3,8,1.4128056317567825,1.24722;1.41335;1.37439;1.56296;1.37723;1.62425;1.34629;1.35676,5.97,2026-08-27T05:07:24
squeezenet,deep_lift,max_sensitivity,5,0.5,4,8,1.3120458871126175,1.10711;1.18333;1.47706;1.3612;1.25932;1.38182;1.45089;1.27563,7.38,2026-08-27T05:07:31
squeezenet,deep_lift,max_sensitivity,5,0.5,5,8,1.4868890792131424,1.69124;1.41391;1.35536;1.40942;1.57529;1.38569;1.33509;1.72912,6.18,2026-08-27T05:07:38
squeezenet,deep_lift,max_sensitivity,5,0.5,6,8,1.3990192413330078,1.34364;1.38304;1.36142;1.56287;1.2549;1.452;1.54567;1.28862,7.49,2026-08-27T05:07:45
squeezenet,deep_lift,max_sensitivity,5,0.5,7,8,1.432710349559784,1.54716;1.35496;1.3592;1.42398;1.45925;1.35035;1.57092;1.39587,6.02,2026-08-27T05:07:51
squeezenet,deep_lift,max_sensitivity,6,0.6,0,8,1.4582152962684631,1.37485;1.35756;1.51465;1.66031;1.46596;1.45314;1.39205;1.4472,7.21,2026-08-27T05:07:58
squeezenet,deep_lift,max_sensitivity,6,0.6,1,8,1.4211103916168213,1.44176;1.5189;1.54788;1.2223;1.38022;1.36104;1.38626;1.51053,5.78,2026-08-27T05:08:04
squeezenet,deep_lift,max_sensitivity,6,0.6,2,8,1.438830018043518,1.56635;1.24691;1.42818;1.45535;1.32029;1.42076;1.38647;1.68631,6.66,2026-08-27T05:08:11
squeezenet,deep_lift,max_sensitivity,6,0.6,3,8,1.438948467373848,1.27885;1.45546;1.37286;1.54492;1.3739;1.68891;1.39125;1.40544,6.58,2026-08-27T05:08:17
squeezenet,deep_lift,max_sensitivity,6,0.6,4,8,1.331165924668312,1.1184;1.24358;1.57763;1.36381;1.25463;1.40147;1.46854;1.22127,6.29,2026-08-27T05:08:24
squeezenet,deep_lift,max_sensitivity,6,0.6,5,8,1.4910217374563217,1.69663;1.40922;1.35973;1.40838;1.57605;1.37014;1.36771;1.74031,6.62,2026-08-27T05:08:30
squeezenet,deep_lift,max_sensitivity,6,0.6,6,8,1.428969368338585,1.34451;1.44225;1.41255;1.5147;1.31508;1.4985;1.6231;1.28106,5.73,2026-08-27T05:08:36
squeezenet,deep_lift,max_sensitivity,6,0.6,7,8,1.437871053814888,1.48283;1.34408;1.32097;1.47424;1.50941;1.39468;1.64092;1.33583,7.13,2026-08-27T05:08:43
squeezenet,deep_lift,max_sensitivity,7,0.7,0,8,1.487830325961113,1.4051;1.35024;1.51296;1.80944;1.49772;1.46819;1.42243;1.43657,5.46,2026-08-27T05:08:49
squeezenet,deep_lift,max_sensitivity,7,0.7,1,8,1.4341140389442444,1.49463;1.55631;1.57483;1.24402;1.40169;1.35809;1.37641;1.46694,6.69,2026-08-27T05:08:55
squeezenet,deep_lift,max_sensitivity,7,0.7,2,8,1.4618442058563232,1.62301;1.30047;1.46615;1.48521;1.32208;1.49996;1.38349;1.61438,5.41,2026-08-27T05:09:01
squeezenet,deep_lift,max_sensitivity,7,0.7,3,8,1.463476300239563,1.28711;1.51281;1.48425;1.64428;1.37293;1.62816;1.39039;1.38789,6.48,2026-08-27T05:09:07
squeezenet,deep_lift,max_sensitivity,7,0.7,4,8,1.3383282572031021,1.19901;1.20648;1.53405;1.39289;1.26076;1.43646;1.40627;1.2707,5.79,2026-08-27T05:09:13
squeezenet,deep_lift,max_sensitivity,7,0.7,5,8,1.545647844672203,1.72406;1.41571;1.37828;1.46184;1.63751;1.40646;1.52657;1.81475,5.69,2026-08-27T05:09:19
squeezenet,deep_lift,max_sensitivity,7,0.7,6,8,1.4547469019889832,1.34965;1.48588;1.30538;1.58307;1.32648;1.49116;1.71944;1.37692,6.67,2026-08-27T05:09:25
squeezenet,deep_lift,max_sensitivity,7,0.7,7,8,1.44170281291008,1.55468;1.38128;1.33791;1.48833;1.47477;1.37757;1.57051;1.34857,5.52,2026-08-27T05:09:31
squeezenet,deep_lift,max_sensitivity,8,0.8,0,8,1.5136680155992508,1.38396;1.31428;1.69844;1.71011;1.54997;1.50572;1.48607;1.46079,6.53,2026-08-27T05:09:37
squeezenet,deep_lift,max_sensitivity,8,0.8,1,8,1.4405263811349869,1.50894;1.55363;1.56216;1.23459;1.42066;1.38072;1.34939;1.51412,4.95,2026-08-27T05:09:42
squeezenet,deep_lift,max_sensitivity,8,0.8,2,8,1.4556637108325958,1.56675;1.30032;1.46271;1.45806;1.38696;1.4206;1.39647;1.65345,5.39,2026-08-27T05:09:48
squeezenet,deep_lift,max_sensitivity,8,0.8,3,8,1.4832821637392044,1.32025;1.46915;1.57253;1.57167;1.44867;1.6369;1.43936;1.40773,5.63,2026-08-27T05:09:53
squeezenet,deep_lift,max_sensitivity,8,0.8,4,8,1.3529528379440308,1.18805;1.2443;1.52712;1.35963;1.27258;1.43034;1.47077;1.33083,4.84,2026-08-27T05:09:58
squeezenet,deep_lift,max_sensitivity,8,0.8,5,8,1.5518431961536407,1.71822;1.41406;1.3934;1.4369;1.70698;1.41195;1.51266;1.82058,5.98,2026-08-27T05:10:04
squeezenet,deep_lift,max_sensitivity,8,0.8,6,8,1.44896999001503,1.37672;1.45268;1.35083;1.48219;1.36819;1.50294;1.71218;1.34603,4.95,2026-08-27T05:10:09
squeezenet,deep_lift,max_sensitivity,8,0.8,7,8,1.4852406978607178,1.57746;1.44388;1.43087;1.53319;1.48679;1.40916;1.6209;1.37967,4.78,2026-08-27T05:10:14
squeezenet,deep_lift,max_sensitivity,9,0.9,0,8,1.5120660215616226,1.41636;1.32169;1.57899;1.72166;1.53426;1.58642;1.4807;1.45645,5.79,2026-08-27T05:10:20
squeezenet,deep_lift,max_sensitivity,9,0.9,1,8,1.4902485311031342,1.54638;1.59049;1.61312;1.33601;1.43941;1.42739;1.40919;1.56,4.3,2026-08-27T05:10:24
squeezenet,deep_lift,max_sensitivity,9,0.9,2,8,1.4947535544633865,1.57335;1.31045;1.51096;1.53364;1.4374;1.50498;1.4455;1.64174,4.42,2026-08-27T05:10:28
squeezenet,deep_lift,max_sensitivity,9,0.9,3,8,1.5156197398900986,1.26641;1.53088;1.56395;1.66153;1.49625;1.70699;1.43813;1.46082,5.84,2026-08-27T05:10:34
squeezenet,deep_lift,max_sensitivity,9,0.9,4,8,1.379934549331665,1.23977;1.28288;1.55765;1.41845;1.2996;1.44485;1.48002;1.31624,4.72,2026-08-27T05:10:39
squeezenet,deep_lift,max_sensitivity,9,0.9,5,8,1.6256126910448074,1.70212;1.51398;1.4576;1.50314;2.0941;1.44818;1.44432;1.84147,4.86,2026-08-27T05:10:44
squeezenet,deep_lift,max_sensitivity,9,0.9,6,8,1.43181474506855,1.32207;1.37023;1.31537;1.49742;1.41593;1.46653;1.65224;1.41472,5.76,2026-08-27T05:10:50
squeezenet,deep_lift,max_sensitivity,9,0.9,7,8,1.5111911296844482,1.72168;1.29625;1.48638;1.50089;1.46933;1.47791;1.64366;1.49342,4.37,2026-08-27T05:10:54
squeezenet,deep_lift,random_logit,0,0.0,0,8,0.7811009447707031,0.76663;0.644786;0.828509;0.838916;0.862514;0.782333;0.760265;0.764854,1.22,2026-08-27T05:10:55
squeezenet,deep_lift,random_logit,0,0.0,1,8,0.7324652857860569,0.733356;0.449377;0.750377;0.766144;0.827802;0.721549;0.794053;0.817064,1.18,2026-08-27T05:10:56
squeezenet,deep_lift,random_logit,0,0.0,2,8,0.7132824131663849,0.833162;0.244401;0.830618;0.874414;0.634539;0.678572;0.78214;0.828414,1.58,2026-08-27T05:10:58
squeezenet,deep_lift,random_logit,0,0.0,3,8,0.7107036501471979,0.812613;0.380744;0.47082;0.724577;0.848577;0.726009;0.849747;0.872541,1.7,2026-08-27T05:11:00
squeezenet,deep_lift,random_logit,0,0.0,4,8,0.7472177810329902,0.777105;0.774585;0.786822;0.736909;0.796097;0.594997;0.890439;0.620789,1.53,2026-08-27T05:11:01
squeezenet,deep_lift,random_logit,0,0.0,5,8,0.7573267984995588,0.728751;0.611412;0.848995;0.698298;0.926818;0.531658;0.973657;0.739026,1.19,2026-08-27T05:11:02
squeezenet,deep_lift,random_logit,0,0.0,6,8,0.8702225540383798,0.929841;0.859866;0.899284;0.798168;0.940668;0.694732;0.952784;0.886437,1.22,2026-08-27T05:11:04
squeezenet,deep_lift,random_logit,0,0.0,7,8,0.6202673446150309,0.59963;0.624568;0.501584;0.805002;0.474778;0.553468;0.73527;0.667839,1.22,2026-08-27T05:11:05
squeezenet,deep_lift,random_logit,1,0.1,0,8,0.761857884503035,0.710307;0.642569;0.810722;0.83312;0.831111;0.803525;0.724568;0.738941,1.15,2026-08-27T05:11:06
squeezenet,deep_lift,random_logit,1,0.1,1,8,0.7181440509864697,0.733029;0.466287;0.730005;0.748532;0.771126;0.736055;0.78134;0.778777,1.15,2026-08-27T05:11:07
squeezenet,deep_lift,random_logit,1,0.1,2,8,0.690116749522927,0.776848;0.271774;0.764158;0.848737;0.615623;0.690928;0.746614;0.806253,1.2,2026-08-27T05:11:08
squeezenet,deep_lift,random_logit,1,0.1,3,8,0.6882558413922336,0.776583;0.391611;0.470197;0.706025;0.7917;0.713029;0.807009;0.849891,1.15,2026-08-27T05:11:09
squeezenet,deep_lift,random_logit,1,0.1,4,8,0.727152196283385,0.772282;0.775485;0.73967;0.705897;0.762169;0.595045;0.864805;0.601864,1.23,2026-08-27T05:11:11
squeezenet,deep_lift,random_logit,1,0.1,5,8,0.7447476151659547,0.692785;0.615889;0.838706;0.683223;0.923844;0.538919;0.971409;0.693205,1.71,2026-08-27T05:11:12
squeezenet,deep_lift,random_logit,1,0.1,6,8,0.8631655373677736,0.927262;0.858208;0.871072;0.773116;0.915052;0.7067;0.953551;0.900364,1.68,2026-08-27T05:11:14
squeezenet,deep_lift,random_logit,1,0.1,7,8,0.6259631206589814,0.59828;0.639856;0.527023;0.79071;0.488551;0.564459;0.727159;0.671669,1.34,2026-08-27T05:11:15
squeezenet,deep_lift,random_logit,2,0.2,0,8,0.7402584301933863,0.647913;0.639981;0.799258;0.816794;0.79135;0.832448;0.65873;0.735594,1.12,2026-08-27T05:11:17
squeezenet,deep_lift,random_logit,2,0.2,1,8,0.697445908869528,0.720342;0.481097;0.683164;0.73896;0.696648;0.748836;0.765836;0.744684,1.09,2026-08-27T05:11:18
squeezenet,deep_lift,random_logit,2,0.2,2,8,0.6605124996678859,0.740122;0.295399;0.768311;0.782578;0.606979;0.624299;0.710845;0.755567,1.12,2026-08-27T05:11:19
squeezenet,deep_lift,random_logit,2,0.2,3,8,0.6664268788783635,0.750951;0.407665;0.474253;0.694028;0.733617;0.709049;0.760486;0.801365,1.11,2026-08-27T05:11:20
squeezenet,deep_lift,random_logit,2,0.2,4,8,0.7056055889849426,0.771009;0.752854;0.669124;0.685291;0.729444;0.601932;0.836299;0.598892,1.13,2026-08-27T05:11:21
squeezenet,deep_lift,random_logit,2,0.2,5,8,0.7419893398214168,0.673165;0.630573;0.83118;0.691082;0.916991;0.526179;0.968764;0.697981,1.14,2026-08-27T05:11:22
squeezenet,deep_lift,random_logit,2,0.2,6,8,0.8457910495263002,0.921637;0.86479;0.860746;0.725196;0.887115;0.68639;0.952285;0.86817,1.12,2026-08-27T05:11:23
squeezenet,deep_lift,random_logit,2,0.2,7,8,0.6202438650754063,0.607451;0.648144;0.496183;0.733885;0.497529;0.580489;0.733371;0.6649,1.15,2026-08-27T05:11:24
squeezenet,deep_lift,random_logit,3,0.3,0,8,0.7380929752912484,0.591996;0.656739;0.841952;0.812471;0.82705;0.817178;0.653814;0.703543,1.52,2026-08-27T05:11:26
squeezenet,deep_lift,random_logit,3,0.3,1,8,0.6766477556129684,0.685188;0.439441;0.665904;0.72395;0.654498;0.765004;0.75833;0.720866,1.53,2026-08-27T05:11:28
squeezenet,deep_lift,random_logit,3,0.3,2,8,0.6490619872630387,0.6981;0.296416;0.731032;0.814257;0.556981;0.648705;0.672768;0.774237,1.44,2026-08-27T05:11:29
squeezenet,deep_lift,random_logit,3,0.3,3,8,0.6605112829204993,0.729846;0.437095;0.477312;0.686366;0.707847;0.711537;0.742773;0.791315,1.05,2026-08-27T05:11:30
squeezenet,deep_lift,random_logit,3,0.3,4,8,0.7052918324476303,0.756615;0.787101;0.647348;0.692371;0.712589;0.616094;0.839731;0.590486,1.08,2026-08-27T05:11:31
squeezenet,deep_lift,random_logit,3,0.3,5,8,0.7416465598784358,0.653159;0.647571;0.804688;0.684478;0.914561;0.568229;0.967865;0.692621,1.07,2026-08-27T05:11:32
squeezenet,deep_lift,random_logit,3,0.3,6,8,0.8363430325364233,0.922266;0.871557;0.831183;0.686219;0.875291;0.696685;0.953719;0.853825,1.05,2026-08-27T05:11:33
squeezenet,deep_lift,random_logit,3,0.3,7,8,0.6221013504218467,0.611432;0.671038;0.530931;0.727741;0.472132;0.597265;0.726078;0.640192,1.06,2026-08-27T05:11:34
squeezenet,deep_lift,random_logit,4,0.4,0,8,0.7335723481298113,0.610749;0.669865;0.846417;0.754456;0.821509;0.802217;0.676067;0.687298,1.04,2026-08-27T05:11:35
squeezenet,deep_lift,random_logit,4,0.4,1,8,0.683991566050818,0.697068;0.520889;0.681506;0.706208;0.689453;0.782816;0.699824;0.694168,1.03,2026-08-27T05:11:36
squeezenet,deep_lift,random_logit,4,0.4,2,8,0.6593950639526905,0.687472;0.363309;0.689988;0.81131;0.606079;0.660643;0.682045;0.774316,1.04,2026-08-27T05:11:37
squeezenet,deep_lift,random_logit,4,0.4,3,8,0.6648387260684621,0.724284;0.46255;0.489833;0.691157;0.688082;0.719353;0.707788;0.835661,1.0,2026-08-27T05:11:38
squeezenet,deep_lift,random_logit,4,0.4,4,8,0.7084746927131989,0.791173;0.79607;0.65279;0.665465;0.719199;0.635402;0.843816;0.563882,1.49,2026-08-27T05:11:40
squeezenet,deep_lift,random_logit,4,0.4,5,8,0.738309737225082,0.65987;0.670304;0.823642;0.672292;0.905871;0.581322;0.966014;0.627164,1.46,2026-08-27T05:11:41
squeezenet,deep_lift,random_logit,4,0.4,6,8,0.8265489295575363,0.91187;0.824873;0.848454;0.67269;0.872495;0.676439;0.956123;0.849446,1.47,2026-08-27T05:11:43
squeezenet,deep_lift,random_logit,4,0.4,7,8,0.6732117119825072,0.643367;0.647124;0.590393;0.769735;0.664228;0.63385;0.737645;0.699351,1.03,2026-08-27T05:11:44
squeezenet,deep_lift,random_logit,5,0.5,0,8,0.7345105785837225,0.609081;0.686972;0.83287;0.790409;0.794111;0.852124;0.625028;0.685489,0.87,2026-08-27T05:11:45
squeezenet,deep_lift,random_logit,5,0.5,1,8,0.6847987209395916,0.673805;0.514013;0.604543;0.743916;0.707254;0.805586;0.70689;0.722382,0.85,2026-08-27T05:11:46
squeezenet,deep_lift,random_logit,5,0.5,2,8,0.6574012146935491,0.60244;0.439692;0.681184;0.808742;0.587094;0.684595;0.679519;0.775945,0.86,2026-08-27T05:11:46
squeezenet,deep_lift,random_logit,5,0.5,3,8,0.6522694244563381,0.69174;0.488883;0.507983;0.704505;0.690739;0.69711;0.670014;0.767182,0.84,2026-08-27T05:11:47
squeezenet,deep_lift,random_logit,5,0.5,4,8,0.7104232079651417,0.783763;0.782832;0.638954;0.658457;0.689657;0.630604;0.837669;0.661451,0.86,2026-08-27T05:11:48
squeezenet,deep_lift,random_logit,5,0.5,5,8,0.750251597358375,0.664596;0.700129;0.840934;0.652691;0.903529;0.623134;0.962937;0.654062,0.86,2026-08-27T05:11:49
squeezenet,deep_lift,random_logit,5,0.5,6,8,0.8369966713355919,0.910528;0.821788;0.824345;0.718851;0.857129;0.71284;0.956935;0.893557,0.87,2026-08-27T05:11:50
squeezenet,deep_lift,random_logit,5,0.5,7,8,0.6795019030057379,0.602658;0.719545;0.578917;0.783746;0.589531;0.671466;0.759956;0.730197,0.87,2026-08-27T05:11:51
squeezenet,deep_lift,random_logit,6,0.6,0,8,0.7371326228793028,0.587918;0.708558;0.831536;0.790174;0.78873;0.870461;0.617087;0.702598,0.81,2026-08-27T05:11:52
squeezenet,deep_lift,random_logit,6,0.6,1,8,0.7122805331727659,0.743232;0.571714;0.685251;0.76809;0.657225;0.809325;0.764868;0.698539,0.81,2026-08-27T05:11:52
squeezenet,deep_lift,random_logit,6,0.6,2,8,0.6652135726474611,0.691422;0.49269;0.673645;0.767865;0.638662;0.717523;0.609858;0.730043,1.1,2026-08-27T05:11:53
squeezenet,deep_lift,random_logit,6,0.6,3,8,0.6659070045138615,0.697439;0.557344;0.549907;0.716919;0.601822;0.703445;0.700894;0.799486,1.21,2026-08-27T05:11:55
squeezenet,deep_lift,random_logit,6,0.6,4,8,0.7090629211328686,0.780196;0.802659;0.61252;0.63939;0.695726;0.686074;0.802848;0.65309,1.18,2026-08-27T05:11:56
squeezenet,deep_lift,random_logit,6,0.6,5,8,0.7476900505251249,0.610147;0.660968;0.824159;0.674351;0.885234;0.665661;0.968917;0.692084,1.05,2026-08-27T05:11:57
squeezenet,deep_lift,random_logit,6,0.6,6,8,0.846524816557162,0.918927;0.829577;0.828027;0.704821;0.876498;0.755898;0.96362;0.894831,0.8,2026-08-27T05:11:58
squeezenet,deep_lift,random_logit,6,0.6,7,8,0.6770817938950329,0.654756;0.741658;0.596564;0.759827;0.60052;0.600557;0.782547;0.680226,0.79,2026-08-27T05:11:58
squeezenet,deep_lift,random_logit,7,0.7,0,8,0.7443248385751586,0.603214;0.737547;0.807816;0.742825;0.79085;0.908794;0.63478;0.728772,0.75,2026-08-27T05:11:59
squeezenet,deep_lift,random_logit,7,0.7,1,8,0.7387309739116323,0.728306;0.592103;0.740636;0.737859;0.746735;0.865508;0.736921;0.761781,0.76,2026-08-27T05:12:00
squeezenet,deep_lift,random_logit,7,0.7,2,8,0.6875558070184349,0.578614;0.557128;0.717287;0.75094;0.698753;0.76171;0.690434;0.745582,0.76,2026-08-27T05:12:01
squeezenet,deep_lift,random_logit,7,0.7,3,8,0.6998194511138092,0.730626;0.616008;0.625698;0.69705;0.607684;0.789599;0.709948;0.821943,0.75,2026-08-27T05:12:02
squeezenet,deep_lift,random_logit,7,0.7,4,8,0.7322096423607154,0.823942;0.832702;0.665855;0.687586;0.675316;0.726036;0.817076;0.629164,0.78,2026-08-27T05:12:02
squeezenet,deep_lift,random_logit,7,0.7,5,8,0.7772846697249066,0.566955;0.783215;0.850676;0.751747;0.918017;0.66343;0.968169;0.716068,0.75,2026-08-27T05:12:03
squeezenet,deep_lift,random_logit,7,0.7,6,8,0.8566497037393848,0.940904;0.853207;0.86409;0.697012;0.862742;0.767649;0.962677;0.904917,0.76,2026-08-27T05:12:04
squeezenet,deep_lift,random_logit,7,0.7,7,8,0.7470704532723094,0.7534;0.755665;0.679773;0.791541;0.695423;0.755172;0.780565;0.765025,0.74,2026-08-27T05:12:05
squeezenet,deep_lift,random_logit,8,0.8,0,8,0.8210500589941403,0.710124;0.810078;0.90001;0.823651;0.861896;0.920229;0.741317;0.801095,0.64,2026-08-27T05:12:05
squeezenet,deep_lift,random_logit,8,0.8,1,8,0.7721960585771851,0.80269;0.670307;0.741259;0.8002;0.717777;0.858043;0.813237;0.774055,0.63,2026-08-27T05:12:06
squeezenet,deep_lift,random_logit,8,0.8,2,8,0.7446606924282748,0.695295;0.662749;0.741839;0.830596;0.620721;0.857873;0.729641;0.818572,0.62,2026-08-27T05:12:06
squeezenet,deep_lift,random_logit,8,0.8,3,8,0.7414476769821533,0.777831;0.631414;0.671453;0.709117;0.699888;0.835207;0.77285;0.833823,0.98,2026-08-27T05:12:07
squeezenet,deep_lift,random_logit,8,0.8,4,8,0.7957588632032284,0.875106;0.86706;0.686193;0.734639;0.768296;0.791412;0.877415;0.765949,0.95,2026-08-27T05:12:08
squeezenet,deep_lift,random_logit,8,0.8,5,8,0.8343765482021818,0.738913;0.833698;0.873689;0.790914;0.941855;0.783636;0.976995;0.735312,0.98,2026-08-27T05:12:09
squeezenet,deep_lift,random_logit,8,0.8,6,8,0.8595136138587429,0.913973;0.8789;0.852472;0.65291;0.898502;0.786331;0.968882;0.924139,1.0,2026-08-27T05:12:10
squeezenet,deep_lift,random_logit,8,0.8,7,8,0.7548726866255572,0.733255;0.841772;0.718972;0.73434;0.725551;0.695951;0.771789;0.81735,0.75,2026-08-27T05:12:11
squeezenet,deep_lift,random_logit,9,0.9,0,8,0.8728594465562476,0.784275;0.888447;0.933416;0.893263;0.918585;0.960459;0.769;0.835432,0.53,2026-08-27T05:12:12
squeezenet,deep_lift,random_logit,9,0.9,1,8,0.8500262931538636,0.834842;0.854476;0.81202;0.82511;0.773953;0.949131;0.871769;0.87891,0.58,2026-08-27T05:12:12
squeezenet,deep_lift,random_logit,9,0.9,2,8,0.8268669391420931,0.766055;0.78214;0.834941;0.883967;0.788934;0.919594;0.752301;0.887004,0.56,2026-08-27T05:12:13
squeezenet,deep_lift,random_logit,9,0.9,3,8,0.8114049678250537,0.821916;0.819091;0.790712;0.782467;0.805558;0.811609;0.760761;0.899125,0.61,2026-08-27T05:12:13
squeezenet,deep_lift,random_logit,9,0.9,4,8,0.8564678211190808,0.913791;0.907896;0.800845;0.790758;0.825069;0.864827;0.90933;0.839228,0.56,2026-08-27T05:12:14
squeezenet,deep_lift,random_logit,9,0.9,5,8,0.8775292187503316,0.761584;0.875506;0.920592;0.889193;0.933969;0.878746;0.976203;0.78444,0.59,2026-08-27T05:12:15
squeezenet,deep_lift,random_logit,9,0.9,6,8,0.9126347521787026,0.949376;0.906838;0.921943;0.814909;0.917023;0.872341;0.979056;0.939592,0.58,2026-08-27T05:12:15
squeezenet,deep_lift,random_logit,9,0.9,7,8,0.8324393920874639,0.859273;0.862676;0.824392;0.7908;0.792436;0.818176;0.858478;0.853284,0.55,2026-08-27T05:12:16
squeezenet,guided_backprop,max_sensitivity,0,0.0,0,8,1.102416954934597,1.04065;1.19445;0.9651;1.25475;0.973453;1.01752;1.17917;1.19426,8.39,2026-08-27T05:12:24
squeezenet,guided_backprop,max_sensitivity,0,0.0,1,8,1.0221833363175392,1.03972;0.865905;0.985858;0.864013;1.00614;1.09972;1.04628;1.26984,6.72,2026-08-27T05:12:31
squeezenet,guided_backprop,max_sensitivity,0,0.0,2,8,1.0634547770023346,1.16161;0.893953;1.20235;1.0232;1.00385;0.926446;0.960768;1.33546,7.71,2026-08-27T05:12:39
squeezenet,guided_backprop,max_sensitivity,0,0.0,3,8,1.1066855937242508,1.12473;0.908516;1.13778;1.28978;1.02488;1.1181;0.94838;1.30132,6.43,2026-08-27T05:12:45
squeezenet,guided_backprop,max_sensitivity,0,0.0,4,8,1.094445839524269,1.01282;1.05979;1.1211;1.26158;1.14058;1.02641;1.22124;0.912048,7.78,2026-08-27T05:12:53
squeezenet,guided_backprop,max_sensitivity,0,0.0,5,8,1.249336838722229,1.30928;1.11424;1.10076;1.04501;0.969409;1.09432;1.15335;2.20832,6.49,2026-08-27T05:12:59
squeezenet,guided_backprop,max_sensitivity,0,0.0,6,8,1.1273141652345657,1.1021;1.09366;1.00998;1.32303;1.20415;1.17044;1.03608;1.07908,7.85,2026-08-27T05:13:07
squeezenet,guided_backprop,max_sensitivity,0,0.0,7,8,0.947873093187809,1.07037;1.01342;0.922774;0.953799;0.807654;0.808467;0.913332;1.09317,6.53,2026-08-27T05:13:14
squeezenet,guided_backprop,max_sensitivity,1,0.1,0,8,1.1405187770724297,1.03909;1.29997;0.941063;1.31342;1.05267;1.07684;1.20578;1.19532,7.48,2026-08-27T05:13:21
squeezenet,guided_backprop,max_sensitivity,1,0.1,1,8,1.1014165133237839,1.06495;0.95129;1.07122;0.918267;1.04858;1.14907;1.11541;1.49255,6.2,2026-08-27T05:13:27
squeezenet,guided_backprop,max_sensitivity,1,0.1,2,8,1.1143313497304916,1.24084;0.935575;1.26925;1.07615;1.00759;0.983935;1.01763;1.38367,7.64,2026-08-27T05:13:35
squeezenet,guided_backprop,max_sensitivity,1,0.1,3,8,1.182798519730568,1.17155;0.953047;1.13875;1.6391;1.07028;1.17977;1.01122;1.29867,6.16,2026-08-27T05:13:41
squeezenet,guided_backprop,max_sensitivity,1,0.1,4,8,1.138033889234066,1.0886;1.11639;1.16954;1.26567;1.18363;1.06683;1.24631;0.96729,7.56,2026-08-27T05:13:49
squeezenet,guided_backprop,max_sensitivity,1,0.1,5,8,1.2499126642942429,1.39016;1.19024;1.10995;1.10905;1.00817;1.11926;1.2078;1.86469,6.32,2026-08-27T05:13:55
squeezenet,guided_backprop,max_sensitivity,1,0.1,6,8,1.1711549013853073,1.12162;1.19608;1.06816;1.30395;1.24691;1.21463;1.08141;1.13649,7.64,2026-08-27T05:14:03
squeezenet,guided_backprop,max_sensitivity,1,0.1,7,8,1.0024104118347168,1.0902;1.07336;0.949665;1.01633;0.868167;0.898544;0.996192;1.12683,6.32,2026-08-27T05:14:09
squeezenet,guided_backprop,max_sensitivity,2,0.2,0,8,1.1878303587436676,1.07117;1.21269;1.07545;1.40396;1.15818;1.10392;1.24141;1.23586,7.33,2026-08-27T05:14:16
squeezenet,guided_backprop,max_sensitivity,2,0.2,1,8,1.1331586390733719,1.11683;1.01991;1.12823;0.97487;1.14076;1.18834;1.12341;1.37292,6.0,2026-08-27T05:14:22
squeezenet,guided_backprop,max_sensitivity,2,0.2,2,8,1.1909131780266762,1.35512;0.999455;1.31251;1.16564;1.05665;1.0519;1.065;1.52104,7.24,2026-08-27T05:14:30
squeezenet,guided_backprop,max_sensitivity,2,0.2,3,8,1.225426584482193,1.20295;1.04434;1.27274;1.37046;1.15631;1.32103;1.05508;1.38049,6.09,2026-08-27T05:14:36
squeezenet,guided_backprop,max_sensitivity,2,0.2,4,8,1.1790310442447662,1.06612;1.1508;1.21808;1.30218;1.20928;1.16006;1.32534;1.00038,6.7,2026-08-27T05:14:42
squeezenet,guided_backprop,max_sensitivity,2,0.2,5,8,1.2991112917661667,1.39567;1.22183;1.17602;1.16875;1.10598;1.17724;1.23914;1.90825,6.64,2026-08-27T05:14:49
squeezenet,guided_backprop,max_sensitivity,2,0.2,6,8,1.201302409172058,1.13869;1.18477;1.07716;1.35596;1.29179;1.24746;1.11321;1.20139,6.68,2026-08-27T05:14:56
squeezenet,guided_backprop,max_sensitivity,2,0.2,7,8,1.0681347697973251,1.15571;1.06215;1.05693;1.07827;0.951332;0.99475;1.10173;1.1442,6.83,2026-08-27T05:15:02
squeezenet,guided_backprop,max_sensitivity,3,0.3,0,8,1.2313659489154816,1.1136;1.26149;1.05716;1.50201;1.11452;1.19215;1.33788;1.27212,6.07,2026-08-27T05:15:09
squeezenet,guided_backprop,max_sensitivity,3,0.3,1,8,1.1932467818260193,1.18015;1.07814;1.18069;1.01142;1.15994;1.23564;1.19268;1.50731,6.95,2026-08-27T05:15:16
squeezenet,guided_backprop,max_sensitivity,3,0.3,2,8,1.227286547422409,1.30619;1.04604;1.32361;1.21615;1.12007;1.10262;1.13108;1.57253,5.9,2026-08-27T05:15:21
squeezenet,guided_backprop,max_sensitivity,3,0.3,3,8,1.2812702804803848,1.26698;1.14192;1.29064;1.40533;1.19159;1.36743;1.14164;1.44464,7.17,2026-08-27T05:15:29
squeezenet,guided_backprop,max_sensitivity,3,0.3,4,8,1.2196209132671356,1.18379;1.15656;1.22056;1.34211;1.29209;1.17569;1.36309;1.02308,5.81,2026-08-27T05:15:34
squeezenet,guided_backprop,max_sensitivity,3,0.3,5,8,1.3764521777629852,1.50287;1.26649;1.24154;1.19023;1.21915;1.17919;1.26432;2.14782,7.05,2026-08-27T05:15:41
squeezenet,guided_backprop,max_sensitivity,3,0.3,6,8,1.2570100277662277,1.19654;1.24695;1.15839;1.41813;1.31786;1.27647;1.21768;1.22404,6.0,2026-08-27T05:15:47
squeezenet,guided_backprop,max_sensitivity,3,0.3,7,8,1.1032773852348328,1.15285;1.10322;1.12578;1.09704;0.97485;1.06271;1.14728;1.1625,7.23,2026-08-27T05:15:55
squeezenet,guided_backprop,max_sensitivity,4,0.4,0,8,1.3064581006765366,1.15266;1.27635;1.22096;1.57278;1.14565;1.38112;1.36632;1.33581,5.71,2026-08-27T05:16:00
squeezenet,guided_backprop,max_sensitivity,4,0.4,1,8,1.2366307228803635,1.24061;1.09111;1.24054;1.06824;1.25539;1.28429;1.21176;1.50111,6.58,2026-08-27T05:16:07
squeezenet,guided_backprop,max_sensitivity,4,0.4,2,8,1.2764805406332016,1.37606;1.09598;1.37454;1.273;1.18001;1.14048;1.17309;1.59868,5.95,2026-08-27T05:16:13
squeezenet,guided_backprop,max_sensitivity,4,0.4,3,8,1.3312054127454758,1.28951;1.22634;1.36485;1.4379;1.26138;1.40375;1.19308;1.47283,5.93,2026-08-27T05:16:19
squeezenet,guided_backprop,max_sensitivity,4,0.4,4,8,1.2468236535787582,1.17058;1.20357;1.25723;1.41225;1.26312;1.23877;1.36955;1.05951,6.51,2026-08-27T05:16:25
squeezenet,guided_backprop,max_sensitivity,4,0.4,5,8,1.4076039344072342,1.49368;1.29783;1.29592;1.26638;1.25751;1.27421;1.30498;2.07033,5.74,2026-08-27T05:16:31
squeezenet,guided_backprop,max_sensitivity,4,0.4,6,8,1.2997437119483948,1.22304;1.3048;1.18436;1.45946;1.39298;1.35611;1.20161;1.2756,6.94,2026-08-27T05:16:38
squeezenet,guided_backprop,max_sensitivity,4,0.4,7,8,1.1706321984529495,1.22192;1.12176;1.17826;1.17373;1.08104;1.17366;1.19692;1.21777,5.49,2026-08-27T05:16:44
squeezenet,guided_backprop,max_sensitivity,5,0.5,0,8,1.3199569880962372,1.20926;1.26689;1.16854;1.62219;1.29594;1.34037;1.34238;1.3141,5.52,2026-08-27T05:16:49
squeezenet,guided_backprop,max_sensitivity,5,0.5,1,8,1.2755038440227509,1.28562;1.18299;1.25453;1.11111;1.25977;1.31704;1.23091;1.56206,4.88,2026-08-27T05:16:54
squeezenet,guided_backprop,max_sensitivity,5,0.5,2,8,1.3364557772874832,1.39571;1.1671;1.4166;1.40125;1.21438;1.19543;1.22729;1.67388,4.61,2026-08-27T05:16:59
squeezenet,guided_backprop,max_sensitivity,5,0.5,3,8,1.3667777627706528,1.33375;1.24698;1.3355;1.55157;1.27739;1.43847;1.21815;1.53242,5.93,2026-08-27T05:17:05
squeezenet,guided_backprop,max_sensitivity,5,0.5,4,8,1.2970765829086304,1.2364;1.25134;1.33226;1.43775;1.30063;1.30019;1.39677;1.12129,4.61,2026-08-27T05:17:09
squeezenet,guided_backprop,max_sensitivity,5,0.5,5,8,1.4619630128145218,1.5674;1.35492;1.30114;1.30028;1.25308;1.31363;1.39006;2.21519,4.66,2026-08-27T05:17:14
squeezenet,guided_backprop,max_sensitivity,5,0.5,6,8,1.358762338757515,1.26464;1.38525;1.28261;1.54768;1.3926;1.38598;1.24537;1.36596,5.92,2026-08-27T05:17:20
squeezenet,guided_backprop,max_sensitivity,5,0.5,7,8,1.2233474850654602,1.34007;1.17361;1.25147;1.21718;1.09858;1.18284;1.25155;1.27148,4.59,2026-08-27T05:17:24
squeezenet,guided_backprop,max_sensitivity,6,0.6,0,8,1.3626354485750198,1.2577;1.34024;1.21206;1.63672;1.40802;1.31507;1.37288;1.3584,4.61,2026-08-27T05:17:29
squeezenet,guided_backprop,max_sensitivity,6,0.6,1,8,1.3256124556064606,1.38876;1.22423;1.32014;1.11967;1.30313;1.36233;1.29102;1.59562,5.42,2026-08-27T05:17:34
squeezenet,guided_backprop,max_sensitivity,6,0.6,2,8,1.373014748096466,1.48607;1.20764;1.42081;1.36223;1.25499;1.27058;1.29292;1.68887,4.26,2026-08-27T05:17:39
squeezenet,guided_backprop,max_sensitivity,6,0.6,3,8,1.435594454407692,1.37314;1.32143;1.45388;1.5993;1.33192;1.55858;1.28651;1.55999,4.54,2026-08-27T05:17:43
squeezenet,guided_backprop,max_sensitivity,6,0.6,4,8,1.323765680193901,1.28531;1.23746;1.38959;1.4226;1.31431;1.35799;1.44521;1.13765,5.29,2026-08-27T05:17:48
squeezenet,guided_backprop,max_sensitivity,6,0.6,5,8,1.499086618423462,1.54685;1.40903;1.41562;1.36901;1.31102;1.38215;1.42818;2.13083,4.24,2026-08-27T05:17:53
squeezenet,guided_backprop,max_sensitivity,6,0.6,6,8,1.3875693529844284,1.31446;1.36319;1.31115;1.53864;1.44322;1.4229;1.3538;1.35321,4.68,2026-08-27T05:17:57
squeezenet,guided_backprop,max_sensitivity,6,0.6,7,8,1.2643848359584808,1.30718;1.18977;1.28316;1.28324;1.13147;1.28747;1.37679;1.256,5.27,2026-08-27T05:18:03
squeezenet,guided_backprop,max_sensitivity,7,0.7,0,8,1.5031561255455017,1.37746;1.41977;1.43243;1.7292;1.64732;1.54018;1.50864;1.37025,4.11,2026-08-27T05:18:07
squeezenet,guided_backprop,max_sensitivity,7,0.7,1,8,1.368153601884842,1.34699;1.28735;1.35395;1.25273;1.38501;1.37102;1.35338;1.5948,4.5,2026-08-27T05:18:11
squeezenet,guided_backprop,max_sensitivity,7,0.7,2,8,1.4307358860969543,1.60182;1.24416;1.48974;1.43653;1.2928;1.3193;1.32543;1.73612,5.0,2026-08-27T05:18:16
squeezenet,guided_backprop,max_sensitivity,7,0.7,3,8,1.4941338151693344,1.42874;1.34531;1.49259;1.73098;1.396;1.64693;1.32195;1.59057,4.06,2026-08-27T05:18:20
squeezenet,guided_backprop,max_sensitivity,7,0.7,4,8,1.3706019073724747,1.32349;1.3001;1.40057;1.51129;1.36341;1.40048;1.49058;1.17489,3.99,2026-08-27T05:18:24
squeezenet,guided_backprop,max_sensitivity,7,0.7,5,8,1.5601518005132675,1.5897;1.49311;1.36517;1.40701;1.37238;1.40383;1.47122;2.37879,5.34,2026-08-27T05:18:30
squeezenet,guided_backprop,max_sensitivity,7,0.7,6,8,1.4407794028520584,1.34364;1.44889;1.33923;1.57145;1.49912;1.47196;1.4269;1.42504,4.04,2026-08-27T05:18:34
squeezenet,guided_backprop,max_sensitivity,7,0.7,7,8,1.2834760397672653,1.32634;1.23495;1.34503;1.31043;1.1671;1.24574;1.39874;1.23947,4.01,2026-08-27T05:18:38
squeezenet,guided_backprop,max_sensitivity,8,0.8,0,8,1.4520552903413773,1.34364;1.32203;1.6527;1.68456;1.34052;1.32981;1.48224;1.46093,4.71,2026-08-27T05:18:42
squeezenet,guided_backprop,max_sensitivity,8,0.8,1,8,1.419003203511238,1.43645;1.31045;1.45864;1.2308;1.42776;1.39332;1.38343;1.71117,3.27,2026-08-27T05:18:46
squeezenet,guided_backprop,max_sensitivity,8,0.8,2,8,1.4790334701538086,1.60087;1.3159;1.52434;1.51452;1.34401;1.32786;1.35902;1.84574,3.37,2026-08-27T05:18:49
squeezenet,guided_backprop,max_sensitivity,8,0.8,3,8,1.572622686624527,1.46323;1.50186;1.57417;1.79407;1.47605;1.64294;1.37184;1.75681,3.45,2026-08-27T05:18:53
squeezenet,guided_backprop,max_sensitivity,8,0.8,4,8,1.4244515150785446,1.4037;1.31561;1.48732;1.5122;1.40514;1.46185;1.62051;1.18929,4.61,2026-08-27T05:18:57
squeezenet,guided_backprop,max_sensitivity,8,0.8,5,8,1.6138640642166138,1.58631;1.5111;1.37441;1.45055;1.44891;1.46203;1.47229;2.60532,3.36,2026-08-27T05:19:00
squeezenet,guided_backprop,max_sensitivity,8,0.8,6,8,1.4585168063640594,1.34694;1.47124;1.40192;1.5769;1.51713;1.44183;1.46782;1.44436,3.37,2026-08-27T05:19:04
squeezenet,guided_backprop,max_sensitivity,8,0.8,7,8,1.3626750856637955,1.41312;1.26645;1.43718;1.35454;1.23566;1.38773;1.45561;1.35111,3.79,2026-08-27T05:19:08
squeezenet,guided_backprop,max_sensitivity,9,0.9,0,8,1.4868787974119186,1.3411;1.34164;1.38718;1.85282;1.55766;1.44483;1.52487;1.44493,3.94,2026-08-27T05:19:12
squeezenet,guided_backprop,max_sensitivity,9,0.9,1,8,1.481687381863594,1.48068;1.42972;1.44554;1.29355;1.43725;1.53335;1.49058;1.74284,2.96,2026-08-27T05:19:15
squeezenet,guided_backprop,max_sensitivity,9,0.9,2,8,1.5149565786123276,1.7018;1.33705;1.5661;1.56241;1.38079;1.35488;1.37288;1.84374,2.99,2026-08-27T05:19:18
squeezenet,guided_backprop,max_sensitivity,9,0.9,3,8,1.5639094561338425,1.49577;1.47365;1.59681;1.78045;1.40216;1.66889;1.40482;1.68873,2.96,2026-08-27T05:19:21
squeezenet,guided_backprop,max_sensitivity,9,0.9,4,8,1.4380604773759842,1.4063;1.34534;1.51912;1.60122;1.45692;1.38368;1.54909;1.24283,4.31,2026-08-27T05:19:25
squeezenet,guided_backprop,max_sensitivity,9,0.9,5,8,1.6814713329076767,1.70007;1.42893;1.66183;1.53986;1.51442;1.48925;1.53146;2.58594,2.97,2026-08-27T05:19:28
squeezenet,guided_backprop,max_sensitivity,9,0.9,6,8,1.4920410811901093,1.33415;1.44153;1.39634;1.69899;1.5354;1.5726;1.49884;1.45848,2.92,2026-08-27T05:19:31
squeezenet,guided_backprop,max_sensitivity,9,0.9,7,8,1.398640215396881,1.4197;1.33381;1.43988;1.40766;1.28457;1.40128;1.51907;1.38314,2.88,2026-08-27T05:19:34
squeezenet,guided_backprop,random_logit,0,0.0,0,8,0.885363585000986,0.945887;0.919711;0.803698;0.96293;0.985696;0.907388;0.834428;0.723171,1.15,2026-08-27T05:19:35
squeezenet,guided_backprop,random_logit,0,0.0,1,8,0.9171575214398971,0.900679;0.874094;0.947606;0.940502;0.899157;0.8695;0.977378;0.928344,1.58,2026-08-27T05:19:36
squeezenet,guided_backprop,random_logit,0,0.0,2,8,0.8923888141011951,0.950063;0.596989;0.938787;0.985696;0.892216;0.864156;0.986441;0.924764,1.57,2026-08-27T05:19:38
squeezenet,guided_backprop,random_logit,0,0.0,3,8,0.8484764773776365,0.946159;0.796382;0.622684;0.879098;0.900983;0.735384;0.93726;0.969862,1.32,2026-08-27T05:19:39
squeezenet,guided_backprop,random_logit,0,0.0,4,8,0.8673360574835374,0.806422;0.810846;0.888761;0.924696;0.852287;0.910124;0.971859;0.773693,1.04,2026-08-27T05:19:40
squeezenet,guided_backprop,random_logit,0,0.0,5,8,0.9005166174233645,0.974995;0.841277;0.970308;0.788563;0.989137;0.852375;0.964707;0.822769,1.1,2026-08-27T05:19:41
squeezenet,guided_backprop,random_logit,0,0.0,6,8,0.9212044654281093,0.96522;0.737941;0.933679;0.944642;0.951582;0.921853;0.935855;0.978863,1.1,2026-08-27T05:19:42
squeezenet,guided_backprop,random_logit,0,0.0,7,8,0.8028355766604776,0.849696;0.930729;0.785486;0.508173;0.890438;0.955591;0.698308;0.804264,1.07,2026-08-27T05:19:44
squeezenet,guided_backprop,random_logit,1,0.1,0,8,0.8579607699364902,0.896006;0.906935;0.775221;0.915018;0.976955;0.892381;0.795804;0.705367,1.07,2026-08-27T05:19:45
squeezenet,guided_backprop,random_logit,1,0.1,1,8,0.8832621422942442,0.843354;0.869714;0.913698;0.894849;0.853945;0.841877;0.959841;0.888819,1.05,2026-08-27T05:19:46
squeezenet,guided_backprop,random_logit,1,0.1,2,8,0.8382789633991652,0.891466;0.610178;0.884159;0.940904;0.81168;0.798878;0.897063;0.871904,1.08,2026-08-27T05:19:47
squeezenet,guided_backprop,random_logit,1,0.1,3,8,0.8191180235936629,0.911598;0.769678;0.613045;0.86607;0.856768;0.704566;0.887326;0.943893,1.08,2026-08-27T05:19:48
squeezenet,guided_backprop,random_logit,1,0.1,4,8,0.8385000792831784,0.768222;0.802371;0.838425;0.868636;0.809972;0.903658;0.952083;0.764632,1.22,2026-08-27T05:19:49
squeezenet,guided_backprop,random_logit,1,0.1,5,8,0.8848821873591318,0.947579;0.841423;0.949046;0.781192;0.975307;0.85771;0.944511;0.78229,1.51,2026-08-27T05:19:51
squeezenet,guided_backprop,random_logit,1,0.1,6,8,0.8939017889243039,0.930356;0.713562;0.895416;0.914925;0.897241;0.913347;0.932117;0.95425,1.52,2026-08-27T05:19:52
squeezenet,guided_backprop,random_logit,1,0.1,7,8,0.7844808553875765,0.821785;0.929123;0.780237;0.520229;0.866548;0.945037;0.654785;0.758103,1.14,2026-08-27T05:19:53
squeezenet,guided_backprop,random_logit,2,0.2,0,8,0.8371072675585467,0.855533;0.898348;0.729778;0.874667;0.970931;0.911449;0.765886;0.690266,1.01,2026-08-27T05:19:54
squeezenet,guided_backprop,random_logit,2,0.2,1,8,0.8580246054879737,0.798528;0.868426;0.888011;0.857385;0.827419;0.820898;0.944932;0.858598,1.02,2026-08-27T05:19:55
squeezenet,guided_backprop,random_logit,2,0.2,2,8,0.7922471248527683,0.862109;0.628334;0.837769;0.90135;0.717915;0.75065;0.809103;0.830747,1.01,2026-08-27T05:19:56
squeezenet,guided_backprop,random_logit,2,0.2,3,8,0.8008268821026193,0.885298;0.784293;0.608762;0.855936;0.822997;0.682286;0.846656;0.920387,1.02,2026-08-27T05:19:57
squeezenet,guided_backprop,random_logit,2,0.2,4,8,0.8179951488964272,0.755893;0.798463;0.789667;0.827052;0.778523;0.89907;0.935619;0.759674,1.03,2026-08-27T05:19:58
squeezenet,guided_backprop,random_logit,2,0.2,5,8,0.8722071377600096,0.924781;0.843421;0.93231;0.778698;0.965136;0.852078;0.930172;0.75106,1.05,2026-08-27T05:19:59
squeezenet,guided_backprop,random_logit,2,0.2,6,8,0.8742958428139392,0.915457;0.697804;0.861008;0.891135;0.85718;0.907333;0.930492;0.933957,1.0,2026-08-27T05:20:00
squeezenet,guided_backprop,random_logit,2,0.2,7,8,0.7827200113289693,0.801404;0.927727;0.767764;0.539388;0.856674;0.937011;0.624661;0.807133,1.0,2026-08-27T05:20:01
squeezenet,guided_backprop,random_logit,3,0.3,0,8,0.8156342213626938,0.823485;0.892483;0.720456;0.806314;0.959854;0.916439;0.738416;0.667627,0.96,2026-08-27T05:20:02
squeezenet,guided_backprop,random_logit,3,0.3,1,8,0.8266019593782856,0.748684;0.848209;0.831957;0.806951;0.813553;0.809811;0.915096;0.838553,1.36,2026-08-27T05:20:04
squeezenet,guided_backprop,random_logit,3,0.3,2,8,0.750402318882603,0.817888;0.64534;0.803673;0.85971;0.701278;0.676096;0.739635;0.759598,1.42,2026-08-27T05:20:05
squeezenet,guided_backprop,random_logit,3,0.3,3,8,0.781147264423242,0.849757;0.785905;0.60103;0.838962;0.78776;0.663464;0.812889;0.909412,1.41,2026-08-27T05:20:07
squeezenet,guided_backprop,random_logit,3,0.3,4,8,0.8060772048080741,0.730274;0.794135;0.776859;0.800383;0.771268;0.894324;0.923472;0.757904,0.95,2026-08-27T05:20:07
squeezenet,guided_backprop,random_logit,3,0.3,5,8,0.8666693011653223,0.909502;0.848919;0.921392;0.775341;0.957974;0.872422;0.919666;0.72814,0.93,2026-08-27T05:20:08
squeezenet,guided_backprop,random_logit,3,0.3,6,8,0.8609707927045614,0.899534;0.688279;0.845947;0.875812;0.824227;0.905353;0.930085;0.91853,0.94,2026-08-27T05:20:09
squeezenet,guided_backprop,random_logit,3,0.3,7,8,0.7766852920453714,0.787871;0.930127;0.777918;0.564423;0.847109;0.926666;0.604418;0.774951,0.94,2026-08-27T05:20:10
squeezenet,guided_backprop,random_logit,4,0.4,0,8,0.8167317407584607,0.809515;0.861173;0.793885;0.816024;0.917598;0.907457;0.731021;0.697181,0.93,2026-08-27T05:20:11
squeezenet,guided_backprop,random_logit,4,0.4,1,8,0.8255913378508727,0.742732;0.852663;0.854751;0.813971;0.792727;0.801463;0.927725;0.818699,0.91,2026-08-27T05:20:12
squeezenet,guided_backprop,random_logit,4,0.4,2,8,0.7356180925592128,0.816573;0.674216;0.783239;0.857017;0.62774;0.642648;0.727784;0.755728,0.91,2026-08-27T05:20:13
squeezenet,guided_backprop,random_logit,4,0.4,3,8,0.7787321426720115,0.852402;0.800225;0.646965;0.829531;0.779497;0.667789;0.759413;0.894035,0.94,2026-08-27T05:20:14
squeezenet,guided_backprop,random_logit,4,0.4,4,8,0.7852036586646988,0.736261;0.810305;0.746076;0.766191;0.73026;0.879914;0.89282;0.719803,0.94,2026-08-27T05:20:15
squeezenet,guided_backprop,random_logit,4,0.4,5,8,0.8579845005958875,0.877789;0.86352;0.911988;0.757608;0.935562;0.889472;0.91353;0.714407,0.97,2026-08-27T05:20:16
squeezenet,guided_backprop,random_logit,4,0.4,6,8,0.8478006703061682,0.865426;0.6717;0.840815;0.864264;0.799844;0.901449;0.933032;0.905877,1.15,2026-08-27T05:20:17
squeezenet,guided_backprop,random_logit,4,0.4,7,8,0.7790171537828467,0.783568;0.921098;0.771568;0.586707;0.847113;0.922909;0.581993;0.817181,1.37,2026-08-27T05:20:18
squeezenet,guided_backprop,random_logit,5,0.5,0,8,0.7950389768680318,0.799079;0.843353;0.694052;0.776031;0.93494;0.900866;0.730304;0.681686,1.07,2026-08-27T05:20:20
squeezenet,guided_backprop,random_logit,5,0.5,1,8,0.8232680379586296,0.731263;0.882422;0.85015;0.802639;0.781302;0.801222;0.924922;0.812225,1.05,2026-08-27T05:20:21
squeezenet,guided_backprop,random_logit,5,0.5,2,8,0.7220739879781479,0.782611;0.698063;0.747939;0.84571;0.644609;0.623674;0.704199;0.729787,0.76,2026-08-27T05:20:21
squeezenet,guided_backprop,random_logit,5,0.5,3,8,0.7737101177913752,0.840787;0.791642;0.652059;0.840286;0.757883;0.659208;0.758953;0.888863,0.73,2026-08-27T05:20:22
squeezenet,guided_backprop,random_logit,5,0.5,4,8,0.785084581306676,0.718992;0.823657;0.715505;0.756727;0.713096;0.886684;0.892096;0.773918,0.73,2026-08-27T05:20:23
squeezenet,guided_backprop,random_logit,5,0.5,5,8,0.8641214760360233,0.879689;0.868223;0.906167;0.800936;0.95019;0.883629;0.909562;0.714576,0.73,2026-08-27T05:20:24
squeezenet,guided_backprop,random_logit,5,0.5,6,8,0.844765157065227,0.881996;0.678911;0.81731;0.857743;0.785175;0.904019;0.930317;0.902649,0.76,2026-08-27T05:20:24
squeezenet,guided_backprop,random_logit,5,0.5,7,8,0.7908047411347854,0.773072;0.937454;0.798942;0.63133;0.827721;0.923552;0.597563;0.836805,0.74,2026-08-27T05:20:25
squeezenet,guided_backprop,random_logit,6,0.6,0,8,0.8157644451253254,0.760856;0.884244;0.733102;0.775749;0.961909;0.938626;0.740108;0.731522,0.68,2026-08-27T05:20:26
squeezenet,guided_backprop,random_logit,6,0.6,1,8,0.7991240666136548,0.685987;0.881278;0.824789;0.751003;0.779989;0.78047;0.902228;0.787247,0.69,2026-08-27T05:20:26
squeezenet,guided_backprop,random_logit,6,0.6,2,8,0.7156998239998777,0.754436;0.73832;0.744102;0.817753;0.643303;0.627832;0.6615;0.738353,0.67,2026-08-27T05:20:27
squeezenet,guided_backprop,random_logit,6,0.6,3,8,0.7757377994574779,0.804393;0.826206;0.674778;0.814178;0.765039;0.679885;0.759375;0.882048,0.69,2026-08-27T05:20:28
squeezenet,guided_backprop,random_logit,6,0.6,4,8,0.7864026172600316,0.730333;0.780404;0.74519;0.762161;0.744186;0.887795;0.888645;0.752509,0.68,2026-08-27T05:20:28
squeezenet,guided_backprop,random_logit,6,0.6,5,8,0.8721244204162428,0.878246;0.881976;0.907095;0.817488;0.949638;0.908614;0.909034;0.724904,0.67,2026-08-27T05:20:29
squeezenet,guided_backprop,random_logit,6,0.6,6,8,0.847892426140044,0.883514;0.692195;0.805812;0.860954;0.786518;0.913821;0.940092;0.900232,0.69,2026-08-27T05:20:30
squeezenet,guided_backprop,random_logit,6,0.6,7,8,0.7758547414574,0.71593;0.944501;0.8024;0.560634;0.835989;0.923738;0.615776;0.80787,0.72,2026-08-27T05:20:31
squeezenet,guided_backprop,random_logit,7,0.7,0,8,0.8194066716373241,0.75392;0.852531;0.821129;0.811129;0.93357;0.927854;0.722496;0.732625,0.95,2026-08-27T05:20:31
squeezenet,guided_backprop,random_logit,7,0.7,1,8,0.8148453268417921,0.731508;0.911587;0.83314;0.743925;0.794113;0.783364;0.928289;0.792837,0.92,2026-08-27T05:20:32
squeezenet,guided_backprop,random_logit,7,0.7,2,8,0.7341380534739328,0.786855;0.79122;0.777853;0.847479;0.653493;0.5794;0.665265;0.771541,0.92,2026-08-27T05:20:33
squeezenet,guided_backprop,random_logit,7,0.7,3,8,0.781770947447249,0.81055;0.779499;0.664008;0.84027;0.761513;0.71821;0.783283;0.896835,0.97,2026-08-27T05:20:34
squeezenet,guided_backprop,random_logit,7,0.7,4,8,0.8092549152796071,0.761749;0.853138;0.747276;0.771637;0.757892;0.902204;0.896646;0.783498,0.75,2026-08-27T05:20:35
squeezenet,guided_backprop,random_logit,7,0.7,5,8,0.8768312181285706,0.870108;0.886238;0.90911;0.857461;0.916337;0.903464;0.917304;0.754628,0.62,2026-08-27T05:20:36
squeezenet,guided_backprop,random_logit,7,0.7,6,8,0.8459455167533507,0.873083;0.648784;0.850444;0.855262;0.800422;0.903196;0.942183;0.894191,0.63,2026-08-27T05:20:36
squeezenet,guided_backprop,random_logit,7,0.7,7,8,0.8088970740471955,0.797915;0.927115;0.849133;0.722382;0.850531;0.925939;0.561532;0.836628,0.65,2026-08-27T05:20:37
squeezenet,guided_backprop,random_logit,8,0.8,0,8,0.8333341079017789,0.830931;0.911945;0.786138;0.771318;0.935086;0.928816;0.740556;0.761882,0.51,2026-08-27T05:20:37
squeezenet,guided_backprop,random_logit,8,0.8,1,8,0.8541088549093642,0.751033;0.899292;0.874553;0.863148;0.848016;0.828496;0.907903;0.86043,0.52,2026-08-27T05:20:38
squeezenet,guided_backprop,random_logit,8,0.8,2,8,0.7522301283911932,0.810354;0.834241;0.785615;0.735699;0.694283;0.722832;0.701101;0.733716,0.49,2026-08-27T05:20:39
squeezenet,guided_backprop,random_logit,8,0.8,3,8,0.8227205979958574,0.825846;0.886809;0.725649;0.846296;0.807927;0.761358;0.820125;0.907755,0.52,2026-08-27T05:20:39
squeezenet,guided_backprop,random_logit,8,0.8,4,8,0.8396791254602827,0.767213;0.890764;0.803563;0.798078;0.806467;0.917678;0.909179;0.824491,0.49,2026-08-27T05:20:40
squeezenet,guided_backprop,random_logit,8,0.8,5,8,0.8936075305734058,0.929695;0.877576;0.935051;0.795201;0.931674;0.928948;0.925623;0.825092,0.51,2026-08-27T05:20:40
squeezenet,guided_backprop,random_logit,8,0.8,6,8,0.88062153869198,0.899079;0.76886;0.860945;0.884877;0.833822;0.936078;0.95752;0.903792,0.49,2026-08-27T05:20:41
squeezenet,guided_backprop,random_logit,8,0.8,7,8,0.8497529122726049,0.828806;0.959786;0.898294;0.794608;0.869052;0.948093;0.595213;0.90417,0.51,2026-08-27T05:20:41
squeezenet,guided_backprop,random_logit,9,0.9,0,8,0.8966858268740391,0.870362;0.920293;0.876411;0.905;0.957356;0.960741;0.873423;0.8099,0.41,2026-08-27T05:20:41
squeezenet,guided_backprop,random_logit,9,0.9,1,8,0.8943624417839605,0.840137;0.904727;0.934374;0.890483;0.863352;0.871722;0.937153;0.912952,0.43,2026-08-27T05:20:42
squeezenet,guided_backprop,random_logit,9,0.9,2,8,0.842641674731635,0.866133;0.916032;0.852091;0.853293;0.762782;0.850446;0.786059;0.854297,0.43,2026-08-27T05:20:42
squeezenet,guided_backprop,random_logit,9,0.9,3,8,0.8673486174563672,0.885497;0.87881;0.855394;0.872738;0.850975;0.841027;0.819536;0.934813,0.41,2026-08-27T05:20:43
squeezenet,guided_backprop,random_logit,9,0.9,4,8,0.8728221233182751,0.846654;0.840931;0.860713;0.829651;0.877035;0.939278;0.930305;0.85801,0.45,2026-08-27T05:20:43
squeezenet,guided_backprop,random_logit,9,0.9,5,8,0.9223482305941675,0.91228;0.926602;0.954348;0.885758;0.942155;0.958317;0.943267;0.856059,0.44,2026-08-27T05:20:44
squeezenet,guided_backprop,random_logit,9,0.9,6,8,0.905336902477106,0.916271;0.847381;0.873508;0.90918;0.854083;0.944625;0.964427;0.933219,0.48,2026-08-27T05:20:44
squeezenet,guided_backprop,random_logit,9,0.9,7,8,0.8831536445331494,0.821381;0.951445;0.916543;0.844841;0.92511;0.945113;0.731602;0.929196,0.45,2026-08-27T05:20:45
squeezenet,lrp,max_sensitivity,0,0.0,0,8,1.3448731452226639,1.30211;1.24134;1.50897;1.48729;1.3607;1.22605;1.36543;1.26709,10.34,2026-08-27T05:20:55
squeezenet,lrp,max_sensitivity,0,0.0,1,8,1.2683577984571457,1.33194;1.35139;1.29013;1.16862;1.19948;1.21854;1.2167;1.37007,8.57,2026-08-27T05:21:03
squeezenet,lrp,max_sensitivity,0,0.0,2,8,1.2914982587099075,1.45099;1.24689;1.35085;1.2411;1.15984;1.24577;1.25718;1.37936,7.57,2026-08-27T05:21:11
squeezenet,lrp,max_sensitivity,0,0.0,3,8,1.3552600592374802,1.30963;1.30026;1.30659;1.66611;1.23492;1.54044;1.20262;1.28152,8.89,2026-08-27T05:21:20
squeezenet,lrp,max_sensitivity,0,0.0,4,8,1.2320720702409744,1.15524;1.32387;1.30674;1.1642;1.26177;1.28133;1.27067;1.09276,8.01,2026-08-27T05:21:28
squeezenet,lrp,max_sensitivity,0,0.0,5,8,1.4731016010046005,1.46744;1.40677;1.34741;1.34999;1.46682;1.18593;1.36028;2.20017,8.48,2026-08-27T05:21:36
squeezenet,lrp,max_sensitivity,0,0.0,6,8,1.2815390974283218,1.17274;1.54011;1.1926;1.37889;1.2434;1.27454;1.26382;1.18622,8.82,2026-08-27T05:21:45
squeezenet,lrp,max_sensitivity,0,0.0,7,8,1.3250469714403152,1.32441;1.23344;1.26476;1.364;1.32203;1.3217;1.563;1.20705,7.46,2026-08-27T05:21:53
squeezenet,lrp,max_sensitivity,1,0.1,0,8,1.3428946882486343,1.28673;1.35772;1.408;1.4518;1.28474;1.25771;1.38977;1.30671,8.8,2026-08-27T05:22:02
squeezenet,lrp,max_sensitivity,1,0.1,1,8,1.276832476258278,1.35702;1.3781;1.34703;1.1541;1.21854;1.20504;1.21312;1.34171,7.57,2026-08-27T05:22:09
squeezenet,lrp,max_sensitivity,1,0.1,2,8,1.3123317658901215,1.48334;1.28177;1.3524;1.29384;1.14575;1.2475;1.26356;1.4305,8.53,2026-08-27T05:22:18
squeezenet,lrp,max_sensitivity,1,0.1,3,8,1.35516656935215,1.24616;1.31474;1.29051;1.62653;1.25141;1.61983;1.20112;1.29103,8.29,2026-08-27T05:22:26
squeezenet,lrp,max_sensitivity,1,0.1,4,8,1.227630227804184,1.1776;1.27421;1.28385;1.17215;1.26019;1.25064;1.27231;1.13009,7.48,2026-08-27T05:22:33
squeezenet,lrp,max_sensitivity,1,0.1,5,8,1.4687515795230865,1.53554;1.38106;1.31373;1.31825;1.47222;1.20911;1.38066;2.13943,8.51,2026-08-27T05:22:42
squeezenet,lrp,max_sensitivity,1,0.1,6,8,1.288477972149849,1.17117;1.49154;1.22167;1.3746;1.25002;1.28444;1.30745;1.20694,7.49,2026-08-27T05:22:49
squeezenet,lrp,max_sensitivity,1,0.1,7,8,1.3324856162071228,1.30446;1.19012;1.26413;1.39936;1.27267;1.36361;1.63662;1.22892,8.8,2026-08-27T05:22:58
squeezenet,lrp,max_sensitivity,2,0.2,0,8,1.356429174542427,1.26403;1.22537;1.42633;1.54791;1.33666;1.36106;1.42514;1.26493,7.12,2026-08-27T05:23:05
squeezenet,lrp,max_sensitivity,2,0.2,1,8,1.2914750576019287,1.36344;1.38258;1.31978;1.19036;1.21866;1.27998;1.21691;1.36008,8.17,2026-08-27T05:23:13
squeezenet,lrp,max_sensitivity,2,0.2,2,8,1.3051959425210953,1.47519;1.2669;1.34639;1.23491;1.15918;1.22877;1.28965;1.44057,8.13,2026-08-27T05:23:22
squeezenet,lrp,max_sensitivity,2,0.2,3,8,1.3624539524316788,1.26427;1.29854;1.33901;1.61852;1.25759;1.61121;1.23183;1.27867,7.57,2026-08-27T05:23:29
squeezenet,lrp,max_sensitivity,2,0.2,4,8,1.2427270710468292,1.16004;1.32627;1.30507;1.15407;1.23641;1.37435;1.28005;1.10555,8.27,2026-08-27T05:23:37
squeezenet,lrp,max_sensitivity,2,0.2,5,8,1.4575834721326828,1.53084;1.40789;1.35085;1.30353;1.49761;1.21599;1.29453;2.05943,7.1,2026-08-27T05:23:45
squeezenet,lrp,max_sensitivity,2,0.2,6,8,1.2904264330863953,1.16075;1.45586;1.23775;1.41645;1.22045;1.26146;1.30497;1.26571,8.24,2026-08-27T05:23:53
squeezenet,lrp,max_sensitivity,2,0.2,7,8,1.3428442776203156,1.3157;1.21174;1.28157;1.39912;1.29181;1.35186;1.64996;1.241,6.88,2026-08-27T05:24:00
squeezenet,lrp,max_sensitivity,3,0.3,0,8,1.3708876371383667,1.25047;1.23381;1.6987;1.48548;1.25691;1.34055;1.42319;1.27798,8.15,2026-08-27T05:24:08
squeezenet,lrp,max_sensitivity,3,0.3,1,8,1.308481365442276,1.39992;1.39068;1.37778;1.19602;1.2278;1.24273;1.23242;1.40051,6.71,2026-08-27T05:24:15
squeezenet,lrp,max_sensitivity,3,0.3,2,8,1.3127113580703735,1.45942;1.27225;1.3741;1.26636;1.18148;1.25392;1.28607;1.4081,8.18,2026-08-27T05:24:23
squeezenet,lrp,max_sensitivity,3,0.3,3,8,1.3998587876558304,1.26307;1.32027;1.35804;1.67686;1.26592;1.58651;1.26869;1.45952,7.09,2026-08-27T05:24:30
squeezenet,lrp,max_sensitivity,3,0.3,4,8,1.2372627556324005,1.15939;1.32666;1.30118;1.18677;1.25061;1.28615;1.2751;1.11224,7.9,2026-08-27T05:24:38
squeezenet,lrp,max_sensitivity,3,0.3,5,8,1.5034631192684174,1.49982;1.45172;1.38921;1.34378;1.50973;1.25401;1.32045;2.25897,7.36,2026-08-27T05:24:45
squeezenet,lrp,max_sensitivity,3,0.3,6,8,1.2995045185089111,1.15092;1.58063;1.21317;1.38421;1.22438;1.2632;1.3169;1.26264,7.41,2026-08-27T05:24:52
squeezenet,lrp,max_sensitivity,3,0.3,7,8,1.3488916009664536,1.35028;1.22339;1.26015;1.37919;1.35789;1.39799;1.57973;1.24251,7.63,2026-08-27T05:25:00
squeezenet,lrp,max_sensitivity,4,0.4,0,8,1.3667881935834885,1.26228;1.23248;1.50742;1.4976;1.35677;1.33085;1.42976;1.31714,6.82,2026-08-27T05:25:07
squeezenet,lrp,max_sensitivity,4,0.4,1,8,1.3055002838373184,1.42289;1.4282;1.36172;1.18819;1.21238;1.20098;1.22652;1.40311,7.45,2026-08-27T05:25:14
squeezenet,lrp,max_sensitivity,4,0.4,2,8,1.3334452509880066,1.48813;1.28315;1.36599;1.32738;1.19319;1.27927;1.28474;1.44571,6.98,2026-08-27T05:25:21
squeezenet,lrp,max_sensitivity,4,0.4,3,8,1.3790632337331772,1.23528;1.29403;1.35239;1.66243;1.26926;1.59106;1.26648;1.36158,7.63,2026-08-27T05:25:29
squeezenet,lrp,max_sensitivity,4,0.4,4,8,1.2422920316457748,1.15652;1.34313;1.26841;1.18541;1.27659;1.29018;1.30974;1.10837,6.64,2026-08-27T05:25:36
squeezenet,lrp,max_sensitivity,4,0.4,5,8,1.4980645328760147,1.54229;1.3877;1.52096;1.3029;1.54721;1.25147;1.40458;2.0274,7.75,2026-08-27T05:25:43
squeezenet,lrp,max_sensitivity,4,0.4,6,8,1.316097229719162,1.17571;1.51783;1.24658;1.40613;1.25649;1.30084;1.34826;1.27695,6.62,2026-08-27T05:25:50
squeezenet,lrp,max_sensitivity,4,0.4,7,8,1.3561163246631622,1.36592;1.21106;1.2972;1.37713;1.33757;1.36582;1.64917;1.24506,7.79,2026-08-27T05:25:58
squeezenet,lrp,max_sensitivity,5,0.5,0,8,1.3451220840215683,1.27766;1.22759;1.38696;1.5104;1.30837;1.32294;1.43685;1.29021,5.46,2026-08-27T05:26:03
squeezenet,lrp,max_sensitivity,5,0.5,1,8,1.3093731105327606,1.37222;1.416;1.37777;1.24763;1.2377;1.22806;1.23778;1.35781,6.34,2026-08-27T05:26:10
squeezenet,lrp,max_sensitivity,5,0.5,2,8,1.3368424326181412,1.51197;1.28857;1.36534;1.27983;1.20091;1.32266;1.32164;1.40382,6.22,2026-08-27T05:26:16
squeezenet,lrp,max_sensitivity,5,0.5,3,8,1.3990029394626617,1.30428;1.32665;1.39387;1.66539;1.31671;1.55564;1.28469;1.34479,5.53,2026-08-27T05:26:21
squeezenet,lrp,max_sensitivity,5,0.5,4,8,1.2659167349338531,1.1871;1.31888;1.29941;1.18159;1.31806;1.34375;1.35551;1.12303,6.78,2026-08-27T05:26:28
squeezenet,lrp,max_sensitivity,5,0.5,5,8,1.4886855781078339,1.49124;1.39661;1.35138;1.3561;1.52707;1.24781;1.35084;2.18844,5.68,2026-08-27T05:26:34
squeezenet,lrp,max_sensitivity,5,0.5,6,8,1.32061205804348,1.1918;1.5605;1.29518;1.44777;1.28218;1.25896;1.29809;1.23041,6.9,2026-08-27T05:26:41
squeezenet,lrp,max_sensitivity,5,0.5,7,8,1.3618348091840744,1.38555;1.19679;1.28321;1.42203;1.34502;1.36504;1.66519;1.23184,5.5,2026-08-27T05:26:46
squeezenet,lrp,max_sensitivity,6,0.6,0,8,1.379086673259735,1.33669;1.26948;1.51505;1.55909;1.30272;1.29231;1.41045;1.3469,6.18,2026-08-27T05:26:52
squeezenet,lrp,max_sensitivity,6,0.6,1,8,1.3235453367233276,1.38624;1.43585;1.36502;1.2387;1.25602;1.23704;1.27799;1.3915,5.69,2026-08-27T05:26:58
squeezenet,lrp,max_sensitivity,6,0.6,2,8,1.3544394969940186,1.55524;1.32406;1.35981;1.32979;1.20638;1.29669;1.30148;1.46207,5.14,2026-08-27T05:27:03
squeezenet,lrp,max_sensitivity,6,0.6,3,8,1.4140490591526031,1.33512;1.37151;1.30584;1.71297;1.28579;1.62475;1.31522;1.36118,6.46,2026-08-27T05:27:10
squeezenet,lrp,max_sensitivity,6,0.6,4,8,1.2717533856630325,1.19196;1.39862;1.33025;1.18453;1.30883;1.33561;1.28634;1.13789,5.26,2026-08-27T05:27:15
squeezenet,lrp,max_sensitivity,6,0.6,5,8,1.5164815783500671,1.50991;1.45351;1.48544;1.34327;1.5788;1.23698;1.39745;2.1265,6.49,2026-08-27T05:27:22
squeezenet,lrp,max_sensitivity,6,0.6,6,8,1.3538501113653183,1.18445;1.51321;1.37177;1.43913;1.31793;1.28024;1.40618;1.3179,5.53,2026-08-27T05:27:27
squeezenet,lrp,max_sensitivity,6,0.6,7,8,1.3706357926130295,1.37327;1.21097;1.28179;1.38821;1.37107;1.38719;1.70653;1.24606,5.47,2026-08-27T05:27:33
squeezenet,lrp,max_sensitivity,7,0.7,0,8,1.3816123008728027,1.31014;1.29817;1.52051;1.55885;1.38386;1.29651;1.38934;1.29553,6.03,2026-08-27T05:27:39
squeezenet,lrp,max_sensitivity,7,0.7,1,8,1.339987650513649,1.39895;1.47747;1.41092;1.23183;1.27633;1.27225;1.2532;1.39895,4.86,2026-08-27T05:27:43
squeezenet,lrp,max_sensitivity,7,0.7,2,8,1.3621203750371933,1.52149;1.34817;1.37397;1.36412;1.2019;1.35087;1.29422;1.44221,6.12,2026-08-27T05:27:50
squeezenet,lrp,max_sensitivity,7,0.7,3,8,1.429601013660431,1.33515;1.33747;1.43466;1.72864;1.33554;1.58567;1.31895;1.36071,5.11,2026-08-27T05:27:55
squeezenet,lrp,max_sensitivity,7,0.7,4,8,1.277842864394188,1.18894;1.33484;1.36397;1.18472;1.29993;1.32726;1.39792;1.12518,4.94,2026-08-27T05:28:00
squeezenet,lrp,max_sensitivity,7,0.7,5,8,1.5029504299163818,1.47276;1.42361;1.49565;1.41506;1.52874;1.25061;1.37222;2.06495,6.26,2026-08-27T05:28:06
squeezenet,lrp,max_sensitivity,7,0.7,6,8,1.3798456192016602,1.2035;1.61875;1.30226;1.46754;1.29985;1.30007;1.38754;1.45926,4.86,2026-08-27T05:28:11
squeezenet,lrp,max_sensitivity,7,0.7,7,8,1.3848425894975662,1.40061;1.25409;1.32982;1.40008;1.38594;1.37984;1.67054;1.25782,5.84,2026-08-27T05:28:17
squeezenet,lrp,max_sensitivity,8,0.8,0,8,1.424997791647911,1.3547;1.19845;1.77307;1.57624;1.40093;1.34607;1.41225;1.33827,4.88,2026-08-27T05:28:21
squeezenet,lrp,max_sensitivity,8,0.8,1,8,1.3522859513759613,1.48565;1.4437;1.43255;1.24651;1.26082;1.2889;1.23961;1.42054,4.31,2026-08-27T05:28:26
squeezenet,lrp,max_sensitivity,8,0.8,2,8,1.3680083453655243,1.51868;1.34605;1.38041;1.33783;1.19515;1.32111;1.33631;1.50854,5.14,2026-08-27T05:28:31
squeezenet,lrp,max_sensitivity,8,0.8,3,8,1.4508568048477173,1.32682;1.38087;1.41017;1.80854;1.33742;1.61605;1.33924;1.38774,4.74,2026-08-27T05:28:36
squeezenet,lrp,max_sensitivity,8,0.8,4,8,1.2839242219924927,1.24567;1.3894;1.34597;1.18111;1.30049;1.36633;1.3132;1.12922,4.25,2026-08-27T05:28:40
squeezenet,lrp,max_sensitivity,8,0.8,5,8,1.5133718401193619,1.4989;1.42498;1.43209;1.35971;1.50224;1.3041;1.48615;2.09881,5.14,2026-08-27T05:28:45
squeezenet,lrp,max_sensitivity,8,0.8,6,8,1.3962714672088623,1.24864;1.74481;1.34453;1.45111;1.28566;1.28793;1.44228;1.36521,4.67,2026-08-27T05:28:50
squeezenet,lrp,max_sensitivity,8,0.8,7,8,1.3866903483867645,1.34612;1.20863;1.29396;1.48376;1.3495;1.4074;1.75915;1.24501,4.26,2026-08-27T05:28:54
squeezenet,lrp,max_sensitivity,9,0.9,0,8,1.4222151786088943,1.28873;1.20681;1.7064;1.52965;1.55052;1.3143;1.43867;1.34264,4.61,2026-08-27T05:28:59
squeezenet,lrp,max_sensitivity,9,0.9,1,8,1.3462473899126053,1.42394;1.50782;1.39368;1.27286;1.28442;1.27435;1.2125;1.40042,4.38,2026-08-27T05:29:03
squeezenet,lrp,max_sensitivity,9,0.9,2,8,1.3831970691680908,1.50458;1.35423;1.44552;1.33589;1.2222;1.34528;1.35314;1.50474,3.87,2026-08-27T05:29:07
squeezenet,lrp,max_sensitivity,9,0.9,3,8,1.4447930604219437,1.3281;1.39312;1.4343;1.719;1.31488;1.57235;1.34456;1.45205,4.25,2026-08-27T05:29:11
squeezenet,lrp,max_sensitivity,9,0.9,4,8,1.274691641330719,1.17918;1.35023;1.36127;1.20909;1.26855;1.37532;1.30668;1.14721,5.01,2026-08-27T05:29:16
squeezenet,lrp,max_sensitivity,9,0.9,5,8,1.5220587402582169,1.5186;1.42035;1.49397;1.3521;1.58549;1.24979;1.43728;2.11888,3.96,2026-08-27T05:29:20
squeezenet,lrp,max_sensitivity,9,0.9,6,8,1.4115548133850098,1.20912;1.71908;1.33158;1.48145;1.27084;1.29275;1.69782;1.28979,3.93,2026-08-27T05:29:24
squeezenet,lrp,max_sensitivity,9,0.9,7,8,1.3982654511928558,1.3623;1.21502;1.30961;1.48404;1.38732;1.44368;1.66521;1.31895,5.19,2026-08-27T05:29:29
squeezenet,lrp,random_logit,0,0.0,0,8,0.7664593460522064,0.803554;0.662952;0.74473;0.854018;0.813253;0.782969;0.72764;0.742559,1.21,2026-08-27T05:29:30
squeezenet,lrp,random_logit,0,0.0,1,8,0.7649773952028472,0.741176;0.732337;0.658402;0.782383;0.775591;0.746858;0.823526;0.859546,1.22,2026-08-27T05:29:32
squeezenet,lrp,random_logit,0,0.0,2,8,0.6303036246342903,0.732863;0.341696;0.765509;0.729529;0.575734;0.495795;0.683511;0.717791,1.2,2026-08-27T05:29:33
squeezenet,lrp,random_logit,0,0.0,3,8,0.7447221310597214,0.876564;0.543599;0.566871;0.770705;0.81899;0.649919;0.8148;0.91633,1.2,2026-08-27T05:29:34
squeezenet,lrp,random_logit,0,0.0,4,8,0.7490705648719485,0.803335;0.752861;0.777201;0.805859;0.823902;0.640186;0.928754;0.460468,1.24,2026-08-27T05:29:35
squeezenet,lrp,random_logit,0,0.0,5,8,0.7506772568373345,0.751945;0.578859;0.87376;0.728063;0.820873;0.674566;0.966227;0.611124,1.17,2026-08-27T05:29:36
squeezenet,lrp,random_logit,0,0.0,6,8,0.8811675847232097,0.916676;0.819285;0.908317;0.845124;0.933326;0.756639;0.955793;0.914182,1.17,2026-08-27T05:29:38
squeezenet,lrp,random_logit,0,0.0,7,8,0.6007426893161448,0.610981;0.578814;0.63948;0.471893;0.555223;0.675877;0.723601;0.550072,1.47,2026-08-27T05:29:39
squeezenet,lrp,random_logit,1,0.1,0,8,0.7465861623339886,0.773967;0.638117;0.733092;0.836202;0.792339;0.790622;0.691064;0.717286,1.64,2026-08-27T05:29:41
squeezenet,lrp,random_logit,1,0.1,1,8,0.744187028254188,0.719025;0.730216;0.617895;0.769796;0.726044;0.743135;0.803063;0.844321,1.64,2026-08-27T05:29:42
squeezenet,lrp,random_logit,1,0.1,2,8,0.6010704492621822,0.701954;0.351665;0.709483;0.703717;0.554665;0.476929;0.654713;0.655437,1.12,2026-08-27T05:29:43
squeezenet,lrp,random_logit,1,0.1,3,8,0.7272582586249008,0.858285;0.531265;0.562955;0.769677;0.77734;0.636088;0.772267;0.910189,1.16,2026-08-27T05:29:45
squeezenet,lrp,random_logit,1,0.1,4,8,0.7287459972576211,0.79772;0.715724;0.731563;0.793446;0.798178;0.621335;0.920449;0.451553,1.16,2026-08-27T05:29:46
squeezenet,lrp,random_logit,1,0.1,5,8,0.7532004747594303,0.731538;0.62595;0.845634;0.691462;0.835367;0.715006;0.966498;0.61415,1.19,2026-08-27T05:29:47
squeezenet,lrp,random_logit,1,0.1,6,8,0.8753459569817696,0.91443;0.814744;0.900627;0.829079;0.920886;0.753778;0.956878;0.912345,1.15,2026-08-27T05:29:48
squeezenet,lrp,random_logit,1,0.1,7,8,0.5944123333970484,0.596982;0.565685;0.638185;0.491836;0.545121;0.665961;0.706234;0.545295,1.13,2026-08-27T05:29:49
squeezenet,lrp,random_logit,2,0.2,0,8,0.7400934083022922,0.744877;0.643603;0.751601;0.815793;0.785442;0.791066;0.664023;0.724342,1.14,2026-08-27T05:29:50
squeezenet,lrp,random_logit,2,0.2,1,8,0.7285922065316242,0.7002;0.731043;0.587677;0.748535;0.691426;0.744207;0.793165;0.832484,1.12,2026-08-27T05:29:52
squeezenet,lrp,random_logit,2,0.2,2,8,0.6028372907693605,0.696211;0.372694;0.699509;0.701652;0.550306;0.47979;0.652108;0.670428,1.36,2026-08-27T05:29:53
squeezenet,lrp,random_logit,2,0.2,3,8,0.7162365548345395,0.846552;0.525817;0.56168;0.773764;0.745679;0.630365;0.740025;0.906012,1.67,2026-08-27T05:29:55
squeezenet,lrp,random_logit,2,0.2,4,8,0.7211802629591556,0.795061;0.717594;0.734271;0.78528;0.777137;0.622318;0.914687;0.423095,1.69,2026-08-27T05:29:56
squeezenet,lrp,random_logit,2,0.2,5,8,0.7447724119588777,0.729859;0.581921;0.858137;0.727169;0.817818;0.689432;0.964292;0.589551,1.16,2026-08-27T05:29:57
squeezenet,lrp,random_logit,2,0.2,6,8,0.8722146941901762,0.915264;0.813465;0.895717;0.818104;0.910178;0.754085;0.958886;0.912019,1.11,2026-08-27T05:29:59
squeezenet,lrp,random_logit,2,0.2,7,8,0.606815607883991,0.58399;0.599808;0.63776;0.524237;0.569008;0.659164;0.724252;0.556305,1.11,2026-08-27T05:30:00
squeezenet,lrp,random_logit,3,0.3,0,8,0.7292972011748806,0.730018;0.644618;0.759568;0.750587;0.777885;0.798202;0.653421;0.720078,1.05,2026-08-27T05:30:01
squeezenet,lrp,random_logit,3,0.3,1,8,0.7111189553578875,0.688078;0.651864;0.565022;0.759933;0.665258;0.748451;0.785326;0.825019,1.04,2026-08-27T05:30:02
squeezenet,lrp,random_logit,3,0.3,2,8,0.6083711965705416,0.701763;0.381922;0.691873;0.708902;0.553957;0.488454;0.660421;0.679677,1.03,2026-08-27T05:30:03
squeezenet,lrp,random_logit,3,0.3,3,8,0.7070632792110756,0.835295;0.525454;0.544926;0.785127;0.72526;0.626664;0.7184;0.89538,1.05,2026-08-27T05:30:04
squeezenet,lrp,random_logit,3,0.3,4,8,0.7190245045988184,0.796403;0.706899;0.722966;0.782175;0.764733;0.61529;0.907937;0.455793,1.03,2026-08-27T05:30:05
squeezenet,lrp,random_logit,3,0.3,5,8,0.7414516937657969,0.722737;0.541516;0.855169;0.73214;0.822661;0.701289;0.96415;0.591952,1.05,2026-08-27T05:30:06
squeezenet,lrp,random_logit,3,0.3,6,8,0.8702857976068853,0.915588;0.816011;0.888092;0.811232;0.897039;0.759542;0.960364;0.914419,1.42,2026-08-27T05:30:07
squeezenet,lrp,random_logit,3,0.3,7,8,0.5774535096246115,0.571867;0.571767;0.477023;0.543901;0.54605;0.662571;0.690371;0.556079,1.51,2026-08-27T05:30:09
squeezenet,lrp,random_logit,4,0.4,0,8,0.7308475994818311,0.698421;0.640555;0.764277;0.782866;0.77215;0.814588;0.660168;0.713755,1.5,2026-08-27T05:30:10
squeezenet,lrp,random_logit,4,0.4,1,8,0.707233796476634,0.68887;0.666793;0.530361;0.748042;0.663679;0.763643;0.768974;0.827509,1.02,2026-08-27T05:30:11
squeezenet,lrp,random_logit,4,0.4,2,8,0.6285801266459761,0.720787;0.442146;0.716945;0.722899;0.55852;0.491531;0.686456;0.689357,1.0,2026-08-27T05:30:12
squeezenet,lrp,random_logit,4,0.4,3,8,0.7044981092564961,0.825321;0.533756;0.583102;0.780022;0.673357;0.635662;0.697421;0.907345,1.01,2026-08-27T05:30:13
squeezenet,lrp,random_logit,4,0.4,4,8,0.7300381730624967,0.799271;0.773153;0.718325;0.78375;0.760976;0.623196;0.911223;0.470412,1.01,2026-08-27T05:30:14
squeezenet,lrp,random_logit,4,0.4,5,8,0.7531208711629225,0.727225;0.609218;0.85596;0.719448;0.831573;0.71798;0.964714;0.59885,0.97,2026-08-27T05:30:15
squeezenet,lrp,random_logit,4,0.4,6,8,0.8646659807880175,0.917133;0.783788;0.894176;0.810007;0.901692;0.729489;0.96349;0.917553,0.98,2026-08-27T05:30:16
squeezenet,lrp,random_logit,4,0.4,7,8,0.6114253515787919,0.587315;0.634459;0.676462;0.490225;0.526968;0.661502;0.737328;0.577144,1.0,2026-08-27T05:30:17
squeezenet,lrp,random_logit,5,0.5,0,8,0.738897375493715,0.718941;0.652626;0.773283;0.788129;0.775003;0.812976;0.665511;0.72471,0.85,2026-08-27T05:30:18
squeezenet,lrp,random_logit,5,0.5,1,8,0.7180757316838466,0.675911;0.765677;0.553883;0.756236;0.644336;0.768869;0.788473;0.791221,0.84,2026-08-27T05:30:19
squeezenet,lrp,random_logit,5,0.5,2,8,0.641624308823302,0.687057;0.486072;0.714319;0.729877;0.586492;0.531411;0.689241;0.708526,0.83,2026-08-27T05:30:20
squeezenet,lrp,random_logit,5,0.5,3,8,0.7093517849117698,0.821361;0.56058;0.600408;0.777477;0.688562;0.632903;0.68735;0.906174,1.02,2026-08-27T05:30:21
squeezenet,lrp,random_logit,5,0.5,4,8,0.7071434436300446,0.760665;0.719355;0.681854;0.775027;0.762661;0.629129;0.896476;0.43198,1.22,2026-08-27T05:30:22
squeezenet,lrp,random_logit,5,0.5,5,8,0.7419873950029345,0.643778;0.72222;0.801854;0.669778;0.792299;0.756335;0.960603;0.589032,1.22,2026-08-27T05:30:23
squeezenet,lrp,random_logit,5,0.5,6,8,0.8734225887761077,0.920867;0.834522;0.898848;0.769685;0.904231;0.770396;0.96734;0.921491,1.2,2026-08-27T05:30:25
squeezenet,lrp,random_logit,5,0.5,7,8,0.6283624044200237,0.591387;0.599634;0.691082;0.622889;0.578446;0.650363;0.695379;0.597719,0.83,2026-08-27T05:30:25
squeezenet,lrp,random_logit,6,0.6,0,8,0.7562881501840493,0.727308;0.677528;0.805142;0.796402;0.788439;0.849249;0.658259;0.747979,0.8,2026-08-27T05:30:26
squeezenet,lrp,random_logit,6,0.6,1,8,0.720180643248949,0.705835;0.702561;0.569458;0.772397;0.650695;0.759947;0.800226;0.800325,0.81,2026-08-27T05:30:27
squeezenet,lrp,random_logit,6,0.6,2,8,0.6663058628563179,0.713055;0.525039;0.734485;0.742223;0.599686;0.569396;0.719555;0.727007,0.79,2026-08-27T05:30:28
squeezenet,lrp,random_logit,6,0.6,3,8,0.7326348378916243,0.829783;0.594096;0.631668;0.818519;0.707492;0.664654;0.698705;0.916163,0.78,2026-08-27T05:30:29
squeezenet,lrp,random_logit,6,0.6,4,8,0.72905242701617,0.785161;0.8073;0.709851;0.763513;0.734636;0.584591;0.918825;0.528542,0.77,2026-08-27T05:30:29
squeezenet,lrp,random_logit,6,0.6,5,8,0.7690801768703285,0.710991;0.642382;0.844548;0.765967;0.854075;0.790763;0.956882;0.587033,0.81,2026-08-27T05:30:30
squeezenet,lrp,random_logit,6,0.6,6,8,0.8771801740622834,0.928434;0.767163;0.901223;0.829018;0.898304;0.792611;0.971355;0.929334,0.79,2026-08-27T05:30:31
squeezenet,lrp,random_logit,6,0.6,7,8,0.6369226010999323,0.609;0.638427;0.718753;0.578141;0.62045;0.599152;0.723755;0.607702,0.8,2026-08-27T05:30:32
squeezenet,lrp,random_logit,7,0.7,0,8,0.7805392174628083,0.757701;0.718268;0.821658;0.81776;0.781157;0.866045;0.690231;0.791493,0.72,2026-08-27T05:30:32
squeezenet,lrp,random_logit,7,0.7,1,8,0.7440783077705994,0.724042;0.728814;0.61833;0.823992;0.646881;0.799561;0.806102;0.804905,0.73,2026-08-27T05:30:33
squeezenet,lrp,random_logit,7,0.7,2,8,0.698772375638159,0.725538;0.618944;0.784386;0.774805;0.616433;0.595604;0.699778;0.774692,0.74,2026-08-27T05:30:34
squeezenet,lrp,random_logit,7,0.7,3,8,0.7419131509772183,0.824093;0.648388;0.667362;0.826819;0.681107;0.68849;0.706785;0.892262,0.9,2026-08-27T05:30:35
squeezenet,lrp,random_logit,7,0.7,4,8,0.7450278816908211,0.854262;0.774224;0.751254;0.771381;0.800879;0.634501;0.932473;0.441248,1.01,2026-08-27T05:30:36
squeezenet,lrp,random_logit,7,0.7,5,8,0.7824365524793904,0.785041;0.611447;0.885966;0.744342;0.879887;0.738935;0.968247;0.645627,1.0,2026-08-27T05:30:37
squeezenet,lrp,random_logit,7,0.7,6,8,0.899115785486801,0.93501;0.874955;0.908054;0.849462;0.919552;0.839661;0.96124;0.904992,1.0,2026-08-27T05:30:38
squeezenet,lrp,random_logit,7,0.7,7,8,0.664793640203713,0.636491;0.704736;0.593722;0.556433;0.719712;0.64498;0.792377;0.669899,0.88,2026-08-27T05:30:39
squeezenet,lrp,random_logit,8,0.8,0,8,0.801750664324405,0.75754;0.733904;0.858017;0.860828;0.821425;0.872353;0.754646;0.755292,0.59,2026-08-27T05:30:39
squeezenet,lrp,random_logit,8,0.8,1,8,0.7702958182977804,0.775988;0.798692;0.675493;0.721577;0.670845;0.847849;0.832973;0.838949,0.56,2026-08-27T05:30:40
squeezenet,lrp,random_logit,8,0.8,2,8,0.7583529520824243,0.805795;0.701842;0.813128;0.824931;0.73458;0.631549;0.758592;0.796407,0.59,2026-08-27T05:30:40
squeezenet,lrp,random_logit,8,0.8,3,8,0.786993513775647,0.847255;0.729445;0.695526;0.863654;0.748658;0.731381;0.752551;0.927478,0.57,2026-08-27T05:30:41
squeezenet,lrp,random_logit,8,0.8,4,8,0.8117228358802766,0.861295;0.853386;0.777716;0.831351;0.752032;0.794859;0.929611;0.693533,0.56,2026-08-27T05:30:42
squeezenet,lrp,random_logit,8,0.8,5,8,0.8194396044173455,0.780227;0.760392;0.870263;0.843207;0.851682;0.834482;0.965605;0.649659,0.6,2026-08-27T05:30:42
squeezenet,lrp,random_logit,8,0.8,6,8,0.9024956198723891,0.939862;0.850759;0.922157;0.810875;0.91495;0.890071;0.958386;0.932905,0.57,2026-08-27T05:30:43
squeezenet,lrp,random_logit,8,0.8,7,8,0.7457270668557628,0.688407;0.744375;0.776517;0.712327;0.684449;0.80129;0.816733;0.741719,0.6,2026-08-27T05:30:43
squeezenet,lrp,random_logit,9,0.9,0,8,0.8647568401048432,0.868013;0.852498;0.848061;0.90083;0.856248;0.88543;0.816959;0.890015,0.52,2026-08-27T05:30:44
squeezenet,lrp,random_logit,9,0.9,1,8,0.8317145685136216,0.799632;0.79837;0.7491;0.843032;0.80289;0.882208;0.897491;0.880994,0.55,2026-08-27T05:30:44
squeezenet,lrp,random_logit,9,0.9,2,8,0.8473063973093985,0.78947;0.835229;0.890074;0.898092;0.798179;0.818141;0.885672;0.863594,0.51,2026-08-27T05:30:45
squeezenet,lrp,random_logit,9,0.9,3,8,0.8433754807952116,0.851105;0.814713;0.805437;0.787;0.833693;0.867409;0.867781;0.919866,0.51,2026-08-27T05:30:45
squeezenet,lrp,random_logit,9,0.9,4,8,0.8671359787296631,0.877281;0.914654;0.847936;0.887917;0.86203;0.884601;0.894641;0.768028,0.5,2026-08-27T05:30:46
squeezenet,lrp,random_logit,9,0.9,5,8,0.8625312629906162,0.79617;0.83727;0.906402;0.802269;0.924335;0.89223;0.970637;0.770937,0.53,2026-08-27T05:30:47
squeezenet,lrp,random_logit,9,0.9,6,8,0.9206620298862922,0.962351;0.846481;0.9379;0.843635;0.905994;0.925036;0.97866;0.965237,0.51,2026-08-27T05:30:47
squeezenet,lrp,random_logit,9,0.9,7,8,0.8408352964179748,0.798433;0.881408;0.906993;0.82905;0.829181;0.804598;0.860584;0.816434,0.52,2026-08-27T05:30:48
squeezenet,occlusion,max_sensitivity,0,0.0,0,8,1.1227013915777206,0.608359;2.06199;0.645159;1.66845;0.645837;0.627652;1.65766;1.06651,345.25,2026-08-27T05:36:33
squeezenet,occlusion,max_sensitivity,0,0.0,1,8,1.0736257806420326,1.68557;0.858297;1.78524;0.680299;0.637925;0.550689;0.607867;1.78312,198.6,2026-08-27T05:39:51
squeezenet,occlusion,max_sensitivity,0,0.0,2,8,0.9635981246829033,0.645851;0.540832;0.743358;0.81165;0.7498;0.686441;1.20337;2.32748,196.71,2026-08-27T05:43:08
squeezenet,occlusion,max_sensitivity,0,0.0,3,8,0.6703329794108868,0.25437;0.279711;0.614351;1.06616;0.503506;1.11691;0.617749;0.909905,203.58,2026-08-27T05:46:32
squeezenet,occlusion,max_sensitivity,0,0.0,4,8,0.9877966046333313,0.609481;1.09715;1.30586;0.696367;1.05264;0.661623;1.06495;1.41431,199.79,2026-08-27T05:49:52
squeezenet,occlusion,max_sensitivity,0,0.0,5,8,1.1118147000670433,0.854452;0.716171;0.812173;1.41333;1.14932;0.884221;2.01777;1.04708,200.25,2026-08-27T05:53:12
squeezenet,occlusion,max_sensitivity,0,0.0,6,8,0.9784816205501556,0.655277;0.758236;1.49682;0.790821;1.12148;0.937127;0.864025;1.20406,203.39,2026-08-27T05:56:35
squeezenet,occlusion,max_sensitivity,0,0.0,7,8,0.8363173678517342,0.831896;1.05789;0.747139;0.890448;0.974938;0.823018;0.694156;0.671057,205.23,2026-08-27T06:00:00
squeezenet,occlusion,max_sensitivity,1,0.1,0,8,1.1832564622163773,0.775323;1.84756;0.778878;1.45753;0.787882;0.822346;1.67688;1.31966,203.31,2026-08-27T06:03:24
squeezenet,occlusion,max_sensitivity,1,0.1,1,8,1.1913647055625916,1.50185;1.27431;1.91866;0.904455;0.69557;0.627537;0.712102;1.89644,200.05,2026-08-27T06:06:44
squeezenet,occlusion,max_sensitivity,1,0.1,2,8,1.0382296442985535,0.831881;0.554551;0.831419;1.02018;0.821043;0.799791;1.15639;2.29058,202.58,2026-08-27T06:10:06
squeezenet,occlusion,max_sensitivity,1,0.1,3,8,0.8746723085641861,0.575078;0.582906;0.703892;1.37911;0.611104;1.21456;0.741459;1.18927,200.5,2026-08-27T06:13:27
squeezenet,occlusion,max_sensitivity,1,0.1,4,8,1.1032502725720406,0.717663;1.0472;1.53461;0.773925;1.1647;0.889358;1.1012;1.59735,201.55,2026-08-27T06:16:49
squeezenet,occlusion,max_sensitivity,1,0.1,5,8,1.1172416880726814,0.911503;0.755853;0.902758;1.38588;1.30361;0.941294;1.67101;1.06603,204.97,2026-08-27T06:20:13
squeezenet,occlusion,max_sensitivity,1,0.1,6,8,1.0101436451077461,0.720706;0.821196;1.38982;0.916231;1.14357;1.00633;0.922515;1.16078,202.52,2026-08-27T06:23:36
squeezenet,occlusion,max_sensitivity,1,0.1,7,8,0.942537896335125,0.975611;1.15608;0.85511;1.09054;0.990971;0.911778;0.825944;0.734265,203.4,2026-08-27T06:26:59
squeezenet,occlusion,max_sensitivity,2,0.2,0,8,1.2783573642373085,0.917445;1.92182;0.8634;1.65224;0.972045;0.936158;1.63761;1.32614,203.28,2026-08-27T06:30:23
squeezenet,occlusion,max_sensitivity,2,0.2,1,8,1.2590650990605354,1.74045;1.11012;1.90312;0.988807;0.780687;0.735199;0.806578;2.00756,203.47,2026-08-27T06:33:46
squeezenet,occlusion,max_sensitivity,2,0.2,2,8,1.1373765990138054,1.00499;0.64625;0.895902;1.18255;0.888851;0.834674;1.30801;2.33778,200.3,2026-08-27T06:37:07
squeezenet,occlusion,max_sensitivity,2,0.2,3,8,0.9612858891487122,0.718268;0.765723;0.821386;1.2733;0.722347;1.24763;0.813486;1.32815,198.69,2026-08-27T06:40:25
squeezenet,occlusion,max_sensitivity,2,0.2,4,8,1.1479746028780937,0.773438;1.18054;1.51942;0.903645;1.19216;0.906122;1.14743;1.56104,198.72,2026-08-27T06:43:44
squeezenet,occlusion,max_sensitivity,2,0.2,5,8,1.219000406563282,1.06626;0.880951;0.904673;1.46791;1.34237;0.997057;1.79455;1.29824,203.24,2026-08-27T06:47:07
squeezenet,occlusion,max_sensitivity,2,0.2,6,8,1.0333523377776146,0.766988;0.842366;1.50103;0.877984;1.13675;1.01656;0.947898;1.17724,201.72,2026-08-27T06:50:29
squeezenet,occlusion,max_sensitivity,2,0.2,7,8,0.9938321709632874,0.992836;1.22174;0.908179;1.09625;1.05003;0.969918;0.938017;0.773683,205.89,2026-08-27T06:53:55
squeezenet,occlusion,max_sensitivity,3,0.3,0,8,1.426748864352703,1.03408;1.78279;1.0607;1.87466;0.999538;1.07867;2.02477;1.55879,204.84,2026-08-27T06:57:20
squeezenet,occlusion,max_sensitivity,3,0.3,1,8,1.3158777728676796,1.78749;1.40581;1.90186;1.02415;0.855838;0.814484;0.856333;1.88106,203.99,2026-08-27T07:00:44
squeezenet,occlusion,max_sensitivity,3,0.3,2,8,1.2059270069003105,1.03154;0.740178;0.962512;1.17639;1.03742;0.944444;1.26435;2.49058,202.8,2026-08-27T07:04:07
squeezenet,occlusion,max_sensitivity,3,0.3,3,8,1.093688189983368,0.825178;0.975786;0.899772;1.45106;0.826983;1.29213;0.994456;1.48414,201.67,2026-08-27T07:07:28
squeezenet,occlusion,max_sensitivity,3,0.3,4,8,1.1922799199819565,0.851311;1.13744;1.50808;1.02019;1.21645;0.984648;1.16302;1.65711,202.27,2026-08-27T07:10:50
squeezenet,occlusion,max_sensitivity,3,0.3,5,8,1.326239362359047,1.23671;0.874681;0.990829;1.50748;1.4764;1.05776;2.16512;1.30094,208.01,2026-08-27T07:14:19
squeezenet,occlusion,max_sensitivity,3,0.3,6,8,1.0875290036201477,0.857909;1.03339;1.29315;0.960464;1.19797;0.978566;1.02116;1.35762,207.44,2026-08-27T07:17:46
squeezenet,occlusion,max_sensitivity,3,0.3,7,8,1.0769788920879364,1.12762;1.20168;1.00207;1.16009;1.20177;1.09256;0.970433;0.859594,204.77,2026-08-27T07:21:11
squeezenet,occlusion,max_sensitivity,4,0.4,0,8,1.553441509604454,1.15348;1.79795;1.05802;2.07203;1.19915;1.1927;2.36355;1.59066,201.29,2026-08-27T07:24:32
squeezenet,occlusion,max_sensitivity,4,0.4,1,8,1.3867123499512672,1.89062;1.38593;1.94768;1.10853;0.927743;0.895526;0.939059;1.99861,202.42,2026-08-27T07:27:54
squeezenet,occlusion,max_sensitivity,4,0.4,2,8,1.3225031271576881,1.3421;0.837013;1.0531;1.3417;1.0688;0.997438;1.41391;2.52596,199.58,2026-08-27T07:31:14
squeezenet,occlusion,max_sensitivity,4,0.4,3,8,1.1219495981931686,0.975368;1.03507;0.995547;1.28267;0.930695;1.35452;1.02105;1.38068,197.97,2026-08-27T07:34:32
squeezenet,occlusion,max_sensitivity,4,0.4,4,8,1.2539744824171066,0.931955;1.15208;1.67812;1.1279;1.18137;1.09461;1.23919;1.62657,201.3,2026-08-27T07:37:53
squeezenet,occlusion,max_sensitivity,4,0.4,5,8,1.3721731752157211,1.24162;0.951746;1.03562;1.57648;1.49355;1.06267;2.16688;1.44882,199.74,2026-08-27T07:41:13
squeezenet,occlusion,max_sensitivity,4,0.4,6,8,1.167971208691597,0.917069;1.01403;1.50498;1.17848;1.25207;1.12605;1.04825;1.30284,198.75,2026-08-27T07:44:32
squeezenet,occlusion,max_sensitivity,4,0.4,7,8,1.1737307533621788,1.15044;1.39496;1.07248;1.24424;1.19157;1.23539;1.19634;0.90442,200.38,2026-08-27T07:47:52
squeezenet,occlusion,max_sensitivity,5,0.5,0,8,1.5422846525907516,1.1701;1.7223;1.15995;1.99759;1.29159;1.33856;2.11512;1.54306,194.39,2026-08-27T07:51:07
squeezenet,occlusion,max_sensitivity,5,0.5,1,8,1.4086870029568672,1.76918;1.36949;2.07392;1.17942;1.01186;0.96646;0.99844;1.90072,198.59,2026-08-27T07:54:25
squeezenet,occlusion,max_sensitivity,5,0.5,2,8,1.4205326363444328,1.21414;0.938563;1.12751;1.51064;1.20513;1.09301;1.33787;2.9374,197.68,2026-08-27T07:57:43
squeezenet,occlusion,max_sensitivity,5,0.5,3,8,1.2424496859312057,1.07146;1.11556;1.07531;1.56901;1.04247;1.43254;1.11313;1.52012,202.85,2026-08-27T08:01:06
squeezenet,occlusion,max_sensitivity,5,0.5,4,8,1.3565499782562256,1.02477;1.21588;1.84962;1.19217;1.26683;1.24467;1.31544;1.74303,196.6,2026-08-27T08:04:22
squeezenet,occlusion,max_sensitivity,5,0.5,5,8,1.4813210368156433,1.43419;1.08882;1.16988;1.67447;1.76946;1.15148;2.04585;1.51642,196.71,2026-08-27T08:07:39
squeezenet,occlusion,max_sensitivity,5,0.5,6,8,1.177933931350708,1.02637;1.0596;1.43793;1.10546;1.2159;1.14232;1.15708;1.27879,197.55,2026-08-27T08:10:57
squeezenet,occlusion,max_sensitivity,5,0.5,7,8,1.2358092069625854,1.2383;1.47972;1.17415;1.30922;1.26264;1.17263;1.22347;1.02633,196.61,2026-08-27T08:14:13
squeezenet,occlusion,max_sensitivity,6,0.6,0,8,1.6178531646728516,1.34536;1.76119;1.24485;2.02017;1.31557;1.31459;2.22144;1.71965,197.67,2026-08-27T08:17:31
squeezenet,occlusion,max_sensitivity,6,0.6,1,8,1.4869665503501892,1.76144;1.4511;2.15899;1.33492;1.08898;1.05585;1.06952;1.97493,198.42,2026-08-27T08:20:50
squeezenet,occlusion,max_sensitivity,6,0.6,2,8,1.4439655393362045,1.3688;1.01142;1.16208;1.46622;1.27851;1.12192;1.39233;2.75044,197.69,2026-08-27T08:24:07
squeezenet,occlusion,max_sensitivity,6,0.6,3,8,1.2952784597873688,1.1539;1.28719;1.19931;1.46809;1.08199;1.42185;1.17231;1.57759,196.65,2026-08-27T08:27:24
squeezenet,occlusion,max_sensitivity,6,0.6,4,8,1.459674060344696,1.09807;1.18425;2.17217;1.37238;1.27926;1.28595;1.44576;1.83956,198.17,2026-08-27T08:30:42
squeezenet,occlusion,max_sensitivity,6,0.6,5,8,1.5015024691820145,1.46902;1.04905;1.21842;1.64809;1.72981;1.19676;2.05216;1.64871,201.03,2026-08-27T08:34:03
squeezenet,occlusion,max_sensitivity,6,0.6,6,8,1.2341285943984985,1.05427;1.07901;1.45028;1.25404;1.28264;1.15808;1.16855;1.42616,198.14,2026-08-27T08:37:21
squeezenet,occlusion,max_sensitivity,6,0.6,7,8,1.3230319619178772,1.34158;1.42523;1.15702;1.43571;1.35133;1.4;1.43683;1.03655,195.59,2026-08-27T08:40:37
squeezenet,occlusion,max_sensitivity,7,0.7,0,8,1.7251132279634476,1.36226;1.79028;1.32298;2.35761;1.45248;1.4266;2.23671;1.85198,194.89,2026-08-27T08:43:52
squeezenet,occlusion,max_sensitivity,7,0.7,1,8,1.5619509518146515,1.83614;1.54533;2.23784;1.36768;1.16967;1.16272;1.14127;2.03496,194.83,2026-08-27T08:47:07
squeezenet,occlusion,max_sensitivity,7,0.7,2,8,1.5359452962875366,1.53955;1.09093;1.23864;1.63407;1.33031;1.1916;1.49299;2.76946,196.41,2026-08-27T08:50:23
squeezenet,occlusion,max_sensitivity,7,0.7,3,8,1.3996778726577759,1.21019;1.35455;1.23475;1.67108;1.15691;1.51598;1.26069;1.79328,198.74,2026-08-27T08:53:42
squeezenet,occlusion,max_sensitivity,7,0.7,4,8,1.4569563120603561,1.16235;1.22884;1.9651;1.39545;1.29958;1.34075;1.46627;1.79731,197.85,2026-08-27T08:57:00
squeezenet,occlusion,max_sensitivity,7,0.7,5,8,1.6111274063587189,1.5899;1.10472;1.33072;1.85763;1.7603;1.25744;2.26879;1.71951,199.51,2026-08-27T09:00:19
squeezenet,occlusion,max_sensitivity,7,0.7,6,8,1.2641737759113312,1.12332;1.24262;1.38785;1.19867;1.23567;1.2634;1.30504;1.35681,198.59,2026-08-27T09:03:38
squeezenet,occlusion,max_sensitivity,7,0.7,7,8,1.354346513748169,1.388;1.48726;1.22964;1.48937;1.32752;1.34339;1.46926;1.10033,195.5,2026-08-27T09:06:53
squeezenet,occlusion,max_sensitivity,8,0.8,0,8,1.7331286817789078,1.42635;1.62565;1.35778;2.0903;1.59699;1.57143;2.34574;1.85078,197.9,2026-08-27T09:10:11
squeezenet,occlusion,max_sensitivity,8,0.8,1,8,1.6359524726867676,1.92944;1.69346;2.31151;1.41201;1.22953;1.20766;1.18303;2.12099,194.31,2026-08-27T09:13:26
squeezenet,occlusion,max_sensitivity,8,0.8,2,8,1.6134879887104034,1.56674;1.17108;1.30497;1.71177;1.36329;1.24891;1.58151;2.95964,200.71,2026-08-27T09:16:46
squeezenet,occlusion,max_sensitivity,8,0.8,3,8,1.4760172069072723,1.35752;1.3816;1.35478;1.71359;1.31013;1.56328;1.35004;1.7772,202.8,2026-08-27T09:20:09
squeezenet,occlusion,max_sensitivity,8,0.8,4,8,1.5464076548814774,1.23202;1.27603;2.20616;1.48768;1.30311;1.44215;1.58045;1.84366,198.78,2026-08-27T09:23:28
squeezenet,occlusion,max_sensitivity,8,0.8,5,8,1.6205878853797913,1.59932;1.20332;1.2911;1.80144;1.82122;1.39227;2.01079;1.84526,206.52,2026-08-27T09:26:54
squeezenet,occlusion,max_sensitivity,8,0.8,6,8,1.3154626041650772,1.24413;1.22544;1.47729;1.32695;1.32117;1.23543;1.23866;1.45462,199.82,2026-08-27T09:30:14
squeezenet,occlusion,max_sensitivity,8,0.8,7,8,1.3965300023555756,1.42333;1.4564;1.28968;1.52574;1.43603;1.36835;1.48696;1.18575,200.31,2026-08-27T09:33:35
squeezenet,occlusion,max_sensitivity,9,0.9,0,8,1.870752677321434,1.52933;1.70695;1.47317;2.46718;1.64699;1.51234;2.64866;1.9814,200.67,2026-08-27T09:36:55
squeezenet,occlusion,max_sensitivity,9,0.9,1,8,1.6920951753854752,2.06197;1.63494;2.21158;1.52773;1.27439;1.23734;1.29246;2.29636,198.05,2026-08-27T09:40:13
squeezenet,occlusion,max_sensitivity,9,0.9,2,8,1.639888122677803,1.70242;1.18642;1.39713;1.79771;1.45309;1.31858;1.56537;2.69839,198.34,2026-08-27T09:43:32
squeezenet,occlusion,max_sensitivity,9,0.9,3,8,1.5545953512191772,1.40914;1.50593;1.44423;1.85868;1.34255;1.60618;1.38377;1.88629,200.17,2026-08-27T09:46:52
squeezenet,occlusion,max_sensitivity,9,0.9,4,8,1.5571284890174866,1.2906;1.29054;2.1069;1.4652;1.38112;1.47066;1.53048;1.92153,198.66,2026-08-27T09:50:11
squeezenet,occlusion,max_sensitivity,9,0.9,5,8,1.7635960578918457,1.72029;1.24368;1.40255;1.85321;1.97814;1.40007;2.55171;1.95911,198.96,2026-08-27T09:53:30
squeezenet,occlusion,max_sensitivity,9,0.9,6,8,1.3606334775686264,1.24447;1.25301;1.44558;1.35017;1.35359;1.30337;1.34642;1.58846,200.51,2026-08-27T09:56:50
squeezenet,occlusion,max_sensitivity,9,0.9,7,8,1.4720679223537445,1.52241;1.65021;1.41415;1.56788;1.50254;1.47762;1.43096;1.21079,200.02,2026-08-27T10:00:10
squeezenet,occlusion,random_logit,0,0.0,0,8,0.5017240956311457,0.58482;0.464199;0.420557;0.624115;0.582063;0.543044;0.382732;0.412263,20.45,2026-08-27T10:00:31
squeezenet,occlusion,random_logit,0,0.0,1,8,0.46623237099381654,0.362725;0.405478;0.429156;0.529151;0.531238;0.519676;0.4993;0.453137,19.77,2026-08-27T10:00:50
squeezenet,occlusion,random_logit,0,0.0,2,8,0.46688294345894943,0.485414;0.446163;0.492372;0.542879;0.346701;0.434596;0.487431;0.499508,20.43,2026-08-27T10:01:11
squeezenet,occlusion,random_logit,0,0.0,3,8,0.4376439819644299,0.617383;0.466453;0.295313;0.303003;0.541231;0.340078;0.551103;0.386587,19.4,2026-08-27T10:01:30
squeezenet,occlusion,random_logit,0,0.0,4,8,0.45724184035729254,0.463317;0.463722;0.406101;0.382265;0.571937;0.419546;0.521684;0.429363,21.08,2026-08-27T10:01:51
squeezenet,occlusion,random_logit,0,0.0,5,8,0.4860747226486132,0.455742;0.51233;0.518792;0.35097;0.60035;0.525119;0.558637;0.366659,19.3,2026-08-27T10:02:11
squeezenet,occlusion,random_logit,0,0.0,6,8,0.5210115583655583,0.561303;0.422073;0.558527;0.549185;0.642885;0.425392;0.511148;0.49758,21.43,2026-08-27T10:02:32
squeezenet,occlusion,random_logit,0,0.0,7,8,0.35409850011628785,0.284836;0.368211;0.5216;0.22014;0.347329;0.352872;0.416923;0.320877,19.46,2026-08-27T10:02:51
squeezenet,occlusion,random_logit,1,0.1,0,8,0.3237372098875825,0.342045;0.232422;0.285003;0.426685;0.394268;0.413523;0.244935;0.251017,20.55,2026-08-27T10:03:12
squeezenet,occlusion,random_logit,1,0.1,1,8,0.3023549988658387,0.200063;0.263849;0.226284;0.391156;0.306695;0.367069;0.35247;0.311255,20.88,2026-08-27T10:03:33
squeezenet,occlusion,random_logit,1,0.1,2,8,0.29729662922006006,0.28518;0.308904;0.284809;0.350288;0.181843;0.251511;0.335961;0.379877,21.29,2026-08-27T10:03:54
squeezenet,occlusion,random_logit,1,0.1,3,8,0.25935857566558107,0.390097;0.309883;0.137379;0.163085;0.31032;0.187319;0.301793;0.274994,20.64,2026-08-27T10:04:15
squeezenet,occlusion,random_logit,1,0.1,4,8,0.2887143453355314,0.313469;0.345934;0.229373;0.230264;0.320572;0.233783;0.359974;0.276347,21.58,2026-08-27T10:04:36
squeezenet,occlusion,random_logit,1,0.1,5,8,0.35721726271306653,0.320005;0.43481;0.400897;0.205074;0.448947;0.346241;0.49017;0.211594,19.95,2026-08-27T10:04:56
squeezenet,occlusion,random_logit,1,0.1,6,8,0.393487960263106,0.453611;0.320266;0.451613;0.418129;0.509459;0.235591;0.435166;0.324067,21.24,2026-08-27T10:05:18
squeezenet,occlusion,random_logit,1,0.1,7,8,0.20400078976782138,0.130201;0.201776;0.370855;0.138762;0.189511;0.17772;0.241687;0.181495,20.08,2026-08-27T10:05:38
squeezenet,occlusion,random_logit,2,0.2,0,8,0.2518001728408009,0.255801;0.149696;0.223157;0.342171;0.317202;0.351824;0.186163;0.188388,21.02,2026-08-27T10:05:59
squeezenet,occlusion,random_logit,2,0.2,1,8,0.23262228420102857,0.137747;0.202762;0.150259;0.330379;0.218814;0.293089;0.282696;0.245232,20.09,2026-08-27T10:06:19
squeezenet,occlusion,random_logit,2,0.2,2,8,0.22733151373853927,0.209056;0.248022;0.203661;0.270671;0.116799;0.179921;0.265371;0.325151,21.36,2026-08-27T10:06:40
squeezenet,occlusion,random_logit,2,0.2,3,8,0.1893321354797505,0.298554;0.248407;0.0792919;0.108325;0.221386;0.127249;0.211284;0.220161,20.45,2026-08-27T10:07:01
squeezenet,occlusion,random_logit,2,0.2,4,8,0.21783819505191362,0.248355;0.289037;0.162923;0.164985;0.224574;0.158488;0.28596;0.208384,21.26,2026-08-27T10:07:22
squeezenet,occlusion,random_logit,2,0.2,5,8,0.2985376343161571,0.25697;0.394338;0.344697;0.147376;0.377788;0.263797;0.453938;0.149398,20.14,2026-08-27T10:07:42
squeezenet,occlusion,random_logit,2,0.2,6,8,0.33683371273077434,0.402107;0.272111;0.400236;0.359583;0.456714;0.161874;0.397746;0.244298,21.22,2026-08-27T10:08:03
squeezenet,occlusion,random_logit,2,0.2,7,8,0.1444682946606214,0.0750395;0.134407;0.297231;0.10474;0.127274;0.114977;0.17438;0.127698,20.12,2026-08-27T10:08:23
squeezenet,occlusion,random_logit,3,0.3,0,8,0.21950581492322346,0.22255;0.120053;0.193825;0.301464;0.277937;0.31865;0.163765;0.157803,21.52,2026-08-27T10:08:45
squeezenet,occlusion,random_logit,3,0.3,1,8,0.2005211562104403,0.110193;0.175688;0.116858;0.299381;0.179553;0.257831;0.247872;0.216792,20.38,2026-08-27T10:09:05
squeezenet,occlusion,random_logit,3,0.3,2,8,0.1962280118153312,0.173179;0.217808;0.170153;0.230173;0.0954679;0.14932;0.232517;0.301206,22.55,2026-08-27T10:09:28
squeezenet,occlusion,random_logit,3,0.3,3,8,0.1614272102715476,0.262792;0.225721;0.0570486;0.0846824;0.182859;0.105921;0.178381;0.194013,20.76,2026-08-27T10:09:49
squeezenet,occlusion,random_logit,3,0.3,4,8,0.18682613754743774,0.219348;0.266135;0.135309;0.135861;0.184699;0.126275;0.25091;0.176072,21.62,2026-08-27T10:10:10
squeezenet,occlusion,random_logit,3,0.3,5,8,0.27105264408294955,0.229898;0.373311;0.316159;0.121206;0.343981;0.225415;0.43829;0.120162,20.16,2026-08-27T10:10:30
squeezenet,occlusion,random_logit,3,0.3,6,8,0.31201768969161026,0.381754;0.247749;0.375271;0.332149;0.438013;0.130935;0.38101;0.20926,21.27,2026-08-27T10:10:52
squeezenet,occlusion,random_logit,3,0.3,7,8,0.12022745200143792,0.0580544;0.108571;0.263795;0.0911722;0.103117;0.0883244;0.144305;0.10448,20.25,2026-08-27T10:11:12
squeezenet,occlusion,random_logit,4,0.4,0,8,0.20833636104215883,0.213244;0.104356;0.188364;0.288083;0.267681;0.30714;0.148456;0.149368,21.12,2026-08-27T10:11:33
squeezenet,occlusion,random_logit,4,0.4,1,8,0.1877504311640532,0.0979739;0.165771;0.104572;0.288525;0.163982;0.240979;0.23487;0.20533,20.06,2026-08-27T10:11:53
squeezenet,occlusion,random_logit,4,0.4,2,8,0.18223181942165922,0.158224;0.207692;0.156868;0.216411;0.0833642;0.136352;0.206943;0.292,21.42,2026-08-27T10:12:14
squeezenet,occlusion,random_logit,4,0.4,3,8,0.1518978627312953,0.249675;0.215526;0.052259;0.0798359;0.170147;0.0969168;0.164954;0.185869,20.26,2026-08-27T10:12:35
squeezenet,occlusion,random_logit,4,0.4,4,8,0.17540673828313302,0.206568;0.255392;0.127491;0.128519;0.169615;0.114795;0.235817;0.165057,21.52,2026-08-27T10:12:56
squeezenet,occlusion,random_logit,4,0.4,5,8,0.26160306168771014,0.217222;0.368837;0.308998;0.112842;0.329582;0.207435;0.436426;0.111484,20.57,2026-08-27T10:13:17
squeezenet,occlusion,random_logit,4,0.4,6,8,0.3039420213344922,0.375547;0.239445;0.368209;0.32145;0.433044;0.119127;0.380228;0.194486,21.35,2026-08-27T10:13:38
squeezenet,occlusion,random_logit,4,0.4,7,8,0.11183534791648894,0.0515542;0.101207;0.248082;0.0854127;0.0978287;0.0810959;0.133151;0.0963517,20.73,2026-08-27T10:13:59
squeezenet,occlusion,random_logit,5,0.5,0,8,0.20750732303642846,0.211139;0.106817;0.18526;0.281485;0.263552;0.305933;0.1564;0.149472,21.47,2026-08-27T10:14:20
squeezenet,occlusion,random_logit,5,0.5,1,8,0.1867529773136406,0.0991892;0.165919;0.101374;0.289133;0.163175;0.233476;0.238492;0.203265,20.57,2026-08-27T10:14:41
squeezenet,occlusion,random_logit,5,0.5,2,8,0.18533093771939507,0.155265;0.210935;0.159899;0.217448;0.0824632;0.136966;0.223134;0.296538,21.05,2026-08-27T10:15:02
squeezenet,occlusion,random_logit,5,0.5,3,8,0.151136216631378,0.250369;0.223315;0.0496789;0.0804751;0.168653;0.0950812;0.160334;0.181183,20.44,2026-08-27T10:15:22
squeezenet,occlusion,random_logit,5,0.5,4,8,0.1739184107028027,0.207595;0.259339;0.127484;0.125871;0.162733;0.111989;0.233136;0.1632,21.68,2026-08-27T10:15:44
squeezenet,occlusion,random_logit,5,0.5,5,8,0.26353724773915926,0.22114;0.375658;0.311916;0.110216;0.32946;0.203502;0.444974;0.111432,21.62,2026-08-27T10:16:06
squeezenet,occlusion,random_logit,5,0.5,6,8,0.30824729536787465,0.383835;0.244313;0.370917;0.325033;0.438475;0.117532;0.390826;0.195047,20.87,2026-08-27T10:16:27
squeezenet,occlusion,random_logit,5,0.5,7,8,0.10950244628986641,0.0475995;0.0985181;0.246342;0.0798082;0.0952357;0.077102;0.134004;0.0974097,21.01,2026-08-27T10:16:48
squeezenet,occlusion,random_logit,6,0.6,0,8,0.21726555172336415,0.225705;0.0997483;0.203261;0.28939;0.277387;0.327636;0.162121;0.152876,20.85,2026-08-27T10:17:09
squeezenet,occlusion,random_logit,6,0.6,1,8,0.19208556060556292,0.10079;0.172339;0.104824;0.296155;0.144789;0.258955;0.247135;0.211696,20.85,2026-08-27T10:17:29
squeezenet,occlusion,random_logit,6,0.6,2,8,0.19370748497646706,0.163142;0.221034;0.169061;0.221966;0.0865992;0.141872;0.234226;0.31176,20.86,2026-08-27T10:17:50
squeezenet,occlusion,random_logit,6,0.6,3,8,0.15833315183360536,0.262286;0.230504;0.0540876;0.0877569;0.174938;0.0909735;0.165212;0.200906,21.05,2026-08-27T10:18:11
squeezenet,occlusion,random_logit,6,0.6,4,8,0.17973354763810756,0.217191;0.276146;0.131554;0.129939;0.168341;0.119606;0.248242;0.14685,20.67,2026-08-27T10:18:32
squeezenet,occlusion,random_logit,6,0.6,5,8,0.2776778604062091,0.232522;0.395895;0.328517;0.120397;0.345526;0.213568;0.467583;0.117415,20.66,2026-08-27T10:18:53
squeezenet,occlusion,random_logit,6,0.6,6,8,0.32209497997463926,0.408915;0.262194;0.390635;0.340798;0.457188;0.125009;0.414828;0.177192,21.09,2026-08-27T10:19:14
squeezenet,occlusion,random_logit,6,0.6,7,8,0.1223808504692554,0.0602074;0.108288;0.262432;0.103221;0.105807;0.0833958;0.145231;0.110465,21.06,2026-08-27T10:19:35
squeezenet,occlusion,random_logit,7,0.7,0,8,0.24230005682973288,0.252777;0.119414;0.228358;0.295106;0.304689;0.360297;0.191769;0.185991,20.72,2026-08-27T10:19:56
squeezenet,occlusion,random_logit,7,0.7,1,8,0.22274160820729583,0.128741;0.198573;0.124216;0.336479;0.170666;0.288686;0.287725;0.246846,20.59,2026-08-27T10:20:16
squeezenet,occlusion,random_logit,7,0.7,2,8,0.21964777873614144,0.174308;0.252154;0.196197;0.247485;0.112737;0.162358;0.266048;0.345897,21.69,2026-08-27T10:20:38
squeezenet,occlusion,random_logit,7,0.7,3,8,0.1833920832727311,0.291206;0.268178;0.073059;0.112957;0.19676;0.116318;0.182912;0.225747,21.17,2026-08-27T10:20:59
squeezenet,occlusion,random_logit,7,0.7,4,8,0.21008963528868935,0.249486;0.308317;0.155628;0.166637;0.187432;0.131047;0.280278;0.201891,20.86,2026-08-27T10:21:20
squeezenet,occlusion,random_logit,7,0.7,5,8,0.30694988002743095,0.266094;0.432252;0.365163;0.140941;0.378633;0.23521;0.503945;0.133362,21.49,2026-08-27T10:21:41
squeezenet,occlusion,random_logit,7,0.7,6,8,0.35661209229298046,0.450421;0.300872;0.429869;0.370789;0.487927;0.151047;0.456829;0.205144,20.52,2026-08-27T10:22:02
squeezenet,occlusion,random_logit,7,0.7,7,8,0.14173709037204088,0.0733423;0.13414;0.292323;0.13919;0.109623;0.0919459;0.154443;0.13889,21.33,2026-08-27T10:22:23
squeezenet,occlusion,random_logit,8,0.8,0,8,0.31067776534237235,0.318237;0.186434;0.287687;0.371663;0.371875;0.438887;0.260236;0.250403,20.75,2026-08-27T10:22:44
squeezenet,occlusion,random_logit,8,0.8,1,8,0.2948606604205749,0.177152;0.284752;0.184669;0.406083;0.25853;0.36407;0.363346;0.320281,21.38,2026-08-27T10:23:05
squeezenet,occlusion,random_logit,8,0.8,2,8,0.2874127148470006,0.244685;0.333986;0.26906;0.317466;0.168112;0.228607;0.337517;0.399869,20.11,2026-08-27T10:23:25
squeezenet,occlusion,random_logit,8,0.8,3,8,0.24709733969790543,0.356638;0.336405;0.128593;0.176421;0.264113;0.180676;0.232885;0.301049,21.33,2026-08-27T10:23:47
squeezenet,occlusion,random_logit,8,0.8,4,8,0.280998604029862,0.330334;0.389961;0.217783;0.227524;0.247908;0.205646;0.35013;0.278703,20.57,2026-08-27T10:24:07
squeezenet,occlusion,random_logit,8,0.8,5,8,0.3681625951324936,0.314885;0.4803;0.412678;0.22334;0.417504;0.299187;0.604559;0.192848,21.01,2026-08-27T10:24:28
squeezenet,occlusion,random_logit,8,0.8,6,8,0.4257992300163277,0.522883;0.384792;0.492164;0.432647;0.542068;0.219806;0.533321;0.278714,20.3,2026-08-27T10:24:49
squeezenet,occlusion,random_logit,8,0.8,7,8,0.2126809459794924,0.135436;0.204468;0.359915;0.210685;0.190332;0.166939;0.216303;0.217369,21.16,2026-08-27T10:25:10
squeezenet,occlusion,random_logit,9,0.9,0,8,0.4847276672144374,0.485693;0.365323;0.478873;0.518943;0.540815;0.607455;0.449582;0.431138,20.34,2026-08-27T10:25:30
squeezenet,occlusion,random_logit,9,0.9,1,8,0.4735106115084964,0.383467;0.467716;0.379013;0.573223;0.406893;0.542129;0.539238;0.496405,21.39,2026-08-27T10:25:52
squeezenet,occlusion,random_logit,9,0.9,2,8,0.46535520766162597,0.418881;0.517852;0.447939;0.499423;0.364025;0.408922;0.499722;0.566077,20.0,2026-08-27T10:26:12
squeezenet,occlusion,random_logit,9,0.9,3,8,0.43335782391711924,0.527742;0.519616;0.332051;0.372977;0.439209;0.369453;0.413175;0.49264,20.84,2026-08-27T10:26:32
squeezenet,occlusion,random_logit,9,0.9,4,8,0.459304946661049,0.514528;0.558605;0.408401;0.422992;0.419857;0.382766;0.52413;0.44316,20.08,2026-08-27T10:26:53
squeezenet,occlusion,random_logit,9,0.9,5,8,0.5360491801442042,0.494281;0.640834;0.576544;0.423244;0.582383;0.473319;0.716441;0.381347,20.98,2026-08-27T10:27:13
squeezenet,occlusion,random_logit,9,0.9,6,8,0.5831174208667881,0.660637;0.546832;0.650825;0.596084;0.667689;0.415763;0.675897;0.451211,20.33,2026-08-27T10:27:34
squeezenet,occlusion,random_logit,9,0.9,7,8,0.4113727778432182,0.33947;0.401673;0.537233;0.432069;0.388298;0.358649;0.409765;0.423826,20.28,2026-08-27T10:27:54
