model,image_id,eff_ensemble,eff_individual_mean,eff_individual_best,eff_best_fixed,eff_best_fixed_gradient,best_fixed_method,best_fixed_gradient_method
resnet18,ISIC_0012086,0.2066594578741546,0.1405513151847336,0.28682653941168834,0.16681277834612265,0.2392592754230642,occlusion,gradcam
resnet18,ISIC_0012092,-0.00032232584825202845,-0.04685987242343825,0.33629582074013725,0.33629582074013725,0.14418120859071934,occlusion,gradcam
resnet18,ISIC_0012095,0.4466365747451257,0.11263249541623585,0.39883257248891474,0.05021189646701864,0.2471214137436662,occlusion,gradcam
resnet18,ISIC_0012134,0.4861675769487572,0.26547741454173607,0.5038594298410393,0.2748351609284016,0.3890285689440561,occlusion,gradcam
resnet18,ISIC_0012136,0.08789669503587484,0.11155031483221164,0.30832937533627774,-0.040662471252419945,0.30832937533627774,occlusion,gradcam
resnet18,ISIC_0012147,0.07884805029825089,0.07050125854142222,0.5966750766888588,-0.11013195464034285,0.2595600047255592,occlusion,gradcam
resnet18,ISIC_0012149,-0.10946960815842224,-0.13563425795432082,0.03575221462388477,-0.008593188343977645,-0.23947291046198568,occlusion,gradcam
resnet18,ISIC_0012152,0.15935143723855252,0.12780277905805984,0.4875491493389391,0.3690489117160208,0.4875491493389391,occlusion,gradcam
resnet18,ISIC_0012178,-0.11179207004977736,-0.029982493847335367,0.1462431399774891,0.030008502065628963,-0.23737146090723935,occlusion,gradcam
resnet18,ISIC_0012199,-0.12735554651716213,-0.0761332875630291,0.3347792278211374,0.07284587222499914,0.2086258773774945,occlusion,gradcam
resnet18,ISIC_0012207,0.07718324972095249,-0.035491981740368835,0.15800004119290403,-0.11900513351177032,-0.10871836715077783,occlusion,gradcam
resnet18,ISIC_0012215,0.1545268951995769,0.06217380613054298,0.34482425160984526,0.0967582652376092,0.34482425160984526,occlusion,gradcam
resnet18,ISIC_0012216,-0.1449477313463516,-0.013600511276463398,0.419805525273756,0.419805525273756,-0.12564635855564477,occlusion,gradcam
resnet18,ISIC_0012223,0.316691554232036,0.23034325395400881,0.4426060089346689,0.32246420431616035,0.06903419249731549,occlusion,gradcam
resnet18,ISIC_0012240,0.06807286318138393,0.09544027854163696,0.4282667882545895,0.33960141774553415,0.0891914381278591,occlusion,gradcam
resnet18,ISIC_0012248,0.036519178552284655,0.07387581065709478,0.30738538202058835,0.2153106340373942,-0.08037762071618737,occlusion,gradcam
resnet18,ISIC_0012258,-0.06355009399771341,-0.0695172646122121,0.2597721419357445,0.2597721419357445,-0.07399096859867879,occlusion,gradcam
resnet18,ISIC_0012265,-0.10490000547422418,-0.00026734898870749146,0.11643523399840654,-0.05280500241765323,0.11643523399840654,occlusion,gradcam
resnet18,ISIC_0012266,-0.012609207622975254,0.10085422536166797,0.30565068297365183,0.11492320569274436,-0.15048028790665846,occlusion,gradcam
resnet18,ISIC_0012272,-0.037765448224581104,-0.011483026838168686,0.40977355536783877,0.17812613593740156,0.24520671479662692,occlusion,gradcam
resnet18,ISIC_0012273,0.17827006283391114,0.10636610028813176,0.2357704885314972,0.10745807279230915,0.02281838414748722,occlusion,gradcam
resnet18,ISIC_0012314,-0.24447958315413867,-0.06622046601137353,0.20129224906381607,0.20129224906381607,0.03433674099621962,occlusion,gradcam
resnet18,ISIC_0012323,0.20604039846714967,0.12054544843419565,0.31243726343975753,-0.008151959944676188,-0.013661621368380863,occlusion,gradcam
resnet18,ISIC_0012330,0.07943196097158478,0.061073379412089776,0.31890330084605983,0.31890330084605983,0.06170618307316811,occlusion,gradcam
resnet18,ISIC_0012356,0.15084185154516147,0.0907219420148023,0.34908420485613156,0.18932425254938218,0.10687468291976088,occlusion,gradcam
resnet18,ISIC_0012357,-0.07611523798802133,-0.06684145389369742,0.25349985491983323,0.25349985491983323,0.1574658801500988,occlusion,gradcam
resnet18,ISIC_0012358,0.08376903627723997,-0.0390217802639776,0.07308739537250923,-0.08492281720272936,0.07308739537250923,occlusion,gradcam
resnet18,ISIC_0012364,0.01935185989428117,0.056166873335223,0.27275101742538715,0.09732835068188342,0.03574131964283023,occlusion,gradcam
resnet18,ISIC_0012369,0.19213797974885422,0.15595280318187393,0.44112219257959395,0.3307006435769099,0.44112219257959395,occlusion,gradcam
resnet18,ISIC_0012372,0.24090523793877275,4.8875314470429666e-05,0.4006699399542687,0.31078315695323283,0.4006699399542687,occlusion,gradcam
resnet18,ISIC_0012375,0.13495275160791212,0.23552656855516546,0.37551308656149773,0.360474254546075,0.12899562056219163,occlusion,gradcam
resnet18,ISIC_0012387,0.05770848414689752,0.0003508994265338021,0.15904464508107405,0.0665483405955278,-0.1983664829369107,occlusion,gradcam
resnet18,ISIC_0012388,0.3408977126735439,0.1809849581979177,0.417754778342809,0.02623214238724617,0.417754778342809,occlusion,gradcam
resnet18,ISIC_0012395,0.12912191450772187,0.1633409285893928,0.36376364948558093,-0.04347591101935555,0.36376364948558093,occlusion,gradcam
resnet18,ISIC_0012414,0.219145148078862,0.06837765501110679,0.41893631079297833,-0.03244728245638998,0.04386898025155831,occlusion,gradcam
resnet18,ISIC_0012425,0.15548678374064462,-0.21195455054205511,0.033921828636817156,-0.02075991084243924,0.033921828636817156,occlusion,gradcam
resnet18,ISIC_0012428,0.2614528064751585,0.2860339207590978,0.5642776603691407,0.5642776603691407,0.35806556978332715,occlusion,gradcam
resnet18,ISIC_0012432,-0.21487505764231205,0.01019262772544746,0.22970777998870417,0.22970777998870417,0.12356939664922166,occlusion,gradcam
resnet18,ISIC_0012447,-0.09681183013975621,0.06984151944769752,0.19064677609714512,0.1280910577621348,0.025498366830816823,occlusion,gradcam
resnet18,ISIC_0012448,0.1586804132039301,0.08286898654465143,0.23571231821655728,0.23571231821655728,0.15734389781690677,occlusion,gradcam
resnet18,ISIC_0012484,0.21210155612342163,0.15388168084349005,0.3861228378168872,0.07704084290295374,-0.0021598762754674633,occlusion,gradcam
resnet18,ISIC_0012493,0.0693897332104512,-0.0007257269255502505,0.24313081436338072,0.004508475451495876,0.24313081436338072,occlusion,gradcam
resnet18,ISIC_0012510,0.1642345656484822,0.10290046088678946,0.3137061575864866,0.12569355660265183,0.200789510108831,occlusion,gradcam
resnet18,ISIC_0012522,-0.004756060946473295,0.07389247836391646,0.3272234537797663,0.07884670417842485,0.3272234537797663,occlusion,gradcam
resnet18,ISIC_0012537,0.032196382215528306,0.12096992212130706,0.43611142241195777,0.09974702967100582,0.43611142241195777,occlusion,gradcam
resnet18,ISIC_0012548,0.07729867196914537,-0.015281667549702905,0.3959115778710314,0.3959115778710314,0.19932930236353288,occlusion,gradcam
resnet18,ISIC_0012551,0.16799181521814407,-0.06797959234229821,0.17329296435880992,-0.20149903887981988,-0.13167874305066837,occlusion,gradcam
resnet18,ISIC_0012654,0.1788774258882087,0.09939882173631179,0.19922214436171645,0.19922214436171645,0.17129636330020753,occlusion,gradcam
resnet18,ISIC_0012656,0.27565881251955254,0.13744855906076162,0.6062500040088815,0.08501126250373647,0.28226913308991375,occlusion,gradcam
resnet18,ISIC_0012705,0.22568378299284358,0.013978588373016196,0.3189520804943774,-0.0946917881282733,-0.2202006859105269,occlusion,gradcam
resnet18,ISIC_0012708,-0.31354892823360825,-0.04834156324741871,0.4964685817349487,0.3472781294304084,0.37360589699322994,occlusion,gradcam
resnet18,ISIC_0012722,0.2815678097055087,-0.007878241435368477,0.40385262067169325,-0.2645726516115943,0.33626651852419975,occlusion,gradcam
resnet18,ISIC_0012757,-0.22629124029199973,-0.008831987011346165,0.305989276728881,0.305989276728881,0.07750795848899823,occlusion,gradcam
resnet18,ISIC_0012758,-0.02055082962842674,0.001140535075126992,0.35439116928496067,-0.05121523424493129,0.13953867379666254,occlusion,gradcam
resnet18,ISIC_0012786,0.1947304948778338,0.0755776878602721,0.2340087693321317,-0.027568559890712076,0.17776275115911955,occlusion,gradcam
resnet18,ISIC_0012803,0.0753255643679511,-0.11678750483758725,0.12381960897621659,-0.10449410333515538,0.11285069332568844,occlusion,gradcam
resnet18,ISIC_0012836,-0.23435942513875554,0.03505539782184564,0.3045798866786553,0.13009363492673248,0.3045798866786553,occlusion,gradcam
resnet18,ISIC_0012837,0.2054496816677786,0.19348935659368793,0.472542704504936,0.4396822000228861,0.472542704504936,occlusion,gradcam
resnet18,ISIC_0012848,0.0706973091940936,0.1435017685420424,0.4460149695817046,0.2843508211948943,0.11107413256396943,occlusion,gradcam
resnet18,ISIC_0012852,0.2632309034653441,0.07837727678179042,0.2836751486735733,0.01608394494992035,-0.13097073825488817,occlusion,gradcam
resnet18,ISIC_0012903,-0.25697666933692626,-0.16364874075789768,0.08099612486408844,0.06092052139006771,0.08099612486408844,occlusion,gradcam
resnet18,ISIC_0012904,-0.4070861244726412,-0.23260426824505154,0.19479651591797678,-0.13194975368337347,-0.22540455198737128,occlusion,gradcam
resnet18,ISIC_0012928,-0.14775970235661434,-0.07727818887432399,0.2643624538445699,0.2643624538445699,0.0172671180514109,occlusion,gradcam
resnet18,ISIC_0012941,-0.1867293712591575,-0.22984790426577525,0.0827347989918557,-0.17066951646991763,-0.3083485970412257,occlusion,gradcam
resnet18,ISIC_0012955,0.02591114727279658,0.10913236783015905,0.3684739015824738,0.3684739015824738,0.1028861444955891,occlusion,gradcam
resnet18,ISIC_0012967,0.24344242329905016,0.08943406238048575,0.44393370115310143,0.05190810555609167,0.3249668119960803,occlusion,gradcam
resnet18,ISIC_0012974,0.3669067804664232,0.10058708633315164,0.43646994160001557,0.0277785320132306,0.30692431169226697,occlusion,gradcam
resnet18,ISIC_0012989,0.13674446280015365,0.2520540753534017,0.846456301944665,0.524612236993011,0.02613550245718386,occlusion,gradcam
resnet18,ISIC_0013030,0.09582056082015182,0.07798083972368453,0.3942872170300143,-0.022622308187840556,-0.07037989765405728,occlusion,gradcam
resnet18,ISIC_0013035,0.21262012434389901,-0.06119495713891911,0.27657598193340766,0.06941713493588646,0.009789369379680415,occlusion,gradcam
resnet18,ISIC_0013045,0.2605372126168281,0.060759898032248176,0.48853006694049894,0.48853006694049894,0.3143684417291454,occlusion,gradcam
resnet18,ISIC_0013070,0.18523109801290735,0.13360013034268722,0.4994304756052931,0.4994304756052931,0.42312462428961545,occlusion,gradcam
resnet18,ISIC_0013072,-0.19784483312238874,-0.015190683454014047,0.23252702596570712,0.1665778417406523,0.23252702596570712,occlusion,gradcam
resnet18,ISIC_0013073,-0.17599081326740493,-0.05752219235969717,0.28333485448856155,0.28333485448856155,0.15932049070592327,occlusion,gradcam
resnet18,ISIC_0013085,0.08253302098750805,0.14735785787879188,0.41272515198560783,0.41272515198560783,0.2743732062295014,occlusion,gradcam
resnet18,ISIC_0013109,-0.3974941711440035,-0.13603979174639644,0.09478170328848294,-0.12125645452160076,-0.0023116833561245592,occlusion,gradcam
resnet18,ISIC_0013159,-0.1899667914495898,-0.14245121450013493,0.0855693013870311,-0.027322990216325966,-0.16174208725775865,occlusion,gradcam
resnet18,ISIC_0013164,-0.2668341972208833,-0.012544929170705054,0.17549566159459543,-0.1353403325809265,0.17549566159459543,occlusion,gradcam
resnet18,ISIC_0013169,0.20489177667945999,0.1318326674271977,0.33307383361236925,0.30017850255487044,0.2415095882430778,occlusion,gradcam
resnet18,ISIC_0013170,0.2545313629144731,0.12325769228547978,0.4546834667009526,0.17818071160713725,0.12789215064389592,occlusion,gradcam
resnet18,ISIC_0013176,0.1819276781788763,0.14197189675573527,0.4342992356145046,0.19872752438781877,0.31120696491487154,occlusion,gradcam
resnet18,ISIC_0013191,-0.17344069902211784,-0.10750557951568997,0.018587856914220175,-0.11739233910190539,-0.042867878027887905,occlusion,gradcam
resnet18,ISIC_0013203,0.07767655035574858,0.10669609655480997,0.4937279991152671,0.05202452406655622,-0.025995379324630353,occlusion,gradcam
resnet18,ISIC_0013216,0.08889024905432748,0.10158981243866215,0.5744753502866017,0.5744753502866017,0.47875478900249807,occlusion,gradcam
resnet18,ISIC_0013226,0.11044360724379879,-0.046215665036116904,0.37019007530755893,-0.40268396934003586,0.37019007530755893,occlusion,gradcam
resnet18,ISIC_0013230,0.11716921751684202,0.09304731248454491,0.40878816587156486,-0.09581955577195458,0.40878816587156486,occlusion,gradcam
resnet18,ISIC_0013242,-0.24693321494264198,-0.1629411417335294,0.079427358047706,0.079427358047706,-0.06598663732615541,occlusion,gradcam
resnet18,ISIC_0013269,0.09634266135737897,0.07465453104995426,0.2167146969251188,0.10505834330265183,0.06425037605514757,occlusion,gradcam
resnet18,ISIC_0013270,-0.1607762232435368,0.23319934455982935,0.7988044773726222,0.7988044773726222,0.018864839008268797,occlusion,gradcam
resnet18,ISIC_0013271,0.11238950203187933,-0.057402827097080604,0.2968107551267022,0.2722105005551573,0.2968107551267022,occlusion,gradcam
resnet18,ISIC_0013277,-0.20106202438933055,0.0006937640905775588,0.28471183316494814,0.0950257465798913,0.28471183316494814,occlusion,gradcam
resnet18,ISIC_0013281,0.19479564147586353,0.11134877146216339,0.4580476611624584,0.17014202827221206,0.035498795764226175,occlusion,gradcam
resnet18,ISIC_0013291,0.21293649217571214,0.08929569147676986,0.28882285586981105,0.26228404885105777,0.16873088589142782,occlusion,gradcam
resnet18,ISIC_0013319,0.2767525741720608,0.2074102781982628,0.5741806483835143,0.5145304535162722,0.5741806483835143,occlusion,gradcam
resnet18,ISIC_0013321,0.3383166879076551,0.24247741812279333,0.3997327580985534,0.21995179428447306,0.3111744370583434,occlusion,gradcam
resnet18,ISIC_0013325,-0.05555326800273441,0.1046704691770555,0.6800915162948843,0.6800915162948843,0.33257100469294976,occlusion,gradcam
resnet18,ISIC_0013374,0.33302073108592545,0.25160315331689187,0.67253543562982,0.2000873834726359,0.2569925366715985,occlusion,gradcam
resnet18,ISIC_0013393,-0.009300952632568868,-0.1237275042220145,0.33146725497550816,-0.026609812883933364,-0.15367247420727878,occlusion,gradcam
resnet18,ISIC_0013399,0.2306440927972643,0.019467526784848983,0.31293268517497647,0.2857765573476275,-0.26974024371259153,occlusion,gradcam
resnet18,ISIC_0013411,0.05919063295899461,0.04221165836906109,0.505298188709632,0.07769158694509715,0.22744724655499077,occlusion,gradcam
resnet18,ISIC_0013414,0.10643792520153197,0.0009578888189397385,0.2915824620510375,0.2915824620510375,-0.05893540882004246,occlusion,gradcam
resnet18,ISIC_0013416,0.041539242773286515,0.027664860000926047,0.17279478180676439,-0.1704729059511784,0.14114565924399303,occlusion,gradcam
resnet18,ISIC_0013455,-0.1044641852653145,-0.033716307989972834,0.2098530632249453,0.12606007814810055,0.2098530632249453,occlusion,gradcam
resnet18,ISIC_0013457,-0.14598488860889738,0.05644414821805076,0.5686730262501591,0.15733658638187992,0.2641731019018311,occlusion,gradcam
resnet18,ISIC_0013459,-0.040994564224828105,-0.1715738003983799,0.046631731950612085,-0.26580903814465534,-0.2526321747393104,occlusion,gradcam
resnet18,ISIC_0013465,-0.1082182045244414,0.05884892686777741,0.3729080158412747,0.3729080158412747,-0.023968322279487593,occlusion,gradcam
resnet18,ISIC_0013472,-0.0669094364828573,-0.036178496288651794,0.278227294743381,-0.22230143490445786,0.278227294743381,occlusion,gradcam
resnet18,ISIC_0013473,-0.018082362096256053,0.10013459950038547,0.3854474706747594,0.18244232368975172,0.029464617523020226,occlusion,gradcam
resnet18,ISIC_0013511,-0.040412588682396645,0.09650217149974674,0.4099744659916033,0.11504947966786025,-0.014229924872751274,occlusion,gradcam
resnet18,ISIC_0013512,-0.07110659106326044,-0.22929487619345257,-0.01861594656860261,-0.03967607354819427,-0.01861594656860261,occlusion,gradcam
resnet18,ISIC_0013529,0.287281500377369,0.012893850583257852,0.5546242313405877,0.3333692743754078,0.5546242313405877,occlusion,gradcam
resnet18,ISIC_0013565,-0.20442542072946793,-0.09170540108381484,0.1591552003062428,-0.10813927130783041,-0.20489439208027596,occlusion,gradcam
resnet18,ISIC_0013577,0.0369125818254117,0.1820173468309178,0.32443695223605556,0.3240776724746229,0.2840358879389235,occlusion,gradcam
resnet18,ISIC_0013588,-0.03665492510064272,-0.09773744930639669,0.32365999289879493,0.32365999289879493,0.04515284794652363,occlusion,gradcam
resnet18,ISIC_0013600,0.3383410735746685,0.10896128829696107,0.4913587011089195,0.4913587011089195,0.4787487493998309,occlusion,gradcam
resnet18,ISIC_0013602,0.17837444028213104,0.15862110254654146,0.6001276133097503,0.20370040092201025,0.24265095624113245,occlusion,gradcam
resnet18,ISIC_0013615,0.22688233017067536,0.051488563146856445,0.37527823819711525,0.37527823819711525,0.28577727982318984,occlusion,gradcam
resnet18,ISIC_0013617,-0.1889584391385219,-0.31618501647725383,0.3550909376044409,0.3550909376044409,0.3342071012262915,occlusion,gradcam
resnet18,ISIC_0013636,0.09444889725266205,0.05893235702123266,0.6051178956482414,-0.4974378589574134,0.6051178956482414,occlusion,gradcam
resnet18,ISIC_0013673,0.1144424184339299,0.093952738416767,0.44739349668535,0.3421436363558802,-0.057295407879962346,occlusion,gradcam
resnet18,ISIC_0013678,-0.3003860722588443,-0.03601131520603685,0.01935202125606447,0.01935202125606447,-0.06433052128721442,occlusion,gradcam
resnet18,ISIC_0013696,0.0987492201578712,0.0065479691443496345,0.23954601459266872,0.2092640496053281,-0.22069941681214453,occlusion,gradcam
resnet18,ISIC_0013708,0.14905305988484294,0.21677248852328265,0.5037800998298323,0.5037800998298323,0.17274438966754266,occlusion,gradcam
resnet18,ISIC_0013733,-0.03701040590374634,0.1311709638676882,0.6430854266016792,0.6430854266016792,0.343337345556164,occlusion,gradcam
resnet18,ISIC_0013738,-0.11881356469120162,-0.11617711640764868,0.10184450124537557,-0.02159360918029212,-0.06961114871916414,occlusion,gradcam
resnet18,ISIC_0013739,0.32136993908340866,0.10903428221336833,0.49331196666965943,0.005975752474185104,0.180778238166901,occlusion,gradcam
resnet18,ISIC_0013764,0.07344376436224086,0.1920530144417906,0.4586458195552138,0.3550911528051799,0.15679993591079291,occlusion,gradcam
resnet18,ISIC_0013766,-0.36691662503709754,-0.1893178441210352,-0.02268440507404988,-0.10362918006775776,-0.08189140094008487,occlusion,gradcam
resnet18,ISIC_0013767,-0.14167936923663532,0.08091088236224296,0.2512966960431008,0.20861568420134363,0.09880228551079669,occlusion,gradcam
resnet18,ISIC_0013794,-0.24884572177518086,-0.08889903095288602,0.32326689014990234,0.32326689014990234,0.16872974192687748,occlusion,gradcam
resnet18,ISIC_0013809,0.3209679659168977,0.2808360313995452,0.41382283585863117,0.28983578233578183,0.35911344699113973,occlusion,gradcam
resnet18,ISIC_0013813,0.2021104265702316,0.25921396508708255,0.38292888876643516,0.35864586778827506,0.357411877772006,occlusion,gradcam
resnet18,ISIC_0013814,0.3839194980101074,0.22592639235462278,0.41807243493048346,0.06706734477327136,0.14358135979751274,occlusion,gradcam
resnet18,ISIC_0013833,0.3580767645060006,0.2816412393709418,0.4625250716974003,0.32590718790254797,0.2370341073734837,occlusion,gradcam
resnet18,ISIC_0013842,0.18424908522297767,0.051725343328917775,0.4183141763857431,-0.09967172359769803,0.4183141763857431,occlusion,gradcam
resnet18,ISIC_0013867,-0.2757740396448835,-0.11324183749242454,0.3156773908979814,0.3156773908979814,0.0616171786794562,occlusion,gradcam
resnet18,ISIC_0013891,0.0327888944031587,0.03264074609838826,0.4609059631326454,-0.1143566937787638,0.3734351133461186,occlusion,gradcam
resnet18,ISIC_0013897,-0.18626067743531957,-0.034051107947052725,0.30784375069705877,0.18328023610302266,0.1898064612330905,occlusion,gradcam
resnet18,ISIC_0013908,0.0888159615669392,-0.09637963051239126,0.49725703827210194,0.1962446462988733,0.49725703827210194,occlusion,gradcam
resnet18,ISIC_0013911,0.15009592202930552,0.18941347716198872,0.5381195133515074,0.5056469667546073,0.5381195133515074,occlusion,gradcam
resnet18,ISIC_0013917,-0.016779601621350122,-0.1996463095764154,0.5633241719914805,-0.2561988366593301,0.16943550332077198,occlusion,gradcam
resnet18,ISIC_0013925,-0.15061268564810423,0.0469532163834979,0.1650004740876343,0.14175691740613797,0.03347714012232106,occlusion,gradcam
resnet18,ISIC_0013948,0.011244731598552724,0.12104534947766113,0.3184636708375434,0.3184636708375434,0.31536622629066885,occlusion,gradcam
resnet18,ISIC_0013953,-0.2564116176678413,-0.03559757808699758,0.1487457879333143,-0.05082985911491976,0.12168757669354187,occlusion,gradcam
resnet18,ISIC_0013966,-0.10700039509930052,-0.04206913947612922,0.09029610455787815,-0.09419809444772806,0.06612639401513475,occlusion,gradcam
resnet18,ISIC_0013977,-0.08833909308497392,-0.016119960926170036,0.26421371057674803,0.03515805161356581,-0.27810591429554693,occlusion,gradcam
resnet18,ISIC_0013987,-0.22572995672952234,0.08484452426611169,0.3984656314181581,0.3984656314181581,0.38282709184331426,occlusion,gradcam
resnet18,ISIC_0013988,0.11940391272706144,0.2631938967758752,0.9535846451027539,0.5178666708375049,0.5105001975786009,occlusion,gradcam
resnet18,ISIC_0013998,-0.20099315791506073,-0.27497243773408675,0.2217827409924696,-0.1835651071500491,0.2217827409924696,occlusion,gradcam
resnet18,ISIC_0014006,-0.04840476744528204,-0.17800130738201683,0.25061369266558764,0.037358094937916815,-0.09136599165605504,occlusion,gradcam
resnet18,ISIC_0014027,-0.06537698777105087,-0.2987826023445221,0.15555242356747304,-0.0948711043832414,0.15555242356747304,occlusion,gradcam
resnet18,ISIC_0014059,0.07120857488232121,0.08854205158026905,0.32262055228648806,0.16521957319747932,0.32262055228648806,occlusion,gradcam
resnet18,ISIC_0014077,-0.051376177613310293,-0.22420108204147543,0.23587046665485514,0.23587046665485514,-0.08064336157373612,occlusion,gradcam
resnet18,ISIC_0014090,-0.061294217755684235,0.04642677835723833,0.3602089012392961,0.18241671737855353,0.3602089012392961,occlusion,gradcam
resnet18,ISIC_0014103,-0.03788794171488034,-0.09174490249098045,0.3468401650500121,0.20415416283350155,0.3468401650500121,occlusion,gradcam
resnet18,ISIC_0014110,-0.07149529943172582,0.11718960737001893,0.4992496228529566,0.4992496228529566,0.4862897474423387,occlusion,gradcam
resnet18,ISIC_0014117,-0.04390353923275584,-0.19786862007788,0.12924685074680145,-0.7360468149405862,0.12924685074680145,occlusion,gradcam
resnet18,ISIC_0014129,0.07703173946618855,0.18288988306683565,0.3893290626622093,0.13924042039649823,0.3426605325188489,occlusion,gradcam
resnet18,ISIC_0014148,0.09314015846999689,0.07854144400360641,0.3989842693629427,0.15634049183558904,-0.03121219972562688,occlusion,gradcam
resnet18,ISIC_0014160,0.25102089012057227,0.21085149001413223,0.4175267702095406,0.29143652995058594,0.4175267702095406,occlusion,gradcam
resnet18,ISIC_0014177,0.024810263043032625,0.2356839623171696,0.6102246229515255,0.6102246229515255,0.3611573564441331,occlusion,gradcam
resnet18,ISIC_0014181,-0.0034453263390025824,0.24409607758139923,0.5088222292679919,0.5088222292679919,0.5063143208371471,occlusion,gradcam
resnet18,ISIC_0014186,0.17475251481116486,0.152395653289152,0.38734746131300507,0.38734746131300507,-0.08682969988651415,occlusion,gradcam
resnet18,ISIC_0014219,0.19887418454695,0.2534814720661,0.5809708377890599,0.36638783376297823,0.4875024688874781,occlusion,gradcam
resnet18,ISIC_0014221,0.2492329120028607,-0.0070040937074158215,0.5330468235390596,0.5330468235390596,0.14629128881865353,occlusion,gradcam
resnet18,ISIC_0014233,0.0038673522909625302,0.13597859153527717,0.7603866600236865,0.10123846968992374,0.3323783406904532,occlusion,gradcam
resnet18,ISIC_0014251,-0.08960941037738686,0.06513675387186309,0.30836993702633503,0.20703413557560751,-0.05271442818518673,occlusion,gradcam
resnet18,ISIC_0014255,-0.06033369776716652,-0.03891901903499152,0.6763536557894899,0.24181390131285796,0.05163122387846929,occlusion,gradcam
resnet18,ISIC_0014270,0.07157655372839047,0.37087574250465505,0.973724239612407,0.5225998303234999,0.4123610660151705,occlusion,gradcam
resnet18,ISIC_0014278,-0.09854175121721902,-0.037454904919576044,0.233222484192418,0.233222484192418,-0.22114534803703845,occlusion,gradcam
resnet18,ISIC_0014284,-0.01786389010677412,0.15804080116350647,0.46837406336862447,0.4449619951829618,0.46837406336862447,occlusion,gradcam
resnet18,ISIC_0014288,0.3699761085645492,0.3202252702490092,0.6614909594569394,0.37611074132601113,0.49756610922095035,occlusion,gradcam
resnet18,ISIC_0014319,-0.05512288306590502,0.13710143255647303,0.6676290532809472,0.04283285631303919,0.26714249805370427,occlusion,gradcam
resnet18,ISIC_0014336,0.04807179644796227,0.3383931590687738,0.8102985821617645,0.538689530964555,0.5275116143255569,occlusion,gradcam
resnet18,ISIC_0014349,0.4146380390635183,0.37296062857654216,0.5337435204062496,0.5170870211408902,0.5182634099840111,occlusion,gradcam
resnet18,ISIC_0014369,0.3341168621608309,0.16423093249148962,0.7251498602320524,0.282197025536446,0.5433178905894513,occlusion,gradcam
resnet18,ISIC_0014386,0.07174792073931788,0.18332506183138936,0.9917329720126314,0.9917329720126314,-0.20378636974125633,occlusion,gradcam
resnet18,ISIC_0014392,-0.0854390382598237,0.09048814854180447,0.2975649667839204,0.2975649667839204,0.0397099471683506,occlusion,gradcam
resnet18,ISIC_0014409,-0.027172514948029556,-0.17210541286970257,0.16826575028282237,0.1464531426183408,0.08459649279758819,occlusion,gradcam
resnet18,ISIC_0014419,0.2312439891164407,0.08270250516784987,0.26170524155528097,-0.04171439055894188,0.26170524155528097,occlusion,gradcam
resnet18,ISIC_0014423,0.2773280073716586,-0.03296778525280646,0.34599172679678397,0.20150486434618836,0.34599172679678397,occlusion,gradcam
resnet18,ISIC_0014434,-0.16560860810626915,-0.05478494795397021,0.06415625563194796,0.028483530556998045,-0.002596117538135791,occlusion,gradcam
resnet18,ISIC_0014454,0.3439681508754649,0.12068028729550052,0.2859961622804286,0.2797899892564359,-0.1416541281614648,occlusion,gradcam
resnet18,ISIC_0014457,0.3076585301679921,0.27325359717483416,0.572578905940578,0.572578905940578,0.45287588796867506,occlusion,gradcam
resnet18,ISIC_0014470,0.15148259887887403,0.16475790210187444,0.27800157063298475,0.27800157063298475,0.1275789909051761,occlusion,gradcam
resnet18,ISIC_0014474,-0.059267259858119405,0.03871552612502591,0.26482576162260624,-0.0952129331964078,0.26482576162260624,occlusion,gradcam
resnet18,ISIC_0014478,-0.13136128828784654,-0.07313899819683421,0.09459980968805573,-0.08728920840003687,0.09459980968805573,occlusion,gradcam
resnet18,ISIC_0014489,0.32153192678493764,0.26896985430780057,0.4723898707642392,0.426465181820618,0.4723898707642392,occlusion,gradcam
resnet18,ISIC_0014500,0.19604271174708957,0.14562891544330822,0.43078271217884206,0.26940860939847205,0.43078271217884206,occlusion,gradcam
resnet18,ISIC_0014503,-0.26098281984279154,-0.09047562058218953,0.3356525600475727,0.1681821436506026,-0.2294257717437128,occlusion,gradcam
resnet18,ISIC_0014506,0.33472746482057003,0.08938099014188776,0.47090593008314124,0.06935329874448563,0.47090593008314124,occlusion,gradcam
resnet18,ISIC_0014513,-0.0878855576643344,0.11751414320848688,0.45523702369863683,0.375657358083373,0.45523702369863683,occlusion,gradcam
resnet18,ISIC_0014541,-0.11489589284100137,0.28427179821202586,0.5024408472612223,0.4126454570481086,0.5024408472612223,occlusion,gradcam
resnet18,ISIC_0014542,-0.23244090734083253,-0.2559099951466098,0.11024140994521207,-0.0720727536125541,0.051255675229685806,occlusion,gradcam
resnet18,ISIC_0014546,-0.07604204236611996,-0.023613528976646498,0.16254532450675477,0.14734600729183014,0.15979671974505708,occlusion,gradcam
resnet18,ISIC_0014548,0.0335051172258403,0.11309323582690005,0.38088565430505017,0.07223458951321397,0.27032774411322114,occlusion,gradcam
resnet18,ISIC_0014559,0.2897186015297776,0.2363733094835904,0.431716878694667,0.39216384401903903,0.27988660864249154,occlusion,gradcam
resnet18,ISIC_0014567,0.20169964827345785,0.025434603558562436,0.19809857981512868,0.18164449565581828,-0.029946623910597277,occlusion,gradcam
resnet18,ISIC_0014574,0.12010523452969392,-0.006451576028651004,0.09267329916753683,-0.01113733116479557,-0.14342868487308302,occlusion,gradcam
resnet18,ISIC_0014575,0.15405594687787377,0.07339868011785795,0.28884401309390767,0.28884401309390767,-0.038144803338601686,occlusion,gradcam
resnet18,ISIC_0014586,-0.15953888702776503,-0.11674565965539278,0.35440679334206554,-0.16141822138661752,-0.05003740757253347,occlusion,gradcam
resnet18,ISIC_0014587,0.22267098663127438,0.01133117223591991,0.1802133195870679,-0.05098353879235329,0.033253691960147096,occlusion,gradcam
resnet18,ISIC_0014588,0.0702853043734509,0.003620191995690833,0.3082249885962156,0.3082249885962156,0.02661985567132971,occlusion,gradcam
resnet18,ISIC_0014590,0.11785735273697483,0.035382118664692326,0.22751828727258755,0.22751828727258755,0.10485180415576664,occlusion,gradcam
resnet18,ISIC_0014600,0.12446604424612638,0.06629279159276749,0.6647584026569408,0.6647584026569408,0.22855695860581854,occlusion,gradcam
resnet18,ISIC_0014619,0.15727873765590997,-0.07021377747420927,0.22614800995931342,-0.05287281918535502,-0.024924613088945113,occlusion,gradcam
resnet18,ISIC_0014626,0.2337173580949657,0.05270477174510467,0.34612314745876116,0.34612314745876116,0.24455032953959055,occlusion,gradcam
resnet18,ISIC_0014627,-0.11015829708788083,-0.20753675687508513,0.16462181555933805,-0.025631510736185477,-0.12178419532893492,occlusion,gradcam
resnet18,ISIC_0014629,0.048411112342972386,-0.035205691347900483,0.09166731551893395,-0.07635936379553199,0.02256234713261825,occlusion,gradcam
resnet18,ISIC_0014631,-0.026774345663452635,-0.05606262526238792,0.16686054539870496,0.10473880315775073,-0.006064241954523185,occlusion,gradcam
resnet18,ISIC_0014634,0.2861013072360655,0.12855682192393209,0.32456439432099826,0.32456439432099826,-0.13550838399834153,occlusion,gradcam
resnet18,ISIC_0014643,-0.09209850829510527,-0.10030161116487349,0.059931156950867544,-0.1602778963634752,-0.31081904214946227,occlusion,gradcam
resnet18,ISIC_0014644,0.062024577387753244,0.002780489204609359,0.17696518695010846,0.0035136078013836398,-0.012887257410529842,occlusion,gradcam
resnet18,ISIC_0014645,0.1397029538853555,0.213113796264363,0.34278964915797366,0.3245157114156643,0.2900774700034053,occlusion,gradcam
resnet18,ISIC_0014647,-0.0726652902050237,0.018530687882783167,0.19315034671228504,0.19315034671228504,-0.028771895899474598,occlusion,gradcam
resnet18,ISIC_0014648,-0.0954984046930247,-0.06444990213895536,0.09989103648342311,0.09989103648342311,-0.09797690727793665,occlusion,gradcam
resnet18,ISIC_0014649,-0.003266753720418593,-0.024276303495016676,0.48094568298471124,0.15124388980640863,0.1355712230634772,occlusion,gradcam
resnet18,ISIC_0014652,0.2963741054462373,0.25509305103259056,0.5608278983861161,0.1317477070136361,0.5608278983861161,occlusion,gradcam
resnet18,ISIC_0014653,0.058002548420798404,0.12327651732027024,0.8239095820409855,-0.08269030473439298,0.012025769259641772,occlusion,gradcam
resnet18,ISIC_0014663,0.11935446375304075,0.34078537880421944,1.0257267519584572,0.4197618392337677,0.30538857018462373,occlusion,gradcam
resnet18,ISIC_0014666,-0.010271933651017575,0.12695653613178196,0.47632878069777995,0.10645710919409972,0.47632878069777995,occlusion,gradcam
resnet18,ISIC_0014675,-0.09117059615071177,0.1301468404982126,0.30662281461283153,0.30662281461283153,0.2755523436722872,occlusion,gradcam
resnet18,ISIC_0014677,0.1868712503785795,0.01794425664418193,0.282728133136099,-0.043181968909043474,-0.3009276606798138,occlusion,gradcam
resnet18,ISIC_0014687,-0.07367036653014444,-0.19495764666305096,0.43142203516264066,0.43142203516264066,0.18972424453768041,occlusion,gradcam
resnet18,ISIC_0014693,0.3239992877604027,0.16803770171749782,0.7190134325528489,0.36755851450377647,0.41713571913507896,occlusion,gradcam
resnet18,ISIC_0014695,0.19618011728079132,0.2169366054267964,0.4963430227403309,0.35902122817581095,0.4963430227403309,occlusion,gradcam
resnet18,ISIC_0014697,-0.04818126170822692,-0.16453754644813132,0.18223157084005076,0.18223157084005076,-0.036100387165599775,occlusion,gradcam
resnet18,ISIC_0014698,-0.05345856415439389,-0.12345154234741985,0.26967912160897967,0.25755550162578367,-0.02103588141280412,occlusion,gradcam
resnet18,ISIC_0014703,0.0961718457387278,0.1300340095695108,0.2733633412324073,0.15284765248713322,0.007151027708709383,occlusion,gradcam
resnet18,ISIC_0014720,-0.11317097751434094,-0.14072515094371968,0.2233791445313694,0.03788984239809878,0.2233791445313694,occlusion,gradcam
resnet18,ISIC_0014725,0.1005502889375578,0.08556482789909599,0.28678252403364873,0.22332009380129195,0.28678252403364873,occlusion,gradcam
resnet18,ISIC_0014727,0.3152198630480438,-0.12353797732620371,0.2992808391363398,0.2877059867822596,0.07212597899469873,occlusion,gradcam
resnet18,ISIC_0014728,-0.36271825274514563,-0.1573139659359753,0.14001066474410492,0.1322121048273163,0.012795733647838021,occlusion,gradcam
resnet18,ISIC_0014729,0.012688329610766824,0.10724134887851808,0.3992793830645807,0.3992793830645807,0.00469220772328944,occlusion,gradcam
resnet18,ISIC_0014740,-0.3241478392103908,-0.1848394743336658,0.33658654044233505,0.33658654044233505,-0.14410015754337366,occlusion,gradcam
resnet18,ISIC_0014743,-0.31309966486788443,-0.010624692229372937,0.38577720552981937,0.38577720552981937,-0.16052214037421378,occlusion,gradcam
resnet18,ISIC_0014746,-0.20614469822936385,-0.15401047440197346,0.2223282570586878,-0.04456421371124795,0.17552710538039573,occlusion,gradcam
resnet18,ISIC_0014749,-0.22455026363490319,-0.02773852674407577,0.3299986056789234,0.3299986056789234,-0.0793938142437309,occlusion,gradcam
resnet18,ISIC_0014753,0.23570852925658028,0.15071856329042713,0.40665154992709596,0.23386743062915377,0.2095114147662387,occlusion,gradcam
resnet18,ISIC_0014755,-0.05207645503547945,0.01842831936253973,0.256589923303884,0.0578555805279808,0.256589923303884,occlusion,gradcam
resnet18,ISIC_0014765,0.03506008907180628,0.09152785829589348,0.441975324917907,0.1304859474164129,0.04067478100464888,occlusion,gradcam
resnet18,ISIC_0014766,-0.1465087222498273,0.06153467569073688,0.15750736329302706,0.1514101043740547,0.12310598496760901,occlusion,gradcam
resnet18,ISIC_0014768,0.07704270290382456,0.06392804310212716,0.2512391040205479,-0.083712937297449,0.10960102115182664,occlusion,gradcam
resnet18,ISIC_0014772,0.1302517263543013,0.04917191882403416,0.3748557989823342,0.2751670832915477,0.3748557989823342,occlusion,gradcam
resnet18,ISIC_0014773,0.21220126974695155,0.1212030805497067,0.3840721214435033,0.3840721214435033,0.28679908733818876,occlusion,gradcam
resnet18,ISIC_0014780,0.10117572978442228,0.09673876558167492,0.4949679719856661,0.4949679719856661,0.26708840759027536,occlusion,gradcam
resnet18,ISIC_0014784,-0.1312351580643991,0.0767619518621316,0.33766377452547924,0.33766377452547924,0.25685126274454156,occlusion,gradcam
resnet18,ISIC_0014786,0.13259681490396902,0.1771716870046612,0.4107602541737953,0.2726307352296956,0.4107602541737953,occlusion,gradcam
resnet18,ISIC_0014787,-0.31325778275453103,-0.1262722619575756,0.17929016755270283,0.11020616869384671,0.17929016755270283,occlusion,gradcam
resnet18,ISIC_0014790,-0.11557115433504674,0.01752208185535642,0.3124347280325462,0.3124347280325462,0.18259675573668493,occlusion,gradcam
resnet18,ISIC_0014792,-0.3116630567079171,-0.05250298402234937,0.22356542306098862,0.04888948967091289,0.09285514181483433,occlusion,gradcam
resnet18,ISIC_0014796,-0.24242252653703553,-0.18562043657813468,0.25326680652543715,0.25326680652543715,0.054573413271953405,occlusion,gradcam
resnet18,ISIC_0014798,-0.02108767068364026,0.11158525902385667,0.4289285332035676,0.2558115166165945,0.2834883889714638,occlusion,gradcam
resnet18,ISIC_0014800,0.039168046837939986,0.1323085717799503,0.4740770821028694,0.25630735627428824,0.2542691413020547,occlusion,gradcam
resnet18,ISIC_0014807,-0.15279169129200904,-0.10670610561727031,0.5078584407227306,0.5078584407227306,0.17327822732576423,occlusion,gradcam
resnet18,ISIC_0014814,0.11577122374416864,-0.03263493419431466,0.21507386071221918,-0.19392235462707116,0.21507386071221918,occlusion,gradcam
resnet18,ISIC_0014815,0.2646360397255925,0.2545555565944604,0.4989810700745575,0.2258151938621453,0.44963395320518484,occlusion,gradcam
resnet18,ISIC_0014820,0.13315854819622033,-0.006375579779611362,0.1638491260331187,-0.03533141646782777,0.1638491260331187,occlusion,gradcam
resnet18,ISIC_0014822,0.07473286808922179,0.13201356059930183,0.7047123620312231,0.0724844048568074,0.13172529110160008,occlusion,gradcam
resnet18,ISIC_0014826,-0.2683026091636441,-0.09304913567675233,0.29657814964098517,0.29657814964098517,0.1664676035727968,occlusion,gradcam
resnet18,ISIC_0014833,0.11421341700865699,0.23674769387537592,0.4891066824415152,0.4891066824415152,0.1972408190627179,occlusion,gradcam
resnet18,ISIC_0014835,-0.07882725942021555,0.07188306650060249,0.31238544255347206,0.31238544255347206,0.13796171113457195,occlusion,gradcam
resnet18,ISIC_0014844,0.03015866113615882,0.08421361144670096,0.3140483753294562,0.14650970484337783,0.3140483753294562,occlusion,gradcam
resnet18,ISIC_0014853,0.008361932827056964,-0.1833662866186781,0.7258961684139765,-0.09030278036778215,0.03418779251311405,occlusion,gradcam
resnet18,ISIC_0014854,-0.00045528870890908035,0.08150606458976684,0.5472064913406596,0.26720596391662704,0.03648680280991063,occlusion,gradcam
resnet18,ISIC_0014862,0.08881349152915292,0.03111859028477982,0.2705459958307482,0.2705459958307482,0.240793342123469,occlusion,gradcam
resnet18,ISIC_0014863,0.04847900843751645,0.1420695791290761,0.5518179472928207,0.06482134052210682,0.2742060265458202,occlusion,gradcam
resnet18,ISIC_0014867,0.10840172653715134,-0.011678776428809202,0.23109256632800687,0.0028793369968414767,0.026548144911669982,occlusion,gradcam
resnet18,ISIC_0014868,-0.15484516784494406,-0.2281161986612906,0.2066757280923219,0.17904710211242333,0.2066757280923219,occlusion,gradcam
resnet18,ISIC_0014872,0.329986206360398,0.2583986778842313,0.5090651863302714,0.5090651863302714,0.34157700424722454,occlusion,gradcam
resnet18,ISIC_0014876,0.10860453436118696,0.11450377066048802,0.452514775178209,0.452514775178209,-0.03650657666998441,occlusion,gradcam
resnet18,ISIC_0014879,-0.09012154653559616,-0.03263560478183123,0.26283661979731743,-0.16084925234114486,0.09694815404282342,occlusion,gradcam
resnet18,ISIC_0014883,-0.34445095860545394,-0.3410000774643377,0.2636115799955057,0.2636115799955057,-0.020155660491743603,occlusion,gradcam
resnet18,ISIC_0014901,-0.2532269550519578,0.03327493370400771,0.36099189163232365,0.21850377018480405,0.36099189163232365,occlusion,gradcam
resnet18,ISIC_0014907,-0.33419309327119723,-0.07373231849664799,0.09297900367399607,-0.054770768907512375,-0.10307745279671753,occlusion,gradcam
resnet18,ISIC_0014910,0.0527329061615449,0.1917054639885978,0.7365077260515772,0.7365077260515772,0.2802116463572207,occlusion,gradcam
resnet18,ISIC_0014912,-7.09229157148185e-05,0.1420375641250409,0.8028551502297133,0.4645759517098597,0.38222149726764376,occlusion,gradcam
resnet18,ISIC_0014921,-0.007870264142025296,-0.031236601259905374,0.20620918253262202,0.06436242736502533,0.20620918253262202,occlusion,gradcam
resnet18,ISIC_0014927,0.06639712312980513,0.07528174941900398,0.5306298243108797,0.5306298243108797,-0.1008593141570207,occlusion,gradcam
resnet18,ISIC_0014928,-0.1411898556710895,0.1309861802550403,0.5788083308304997,0.5788083308304997,0.42540937670274304,occlusion,gradcam
resnet18,ISIC_0014932,0.15483254130377563,-0.05274935480170285,0.3801273959039907,0.3801273959039907,0.19835079466409372,occlusion,gradcam
resnet18,ISIC_0014936,0.0896819692181912,0.062105531795813386,0.2873462861649371,0.22922314597563398,0.1747853480539073,occlusion,gradcam
resnet18,ISIC_0014938,-0.022089983746710118,0.08680219348293902,0.28197739603717625,0.18595381076891013,0.28197739603717625,occlusion,gradcam
resnet18,ISIC_0014940,-0.11042228222237171,-0.1067025845373131,0.33691605585872886,0.3347317927741315,0.33691605585872886,occlusion,gradcam
resnet18,ISIC_0014941,-0.11404451190586173,-0.24317276220501247,0.17165068777212136,0.17165068777212136,0.12619859734172206,occlusion,gradcam
resnet18,ISIC_0014942,-0.07306191345830035,-0.0075167800532006624,0.20838679474282412,0.020141090030205207,0.1977043959021509,occlusion,gradcam
resnet18,ISIC_0014943,0.034513403003450564,0.0669285965566999,0.24965712490922445,-0.022535460185116048,-0.03235427247781838,occlusion,gradcam
resnet18,ISIC_0014944,0.02983636411103387,0.044751069609046124,0.3556143653068868,0.0948731184347558,0.3556143653068868,occlusion,gradcam
resnet18,ISIC_0014947,-0.008365212221789526,0.1168009981356104,0.3302234282643778,0.12961367382968575,0.31946983860326145,occlusion,gradcam
resnet18,ISIC_0014948,0.22955207299434635,0.10817942682840531,0.5140053919197698,0.5140053919197698,0.17811773560883215,occlusion,gradcam
resnet18,ISIC_0014949,-0.2586837021460275,-0.11781260693544789,0.1406741159429478,0.12175341539340852,0.014095140475579757,occlusion,gradcam
resnet18,ISIC_0014952,-0.19063622594014082,-0.06795557139955877,0.5647316443243909,0.5647316443243909,0.2608880716154556,occlusion,gradcam
resnet18,ISIC_0014955,0.06807698173243529,0.2211986021221852,0.47729411753770373,0.47729411753770373,0.1683721551509135,occlusion,gradcam
resnet18,ISIC_0014956,-0.24593050713721729,-0.2703391144923969,0.35378521293104803,0.35378521293104803,0.1708031917383628,occlusion,gradcam
resnet18,ISIC_0014957,-0.1290816184966875,-0.24221382202899805,0.3467516600254191,0.3467516600254191,0.18450489290048738,occlusion,gradcam
resnet18,ISIC_0014958,0.3564580437523764,0.2586481903263684,0.44363025553545443,0.44363025553545443,0.41050448678274104,occlusion,gradcam
resnet18,ISIC_0014959,-0.04516390002139846,0.0006157129421681752,0.25961065115138193,0.11981772095004482,0.031750604955560514,occlusion,gradcam
resnet18,ISIC_0014961,0.20636919888008384,0.14321354795446212,0.28624708331719634,0.28624708331719634,0.2370815726714833,occlusion,gradcam
resnet18,ISIC_0014962,-0.2919066299458832,0.01766447824834335,0.3634988356646711,0.3634988356646711,0.13391756131145732,occlusion,gradcam
resnet18,ISIC_0014963,0.06277567137638698,0.028463877704768187,0.31222455918963415,0.07956686305876813,-0.06992517827133272,occlusion,gradcam
resnet18,ISIC_0014964,-0.3132260246605948,0.0895752109378208,0.47991708343359385,0.47991708343359385,0.23183940980939863,occlusion,gradcam
resnet18,ISIC_0014966,-0.04518411570915393,0.07895697812339238,0.37398505065358645,0.37398505065358645,-0.20088620232448356,occlusion,gradcam
resnet18,ISIC_0014968,-0.11070693355942376,0.006372061143379515,0.3894466248428327,0.3894466248428327,-0.14725921857587368,occlusion,gradcam
resnet18,ISIC_0014969,-0.14654728859629282,-0.06390846985167983,0.2819837985153936,0.2819837985153936,0.17084607766999124,occlusion,gradcam
resnet18,ISIC_0014973,0.15009877117614875,-0.010715855975229418,0.20737765023931845,0.20729904086523684,0.20737765023931845,occlusion,gradcam
resnet18,ISIC_0014974,-0.1970190048308856,0.08724317497898317,0.5141654924431945,0.5141654924431945,0.3416989710101447,occlusion,gradcam
resnet18,ISIC_0014977,0.09948201716395996,0.03626005307934573,0.6690671486591249,0.0077784052564450834,0.18759880769340007,occlusion,gradcam
resnet18,ISIC_0014982,-0.07856833055598623,-0.0025568007809994605,0.44975485719504693,0.44975485719504693,0.15934954285411074,occlusion,gradcam
resnet18,ISIC_0014992,-0.07037292012877483,-0.009668514826033842,0.2491511767887183,0.23785359425695876,0.2491511767887183,occlusion,gradcam
resnet18,ISIC_0014994,-0.28988639897265306,-0.052548049877494396,0.2554470730174073,0.048744107357906685,0.2554470730174073,occlusion,gradcam
resnet18,ISIC_0014998,-0.03178964914043728,-0.12532419864101293,0.3501993983203041,0.3501993983203041,0.13302761270042437,occlusion,gradcam
resnet18,ISIC_0015002,-0.31445601351261354,-0.12607140614429152,0.30416930832564976,0.30416930832564976,0.05950664678010448,occlusion,gradcam
resnet18,ISIC_0015003,0.17535783517243114,0.15203451259925663,0.3203478017009769,0.19934033411001645,0.3203478017009769,occlusion,gradcam
resnet18,ISIC_0015004,0.061176808785797086,0.03954194085873379,0.35854078971641085,0.35854078971641085,0.15213752881431825,occlusion,gradcam
resnet18,ISIC_0015007,-0.036620460970419474,0.030030348865306724,0.1678042370521693,0.16344541227762535,-0.10994216933312564,occlusion,gradcam
resnet18,ISIC_0015008,0.07925357103427756,0.04752026395818322,0.2934209270930177,0.2934209270930177,-0.09490763336621659,occlusion,gradcam
resnet18,ISIC_0015009,0.1725217074053113,-0.00042068102584700325,0.20507277726604273,0.10504881113560835,-0.003145097246139444,occlusion,gradcam
resnet18,ISIC_0015011,-0.04591794473058865,-0.0044953002397059415,0.3292752664266026,0.3292752664266026,-0.14714572570658563,occlusion,gradcam
resnet18,ISIC_0015013,-0.1764415369677832,-0.2330384897741263,0.09354366733044403,0.07606267423200627,0.04821822578849017,occlusion,gradcam
resnet18,ISIC_0015015,-0.3082019210496753,-0.14988615350002799,0.1822006142017444,0.04055616451860293,-0.0042228574622894055,occlusion,gradcam
resnet18,ISIC_0015016,-0.34406819431223007,-0.1640519235346324,0.07268897696002855,-0.04124377192961311,-0.25981099270024816,occlusion,gradcam
resnet18,ISIC_0015018,0.011653295815604021,-0.019199650598868905,0.15732572737025402,0.11364608735661,-0.20882703766164826,occlusion,gradcam
resnet18,ISIC_0015019,-0.00042750423812379764,-0.09635519151345343,0.3637157866159103,0.276166841254516,0.22722536921788672,occlusion,gradcam
resnet18,ISIC_0015020,0.08881592544196389,0.1557816464390625,0.4127469917313157,0.3406355958249639,0.14601225160497608,occlusion,gradcam
resnet18,ISIC_0015021,-0.3696138509801085,0.047584022873762385,0.6819838448145551,0.24073695501963144,-0.07613597929558717,occlusion,gradcam
resnet18,ISIC_0015023,-0.0439663515565037,0.03849110725248241,0.2477314958390342,-0.02305775660238499,0.14242381055101558,occlusion,gradcam
resnet18,ISIC_0015026,0.16025278937272994,-0.03074614879366882,0.22274987270197633,0.22274987270197633,0.143154799127751,occlusion,gradcam
resnet18,ISIC_0015030,-0.02733360661451654,0.13491272785315864,0.510022657709059,0.11811818586548697,0.2168860159954562,occlusion,gradcam
resnet18,ISIC_0015031,-0.10658133705550145,0.11940140767050136,0.6188356440080044,0.6188356440080044,-0.058918294982020517,occlusion,gradcam
resnet18,ISIC_0015034,0.09853183123319642,-0.025730952627122345,0.1897902220923871,-0.04502488536816206,0.1897902220923871,occlusion,gradcam
resnet18,ISIC_0015035,-0.25000662444677174,-0.08845436095149728,0.3493747877000767,-0.3690514435088935,0.04366269814864997,occlusion,gradcam
resnet18,ISIC_0015037,0.2824886098692953,0.1811786407033655,0.5055127823224629,0.25579789012897086,0.1132537797880331,occlusion,gradcam
resnet18,ISIC_0015040,0.10559427654808942,0.12960264648126524,0.3869672538775178,0.08213323074331037,0.3025287922374402,occlusion,gradcam
resnet18,ISIC_0015041,0.021965703605986344,-0.15263958117429124,0.15721974161540123,0.15721974161540123,0.12983642895657246,occlusion,gradcam
resnet18,ISIC_0015046,-0.3848307773502611,-0.07232750745537661,0.25467092916749173,0.25467092916749173,-0.030820043606721588,occlusion,gradcam
resnet18,ISIC_0015050,0.1804352757355292,0.12930913343012254,0.4353656539009299,0.4353656539009299,0.04297267103153065,occlusion,gradcam
resnet18,ISIC_0015051,-0.054874608333820137,-0.0013140644648905445,0.4505229466474989,0.02509920553272771,0.2648489170153101,occlusion,gradcam
resnet18,ISIC_0015056,0.03373265678786984,0.06407255256060068,0.26416859361605965,0.00988659206096587,0.26416859361605965,occlusion,gradcam
resnet18,ISIC_0015057,0.034337595392897775,-0.04633453710327228,0.15882897233301813,0.09475907699718988,-0.24537552952356045,occlusion,gradcam
resnet18,ISIC_0015060,0.061265173870446464,0.07446025904255096,0.31617240748506986,-0.14986172972220263,0.08487174154142037,occlusion,gradcam
resnet18,ISIC_0015064,0.142463530747457,-0.040475035045940425,0.23486404979805878,0.23486404979805878,0.1631126184373585,occlusion,gradcam
resnet18,ISIC_0015071,-0.14621568667399673,0.05211830137631349,0.2809754628736032,0.21264421041488804,0.023821401604395005,occlusion,gradcam
resnet18,ISIC_0015078,-0.12010124390229779,0.07594507793495939,0.24847294211770482,0.24847294211770482,0.16909279999414437,occlusion,gradcam
resnet18,ISIC_0015089,-0.27644326410674086,0.009407316963626317,0.3323777402186628,0.1131677567555109,-0.02414109948395723,occlusion,gradcam
resnet18,ISIC_0015102,0.008187787432476692,0.045504434187906506,0.24229511604680434,0.20822516683476383,0.24229511604680434,occlusion,gradcam
resnet18,ISIC_0015115,0.060001276198925924,0.11451851517150968,0.6594567143244795,0.6594567143244795,0.6248115943693816,occlusion,gradcam
resnet18,ISIC_0015118,-0.06913582582193856,0.16256169791973435,0.4535108160735985,0.44951353887201034,0.4535108160735985,occlusion,gradcam
resnet18,ISIC_0015119,0.35061225425482334,0.24293088801594004,0.48062863947750484,0.24760322056214612,0.14484588256659622,occlusion,gradcam
resnet18,ISIC_0015125,-0.31183640731258405,-0.0034357970125136273,0.2597482239207724,0.07378447119190114,0.2597482239207724,occlusion,gradcam
resnet18,ISIC_0015127,0.08768714672051335,0.29928038243976207,0.5466674505151231,0.5466674505151231,0.43823870968592604,occlusion,gradcam
resnet18,ISIC_0015129,-0.03690828344906348,0.0244725150079393,0.3150405957751559,0.14639485107319755,-0.12423158406318709,occlusion,gradcam
resnet18,ISIC_0015130,0.2362167763415015,-0.007582474142399968,0.13868525723089736,0.13868525723089736,0.0872814381587711,occlusion,gradcam
resnet18,ISIC_0015132,0.2879570311680717,0.14224829862825897,0.5451558888284603,0.5451558888284603,0.3348452481129695,occlusion,gradcam
resnet18,ISIC_0015133,0.3533411680303095,0.4209762817227734,0.9083729144206051,0.37153133292875606,0.3032611359015499,occlusion,gradcam
resnet18,ISIC_0015136,-0.04967280062060871,0.2242939307172798,0.761218116653625,-0.09080120104082422,0.12796689815399065,occlusion,gradcam
resnet18,ISIC_0015139,0.1833625482643697,0.021005270632117316,0.2558089425017693,0.10456856448326345,0.2558089425017693,occlusion,gradcam
resnet18,ISIC_0015140,0.26456238429888485,0.14027360709340114,0.6634754039607109,0.06788678080670087,0.2943001440203085,occlusion,gradcam
resnet18,ISIC_0015142,0.07008436744307099,0.13207493097673179,0.40055661441190943,0.40055661441190943,0.2983091014624715,occlusion,gradcam
resnet18,ISIC_0015146,0.06684914293063345,-0.11200940663453345,0.11564792848902353,0.10811460326292666,0.08548593098761328,occlusion,gradcam
resnet18,ISIC_0015149,0.13321284072138534,0.07707339688488109,0.4835589460914825,0.4835589460914825,0.06983838622522172,occlusion,gradcam
resnet18,ISIC_0015150,-0.27744329483096775,-0.05742239480210414,0.7042858738351977,0.19083848470136236,-0.09373630318019108,occlusion,gradcam
resnet18,ISIC_0015152,-0.14933564161525892,-0.1392421345310434,0.1505453919277501,0.08079384267101461,-0.15709334650632437,occlusion,gradcam
resnet18,ISIC_0015155,-0.1953987501058291,0.12037383724993418,0.49152211953005215,0.49152211953005215,0.43728426951393146,occlusion,gradcam
resnet18,ISIC_0015156,0.07685019852381267,-0.18062669102189774,0.546512368310373,0.48460554440285736,0.546512368310373,occlusion,gradcam
resnet18,ISIC_0015157,-0.17969743743951083,-0.038104106198453495,0.15896730500027254,0.12296951333481791,-0.05697813038646842,occlusion,gradcam
resnet18,ISIC_0015160,-0.20122497801570896,-0.04529969419119135,0.381422282603088,0.381422282603088,-0.061253688528584246,occlusion,gradcam
resnet18,ISIC_0015161,-0.1844039018727272,0.04894689651798207,0.28006591182915325,0.18562625669403743,0.15735632605410113,occlusion,gradcam
resnet18,ISIC_0015163,-0.055505972628236123,0.10886295559883197,0.3679034638511184,0.1814390207008653,-0.0460274615238258,occlusion,gradcam
resnet18,ISIC_0015167,0.20740972410420572,0.17976230591119305,0.3555796238189508,0.3055568598741295,0.05931758896587986,occlusion,gradcam
resnet18,ISIC_0015171,-0.1372460663323785,0.025375849576654206,0.34710491979063274,-0.1069112902239467,0.34710491979063274,occlusion,gradcam
resnet18,ISIC_0015173,-0.025063873661578258,0.026890001032296638,0.17412206358382606,0.15420705340264235,0.17412206358382606,occlusion,gradcam
resnet18,ISIC_0015174,-0.08068078714505413,0.10059888993551379,0.44156301397561787,0.44156301397561787,0.40115708169978376,occlusion,gradcam
resnet18,ISIC_0015175,0.053945723207549076,0.1460195815656462,0.42279151412169946,0.3134460200529729,0.42279151412169946,occlusion,gradcam
resnet18,ISIC_0015176,-0.08861802777863005,0.059363099362125825,0.21085567871039843,0.16999587898997534,0.21085567871039843,occlusion,gradcam
resnet18,ISIC_0015179,0.04139228929637917,0.07205003759444224,0.3356598640657599,0.2610524784445364,0.113760403246603,occlusion,gradcam
resnet18,ISIC_0015180,0.03881038566851997,-0.11137189092204389,0.519981456780425,-0.1901863324697138,0.519981456780425,occlusion,gradcam
resnet18,ISIC_0015184,0.11770547880717327,-0.11079270149127458,0.40940503038056203,-0.11745385584436062,0.40940503038056203,occlusion,gradcam
resnet18,ISIC_0015185,0.005905437551113835,0.2676774199097099,0.6139976760425505,0.1526871833366815,0.3906433305389596,occlusion,gradcam
resnet18,ISIC_0015193,-0.2488349848301455,-0.01150002917050934,0.23370073576167963,0.1680938586779435,0.23370073576167963,occlusion,gradcam
resnet18,ISIC_0015201,-0.22949466814398325,-0.011911300639108035,0.3982104450224128,0.02003112132948694,0.17551817183921342,occlusion,gradcam
resnet18,ISIC_0015202,0.19296125754816593,0.09308781284942623,0.3145119629241008,0.03053600095077607,0.0944542754372606,occlusion,gradcam
resnet18,ISIC_0015203,-0.19999679354321795,0.01494285780608016,0.3908718696821162,0.3908718696821162,0.05801877708514052,occlusion,gradcam
resnet18,ISIC_0015206,-0.10668002048497693,-0.16032068532989685,0.2012764587847565,-0.20142586853340344,-0.07496167505396471,occlusion,gradcam
resnet18,ISIC_0015207,-0.1062083112511055,-0.047246885192047575,0.19796863301437445,0.19796863301437445,0.05890865065465548,occlusion,gradcam
resnet18,ISIC_0015208,0.0926019363694339,0.0813716448386833,0.5463766404123376,0.4095047019854488,0.24177887366794798,occlusion,gradcam
resnet18,ISIC_0015212,-0.016261713964102746,0.04111248242854604,0.21683284907014327,-0.12091059123782631,0.21312019254363346,occlusion,gradcam
resnet18,ISIC_0015215,-0.24329802374340798,-0.1499367465037466,0.21583308115746175,-0.02201949104319199,0.06213611184606301,occlusion,gradcam
resnet18,ISIC_0015216,-0.17006863309835604,0.01122602109801402,0.3111834269069789,0.3111834269069789,-0.04375408318931083,occlusion,gradcam
resnet18,ISIC_0015217,-0.10095455631327657,0.0974919665300984,0.48475170199105383,0.43666329110672697,0.29703717549739717,occlusion,gradcam
resnet18,ISIC_0015218,-0.23561255913839552,-0.033398320723633315,0.16717669400248555,0.005194322431942526,0.10451500258521894,occlusion,gradcam
resnet18,ISIC_0015223,0.16859972154894237,-0.055146025525383,0.27637949853375,-0.11894803534574858,0.27637949853375,occlusion,gradcam
resnet18,ISIC_0015224,0.15157336219430895,0.07788421547796875,0.2734623285489771,0.15975530101445065,0.04776984503569992,occlusion,gradcam
resnet18,ISIC_0015226,-0.1586649606597256,-0.025601853234499823,0.31767509828629936,0.10111993742311857,0.31767509828629936,occlusion,gradcam
resnet18,ISIC_0015229,0.043381393695002525,0.17769902259302903,0.4614956524874567,0.4614956524874567,0.18850234974128874,occlusion,gradcam
resnet18,ISIC_0015232,0.32331644164628076,0.0702753864798414,0.41586268087566897,0.27556582228351856,0.28155059346816247,occlusion,gradcam
resnet18,ISIC_0015237,-0.06517838669520049,0.32098080524963024,0.7364300778825401,0.47935763344486343,0.4985745945360277,occlusion,gradcam
resnet18,ISIC_0015241,-0.06604613342068218,0.0023971077587302586,0.24744913358351117,0.19448320697077529,0.24744913358351117,occlusion,gradcam
resnet18,ISIC_0015244,0.04291270040894243,0.03137401014891454,0.4263660419724708,0.3664191178885464,0.4263660419724708,occlusion,gradcam
resnet18,ISIC_0015245,-0.07453312979357704,-0.2219386372158523,0.35284005387350426,0.09016777383000477,0.35284005387350426,occlusion,gradcam
resnet18,ISIC_0015250,0.011516795127878938,0.06956053799344229,0.4149646262077401,0.4149646262077401,0.06137580868552003,occlusion,gradcam
resnet18,ISIC_0015251,-0.36275603707645504,-0.19973342086533483,-0.040434000868800106,-0.040434000868800106,-0.1927396301947204,occlusion,gradcam
resnet18,ISIC_0015254,0.2204253738691168,-0.014886999452314146,0.18527431780736117,-0.07429463324104217,0.18527431780736117,occlusion,gradcam
resnet18,ISIC_0015255,-0.07870800139084447,-0.1793185708822111,0.33691269945768815,0.33691269945768815,-0.062130372613213206,occlusion,gradcam
resnet18,ISIC_0015258,-0.13523773912950535,0.04278000185900107,0.3127701819413123,0.3127701819413123,-0.0033732764845738616,occlusion,gradcam
resnet18,ISIC_0015264,-0.1465382366859514,-0.2065458538541718,0.11442318148658145,-0.07649267482034859,-0.15689583740269586,occlusion,gradcam
resnet18,ISIC_0015270,-0.036906357583757265,0.049493715394657474,0.349306560044701,0.349306560044701,-0.0009889183656568276,occlusion,gradcam
resnet18,ISIC_0015273,-0.05088736409237017,-0.08674452369677203,0.20368441074506025,0.20368441074506025,-0.1330303232820236,occlusion,gradcam
resnet18,ISIC_0015274,-0.10548649239907823,0.058389608834884324,0.23384657245914728,0.18405617900929924,0.07572362200748929,occlusion,gradcam
resnet18,ISIC_0015276,-0.11772150605907235,0.07267742222409636,0.25420654290354655,0.08546851076488242,0.23517359302990545,occlusion,gradcam
resnet18,ISIC_0015279,-0.2574986745833391,-0.17543223917054446,0.4288311426186925,0.4288311426186925,-0.18922068086241298,occlusion,gradcam
resnet18,ISIC_0015283,-0.04815953058027532,-0.04360450939864748,0.3705090476186936,0.3705090476186936,0.21388147738212998,occlusion,gradcam
resnet18,ISIC_0015291,-0.17508319532254074,-0.09746358879756642,0.4168734634858841,0.4168734634858841,0.034704544905420916,occlusion,gradcam
resnet18,ISIC_0015293,-0.19218448915262593,-0.33933605667643435,0.14948429604303692,0.07812898269643645,0.14948429604303692,occlusion,gradcam
resnet18,ISIC_0015298,-0.10529710849883396,-0.16654023072396562,0.35493703441537944,0.19909731689416374,0.35493703441537944,occlusion,gradcam
resnet18,ISIC_0015309,0.27109499596946146,0.11351497332567405,0.48211043322670044,0.48211043322670044,0.06294727541055713,occlusion,gradcam
resnet18,ISIC_0015310,-0.11691569214769852,-0.0412339991496408,0.14388515799581428,0.14388515799581428,-0.11043780257833481,occlusion,gradcam
resnet18,ISIC_0015311,0.2513393283262104,0.057469829608730434,0.5118198066617051,0.30935010408472446,0.16847096409607668,occlusion,gradcam
resnet18,ISIC_0015312,-0.2170839888666447,-0.042019430631956955,0.3073798794574059,0.3073798794574059,0.16287389019864987,occlusion,gradcam
resnet18,ISIC_0015330,-0.15490653916935096,-0.055155750239426156,0.28480911856005175,0.28480911856005175,0.08508350072546746,occlusion,gradcam
resnet18,ISIC_0015331,0.019039921629096845,0.2091822668866706,0.5265780255328232,0.4397829121451374,-0.012943036141258786,occlusion,gradcam
resnet18,ISIC_0015347,-0.10911458703689943,0.07649944843899423,0.4412676590490697,0.033701609863023695,0.13520954149368405,occlusion,gradcam
resnet18,ISIC_0015353,0.16157302640563934,-0.017381522866164345,0.20894416443478273,0.20894416443478273,-0.1038610293130106,occlusion,gradcam
resnet18,ISIC_0015355,-0.32945556183632346,-0.18816493631563266,0.0960342956090171,0.0960342956090171,-0.34336872420097225,occlusion,gradcam
resnet18,ISIC_0015357,-0.04568375511327764,0.07720854791660144,0.3555116554216107,-0.14097524399048628,0.15924868234630107,occlusion,gradcam
resnet18,ISIC_0015360,-0.03474947944514365,0.08614144673066251,0.5841759518376645,0.18752490322472218,0.2469466287878779,occlusion,gradcam
resnet18,ISIC_0015363,0.06703314158896849,0.2194651294687909,0.6048994815845098,0.038755263712688656,0.1472000817984027,occlusion,gradcam
resnet18,ISIC_0015364,-0.14637371069575084,-0.1663668274747103,0.3441976611339226,0.25884604662884075,-0.019328978167010465,occlusion,gradcam
resnet18,ISIC_0015368,-0.15533034059977716,-0.2721682778621902,0.1658701457326211,-0.0007558749916143914,0.1658701457326211,occlusion,gradcam
resnet18,ISIC_0015369,0.10092479279756074,0.008947372010479664,0.43701325657090745,-0.1414011239373542,0.43701325657090745,occlusion,gradcam
resnet18,ISIC_0015383,0.11019924021176765,0.0819089719248366,0.5787787732651539,-0.09722611441066953,0.1011990329556274,occlusion,gradcam
resnet18,ISIC_0015386,-0.015396388070978777,0.1287804302928598,0.38575050159791274,0.38575050159791274,0.3064305869115855,occlusion,gradcam
resnet18,ISIC_0015390,-0.10821436218230343,0.16853475743347285,0.49347238719960035,0.49347238719960035,0.1849193891490848,occlusion,gradcam
resnet18,ISIC_0015395,-0.16486695208516813,0.12270976416427525,0.5080879881008299,0.30309339759927495,0.25352247970083924,occlusion,gradcam
resnet18,ISIC_0015403,0.23971804651094292,0.0678187588122816,0.41749450165793595,0.007548016564754297,-0.055264427368041234,occlusion,gradcam
resnet18,ISIC_0015404,-0.21826392755848703,0.003966563595569716,0.26342801988982506,0.26342801988982506,0.10032353435239598,occlusion,gradcam
resnet18,ISIC_0015411,-0.09258328074930755,0.0038722136517642036,0.4368356954114267,0.4368356954114267,0.16574943839849102,occlusion,gradcam
resnet18,ISIC_0015412,-0.11251090457782523,0.11345752298827831,0.3933445854605276,0.2835449157615266,0.3933445854605276,occlusion,gradcam
resnet18,ISIC_0015416,0.5182637190885717,0.29268627466281233,0.7070329593097016,0.3300380937757699,0.5814655925117646,occlusion,gradcam
resnet18,ISIC_0015417,0.1468240495606666,-0.003159755297143104,0.35262515874024064,0.1484174193547465,-0.11472447105153767,occlusion,gradcam
resnet18,ISIC_0015418,0.04863865895697618,0.13771817812122975,0.586542597269464,0.06872810944359041,-0.19043555734615994,occlusion,gradcam
resnet18,ISIC_0015419,0.46029154370178,0.26677533879818827,0.35419951222399043,0.29034008088172364,0.3335603238311747,occlusion,gradcam
resnet18,ISIC_0015436,0.1077243937301866,-0.16265154120471834,0.5710508615348427,0.4562361972668326,0.5710508615348427,occlusion,gradcam
resnet18,ISIC_0015440,-0.014137416646192438,0.13036341764813245,0.2922398276130229,0.2922398276130229,0.13548549577314692,occlusion,gradcam
resnet18,ISIC_0015447,0.15576657986709871,0.003689530442121433,0.3838827623395123,0.3838827623395123,0.2706233632540299,occlusion,gradcam
resnet18,ISIC_0015455,0.06018704902563716,0.06660040743054885,0.3364857916247751,0.3364857916247751,-0.0023311716939440658,occlusion,gradcam
resnet18,ISIC_0015464,-0.12383225463479297,0.15617892525438148,0.8156696937187741,0.8156696937187741,0.16528242137369933,occlusion,gradcam
resnet18,ISIC_0015466,-0.1242226397534595,-0.08885616530636782,0.23121079301925596,0.21712661095851887,-0.4663562115845505,occlusion,gradcam
resnet18,ISIC_0015468,-0.19298962689440208,-0.05042536801820886,0.2697553519091037,0.06994372746753921,-0.022240798024635664,occlusion,gradcam
resnet18,ISIC_0015476,-0.10657186985941924,-0.04919542520123691,0.2014644489787553,-0.008292969980213514,0.058472167768255826,occlusion,gradcam
resnet18,ISIC_0015481,-0.19330204294842104,-0.04002058131764441,0.35911989717705506,0.028791820945637068,0.35911989717705506,occlusion,gradcam
resnet18,ISIC_0015482,-0.1319713046174634,0.0956334703368172,0.42954344362998514,0.3635845358860303,0.42954344362998514,occlusion,gradcam
resnet18,ISIC_0015485,0.05796762155268188,0.23100684739877275,0.6380449721959829,0.5412990600269121,0.3788860178544494,occlusion,gradcam
resnet18,ISIC_0015510,-0.26078769663321577,-0.06289667011076508,0.5144155047821403,0.5144155047821403,-0.3406239811254457,occlusion,gradcam
resnet18,ISIC_0015526,-0.3555416934293697,-0.08216032104176474,0.19384707557709618,0.19384707557709618,0.023782299913581145,occlusion,gradcam
resnet18,ISIC_0015537,-0.2266566453890957,0.05171561078428596,0.5372986899357348,0.5372986899357348,-0.008610517375667854,occlusion,gradcam
resnet18,ISIC_0015544,-0.03921811034237334,0.2253348333621759,0.427128438896613,0.3887540433186448,0.26856882066762255,occlusion,gradcam
resnet18,ISIC_0015559,0.15259418251920312,0.20187306556141485,0.3962406938344158,0.3962406938344158,-0.01541556058738094,occlusion,gradcam
resnet18,ISIC_0015563,-0.04780363012651042,0.028861181751835607,0.26869995810360514,-0.008613863869233098,0.15282803598979686,occlusion,gradcam
resnet18,ISIC_0015566,0.01913956739665747,0.004141714229509256,0.3521909219926158,0.22119432795392382,0.3521909219926158,occlusion,gradcam
resnet18,ISIC_0015568,-0.2202862597181647,0.03385715676331605,0.4205739057963193,0.4205739057963193,0.3243621464116005,occlusion,gradcam
resnet18,ISIC_0015582,0.2366928721729868,-0.0706830200235776,0.24679541476820058,0.10576691873632607,0.20429348061547328,occlusion,gradcam
resnet18,ISIC_0015593,-0.03528776036183014,0.0998210696830021,0.4080761407196518,0.2840405378007982,0.2336449755438474,occlusion,gradcam
resnet18,ISIC_0015603,-0.2670022098343245,0.11738131439343062,0.37322249585845985,0.37322249585845985,0.29751108141589666,occlusion,gradcam
resnet18,ISIC_0015607,0.16338380103329056,0.17073841963281775,0.3001487552829207,0.16441117248057902,0.05550144722188523,occlusion,gradcam
resnet18,ISIC_0015614,0.16195812095994735,0.005196116695896059,0.1423503029729798,-0.07089244974777428,0.06809847266045146,occlusion,gradcam
resnet18,ISIC_0015617,-0.14527012993535246,0.05075170451547177,0.6966414174282407,0.6966414174282407,-0.09747423219032927,occlusion,gradcam
resnet18,ISIC_0015625,-0.11596176279250245,0.05270630141451164,0.3697654619774558,0.3697654619774558,0.18575534496716317,occlusion,gradcam
resnet18,ISIC_0015631,0.013732104408801762,-0.04247045802277718,0.27014099263647423,0.2511238167081025,0.20447442516602976,occlusion,gradcam
resnet18,ISIC_0015636,0.06890309611092067,0.13548661174437202,0.3541975937438577,0.12913314478646234,0.3541975937438577,occlusion,gradcam
resnet18,ISIC_0015638,-0.12614243747866752,-0.1425157424456076,0.012347412329491088,-0.12767098837112037,0.012347412329491088,occlusion,gradcam
resnet18,ISIC_0015641,-0.11479851855325485,0.002277724748457062,0.41693387371432994,0.22076399962872154,0.10394769365106557,occlusion,gradcam
resnet18,ISIC_0015645,0.10870533477553347,0.00872162671286852,0.22184472269045785,0.06923802614206956,-0.04369141686611749,occlusion,gradcam
resnet18,ISIC_0015936,-0.16393619031068388,-0.07797712411003481,0.26795416732923055,-0.26244225557662165,0.26795416732923055,occlusion,gradcam
resnet18,ISIC_0015937,-0.07088693417409932,-0.10606445862268551,0.20573574076121423,-0.028025044383593482,0.20573574076121423,occlusion,gradcam
resnet18,ISIC_0015938,-0.3231938028009888,-0.09220215359975518,0.2706954714886902,0.2706954714886902,-0.1490548932109404,occlusion,gradcam
resnet18,ISIC_0015939,-0.028017580224817058,0.18669461489557854,0.7160757847800124,-0.0826435102780954,0.30515865169583506,occlusion,gradcam
resnet18,ISIC_0015940,0.16458431037158577,0.10799952723793778,0.29427855757311716,-0.0033428751119549205,0.12306499890026004,occlusion,gradcam
resnet18,ISIC_0015941,-0.1178339044880731,-0.07804598430468938,0.23364779957283277,-0.23651232614037282,-0.019052721271185544,occlusion,gradcam
resnet18,ISIC_0015942,-0.01550037601531072,0.03126032782596676,0.3332598436149876,0.1665134638784986,0.11345994934743175,occlusion,gradcam
resnet18,ISIC_0015943,0.37110457453757917,0.02841614027122998,0.8167878533231553,-0.12392317566694602,0.3827999540958424,occlusion,gradcam
resnet18,ISIC_0015944,-0.04743758535839585,-0.10298200005661695,0.3811349654693149,0.3811349654693149,0.3037596492434113,occlusion,gradcam
resnet18,ISIC_0015945,-0.40704461500780004,-0.10268709149390694,0.21079100625426372,-0.0663098764529773,0.21079100625426372,occlusion,gradcam
resnet18,ISIC_0015946,0.051906041273075534,0.05525656156416804,0.2899179784122384,0.2899179784122384,0.1415565177212547,occlusion,gradcam
resnet18,ISIC_0015947,-0.2060873726332019,0.011505201673231987,0.317192837752652,-0.01659529156454404,0.087997517180284,occlusion,gradcam
resnet18,ISIC_0015948,-0.15050159419140716,-0.012884349841100583,0.35809219693015665,0.2546030868539895,0.35809219693015665,occlusion,gradcam
resnet18,ISIC_0015949,-0.12880757283564853,-0.07045437807531255,0.1060121564545766,0.09684645148015947,-0.17192703469600104,occlusion,gradcam
resnet18,ISIC_0015950,0.06418398342924134,0.10794065453857014,0.30499436049615297,0.20021868327851786,0.30499436049615297,occlusion,gradcam
resnet18,ISIC_0015951,0.08410380721778421,0.040746798645212336,0.4863680731196009,-0.12186021719281923,0.4863680731196009,occlusion,gradcam
resnet18,ISIC_0015952,0.14890954433785658,0.34537729945636214,0.7604058631336531,0.6228288617436464,0.3177151390679797,occlusion,gradcam
resnet18,ISIC_0015953,-0.07575266526207589,0.05879625633018293,0.494413392734169,0.494413392734169,0.08198381057509817,occlusion,gradcam
resnet18,ISIC_0015954,-0.09082251061629391,-0.07054382842561537,0.2132435509049654,-0.12119525604885949,0.023090353947992557,occlusion,gradcam
resnet18,ISIC_0015955,-0.18456764983996882,-0.022442275198266748,0.2319262492817215,0.015190665244875381,0.12121450052642668,occlusion,gradcam
resnet18,ISIC_0015956,-0.08970074615243859,-0.01364800794467527,0.24697399304806947,-0.20328597994713413,0.24697399304806947,occlusion,gradcam
resnet18,ISIC_0015957,-0.07541161922954366,-0.08130434577158703,0.40057120137818825,0.3437543266460139,0.14999748225582404,occlusion,gradcam
resnet18,ISIC_0015958,0.09546672510116672,-0.3026775777645639,0.15215714351885318,-0.15260674687129355,0.017641161442538116,occlusion,gradcam
resnet18,ISIC_0015959,-0.11655880880689648,-0.1415315462772482,0.1603784437544285,-0.5292166423106807,0.1603784437544285,occlusion,gradcam
resnet18,ISIC_0015960,-0.030132857274228382,0.01915189325763344,0.2637246090975108,0.2637246090975108,0.12061388377399049,occlusion,gradcam
resnet18,ISIC_0015961,0.1855307316999681,0.13604382759552083,0.5031224826246414,0.4618074104826534,0.5031224826246414,occlusion,gradcam
resnet18,ISIC_0015962,0.13044999384840178,0.09019258675545161,0.404162564972419,0.35526751523183214,0.404162564972419,occlusion,gradcam
resnet18,ISIC_0015963,0.1258124736028408,-0.1892048441616571,0.3444033545451996,0.05406095352742034,0.3444033545451996,occlusion,gradcam
resnet18,ISIC_0015964,-0.12946317915787903,-0.16084744259588873,0.09342591374291313,-0.04452155078315396,-0.1797254295875306,occlusion,gradcam
resnet18,ISIC_0015965,-0.19604605830070929,-0.06963017224306017,0.12207259261212286,-0.19854209568166814,-0.0219955528810662,occlusion,gradcam
resnet18,ISIC_0015966,0.20740703678133784,0.033794562111374736,0.4976403651796137,0.4976403651796137,0.3152216091123362,occlusion,gradcam
resnet18,ISIC_0015967,0.014581474090588187,0.0879086133297866,0.33342757176255816,0.26040947866033143,0.06938625516678418,occlusion,gradcam
resnet18,ISIC_0015968,-0.0007783574038761858,0.05480935305332472,0.3987036370272832,0.06635747276338273,0.23470955611875152,occlusion,gradcam
resnet18,ISIC_0015969,-0.07030911331191916,-0.01699035656245389,0.2623063429903956,0.2310889552526007,0.009929681940340686,occlusion,gradcam
resnet18,ISIC_0015971,-0.020718006319471374,-0.04261788631653794,0.17507051317092343,-0.27081660106954497,0.059719464194797824,occlusion,gradcam
resnet18,ISIC_0015972,0.06371318856829826,0.14846885657058626,0.3997550591325278,0.3997550591325278,-0.13824750789589227,occlusion,gradcam
resnet18,ISIC_0015973,-0.26585429854162046,-0.0028609143516289326,0.4100266140436775,0.4100266140436775,-0.03488395406571233,occlusion,gradcam
resnet18,ISIC_0015974,-0.1553749027348988,-0.16802004981061605,0.48488667237673383,0.48488667237673383,-0.043656391580150555,occlusion,gradcam
resnet18,ISIC_0015975,-0.04563161699803681,-0.1800121742559869,0.35090763650111934,0.35090763650111934,0.04290753172865712,occlusion,gradcam
resnet18,ISIC_0015976,-0.14790331568750803,-0.09835540616613501,0.20915586083926868,0.0880881087347795,0.20915586083926868,occlusion,gradcam
resnet18,ISIC_0015978,0.02418886111874455,0.08585046364653022,0.38203758488506556,0.30145306298771973,0.13026613668442819,occlusion,gradcam
resnet18,ISIC_0015979,0.15844415332697118,0.12466058085949773,0.4864245889712669,0.36606895883523577,0.4864245889712669,occlusion,gradcam
resnet18,ISIC_0015980,0.005271913546377334,-0.06176289027463612,0.2824749331656598,-0.1760253322989573,0.2824749331656598,occlusion,gradcam
resnet18,ISIC_0015981,-0.08925462672986977,0.09631119587461069,0.4001380303411353,0.3696658495263291,0.4001380303411353,occlusion,gradcam
resnet18,ISIC_0015982,-0.0022181949749665426,0.024178079327664033,0.20948013003404306,0.20948013003404306,0.04426848843082435,occlusion,gradcam
resnet18,ISIC_0015983,0.5915647635640374,0.3645257497163734,0.49034170344404,0.4117292426511119,0.3970845276700996,occlusion,gradcam
resnet18,ISIC_0015984,0.057615184310634775,0.05542733774866544,0.18142650201323646,0.16559372508297407,0.18142650201323646,occlusion,gradcam
resnet18,ISIC_0015985,-0.21040750963484153,-0.17397727777291191,0.09479128043652686,-0.38796657819579267,-0.2362230169407387,occlusion,gradcam
resnet18,ISIC_0015986,0.17921644483419888,0.11660149634416295,0.6990001084159884,0.34351406182756017,0.2935741019319385,occlusion,gradcam
resnet18,ISIC_0015987,0.2747709084488401,0.09934909860968,0.4278290210498853,0.39966583101262115,0.3307297808179901,occlusion,gradcam
resnet18,ISIC_0015988,0.14154725006789173,0.10246026317648245,0.841748043764152,0.3279716407384523,0.3978119807781419,occlusion,gradcam
resnet18,ISIC_0015989,0.0011708289309401948,-0.05575068189726849,0.35640284734803646,0.35640284734803646,0.3388143009744554,occlusion,gradcam
resnet18,ISIC_0015990,-0.17604955061948585,0.023563893174658075,0.3289127116518364,0.09760266959241573,0.3289127116518364,occlusion,gradcam
resnet18,ISIC_0015991,-0.029556793213705874,-0.00957879521519345,0.3094107344396731,0.09369813009066143,-0.17934152592578792,occlusion,gradcam
resnet18,ISIC_0015992,-0.006436662533036763,0.044095985799162477,0.21709871398798092,-0.03185541705793483,0.12063206413924724,occlusion,gradcam
resnet18,ISIC_0015993,-0.07273041920495531,-0.09728487511508309,0.2806591591213313,0.2220433975107743,0.20835917681802546,occlusion,gradcam
resnet18,ISIC_0015994,-0.06503687763794554,0.020956132037368735,0.4293231166078117,0.21703334468963445,0.4293231166078117,occlusion,gradcam
resnet18,ISIC_0015995,-0.14853996500385142,-0.21216741656530655,0.26880635187367263,-0.07873087677751668,0.26880635187367263,occlusion,gradcam
resnet18,ISIC_0015996,-0.11166968250830482,-0.054234007497257916,0.21756370378568962,0.005975795094299035,0.0848227267593046,occlusion,gradcam
resnet18,ISIC_0015997,0.08811855495771402,0.09839114652879803,0.2693660680652742,-0.07297185669920506,0.2693660680652742,occlusion,gradcam
resnet18,ISIC_0015998,0.06652580442405479,-0.16187824113038993,0.4129012011217163,-0.11820448311989286,0.4129012011217163,occlusion,gradcam
resnet18,ISIC_0015999,0.21766404250992247,-0.16003067985934985,0.23829637247989438,-0.1673692679776302,0.015568689318644904,occlusion,gradcam
resnet18,ISIC_0016000,0.11964302731165112,-0.030085998191677465,0.20852823226853506,0.008465336689846599,0.1590710791393533,occlusion,gradcam
resnet18,ISIC_0016001,-0.1432235580756791,0.003256905176966303,0.42363236178592,0.42363236178592,-0.12406115399909927,occlusion,gradcam
resnet18,ISIC_0016002,0.173932449234825,0.0931199145500398,0.30557360931268135,0.19189308144611444,0.30082139648093476,occlusion,gradcam
resnet18,ISIC_0016003,-0.18632555471622,-0.21729677961684485,0.2591545825462283,0.2591545825462283,0.1141409975753526,occlusion,gradcam
resnet18,ISIC_0016004,0.015940501845379793,0.16243833342700428,0.3985585576754332,0.3985585576754332,0.39642422419300527,occlusion,gradcam
resnet18,ISIC_0016005,0.15327002299578632,0.15475256027181686,0.4619490417919474,0.16243288861650798,0.4619490417919474,occlusion,gradcam
resnet18,ISIC_0016006,-0.04427633247215758,-0.05600809590956352,0.3677085282353896,0.3677085282353896,0.044980967239234206,occlusion,gradcam
resnet18,ISIC_0016007,-0.09601487056510126,-0.10632083610516888,0.17589935260057216,0.06257717159805155,0.17589935260057216,occlusion,gradcam
resnet18,ISIC_0016008,0.02048347804317014,0.23029049611948493,0.6216897858534152,0.3113023757669931,0.20861009419445306,occlusion,gradcam
resnet18,ISIC_0016009,-0.2147050676214509,-0.18292276615156688,0.035101202869932714,0.007391082096523711,-0.07777479859953837,occlusion,gradcam
resnet18,ISIC_0016011,-0.054112239184787296,0.004190913728267047,0.24790681654225605,0.24790681654225605,-0.017245671167832932,occlusion,gradcam
resnet18,ISIC_0016012,0.2630166860607826,0.04818217204602971,0.3343465956895432,0.07842040717900113,0.3343465956895432,occlusion,gradcam
resnet18,ISIC_0016013,-0.054092563082526954,-0.13555156557264117,0.07177062314678133,-0.08501232051279071,-0.14305966576216494,occlusion,gradcam
resnet18,ISIC_0016014,-0.13749520947240784,-0.32768842513390667,0.13352114790020714,0.031834522424726445,0.13352114790020714,occlusion,gradcam
resnet18,ISIC_0016015,0.02280848303007172,0.024078982802244273,0.2236024594955778,0.09318604866376244,0.1939514108716461,occlusion,gradcam
resnet18,ISIC_0016016,-0.17936213835002635,-0.10209709223884686,0.2724270961679006,0.16631569372949068,0.0707447453676552,occlusion,gradcam
resnet18,ISIC_0016017,-0.2068039713809382,-0.1298976165580584,0.3822900623463076,0.3822900623463076,0.2695935594568612,occlusion,gradcam
resnet18,ISIC_0016018,0.08676911045876988,0.03456227145132314,0.4661228866769863,0.4661228866769863,0.04307706677669402,occlusion,gradcam
resnet18,ISIC_0016019,-0.15911531706027823,0.10538978753115118,0.6172894451112129,0.6172894451112129,0.3271800416883438,occlusion,gradcam
resnet18,ISIC_0016022,0.019981187718058853,-0.0018785448800618387,0.6890788526406808,0.0294144107275193,0.057449158215248555,occlusion,gradcam
resnet18,ISIC_0016023,0.06143470222391524,0.002098140846688803,0.24288114470528732,-0.16069218339197203,0.24288114470528732,occlusion,gradcam
resnet18,ISIC_0016024,0.22169081899100776,0.09373249031044148,0.43487682724133647,-0.07234188934419293,0.43487682724133647,occlusion,gradcam
resnet18,ISIC_0016025,-0.2216477387934805,-0.040216519473118655,0.398089156539728,0.25978342672491467,0.10085999225090622,occlusion,gradcam
resnet18,ISIC_0016026,0.1322919281737792,0.24546414798858707,0.4603382874799064,0.23977253869787882,0.4603382874799064,occlusion,gradcam
resnet18,ISIC_0016027,0.1747077343962346,0.22566662132994544,0.5277759456150921,0.5205164473192967,0.4645116992375214,occlusion,gradcam
resnet18,ISIC_0016028,0.03929656420728137,0.08567722019327437,0.23471872911099748,0.21000630471125845,0.05755233307014996,occlusion,gradcam
resnet18,ISIC_0016029,-0.16875589299082097,-0.0002973570886298555,0.35581413006911905,0.09561858560829718,-0.12857512489333917,occlusion,gradcam
resnet18,ISIC_0016030,-0.3088234062896992,0.08762363427161206,0.4485755017432247,0.1722090021763871,0.11156454066045181,occlusion,gradcam
resnet18,ISIC_0016031,0.12573527156505346,0.10661450612898725,0.7842896556612587,-0.018978013371973863,0.16459474208618058,occlusion,gradcam
resnet18,ISIC_0016033,-0.11087339295630916,-0.11502640141432442,0.2500727070396744,0.03772416787831372,0.18926931287892815,occlusion,gradcam
resnet18,ISIC_0016034,-0.03417592735060807,-0.17669185882207813,0.29988950922362484,0.24658661189235448,0.04676776449431528,occlusion,gradcam
resnet18,ISIC_0016035,0.36943032925381203,0.2642585361503122,0.5688921804158691,0.22518835315565494,0.03510230074986219,occlusion,gradcam
resnet18,ISIC_0016036,-0.026764373807436268,-0.18290608013107726,0.12007462987910775,0.12007462987910775,-0.04218109611081566,occlusion,gradcam
resnet18,ISIC_0016037,0.015109559985273762,0.23971886501611037,0.42660322924051425,0.33195884500415074,0.42660322924051425,occlusion,gradcam
resnet18,ISIC_0016038,0.2182675310752089,0.061829108455490826,0.31522374806128867,0.2638599819717202,0.31522374806128867,occlusion,gradcam
resnet18,ISIC_0016040,-0.04530482864810429,-0.01829160348067303,0.1419198612786703,-0.07622892783836502,0.1385698716455079,occlusion,gradcam
resnet18,ISIC_0016041,-0.0028869710766584416,0.02957144867485307,0.39742381637463087,0.39742381637463087,0.11464113978365505,occlusion,gradcam
resnet18,ISIC_0016042,-0.16174441155400945,-0.03870414246718149,0.46441586529380224,0.26052643383013996,0.46441586529380224,occlusion,gradcam
resnet18,ISIC_0016043,-0.1757276187192311,0.016780348079194318,0.7604415503430274,0.19710200184908816,-0.020011264445306258,occlusion,gradcam
resnet18,ISIC_0016044,-0.21435396820735866,0.0035477081471982225,0.282829472316529,0.11537734457275187,0.282829472316529,occlusion,gradcam
resnet18,ISIC_0016045,-0.0266835686693894,-0.05511082093971191,0.2089647300034749,-0.011035947959114318,0.2089647300034749,occlusion,gradcam
resnet18,ISIC_0016046,-0.10469117909253588,-0.030617210970100044,0.09555055827544516,-0.055467788296209734,-0.040252724641001714,occlusion,gradcam
resnet18,ISIC_0016048,-0.158656003722371,0.0005692299071953381,0.46285027085410274,0.46285027085410274,0.14525973907188977,occlusion,gradcam
resnet18,ISIC_0016049,0.18567282941334165,0.228630066506563,0.6457101803717135,0.6457101803717135,0.17790838225408753,occlusion,gradcam
resnet18,ISIC_0016050,-0.11383321359544873,-0.04250698486020603,0.16966519639196137,0.16966519639196137,-0.06560491756967819,occlusion,gradcam
resnet18,ISIC_0016051,-0.4191321138874412,-0.14775454618283332,0.04503869336091826,0.04503869336091826,-0.16095377352063217,occlusion,gradcam
resnet18,ISIC_0016052,0.12758960417190277,0.1435983997911149,0.5564639580001296,-0.37271218360389335,0.4275862999761292,occlusion,gradcam
resnet18,ISIC_0016053,0.049143950790209896,-0.2022134048374645,0.1653259766141768,-0.10593458798829906,-0.14872031926220514,occlusion,gradcam
resnet18,ISIC_0016054,-0.008029467242733472,0.08847455983777497,0.23857052121879077,0.23029520579052298,0.23857052121879077,occlusion,gradcam
resnet18,ISIC_0016055,0.03951384970452532,0.09670503094803107,0.5506832786095136,0.5506832786095136,0.3302738225763777,occlusion,gradcam
resnet18,ISIC_0016056,0.04943181022437252,0.23486528833410542,0.5707843262023503,0.29563470894024096,0.4408784289714836,occlusion,gradcam
resnet18,ISIC_0016057,0.1889377144812808,-0.005529874272834238,0.2027993638247094,-0.132898794838923,0.029170546909210854,occlusion,gradcam
resnet18,ISIC_0016058,-0.12087696610912367,0.017753590569785014,0.3172733459627272,0.3172733459627272,-0.17094497799907904,occlusion,gradcam
resnet18,ISIC_0016059,-0.04277533235041596,0.03281573881809683,0.13231936738001224,0.015116427825123457,0.10956279544774024,occlusion,gradcam
resnet18,ISIC_0016060,-0.19453874925240713,-0.17973928865497668,0.4614735073240179,-0.09484803334417734,-0.2516749879500952,occlusion,gradcam
resnet18,ISIC_0016061,-0.08478981906086769,-0.07605919861672358,0.26007566725211745,0.26007566725211745,-0.42870960014260834,occlusion,gradcam
resnet18,ISIC_0016062,-0.29568951027203383,-0.047152716168124546,0.15386875371764355,-0.3645416759899379,0.13763443376281773,occlusion,gradcam
resnet18,ISIC_0016063,0.1269270366583311,0.034659747765596056,0.44384792476020524,-0.017379247263646178,0.44384792476020524,occlusion,gradcam
resnet18,ISIC_0016064,-0.1687671988812584,-0.022646537091244024,0.257160953369599,-0.31065231360803625,0.257160953369599,occlusion,gradcam
resnet18,ISIC_0016065,-0.17539163291045395,-0.07938845590807272,0.2539818853590374,0.11391636257903312,0.2539818853590374,occlusion,gradcam
resnet18,ISIC_0016066,0.017463596694015506,0.1877770544380439,0.43074482536242736,0.43074482536242736,0.3435226526916363,occlusion,gradcam
resnet18,ISIC_0016068,0.25840799618630034,0.25375577261436005,0.4917968729301908,0.4917968729301908,0.2641245249001806,occlusion,gradcam
resnet18,ISIC_0016069,-0.141164350927061,-0.03163695701486096,0.263096560006714,0.042609921103803065,0.263096560006714,occlusion,gradcam
resnet18,ISIC_0016070,0.07288195619078477,0.020619182963615236,0.20320740475093665,0.08502227731625621,-0.03474090909864639,occlusion,gradcam
resnet18,ISIC_0016071,0.4309116822221125,0.09405561182780642,0.44309508863821306,0.1103000079214583,0.44309508863821306,occlusion,gradcam
resnet18,ISIC_0016072,0.041851282992087846,0.16897352113565334,0.3378899185116034,0.3378899185116034,0.2786914604949358,occlusion,gradcam
squeezenet,ISIC_0012086,-0.07578879806617932,-0.03883661155878753,0.24345107763028784,0.09402121523324002,0.09402121523324002,gradcam,gradcam
squeezenet,ISIC_0012092,0.03981037726727776,0.09658445376954049,0.4964101399165105,0.4964101399165105,0.4964101399165105,gradcam,gradcam
squeezenet,ISIC_0012095,0.042630883904029915,0.02147405824124953,0.33324161822210957,0.33324161822210957,0.33324161822210957,gradcam,gradcam
squeezenet,ISIC_0012134,-0.14039598196951777,-0.08890203368333956,0.15094846576366255,-0.19621129848171662,-0.19621129848171662,gradcam,gradcam
squeezenet,ISIC_0012136,-0.014325208584248081,0.03940952525133151,0.410588233763713,0.03299069600154942,0.03299069600154942,gradcam,gradcam
squeezenet,ISIC_0012147,-0.10345412269284089,-0.03191040535236099,0.3367832853825114,0.2263577823038381,0.2263577823038381,gradcam,gradcam
squeezenet,ISIC_0012149,0.07682594855614869,0.07051155610375903,0.269826105830921,0.10804048716308183,0.10804048716308183,gradcam,gradcam
squeezenet,ISIC_0012152,0.0923045672758281,0.08171525834155595,0.5453785417631417,0.5453785417631417,0.5453785417631417,gradcam,gradcam
squeezenet,ISIC_0012178,-0.17712662560488232,-0.04069598982866759,0.15714584993006303,-0.12499431291822952,-0.12499431291822952,gradcam,gradcam
squeezenet,ISIC_0012199,-0.10500323439238826,-0.03721217390062094,0.10705513632667094,0.10705513632667094,0.10705513632667094,gradcam,gradcam
squeezenet,ISIC_0012207,-0.11020810426942908,-0.06422447642993011,0.1992280639713298,-0.1208995670112533,-0.1208995670112533,gradcam,gradcam
squeezenet,ISIC_0012215,-0.13769767343950823,0.03045109425980722,0.2217330478075101,-0.0871988722999665,-0.0871988722999665,gradcam,gradcam
squeezenet,ISIC_0012216,-0.17712603383793663,-0.14009180716747177,0.21065037186187024,-0.11360015616745436,-0.11360015616745436,gradcam,gradcam
squeezenet,ISIC_0012223,0.13133640525281967,0.028848301446615793,0.21490684808630253,0.0906312556064969,0.0906312556064969,gradcam,gradcam
squeezenet,ISIC_0012240,-0.10227960304203779,-0.054813924115653744,0.21764549670541347,-0.1000837874708156,-0.1000837874708156,gradcam,gradcam
squeezenet,ISIC_0012248,-0.17869187062132183,-0.14289777532371647,0.10368936760213109,-0.24497974982819679,-0.24497974982819679,gradcam,gradcam
squeezenet,ISIC_0012258,-0.03066336395255915,0.0001029103807717908,0.189513399491376,0.05153855077801149,0.05153855077801149,gradcam,gradcam
squeezenet,ISIC_0012265,0.0519966985203762,0.01282136178503914,0.1920864735173185,-0.06899485486331124,-0.06899485486331124,gradcam,gradcam
squeezenet,ISIC_0012266,-0.014945904979718165,-0.06498828414591121,0.1975338100528728,0.03697456364155354,0.03697456364155354,gradcam,gradcam
squeezenet,ISIC_0012272,-0.13760890092333272,0.023024770939932604,1.0158611245066793,-0.12071200887266546,-0.12071200887266546,gradcam,gradcam
squeezenet,ISIC_0012273,-0.20431129793356215,-0.15744169351206314,-0.06282547009731694,-0.13332269731919083,-0.13332269731919083,gradcam,gradcam
squeezenet,ISIC_0012314,0.08379025923738219,0.0037785398462297304,0.18960705154299573,-0.14459947197871573,-0.14459947197871573,gradcam,gradcam
squeezenet,ISIC_0012323,-0.15814686466595945,-0.03882754416205254,0.3832075296967698,-0.06688337160308001,-0.06688337160308001,gradcam,gradcam
squeezenet,ISIC_0012330,-0.23649824942435327,-0.1199161391126684,0.026481233241956646,-0.2713169771369785,-0.2713169771369785,gradcam,gradcam
squeezenet,ISIC_0012356,-0.14975279213764908,-0.15275357274962115,0.13833016817768382,-0.14208401102137988,-0.14208401102137988,gradcam,gradcam
squeezenet,ISIC_0012357,0.2730743342922085,0.21385128229289796,0.5340949417060581,0.4009063116168277,0.4009063116168277,gradcam,gradcam
squeezenet,ISIC_0012358,-0.005512150912347802,-0.05577783649848833,0.10432780535293308,-0.17850282001436404,-0.17850282001436404,gradcam,gradcam
squeezenet,ISIC_0012364,-0.03149863944099945,-0.062075307922602775,0.17364387028487102,-0.1581053134150518,-0.1581053134150518,gradcam,gradcam
squeezenet,ISIC_0012369,-0.2689608939164985,-0.24383288721336877,0.21504397331782416,0.08625270748867685,0.08625270748867685,gradcam,gradcam
squeezenet,ISIC_0012372,-0.07635113849520143,-0.10804158919110936,0.0005636922408776794,-0.16616442385113483,-0.16616442385113483,gradcam,gradcam
squeezenet,ISIC_0012375,0.019251654521114325,-0.012359272443963083,0.04747847602282757,-0.0939565734700873,-0.0939565734700873,gradcam,gradcam
squeezenet,ISIC_0012387,-0.09947713480391017,-0.09847620733045838,0.03842713761991513,-0.13503688896098673,-0.13503688896098673,gradcam,gradcam
squeezenet,ISIC_0012388,-0.15221536982834707,-0.13509451208032353,0.1449613918268802,-0.16351029202097345,-0.16351029202097345,gradcam,gradcam
squeezenet,ISIC_0012395,0.13904966609436628,0.09086755458250415,0.39433374757203815,0.2799175269492296,0.2799175269492296,gradcam,gradcam
squeezenet,ISIC_0012414,0.09433669875158246,0.039969815215930585,0.1758378232285653,0.09186159499310738,0.09186159499310738,gradcam,gradcam
squeezenet,ISIC_0012425,0.09727170708622428,0.040361606506160684,0.26333875868406986,-0.009510680322706395,-0.009510680322706395,gradcam,gradcam
squeezenet,ISIC_0012428,0.11803068748697079,0.016607876745526568,0.22793330557537403,0.22793330557537403,0.22793330557537403,gradcam,gradcam
squeezenet,ISIC_0012432,-0.14170302737734594,-0.048387743982281496,0.026494976192983417,0.015068370751490303,0.015068370751490303,gradcam,gradcam
squeezenet,ISIC_0012447,-0.07538675403535312,-0.021527019022984588,0.17819652607631317,0.00996942794153542,0.00996942794153542,gradcam,gradcam
squeezenet,ISIC_0012448,-0.1252906667931378,-0.12065216422353721,0.022638569093476595,-0.06766664375955755,-0.06766664375955755,gradcam,gradcam
squeezenet,ISIC_0012484,0.21312015246276045,0.04413452068521283,0.22755438123970675,-0.050596270920526,-0.050596270920526,gradcam,gradcam
squeezenet,ISIC_0012493,-0.04847387865667848,0.05914439158639046,0.4910562612373558,0.4910562612373558,0.4910562612373558,gradcam,gradcam
squeezenet,ISIC_0012510,0.12344897049420478,-0.009108502678896954,0.14566587646445237,0.14222298003906383,0.14222298003906383,gradcam,gradcam
squeezenet,ISIC_0012522,0.11066542319872849,0.10434546409375278,0.32795047286082785,0.10632585074053284,0.10632585074053284,gradcam,gradcam
squeezenet,ISIC_0012537,-0.19968806914446507,-0.06916700376221933,0.40524986935165497,0.40524986935165497,0.40524986935165497,gradcam,gradcam
squeezenet,ISIC_0012548,-0.15903885128552356,-0.049965277911212136,0.12332779499989556,-0.06737187228692845,-0.06737187228692845,gradcam,gradcam
squeezenet,ISIC_0012551,-0.3291651427351944,-0.2294340555428403,0.022785766180131155,-0.17357388794682801,-0.17357388794682801,gradcam,gradcam
squeezenet,ISIC_0012654,-0.06634336012377647,-0.013231328106328415,0.44653350702462935,0.44653350702462935,0.44653350702462935,gradcam,gradcam
squeezenet,ISIC_0012656,-0.10839684355181986,-0.0004356247969456608,0.2552597732821097,0.2552597732821097,0.2552597732821097,gradcam,gradcam
squeezenet,ISIC_0012705,-0.09639628578795893,-0.10882480532146381,0.0591562614154277,-0.03639255687131209,-0.03639255687131209,gradcam,gradcam
squeezenet,ISIC_0012708,-0.05649916815689972,-0.045740795446664,0.4067292124898508,0.4067292124898508,0.4067292124898508,gradcam,gradcam
squeezenet,ISIC_0012722,-0.03247914715386816,-0.12244116484836357,0.2389787792772597,0.2389787792772597,0.2389787792772597,gradcam,gradcam
squeezenet,ISIC_0012757,0.1679764931051604,0.1283820207575361,0.44602661037818514,0.05645137880217689,0.05645137880217689,gradcam,gradcam
squeezenet,ISIC_0012758,-0.11171707596724044,-0.09383410663766338,0.423372466688336,0.35727859920171406,0.35727859920171406,gradcam,gradcam
squeezenet,ISIC_0012786,0.15486165438711944,0.11479032177662803,0.2625035054734632,0.09685145284625742,0.09685145284625742,gradcam,gradcam
squeezenet,ISIC_0012803,-0.1192566971097995,0.09126906451512959,0.6222424641824221,0.03945599267455232,0.03945599267455232,gradcam,gradcam
squeezenet,ISIC_0012836,0.06126186774710983,0.057855289565282464,0.4780915559801012,0.4780915559801012,0.4780915559801012,gradcam,gradcam
squeezenet,ISIC_0012837,0.1942561638614952,0.06311620168615369,0.28570210051851175,0.13966239021345112,0.13966239021345112,gradcam,gradcam
squeezenet,ISIC_0012848,0.08980568758746402,0.07102266427072017,0.5416910757828186,0.5416910757828186,0.5416910757828186,gradcam,gradcam
squeezenet,ISIC_0012852,0.0010434255033285242,-0.020365457407292367,0.2001033905370742,0.05726632656092962,0.05726632656092962,gradcam,gradcam
squeezenet,ISIC_0012903,-0.030002455160150827,0.00838014024332446,0.26927694562182286,0.26927694562182286,0.26927694562182286,gradcam,gradcam
squeezenet,ISIC_0012904,-0.06365421265533808,-0.13228425597330626,0.2507128001447355,0.2507128001447355,0.2507128001447355,gradcam,gradcam
squeezenet,ISIC_0012928,-0.09821517940205966,-0.10671946672721558,0.1580722527105006,0.07362332321158341,0.07362332321158341,gradcam,gradcam
squeezenet,ISIC_0012941,0.0011587451533645124,-0.023214302445135164,0.3602387207719469,-0.13108065365446736,-0.13108065365446736,gradcam,gradcam
squeezenet,ISIC_0012955,-0.1806470494964317,-0.13578006231109174,0.06080558657530042,-0.17911655417480984,-0.17911655417480984,gradcam,gradcam
squeezenet,ISIC_0012967,0.16269080526758067,-0.08215061272015893,0.08506895398618596,-0.1962178974681285,-0.1962178974681285,gradcam,gradcam
squeezenet,ISIC_0012974,-0.17600946022741687,-0.03690964019698651,0.31084672987516065,0.21446966644357168,0.21446966644357168,gradcam,gradcam
squeezenet,ISIC_0012989,0.03501740219524604,-0.02592622153441598,0.38318695074088654,0.38318695074088654,0.38318695074088654,gradcam,gradcam
squeezenet,ISIC_0013030,-0.09859781827065381,-0.0819896698012623,0.08714792780821208,-0.15231833329460145,-0.15231833329460145,gradcam,gradcam
squeezenet,ISIC_0013035,0.029674334002045364,0.00971607365836094,0.09510040336105738,0.08823703727852959,0.08823703727852959,gradcam,gradcam
squeezenet,ISIC_0013045,0.030591389955601813,-0.00032062117314834597,0.491490066042935,0.4456177208424506,0.4456177208424506,gradcam,gradcam
squeezenet,ISIC_0013070,0.0005935191543636277,0.012958102826784326,0.383266848982982,0.383266848982982,0.383266848982982,gradcam,gradcam
squeezenet,ISIC_0013072,0.173097690843027,0.08906717550272218,0.17445207626591788,0.16265121457562806,0.16265121457562806,gradcam,gradcam
squeezenet,ISIC_0013073,0.19776438735381224,0.1225965090973132,0.4242070995583954,0.4242070995583954,0.4242070995583954,gradcam,gradcam
squeezenet,ISIC_0013085,-0.11367674965838183,-0.08133371505728573,0.07833139241352567,-0.17800063393798463,-0.17800063393798463,gradcam,gradcam
squeezenet,ISIC_0013109,0.03082444272320728,-0.040533222780171366,0.2051671549577471,0.14896956429496086,0.14896956429496086,gradcam,gradcam
squeezenet,ISIC_0013159,-0.08952282476772579,-0.02062791684486453,0.22492485628609654,-0.013457874478166756,-0.013457874478166756,gradcam,gradcam
squeezenet,ISIC_0013164,-0.07932515529524499,-0.0840807056808902,0.10188505442642612,0.054626966116565354,0.054626966116565354,gradcam,gradcam
squeezenet,ISIC_0013169,0.10633784598925812,0.032798130469452284,0.35413853985762084,-0.20814025845760126,-0.20814025845760126,gradcam,gradcam
squeezenet,ISIC_0013170,0.0603912696943591,-0.026314996080297397,0.1583400062321481,-0.04650302345692049,-0.04650302345692049,gradcam,gradcam
squeezenet,ISIC_0013176,0.033191427072542794,-0.013291741400552318,0.5147182595933657,0.5147182595933657,0.5147182595933657,gradcam,gradcam
squeezenet,ISIC_0013191,0.012602106659327246,-0.08107688968346849,0.011169256926607656,-0.12313207050292083,-0.12313207050292083,gradcam,gradcam
squeezenet,ISIC_0013203,0.1470729068131016,-0.00088390721968428,0.252402040359082,-0.19485967185271807,-0.19485967185271807,gradcam,gradcam
squeezenet,ISIC_0013216,-0.03251353398228068,-0.0064330940177263485,0.5101457741355688,0.5101457741355688,0.5101457741355688,gradcam,gradcam
squeezenet,ISIC_0013226,0.11007978757405892,0.12458472261224227,0.5152289745113894,0.5152289745113894,0.5152289745113894,gradcam,gradcam
squeezenet,ISIC_0013230,-0.26251916717273144,-0.21039635252460834,0.29487292595074466,0.29487292595074466,0.29487292595074466,gradcam,gradcam
squeezenet,ISIC_0013242,0.009152758152883031,0.013835898418691652,0.3712396856456433,0.3712396856456433,0.3712396856456433,gradcam,gradcam
squeezenet,ISIC_0013269,0.10249388135926539,0.09290591248950733,0.37866601993983334,0.37866601993983334,0.37866601993983334,gradcam,gradcam
squeezenet,ISIC_0013270,-0.1844453852283429,-0.09636099977447554,0.17573421011192822,0.17573421011192822,0.17573421011192822,gradcam,gradcam
squeezenet,ISIC_0013271,0.11267018508059137,0.12968789134094452,0.38170138528155084,0.38170138528155084,0.38170138528155084,gradcam,gradcam
squeezenet,ISIC_0013277,0.0399214118516276,0.14459739600311158,0.5452339021389754,0.2435845028962879,0.2435845028962879,gradcam,gradcam
squeezenet,ISIC_0013281,0.03447224673892678,0.010349549895328916,0.15083720183726493,0.002123625281111652,0.002123625281111652,gradcam,gradcam
squeezenet,ISIC_0013291,0.1021733860168746,0.14058831672090225,0.4493225772949653,0.4493225772949653,0.4493225772949653,gradcam,gradcam
squeezenet,ISIC_0013319,0.10954906816065801,0.03256819230363023,0.27699625345396783,0.12516204256460953,0.12516204256460953,gradcam,gradcam
squeezenet,ISIC_0013321,0.23737315424602284,0.11978460643317161,0.3169298601283313,0.04919751656201916,0.04919751656201916,gradcam,gradcam
squeezenet,ISIC_0013325,-0.08910994820011942,0.06666077458491046,0.45944039481374893,0.45944039481374893,0.45944039481374893,gradcam,gradcam
squeezenet,ISIC_0013374,0.17405022037544307,0.0819666570054447,0.4226900538367059,0.4226900538367059,0.4226900538367059,gradcam,gradcam
squeezenet,ISIC_0013393,-0.18897257064461334,-0.06174681612182352,0.12481297241501783,-0.14541796503185545,-0.14541796503185545,gradcam,gradcam
squeezenet,ISIC_0013399,-0.0006795675622939257,0.03201026492353751,0.2963110179162921,0.2963110179162921,0.2963110179162921,gradcam,gradcam
squeezenet,ISIC_0013411,-0.059578097255023686,-0.02871783071898118,0.18922453423800853,0.04821825981993152,0.04821825981993152,gradcam,gradcam
squeezenet,ISIC_0013414,0.05550636437081481,0.0706097444039884,0.32284036349690937,0.32284036349690937,0.32284036349690937,gradcam,gradcam
squeezenet,ISIC_0013416,-0.11222152182422171,-0.08643086652717212,0.19490548868865673,-0.35184575114329936,-0.35184575114329936,gradcam,gradcam
squeezenet,ISIC_0013455,-0.04142542308562255,-0.028309890364040857,0.342017379820139,0.342017379820139,0.342017379820139,gradcam,gradcam
squeezenet,ISIC_0013457,0.07318350001401296,-0.04912507874118529,0.19028508609677347,0.04684960005251763,0.04684960005251763,gradcam,gradcam
squeezenet,ISIC_0013459,0.16464669916392594,0.06074835032246533,0.2809879010570789,0.09540927019307276,0.09540927019307276,gradcam,gradcam
squeezenet,ISIC_0013465,-0.03531811427808547,-0.10760132836667524,0.0027726423785306986,-0.017243568514581087,-0.017243568514581087,gradcam,gradcam
squeezenet,ISIC_0013472,-0.0890937180280863,0.0312675705783879,0.43019498190854516,0.43019498190854516,0.43019498190854516,gradcam,gradcam
squeezenet,ISIC_0013473,0.04376768801141665,0.06120541138353635,0.31421940983586266,0.31421940983586266,0.31421940983586266,gradcam,gradcam
squeezenet,ISIC_0013511,-0.12831917896847095,-0.14875205773921435,-0.040745572730878026,-0.110578894431685,-0.110578894431685,gradcam,gradcam
squeezenet,ISIC_0013512,-0.13299299802875258,-0.05915624546908409,0.12374574247232638,-0.08561463092356034,-0.08561463092356034,gradcam,gradcam
squeezenet,ISIC_0013529,-0.06075944942359578,-0.1171299785927397,0.18822513734558471,0.18822513734558471,0.18822513734558471,gradcam,gradcam
squeezenet,ISIC_0013565,-0.06171303963883422,-0.04164837419516316,0.13543335923821304,-0.30171265361558064,-0.30171265361558064,gradcam,gradcam
squeezenet,ISIC_0013577,-0.076517525151968,0.027236505857103552,0.5043605969215988,0.5043605969215988,0.5043605969215988,gradcam,gradcam
squeezenet,ISIC_0013588,-0.07687576523864234,0.2286175480181582,0.458104738038977,0.458104738038977,0.458104738038977,gradcam,gradcam
squeezenet,ISIC_0013600,0.1372378874155086,0.12609797726566738,0.5545661914527494,0.5545661914527494,0.5545661914527494,gradcam,gradcam
squeezenet,ISIC_0013602,0.014771087002307861,-0.05715965923537896,0.13466347421779648,0.03289735305746867,0.03289735305746867,gradcam,gradcam
squeezenet,ISIC_0013615,0.08009164993899064,0.12129291118923345,0.31764472876116173,0.31764472876116173,0.31764472876116173,gradcam,gradcam
squeezenet,ISIC_0013617,-0.16150776516609394,-0.0475910850901713,0.28288100280269424,0.28288100280269424,0.28288100280269424,gradcam,gradcam
squeezenet,ISIC_0013636,0.10282737436536205,0.07877694868409668,0.3997520593013477,0.3997520593013477,0.3997520593013477,gradcam,gradcam
squeezenet,ISIC_0013673,-0.0585328593767549,-0.08477018227725718,0.2883882663863127,-0.08493933926097148,-0.08493933926097148,gradcam,gradcam
squeezenet,ISIC_0013678,-0.03119717568174469,-0.06540297657893326,0.1388979596443384,-0.08030974742997399,-0.08030974742997399,gradcam,gradcam
squeezenet,ISIC_0013696,-0.1429103819504316,-0.03116167653341143,0.30582542908952337,0.30582542908952337,0.30582542908952337,gradcam,gradcam
squeezenet,ISIC_0013708,0.17146429765897125,0.052574290134863165,0.1743734595169864,0.1425989527216114,0.1425989527216114,gradcam,gradcam
squeezenet,ISIC_0013733,-0.002020649626503549,0.13493958604172254,0.44880192209143754,0.44880192209143754,0.44880192209143754,gradcam,gradcam
squeezenet,ISIC_0013738,-0.1375652916624412,-0.12005571915389959,0.1440066285619254,-0.06048479107598919,-0.06048479107598919,gradcam,gradcam
squeezenet,ISIC_0013739,-0.19540960604772264,-0.1477294738572547,0.15733063754024798,0.15733063754024798,0.15733063754024798,gradcam,gradcam
squeezenet,ISIC_0013764,-0.0721216527417691,0.02183286880455412,0.3508757038005855,0.3508757038005855,0.3508757038005855,gradcam,gradcam
squeezenet,ISIC_0013766,0.015677269537570045,0.011262338096051825,0.3893232859384415,0.3893232859384415,0.3893232859384415,gradcam,gradcam
squeezenet,ISIC_0013767,0.09143972751096241,0.050153663165020394,0.41176238743457916,0.41176238743457916,0.41176238743457916,gradcam,gradcam
squeezenet,ISIC_0013794,-0.04798242730732368,0.026775183519364507,0.4066864454691407,0.38627212600381833,0.38627212600381833,gradcam,gradcam
squeezenet,ISIC_0013809,0.19653646348646178,0.15729356548413004,0.4514229500946268,0.4514229500946268,0.4514229500946268,gradcam,gradcam
squeezenet,ISIC_0013813,0.15168099676148933,0.21294684667768804,0.5683436105042016,0.3618352443941434,0.3618352443941434,gradcam,gradcam
squeezenet,ISIC_0013814,-0.12589324115822925,0.008830330709448398,0.18781669001185416,-0.04213717994671092,-0.04213717994671092,gradcam,gradcam
squeezenet,ISIC_0013833,0.08820224135120812,0.11560552169204426,0.38083842935982853,0.2873987775735315,0.2873987775735315,gradcam,gradcam
squeezenet,ISIC_0013842,0.04889538930922648,0.13484003947048406,0.5849694842191278,0.4594889330343005,0.4594889330343005,gradcam,gradcam
squeezenet,ISIC_0013867,-0.12614211263162817,-0.08848778451017335,0.042235113376617485,-0.22245979405695954,-0.22245979405695954,gradcam,gradcam
squeezenet,ISIC_0013891,-0.05944595665528063,-0.15415557801417762,-0.013857151245234853,-0.02018186629494913,-0.02018186629494913,gradcam,gradcam
squeezenet,ISIC_0013897,-0.09547033294772371,-0.09025696900795979,0.12537259592524708,0.017303891035387414,0.017303891035387414,gradcam,gradcam
squeezenet,ISIC_0013908,0.046233358194272815,0.10899717284841251,0.3392630999685084,0.2115406271134997,0.2115406271134997,gradcam,gradcam
squeezenet,ISIC_0013911,0.059943742491791116,0.17211200374904317,0.38804627759381355,0.32863552516954225,0.32863552516954225,gradcam,gradcam
squeezenet,ISIC_0013917,-0.1383408007640106,-0.10473081937099227,0.16596382550167124,0.16596382550167124,0.16596382550167124,gradcam,gradcam
squeezenet,ISIC_0013925,-0.2766355824297106,-0.09339873140791519,0.3125657489725713,-0.26937294412434304,-0.26937294412434304,gradcam,gradcam
squeezenet,ISIC_0013948,-0.03566280598946275,0.08372427028159038,0.382948941433447,0.382948941433447,0.382948941433447,gradcam,gradcam
squeezenet,ISIC_0013953,-0.09230289626624755,-0.08874022969191,0.03221191323638644,-0.08936397452676739,-0.08936397452676739,gradcam,gradcam
squeezenet,ISIC_0013966,-0.029343332816401668,-0.07811133005383027,0.06617809898702291,-0.026480401060958232,-0.026480401060958232,gradcam,gradcam
squeezenet,ISIC_0013977,-0.01490743995832598,0.027520395399888844,0.21031103845113686,0.0019294711637246134,0.0019294711637246134,gradcam,gradcam
squeezenet,ISIC_0013987,0.22572613739169617,0.16638548145602908,0.5239257436366295,0.5239257436366295,0.5239257436366295,gradcam,gradcam
squeezenet,ISIC_0013988,-0.007847353403143702,0.03955919699197973,0.4472502997104387,0.4472502997104387,0.4472502997104387,gradcam,gradcam
squeezenet,ISIC_0013998,-0.08579706387442941,0.024897767213229022,0.2838256550040013,0.09711083125963116,0.09711083125963116,gradcam,gradcam
squeezenet,ISIC_0014006,-0.0810387196145403,-0.08769698709406923,-0.0072932715147469174,-0.008555293461557827,-0.008555293461557827,gradcam,gradcam
squeezenet,ISIC_0014027,-0.07826004454451667,-0.20646119259342582,0.19119521186616734,0.19119521186616734,0.19119521186616734,gradcam,gradcam
squeezenet,ISIC_0014059,-0.04501972485137817,-0.08558949453760915,0.2795304738355145,0.2795304738355145,0.2795304738355145,gradcam,gradcam
squeezenet,ISIC_0014077,0.0008407427543547984,-0.03504490165564876,0.2126648369649478,0.2126648369649478,0.2126648369649478,gradcam,gradcam
squeezenet,ISIC_0014090,0.08174773201115847,0.13913657021766898,0.5837577030349165,0.47832530860464567,0.47832530860464567,gradcam,gradcam
squeezenet,ISIC_0014103,0.16066351166325912,0.13331980461365173,0.4209800754850605,0.4209800754850605,0.4209800754850605,gradcam,gradcam
squeezenet,ISIC_0014110,-0.22026551434793293,-0.09814332445798406,0.2636305266690169,0.2636305266690169,0.2636305266690169,gradcam,gradcam
squeezenet,ISIC_0014117,-0.009856712756122306,0.023951272382721885,0.47157500770985006,0.47157500770985006,0.47157500770985006,gradcam,gradcam
squeezenet,ISIC_0014129,0.12573777163858965,0.10720995996753112,0.4186172678266968,0.4186172678266968,0.4186172678266968,gradcam,gradcam
squeezenet,ISIC_0014148,0.18857706384625347,0.21083836514452506,0.4448231254659202,0.4448231254659202,0.4448231254659202,gradcam,gradcam
squeezenet,ISIC_0014160,0.03152153727465391,-0.006550942962353118,0.3142408091416477,0.20512239721353248,0.20512239721353248,gradcam,gradcam
squeezenet,ISIC_0014177,0.059256546157635016,-0.09847840040115081,0.06470912406245033,-0.1222036629565436,-0.1222036629565436,gradcam,gradcam
squeezenet,ISIC_0014181,0.2122345227603562,0.12720457266646046,0.42750205517720413,0.42750205517720413,0.42750205517720413,gradcam,gradcam
squeezenet,ISIC_0014186,-0.19138827789193463,-0.13734098798645147,-0.00508340266315886,-0.17948742122344283,-0.17948742122344283,gradcam,gradcam
squeezenet,ISIC_0014219,0.09524100518241048,0.027962508114623936,0.4194541287387227,0.4194541287387227,0.4194541287387227,gradcam,gradcam
squeezenet,ISIC_0014221,0.0595980341771848,0.08527890186516231,0.4962344712741031,0.4962344712741031,0.4962344712741031,gradcam,gradcam
squeezenet,ISIC_0014233,-0.11346447392080203,-0.06763569110634267,0.15103660180700268,-0.1525733460355451,-0.1525733460355451,gradcam,gradcam
squeezenet,ISIC_0014251,0.08988039363916935,0.03394993136036305,0.5380929525463208,-0.1964590569993821,-0.1964590569993821,gradcam,gradcam
squeezenet,ISIC_0014255,-0.11148193598632292,-0.132059641601455,0.023271796448265745,0.023271796448265745,0.023271796448265745,gradcam,gradcam
squeezenet,ISIC_0014270,0.05603153323031023,0.08098615818536005,0.3656477942437874,0.3656477942437874,0.3656477942437874,gradcam,gradcam
squeezenet,ISIC_0014278,-0.11232404036683127,-0.04556831275155796,0.16629932860232108,0.16629932860232108,0.16629932860232108,gradcam,gradcam
squeezenet,ISIC_0014284,0.1537270532062569,-0.08673655405000745,0.4657433016261897,0.4657433016261897,0.4657433016261897,gradcam,gradcam
squeezenet,ISIC_0014288,0.09227333447209388,0.020147967077464322,0.5169706821959377,0.5169706821959377,0.5169706821959377,gradcam,gradcam
squeezenet,ISIC_0014319,-0.021236945808932477,-0.04454885524001694,0.34116558193106944,0.34116558193106944,0.34116558193106944,gradcam,gradcam
squeezenet,ISIC_0014336,-0.105218209599739,0.03721735494633956,0.37724504793775615,0.37724504793775615,0.37724504793775615,gradcam,gradcam
squeezenet,ISIC_0014349,0.1915212530042067,0.16366592605000654,0.5006127184802333,0.5006127184802333,0.5006127184802333,gradcam,gradcam
squeezenet,ISIC_0014369,0.14043303178522,0.02902792286337413,0.42687001082669124,0.42687001082669124,0.42687001082669124,gradcam,gradcam
squeezenet,ISIC_0014386,0.11266917934071782,0.02580616859404142,0.0966829081210948,0.06839033507310609,0.06839033507310609,gradcam,gradcam
squeezenet,ISIC_0014392,-0.10532387749023761,-0.07462014091724022,0.47532749957947873,-0.11917901456667361,-0.11917901456667361,gradcam,gradcam
squeezenet,ISIC_0014409,-0.035613044818882625,-0.05633711093551593,0.08037016856105542,-0.05058100129974712,-0.05058100129974712,gradcam,gradcam
squeezenet,ISIC_0014419,-0.061004079214261354,-0.09003833208891263,0.15276324585058593,-0.03249419890222671,-0.03249419890222671,gradcam,gradcam
squeezenet,ISIC_0014423,0.10421653210504164,0.11582677207891037,0.3977277446529656,0.3977277446529656,0.3977277446529656,gradcam,gradcam
squeezenet,ISIC_0014434,-0.12160490841271986,-0.16666309033586854,-0.08878303527941035,-0.1532316815765406,-0.1532316815765406,gradcam,gradcam
squeezenet,ISIC_0014454,0.002014155009086606,-0.07125873136179497,0.08393798343692278,0.08393798343692278,0.08393798343692278,gradcam,gradcam
squeezenet,ISIC_0014457,0.014185077895837481,0.006245952340728916,0.5030090436386765,0.4138107172652458,0.4138107172652458,gradcam,gradcam
squeezenet,ISIC_0014470,-0.004832011190114941,-0.08151088868891924,0.10777190225713427,-0.08083069875091127,-0.08083069875091127,gradcam,gradcam
squeezenet,ISIC_0014474,-0.13155000129174552,-0.153726305264291,-0.009141930971333645,-0.20296248863921845,-0.20296248863921845,gradcam,gradcam
squeezenet,ISIC_0014478,-0.030011339592127033,0.03766149425467356,0.36312979261284345,0.36312979261284345,0.36312979261284345,gradcam,gradcam
squeezenet,ISIC_0014489,0.15395351328115783,0.12882255511865176,0.5262566316065541,0.5262566316065541,0.5262566316065541,gradcam,gradcam
squeezenet,ISIC_0014500,0.07205883478880934,-0.02777643107542119,0.16036943402581003,-0.01711104981087427,-0.01711104981087427,gradcam,gradcam
squeezenet,ISIC_0014503,-0.2198773683973492,-0.1927131467692221,0.10392913815233921,-0.050489316547405794,-0.050489316547405794,gradcam,gradcam
squeezenet,ISIC_0014506,0.07603047970023018,0.07760350538445555,0.2886279074612891,0.16055126388980567,0.16055126388980567,gradcam,gradcam
squeezenet,ISIC_0014513,0.11706634524182909,0.10792232989295823,0.4535447444529589,0.4535447444529589,0.4535447444529589,gradcam,gradcam
squeezenet,ISIC_0014541,0.08196167533416185,-0.007336339123615833,0.46230791024164836,0.46230791024164836,0.46230791024164836,gradcam,gradcam
squeezenet,ISIC_0014542,-0.039359253171309186,0.03906389745630344,0.3222140700596094,0.2625924075410762,0.2625924075410762,gradcam,gradcam
squeezenet,ISIC_0014546,-0.023155986961045563,-0.16872153500918335,0.0608799755700637,-0.053294553122393715,-0.053294553122393715,gradcam,gradcam
squeezenet,ISIC_0014548,0.16748538750063766,0.1458306134432617,0.35860075210665826,0.35860075210665826,0.35860075210665826,gradcam,gradcam
squeezenet,ISIC_0014559,0.18454316292045245,0.1160893200165729,0.3887866049752171,0.3887866049752171,0.3887866049752171,gradcam,gradcam
squeezenet,ISIC_0014567,-0.0897952253322638,-0.030515766623318754,0.18085669672631224,0.10917275885799552,0.10917275885799552,gradcam,gradcam
squeezenet,ISIC_0014574,0.20843830266196203,0.033146133150045894,0.220681861842833,0.220681861842833,0.220681861842833,gradcam,gradcam
squeezenet,ISIC_0014575,-0.02560644169399882,-0.05831361552246749,0.24475330795661113,0.24475330795661113,0.24475330795661113,gradcam,gradcam
squeezenet,ISIC_0014586,0.19046456725667107,-0.017058834454560152,0.5963058386764432,0.09569759767166852,0.09569759767166852,gradcam,gradcam
squeezenet,ISIC_0014587,-0.03496328751824033,-0.07720507506149235,0.1844709081320137,0.10077544192113587,0.10077544192113587,gradcam,gradcam
squeezenet,ISIC_0014588,-0.005195614580854617,-0.06012475393201854,0.11069298469674949,0.11069298469674949,0.11069298469674949,gradcam,gradcam
squeezenet,ISIC_0014590,0.06388974376022649,0.03608858745445548,0.21719183859876431,0.15936701837747003,0.15936701837747003,gradcam,gradcam
squeezenet,ISIC_0014600,-0.0062385029970414285,-0.04504959396491142,0.19734950239176072,0.19734950239176072,0.19734950239176072,gradcam,gradcam
squeezenet,ISIC_0014619,0.1013383624022292,-0.002603871607664583,0.24019347724688286,0.24019347724688286,0.24019347724688286,gradcam,gradcam
squeezenet,ISIC_0014626,-0.0001736663811976299,-0.004830436626575491,0.22951580410634986,0.17669135728658372,0.17669135728658372,gradcam,gradcam
squeezenet,ISIC_0014627,-0.014108285165906644,-0.05638092115233761,0.1724735481609077,0.09274777185296611,0.09274777185296611,gradcam,gradcam
squeezenet,ISIC_0014629,-0.12429041350556949,-0.07976510333799092,0.2561502453293328,0.1289047756919885,0.1289047756919885,gradcam,gradcam
squeezenet,ISIC_0014631,0.004258898358002099,-0.06734646874025489,0.15636377060937232,0.15636377060937232,0.15636377060937232,gradcam,gradcam
squeezenet,ISIC_0014634,-0.051750316233237385,-0.0731144678154281,0.10585920546715588,-0.13512660509900193,-0.13512660509900193,gradcam,gradcam
squeezenet,ISIC_0014643,-0.03129582869225584,-0.030603951254501986,0.29636958276636305,0.23477550436341105,0.23477550436341105,gradcam,gradcam
squeezenet,ISIC_0014644,0.08927672459106205,-0.005680179506779838,0.2855648183357549,0.19674082006998792,0.19674082006998792,gradcam,gradcam
squeezenet,ISIC_0014645,-0.06551970972652729,0.002288684549068395,0.15757549198480364,-0.08195952249825507,-0.08195952249825507,gradcam,gradcam
squeezenet,ISIC_0014647,0.02401009351914515,-0.04029198445352291,0.1556989410406417,0.1556989410406417,0.1556989410406417,gradcam,gradcam
squeezenet,ISIC_0014648,-0.10808019113743816,-0.09276325620726684,0.03704809449555548,-0.09502740239644879,-0.09502740239644879,gradcam,gradcam
squeezenet,ISIC_0014649,-0.06911060136542221,-0.08120028300677225,0.0910168146300806,0.020818207887043725,0.020818207887043725,gradcam,gradcam
squeezenet,ISIC_0014652,-0.2583972796579839,-0.15601950022417913,0.18398503464527538,0.014799743294517165,0.014799743294517165,gradcam,gradcam
squeezenet,ISIC_0014653,-0.07734284525223102,-0.0822302746027852,0.13380720398160015,0.13380720398160015,0.13380720398160015,gradcam,gradcam
squeezenet,ISIC_0014663,-0.19675371779457168,-0.13729994734758103,0.013304617032512052,-0.05815345705081526,-0.05815345705081526,gradcam,gradcam
squeezenet,ISIC_0014666,0.05322470562870623,0.22267225533119653,0.7444706900141311,0.08890502915911411,0.08890502915911411,gradcam,gradcam
squeezenet,ISIC_0014675,-0.19340909081498006,-0.007437269538463647,0.23048993960896702,0.23048993960896702,0.23048993960896702,gradcam,gradcam
squeezenet,ISIC_0014677,0.033614862336271124,0.11220305903189612,0.38761355277636056,0.3835878987144312,0.3835878987144312,gradcam,gradcam
squeezenet,ISIC_0014687,-0.05067239413589188,-0.10185589906730927,0.34975317960937896,0.34975317960937896,0.34975317960937896,gradcam,gradcam
squeezenet,ISIC_0014693,0.027139846538029415,0.012764012164938351,0.35516537540494125,0.33965392487401347,0.33965392487401347,gradcam,gradcam
squeezenet,ISIC_0014695,-0.007145396387515165,-0.03939720464153291,0.04317534198040112,-0.009857855933676718,-0.009857855933676718,gradcam,gradcam
squeezenet,ISIC_0014697,0.09147364562661364,-0.01825719714145066,0.10998394283299648,-0.0006129322710362992,-0.0006129322710362992,gradcam,gradcam
squeezenet,ISIC_0014698,-0.028991737861337987,-0.17572625328370342,0.09687102808743384,0.056059457196106374,0.056059457196106374,gradcam,gradcam
squeezenet,ISIC_0014703,-0.04566212407597471,0.03584125825190075,0.31130777925588254,0.31130777925588254,0.31130777925588254,gradcam,gradcam
squeezenet,ISIC_0014720,0.041569224781758,0.052822960001673906,0.27794346081691823,0.1573107337598159,0.1573107337598159,gradcam,gradcam
squeezenet,ISIC_0014725,0.0362370800264275,-0.08371070295339242,0.23329181417002257,0.10271290032566295,0.10271290032566295,gradcam,gradcam
squeezenet,ISIC_0014727,-0.04435692745143317,-0.026264305564830843,0.18583325092333916,-0.21628951396413232,-0.21628951396413232,gradcam,gradcam
squeezenet,ISIC_0014728,-0.23764765137743282,-0.17948420305599508,0.23783520901843908,0.18078493362824308,0.18078493362824308,gradcam,gradcam
squeezenet,ISIC_0014729,0.028968893283706363,0.03634548524388976,0.49752596606538385,0.14877591485829414,0.14877591485829414,gradcam,gradcam
squeezenet,ISIC_0014740,-0.04371951986174822,0.00906119975361969,0.31573802766788744,0.004366390378084855,0.004366390378084855,gradcam,gradcam
squeezenet,ISIC_0014743,0.10358443537125168,-0.06184136244746293,0.20452678978389674,0.20452678978389674,0.20452678978389674,gradcam,gradcam
squeezenet,ISIC_0014746,-0.12622500791241073,-0.07566121710943044,0.1820024457249245,0.1820024457249245,0.1820024457249245,gradcam,gradcam
squeezenet,ISIC_0014749,-0.03469719281155148,0.021200186654389774,0.2373606637931313,0.2373606637931313,0.2373606637931313,gradcam,gradcam
squeezenet,ISIC_0014753,-0.24923130080079936,-0.1395096022452499,0.14206477097038492,0.012778299148871297,0.012778299148871297,gradcam,gradcam
squeezenet,ISIC_0014755,-0.030513290555719958,-0.0823747842266964,0.19342666614342016,-0.03822578372672631,-0.03822578372672631,gradcam,gradcam
squeezenet,ISIC_0014765,-0.06350639076405992,0.00027511261361987116,0.21966307597452778,0.12288549481897006,0.12288549481897006,gradcam,gradcam
squeezenet,ISIC_0014766,-0.14316571889817706,0.03074598230989589,0.44345011644724197,0.289241527955589,0.289241527955589,gradcam,gradcam
squeezenet,ISIC_0014768,-0.08663090762703952,-0.07254393758601854,0.2454466687947714,0.2454466687947714,0.2454466687947714,gradcam,gradcam
squeezenet,ISIC_0014772,0.13303036861053677,0.040564049545310184,0.2588190965637823,0.10291175469723657,0.10291175469723657,gradcam,gradcam
squeezenet,ISIC_0014773,-0.12534180121578722,-0.06453596975440108,0.11577610568474071,0.024230050109934953,0.024230050109934953,gradcam,gradcam
squeezenet,ISIC_0014780,0.12737008797351382,0.033543564704252085,0.24609005493627376,0.24609005493627376,0.24609005493627376,gradcam,gradcam
squeezenet,ISIC_0014784,-0.08272276944026469,-0.05287047492299798,0.07664775553683224,0.019298365986831014,0.019298365986831014,gradcam,gradcam
squeezenet,ISIC_0014786,-0.04910356511302231,0.05789889198190611,0.2259689798844811,0.2259689798844811,0.2259689798844811,gradcam,gradcam
squeezenet,ISIC_0014787,0.03288581670166827,0.23790633658206387,0.5813435469267042,0.10053579359770447,0.10053579359770447,gradcam,gradcam
squeezenet,ISIC_0014790,-0.008852508406638522,0.07485715204720175,0.2778048383588601,0.13611397921570229,0.13611397921570229,gradcam,gradcam
squeezenet,ISIC_0014792,0.08315754222042329,0.032624549257572064,0.21807210037764957,-0.0978479758356553,-0.0978479758356553,gradcam,gradcam
squeezenet,ISIC_0014796,-0.05702474702130367,0.1375523587868723,0.46516343593931275,0.23639147395351667,0.23639147395351667,gradcam,gradcam
squeezenet,ISIC_0014798,-0.013080414231486235,-0.045408538431700306,0.3873946244198145,0.3873946244198145,0.3873946244198145,gradcam,gradcam
squeezenet,ISIC_0014800,-0.10763697730850465,-0.0448186205933598,0.14044234498450417,0.12455580583600785,0.12455580583600785,gradcam,gradcam
squeezenet,ISIC_0014807,-0.11011572798069805,-0.07744309584450466,0.29589128176733454,0.29589128176733454,0.29589128176733454,gradcam,gradcam
squeezenet,ISIC_0014814,-0.0942640244271894,0.03293273206575318,0.46857908821537714,0.44506383546709044,0.44506383546709044,gradcam,gradcam
squeezenet,ISIC_0014815,0.024832050736375382,-0.007826299910672555,0.42955062150822104,0.42955062150822104,0.42955062150822104,gradcam,gradcam
squeezenet,ISIC_0014820,-0.10973988356166028,-0.0980597077297332,0.10342984049392141,-0.0043298846893350396,-0.0043298846893350396,gradcam,gradcam
squeezenet,ISIC_0014822,0.014553962479512541,0.03500128706543649,0.27373668521293315,0.27325421950542944,0.27325421950542944,gradcam,gradcam
squeezenet,ISIC_0014826,-0.07488142824233826,-0.07893018444570583,0.3112569369064522,0.23309139122915218,0.23309139122915218,gradcam,gradcam
squeezenet,ISIC_0014833,0.09628531250639065,0.06228791914873201,0.17403724608102827,-0.1191525939636006,-0.1191525939636006,gradcam,gradcam
squeezenet,ISIC_0014835,-0.26785566654331666,-0.1393124414378368,0.11207997380101171,0.11207997380101171,0.11207997380101171,gradcam,gradcam
squeezenet,ISIC_0014844,0.07457696024290139,-0.057098986292397194,0.36186222769146553,0.36186222769146553,0.36186222769146553,gradcam,gradcam
squeezenet,ISIC_0014853,-0.11332571057658829,-0.05057942010174786,0.45224443694213656,0.45224443694213656,0.45224443694213656,gradcam,gradcam
squeezenet,ISIC_0014854,-0.17907338915563623,0.01873333174449137,0.5164251811505907,0.2036535433811996,0.2036535433811996,gradcam,gradcam
squeezenet,ISIC_0014862,-0.020349514053296262,-0.06643552209492214,0.28241288330123737,0.28241288330123737,0.28241288330123737,gradcam,gradcam
squeezenet,ISIC_0014863,0.0546924055724025,0.056130613174181984,0.23229225976125653,0.1531038592770659,0.1531038592770659,gradcam,gradcam
squeezenet,ISIC_0014867,0.09011377040360682,0.016089675935688184,0.2170394247073069,0.21304569603849938,0.21304569603849938,gradcam,gradcam
squeezenet,ISIC_0014868,-0.07980860179260808,-0.018968709201527278,0.3395612296971559,0.1450444543843649,0.1450444543843649,gradcam,gradcam
squeezenet,ISIC_0014872,-0.059555849163494066,-0.05347514230955403,0.08798303818760726,-0.07958185077457659,-0.07958185077457659,gradcam,gradcam
squeezenet,ISIC_0014876,-0.12701406640430873,0.04400187033065401,0.29217864827865175,0.25557766478493843,0.25557766478493843,gradcam,gradcam
squeezenet,ISIC_0014879,-0.054466865959073955,-0.0466023064913824,0.22381052357458825,0.15198024142824446,0.15198024142824446,gradcam,gradcam
squeezenet,ISIC_0014883,-0.14367565004305824,-0.08377281237913246,0.16617149191044162,0.16617149191044162,0.16617149191044162,gradcam,gradcam
squeezenet,ISIC_0014901,0.08628993305935206,0.1819617009500556,0.4006011388621839,0.4006011388621839,0.4006011388621839,gradcam,gradcam
squeezenet,ISIC_0014907,0.05833757335761246,0.07017314470041769,0.37485685183720363,0.3177736377542342,0.3177736377542342,gradcam,gradcam
squeezenet,ISIC_0014910,0.1064808370288267,0.1409414724425104,0.3330486138100808,0.27599133125509084,0.27599133125509084,gradcam,gradcam
squeezenet,ISIC_0014912,-0.005446872985236432,-0.1236648519517899,0.598302210423551,-0.07576699000212872,-0.07576699000212872,gradcam,gradcam
squeezenet,ISIC_0014921,-0.05419729106636938,-0.15906893989173207,0.39882292220871013,0.25121421742679256,0.25121421742679256,gradcam,gradcam
squeezenet,ISIC_0014927,-0.2155216831183835,0.007100629449930562,0.4037668538352989,0.39230107088969784,0.39230107088969784,gradcam,gradcam
squeezenet,ISIC_0014928,-0.08863572245347287,-0.05490683726798442,0.3021084246608967,0.1054488471423493,0.1054488471423493,gradcam,gradcam
squeezenet,ISIC_0014932,-0.09064939960602736,-0.051204592106897304,0.20586808512799437,0.20586808512799437,0.20586808512799437,gradcam,gradcam
squeezenet,ISIC_0014936,0.0750581951996762,-0.02513920277385762,0.3804306633845282,0.3804306633845282,0.3804306633845282,gradcam,gradcam
squeezenet,ISIC_0014938,-0.2009549002715642,-0.16302497600775276,0.1937166303411497,0.1937166303411497,0.1937166303411497,gradcam,gradcam
squeezenet,ISIC_0014940,0.055554511040541765,-0.12462290568681614,0.1467429131336306,0.1467429131336306,0.1467429131336306,gradcam,gradcam
squeezenet,ISIC_0014941,-0.14151064415890993,-0.07931011742188265,0.41705518602851016,0.41705518602851016,0.41705518602851016,gradcam,gradcam
squeezenet,ISIC_0014942,0.06644175466055932,0.06847106731956198,0.3795234086131135,0.3795234086131135,0.3795234086131135,gradcam,gradcam
squeezenet,ISIC_0014943,-0.047657455442389626,-0.19189922140889257,-0.03316769922453831,-0.15881247671943408,-0.15881247671943408,gradcam,gradcam
squeezenet,ISIC_0014944,-0.03726099014713797,-0.044209153573733506,0.2740362878229586,0.008127936441844095,0.008127936441844095,gradcam,gradcam
squeezenet,ISIC_0014947,-0.0850744082230384,-0.18005538613284847,0.053128227999122646,0.053128227999122646,0.053128227999122646,gradcam,gradcam
squeezenet,ISIC_0014948,0.12930739978358613,0.044658463260023935,0.298394945997337,0.18554615350605866,0.18554615350605866,gradcam,gradcam
squeezenet,ISIC_0014949,-0.022492688403581113,0.07468207258330338,0.30776786548929463,0.30776786548929463,0.30776786548929463,gradcam,gradcam
squeezenet,ISIC_0014952,0.10023053408496575,0.09525554771164908,0.3992108637858601,0.3992108637858601,0.3992108637858601,gradcam,gradcam
squeezenet,ISIC_0014955,-0.15131171521400288,-0.14041076028372038,0.18305369501412422,0.18305369501412422,0.18305369501412422,gradcam,gradcam
squeezenet,ISIC_0014956,-0.013511777870060098,0.09232048333828745,0.7462137027748634,-0.12048439653702761,-0.12048439653702761,gradcam,gradcam
squeezenet,ISIC_0014957,-0.25969517995868746,-0.06827719130667517,0.4229357622206506,0.3765455082551344,0.3765455082551344,gradcam,gradcam
squeezenet,ISIC_0014958,-0.07047775822901806,0.001761017113499674,0.1425801996410842,0.04793767247371662,0.04793767247371662,gradcam,gradcam
squeezenet,ISIC_0014959,0.05669953819579015,0.01880306273756054,0.42889977526612694,0.27880028785226085,0.27880028785226085,gradcam,gradcam
squeezenet,ISIC_0014961,-0.029151102437509815,-0.1033811220378371,0.10217043489842234,0.06252960995978503,0.06252960995978503,gradcam,gradcam
squeezenet,ISIC_0014962,-0.10537222472793716,0.034729585352880815,0.271129128861993,0.271129128861993,0.271129128861993,gradcam,gradcam
squeezenet,ISIC_0014963,0.016531040651551563,0.10124567294801294,0.7189191945165995,0.21922704408969246,0.21922704408969246,gradcam,gradcam
squeezenet,ISIC_0014964,-0.12907116516931708,-0.09287868416015942,0.4020190423309403,0.4020190423309403,0.4020190423309403,gradcam,gradcam
squeezenet,ISIC_0014966,-0.06412859617862528,0.00925545733457914,0.21542287947771546,0.21542287947771546,0.21542287947771546,gradcam,gradcam
squeezenet,ISIC_0014968,-0.07841563807466966,-0.07016092027310541,0.3642081148334116,-0.10299521877333644,-0.10299521877333644,gradcam,gradcam
squeezenet,ISIC_0014969,-0.17700127028471963,0.04471372571972259,0.25094233595732873,0.01128936970898101,0.01128936970898101,gradcam,gradcam
squeezenet,ISIC_0014973,-0.3732519471364689,-0.06446499125704434,0.1792688242511784,0.14427594548790174,0.14427594548790174,gradcam,gradcam
squeezenet,ISIC_0014974,-0.3167874757816929,-0.0978957208161231,0.30116395855708644,0.30116395855708644,0.30116395855708644,gradcam,gradcam
squeezenet,ISIC_0014977,-0.27026942501682477,0.0034271230993309166,0.4203795527633555,0.22587169343255908,0.22587169343255908,gradcam,gradcam
squeezenet,ISIC_0014982,0.06515100370080629,-0.13617077844005715,0.3193064081849299,0.3193064081849299,0.3193064081849299,gradcam,gradcam
squeezenet,ISIC_0014992,-0.07596738622381105,0.034780416987637244,0.33588016355701406,0.2554070222990395,0.2554070222990395,gradcam,gradcam
squeezenet,ISIC_0014994,0.05844690314734805,0.19910709997813705,0.5052621283860182,0.2765056893971643,0.2765056893971643,gradcam,gradcam
squeezenet,ISIC_0014998,-0.03864965779036939,0.10495923716333307,0.3763331721193667,0.281784119958069,0.281784119958069,gradcam,gradcam
squeezenet,ISIC_0015002,-0.14562059539008887,-0.00306993229541593,0.19822602526713856,0.09783712436957677,0.09783712436957677,gradcam,gradcam
squeezenet,ISIC_0015003,-0.03256790189768878,-0.019932059368754997,0.3957635050495782,0.34956083028921464,0.34956083028921464,gradcam,gradcam
squeezenet,ISIC_0015004,0.1289848919525958,0.1111595561150948,0.2720220862311592,0.24795597185961893,0.24795597185961893,gradcam,gradcam
squeezenet,ISIC_0015007,-0.1430827328622542,-0.2615822590774262,0.11602034018346727,-0.042805633160089195,-0.042805633160089195,gradcam,gradcam
squeezenet,ISIC_0015008,-0.11253939648411275,0.04415158552274523,0.1358672675159964,0.10055356271231719,0.10055356271231719,gradcam,gradcam
squeezenet,ISIC_0015009,-0.10859055801451131,-0.00881849151230856,0.15248325185253067,0.12929880214717013,0.12929880214717013,gradcam,gradcam
squeezenet,ISIC_0015011,-0.23884951830800247,-0.14697398904145453,0.18851738033415955,0.18851738033415955,0.18851738033415955,gradcam,gradcam
squeezenet,ISIC_0015013,-0.2635469029618456,-0.27798454267450895,0.13938006999349478,0.05195303027143537,0.05195303027143537,gradcam,gradcam
squeezenet,ISIC_0015015,0.03612608084477146,-0.18647157263896236,0.10879543474412727,0.10879543474412727,0.10879543474412727,gradcam,gradcam
squeezenet,ISIC_0015016,-0.30969311145779715,-0.052409047958876485,0.1242421234732757,0.1242421234732757,0.1242421234732757,gradcam,gradcam
squeezenet,ISIC_0015018,-0.17396430697547968,-0.24139764766678665,0.09500870965946483,0.09500870965946483,0.09500870965946483,gradcam,gradcam
squeezenet,ISIC_0015019,-0.12711415414873756,0.08144121906059199,0.5564907106174006,0.22120119786507272,0.22120119786507272,gradcam,gradcam
squeezenet,ISIC_0015020,0.04148583656053046,0.07768001310410853,0.4065619323894881,0.27563415673771996,0.27563415673771996,gradcam,gradcam
squeezenet,ISIC_0015021,-0.06883336623570206,0.006637115306945405,0.1867185293486717,-0.07841647584722176,-0.07841647584722176,gradcam,gradcam
squeezenet,ISIC_0015023,-0.07811230155776187,0.059671230372874084,0.504924805248774,0.2582793408948814,0.2582793408948814,gradcam,gradcam
squeezenet,ISIC_0015026,-0.06605468269814727,-0.08151427235177901,0.02447934846343394,-0.022642015682813228,-0.022642015682813228,gradcam,gradcam
squeezenet,ISIC_0015030,-0.039547058426219354,0.00998360559585156,0.08697481943417033,0.06701336043151043,0.06701336043151043,gradcam,gradcam
squeezenet,ISIC_0015031,-0.16105704070013654,-0.10856943493433895,-0.015172276491037742,-0.13592207536485354,-0.13592207536485354,gradcam,gradcam
squeezenet,ISIC_0015034,0.017934264096691584,0.09051012476675449,0.40896482060397504,0.40896482060397504,0.40896482060397504,gradcam,gradcam
squeezenet,ISIC_0015035,0.0264075846487327,0.02574225277328483,0.1511873817479336,-0.03235167109716237,-0.03235167109716237,gradcam,gradcam
squeezenet,ISIC_0015037,-0.07126748734004197,-0.0003347296834393506,0.08826840785391318,0.08826840785391318,0.08826840785391318,gradcam,gradcam
squeezenet,ISIC_0015040,0.11452643851719617,0.0553398494042765,0.44174336534051856,0.44174336534051856,0.44174336534051856,gradcam,gradcam
squeezenet,ISIC_0015041,0.016610794231688524,0.14471666117428908,0.49202780058710427,0.14233560078751323,0.14233560078751323,gradcam,gradcam
squeezenet,ISIC_0015046,0.0582000277049497,0.10998887379758128,0.5455065688399102,0.1675217609142148,0.1675217609142148,gradcam,gradcam
squeezenet,ISIC_0015050,0.060868947073549805,0.0831467891317504,0.672634475202649,0.040320063051153085,0.040320063051153085,gradcam,gradcam
squeezenet,ISIC_0015051,0.06376189577152884,0.2468890815862829,0.6632849966102633,0.16041198134266568,0.16041198134266568,gradcam,gradcam
squeezenet,ISIC_0015056,-0.07101380041234374,-0.08762477141016409,0.21167110945033032,0.21167110945033032,0.21167110945033032,gradcam,gradcam
squeezenet,ISIC_0015057,-0.12415335744472611,-0.06317758345782423,0.348964079659909,-0.03287356634907717,-0.03287356634907717,gradcam,gradcam
squeezenet,ISIC_0015060,-0.11739725096544104,-0.17786075764476333,0.06983956795238574,0.06983956795238574,0.06983956795238574,gradcam,gradcam
squeezenet,ISIC_0015064,-0.1285674597849409,0.03640027616210783,0.5862452781008763,0.17575721823341597,0.17575721823341597,gradcam,gradcam
squeezenet,ISIC_0015071,-0.13073955312244295,-0.12547621574824244,0.09282981806189851,0.09282981806189851,0.09282981806189851,gradcam,gradcam
squeezenet,ISIC_0015078,0.05231034373049764,0.048670391917186084,0.1978696815736884,-0.0015989558935349338,-0.0015989558935349338,gradcam,gradcam
squeezenet,ISIC_0015089,-0.10330349318630627,-0.04098085001978664,0.2932493017106494,0.21251284506675164,0.21251284506675164,gradcam,gradcam
squeezenet,ISIC_0015102,0.020593421378655417,-0.09423354941295402,0.26657952123915557,0.26657952123915557,0.26657952123915557,gradcam,gradcam
squeezenet,ISIC_0015115,-0.027975568073896877,-0.05331659112820716,0.2995231193689304,0.1617309701834641,0.1617309701834641,gradcam,gradcam
squeezenet,ISIC_0015118,-0.0651434446672589,-0.02062175203075125,0.2278404110589058,0.2278404110589058,0.2278404110589058,gradcam,gradcam
squeezenet,ISIC_0015119,0.008169878034421771,0.08639374031116005,0.5805336717121846,0.16816475311399418,0.16816475311399418,gradcam,gradcam
squeezenet,ISIC_0015125,-0.06381742942865246,-0.07057068524235195,0.21940642928251114,0.21940642928251114,0.21940642928251114,gradcam,gradcam
squeezenet,ISIC_0015127,0.12854033486745173,-0.03901137362508322,0.266811298202792,0.266811298202792,0.266811298202792,gradcam,gradcam
squeezenet,ISIC_0015129,-0.2885476765482221,-0.005274923966851282,0.24719724126640305,0.03088904378297787,0.03088904378297787,gradcam,gradcam
squeezenet,ISIC_0015130,-0.28406669112846433,-0.24593089093082138,0.10950992932704326,0.06998014838085527,0.06998014838085527,gradcam,gradcam
squeezenet,ISIC_0015132,-0.0404718489378164,0.017738112793612003,0.24087203384060776,0.24087203384060776,0.24087203384060776,gradcam,gradcam
squeezenet,ISIC_0015133,-0.2082492796470375,-0.1636728887452595,0.19834636170889505,0.19834636170889505,0.19834636170889505,gradcam,gradcam
squeezenet,ISIC_0015136,-0.027015986919354695,0.00033550175845217654,0.19101806357359585,0.19101806357359585,0.19101806357359585,gradcam,gradcam
squeezenet,ISIC_0015139,-0.35505686777079964,-0.25650695295456577,0.08888458314678274,0.08888458314678274,0.08888458314678274,gradcam,gradcam
squeezenet,ISIC_0015140,-0.11892178185628162,-0.09206126473678636,0.20777332203911505,0.20777332203911505,0.20777332203911505,gradcam,gradcam
squeezenet,ISIC_0015142,-0.22196678604232684,-0.16751934703449217,0.025036289415934547,0.025036289415934547,0.025036289415934547,gradcam,gradcam
squeezenet,ISIC_0015146,-0.08339948894218552,-0.09059393907365956,0.08988258842722827,0.07681835065742515,0.07681835065742515,gradcam,gradcam
squeezenet,ISIC_0015149,-0.17909839055787788,0.0716615242917379,0.4703986351484777,0.14336534417491867,0.14336534417491867,gradcam,gradcam
squeezenet,ISIC_0015150,-0.0966679610810682,-0.00015702548167706838,0.21914923517430102,0.21914923517430102,0.21914923517430102,gradcam,gradcam
squeezenet,ISIC_0015152,-0.2314486979857507,-0.1328869643564101,0.1800877675781663,-0.3005408158778173,-0.3005408158778173,gradcam,gradcam
squeezenet,ISIC_0015155,-0.145748348158835,-0.1508611948765046,0.2121803312952125,0.12093568716402,0.12093568716402,gradcam,gradcam
squeezenet,ISIC_0015156,-0.09378231383084498,-0.018108043705936307,0.40092270272678465,0.25629533158439466,0.25629533158439466,gradcam,gradcam
squeezenet,ISIC_0015157,0.027267366803919835,0.053024914683566855,0.426757234714365,0.24204901795492637,0.24204901795492637,gradcam,gradcam
squeezenet,ISIC_0015160,-0.0014564116953979126,0.040934280938588495,0.546266130593572,0.02108920090979857,0.02108920090979857,gradcam,gradcam
squeezenet,ISIC_0015161,0.21420521466528708,0.08624995888586663,0.23436203052946183,0.23436203052946183,0.23436203052946183,gradcam,gradcam
squeezenet,ISIC_0015163,0.15120481787024292,0.08372732798750764,0.30746594476599143,0.045933344374761535,0.045933344374761535,gradcam,gradcam
squeezenet,ISIC_0015167,-0.11595988554671158,0.02586908898253079,0.2509407254126251,0.2509407254126251,0.2509407254126251,gradcam,gradcam
squeezenet,ISIC_0015171,0.07642074585912259,0.03898786195592281,0.2799682524635519,0.04681563911390131,0.04681563911390131,gradcam,gradcam
squeezenet,ISIC_0015173,0.03434385417350695,-0.04006156170536125,0.17667901681939796,-0.12231828596280073,-0.12231828596280073,gradcam,gradcam
squeezenet,ISIC_0015174,-0.034298757906683096,0.014872480991783314,0.34218917503113044,0.34218917503113044,0.34218917503113044,gradcam,gradcam
squeezenet,ISIC_0015175,-0.04296439674571725,-0.08012395866111235,0.3657494787718984,0.3657494787718984,0.3657494787718984,gradcam,gradcam
squeezenet,ISIC_0015176,0.034354690664658225,0.10937779714902855,0.4672670835704068,0.25590998380791335,0.25590998380791335,gradcam,gradcam
squeezenet,ISIC_0015179,0.07811573407184388,-0.04092710380594968,0.35149349858850343,0.35149349858850343,0.35149349858850343,gradcam,gradcam
squeezenet,ISIC_0015180,-0.09041786056423973,0.004171118681200736,0.15744540810079988,-0.07769043598873684,-0.07769043598873684,gradcam,gradcam
squeezenet,ISIC_0015184,-0.014374224303837533,0.027888329179977224,0.5755094962342031,0.1585167604770292,0.1585167604770292,gradcam,gradcam
squeezenet,ISIC_0015185,0.15873749061589182,0.09591909277834057,0.2639673191787225,0.22472709563752244,0.22472709563752244,gradcam,gradcam
squeezenet,ISIC_0015193,0.029556724800059282,0.019769221501987008,0.10850098647837052,-0.12392098981354793,-0.12392098981354793,gradcam,gradcam
squeezenet,ISIC_0015201,-0.19914406838873772,-0.1254086109719031,0.2265799835188035,0.2265799835188035,0.2265799835188035,gradcam,gradcam
squeezenet,ISIC_0015202,-0.031725815380096924,-7.423048018188685e-05,0.33639569873468333,0.33639569873468333,0.33639569873468333,gradcam,gradcam
squeezenet,ISIC_0015203,-0.03928441144190923,0.13130072955448738,0.47447787653701895,0.05143347060813191,0.05143347060813191,gradcam,gradcam
squeezenet,ISIC_0015206,-0.16202172273558538,-0.1651257243676734,0.07268661170843135,0.07268661170843135,0.07268661170843135,gradcam,gradcam
squeezenet,ISIC_0015207,-0.11838263176144194,-0.058383182059273224,0.23860105785454502,0.2339979037715185,0.2339979037715185,gradcam,gradcam
squeezenet,ISIC_0015208,-0.07775914828508099,-0.06313939870436959,0.2320799826570657,0.03199738961447369,0.03199738961447369,gradcam,gradcam
squeezenet,ISIC_0015212,0.039585870564400105,0.027994372897140445,0.2913207827463489,0.2913207827463489,0.2913207827463489,gradcam,gradcam
squeezenet,ISIC_0015215,0.048335166962298386,0.13240377308041773,0.47813159208373746,0.47813159208373746,0.47813159208373746,gradcam,gradcam
squeezenet,ISIC_0015216,-0.15296913551042454,-0.007418411335018547,0.1635977845065131,0.036395130670051165,0.036395130670051165,gradcam,gradcam
squeezenet,ISIC_0015217,-0.012167399415319493,0.003611501076243267,0.42207053988369436,0.3730636238555185,0.3730636238555185,gradcam,gradcam
squeezenet,ISIC_0015218,-0.08564522504437024,-0.04140357448716995,0.2001360265944911,0.2001360265944911,0.2001360265944911,gradcam,gradcam
squeezenet,ISIC_0015223,-0.016928188778638584,-0.11811202987881418,0.010542030649006273,-0.15851273475448027,-0.15851273475448027,gradcam,gradcam
squeezenet,ISIC_0015224,0.03387414515187959,-0.050646434958960186,0.10142250566547968,0.06835604515379061,0.06835604515379061,gradcam,gradcam
squeezenet,ISIC_0015226,-0.06091973674880705,-0.1947116062692397,0.17258897591827788,0.11564882781311388,0.11564882781311388,gradcam,gradcam
squeezenet,ISIC_0015229,-0.0014176271196554766,-0.012541789222726352,0.12504134355725863,0.12504134355725863,0.12504134355725863,gradcam,gradcam
squeezenet,ISIC_0015232,0.14127504262719645,0.0624797899135217,0.263687176412046,0.263687176412046,0.263687176412046,gradcam,gradcam
squeezenet,ISIC_0015237,0.0064492679484203785,-0.12093051993587992,0.25522021366193426,0.21298463186248062,0.21298463186248062,gradcam,gradcam
squeezenet,ISIC_0015241,-0.044881733681006626,-0.030273500045756734,0.25745629457192315,0.25745629457192315,0.25745629457192315,gradcam,gradcam
squeezenet,ISIC_0015244,0.020273613030616415,-0.007887016936371132,0.25445428936288883,0.25445428936288883,0.25445428936288883,gradcam,gradcam
squeezenet,ISIC_0015245,-0.050298935474012874,0.02446143405514883,0.1840408722776751,-0.011800815383929122,-0.011800815383929122,gradcam,gradcam
squeezenet,ISIC_0015250,-0.011812004811431251,0.08701250785559399,0.6108373026487269,0.06863733814865804,0.06863733814865804,gradcam,gradcam
squeezenet,ISIC_0015251,-0.16358610018389322,-0.26958268131236873,-0.047794247221728904,-0.047794247221728904,-0.047794247221728904,gradcam,gradcam
squeezenet,ISIC_0015254,-0.034938698053231895,0.08327480126625604,0.44478196192493286,0.44478196192493286,0.44478196192493286,gradcam,gradcam
squeezenet,ISIC_0015255,-0.03155186747885571,-0.03507356526339319,0.3460674413042743,0.3460674413042743,0.3460674413042743,gradcam,gradcam
squeezenet,ISIC_0015258,-0.07528347392171367,0.0418269258494055,0.3134485269472186,0.3134485269472186,0.3134485269472186,gradcam,gradcam
squeezenet,ISIC_0015264,0.08237036704671961,0.07727478185019927,0.384798961668746,0.2037263454915526,0.2037263454915526,gradcam,gradcam
squeezenet,ISIC_0015270,0.0426378927609813,0.061554388891497856,0.33053348341420197,0.2847111090192281,0.2847111090192281,gradcam,gradcam
squeezenet,ISIC_0015273,-0.10900747511480825,-0.23820948083880814,0.2691292898675049,0.060437904196471805,0.060437904196471805,gradcam,gradcam
squeezenet,ISIC_0015274,0.008511623430996984,-0.14382641276870303,0.292043659353402,0.10411235731894579,0.10411235731894579,gradcam,gradcam
squeezenet,ISIC_0015276,0.01867994632089696,0.052795199492091334,0.32337364316542166,0.32337364316542166,0.32337364316542166,gradcam,gradcam
squeezenet,ISIC_0015279,-0.2004709551354913,0.07730179037922412,0.45744511704855945,0.07222886913771245,0.07222886913771245,gradcam,gradcam
squeezenet,ISIC_0015283,-0.19677695539607423,-0.10630988724575906,0.1749677609621518,0.13183346900225873,0.13183346900225873,gradcam,gradcam
squeezenet,ISIC_0015291,-0.0371665254545293,0.11297205690547882,0.5170423830342976,-0.027336515953096496,-0.027336515953096496,gradcam,gradcam
squeezenet,ISIC_0015293,0.15388407728093953,0.0922114492457778,0.4856288411027298,0.4856288411027298,0.4856288411027298,gradcam,gradcam
squeezenet,ISIC_0015298,0.022338010390368916,0.02026707153787947,0.7969825835804601,0.34653563153591266,0.34653563153591266,gradcam,gradcam
squeezenet,ISIC_0015309,-0.24294679743941752,-0.19797662152394555,0.06147115277141751,0.06147115277141751,0.06147115277141751,gradcam,gradcam
squeezenet,ISIC_0015310,0.07632512125487353,0.13208133490252943,0.7414887205377008,-0.1464065214924944,-0.1464065214924944,gradcam,gradcam
squeezenet,ISIC_0015311,-0.2671946106165826,-0.1551133198983223,0.2999859020829333,0.2999859020829333,0.2999859020829333,gradcam,gradcam
squeezenet,ISIC_0015312,-0.0484955868957838,0.034224535223064095,0.33417489740051876,0.33417489740051876,0.33417489740051876,gradcam,gradcam
squeezenet,ISIC_0015330,-0.13571438400028982,0.03497959502259154,0.2985360522959995,0.2856442630074883,0.2856442630074883,gradcam,gradcam
squeezenet,ISIC_0015331,0.12366372934465843,0.11720386681319427,0.31091784105495573,0.007161544835211682,0.007161544835211682,gradcam,gradcam
squeezenet,ISIC_0015347,-0.0066502187739569,0.008590546127950247,0.3094479250875076,0.30691087008475837,0.30691087008475837,gradcam,gradcam
squeezenet,ISIC_0015353,-0.26398618959423414,-0.2781316406167807,0.16250772534236738,0.16250772534236738,0.16250772534236738,gradcam,gradcam
squeezenet,ISIC_0015355,-0.14305359027914763,-0.09292018921931695,0.23010521529618572,0.22450855851321586,0.22450855851321586,gradcam,gradcam
squeezenet,ISIC_0015357,-0.06316732475803656,0.047401665824175376,0.47176374664482135,0.47176374664482135,0.47176374664482135,gradcam,gradcam
squeezenet,ISIC_0015360,0.018639700710922785,0.07737211505708097,0.5140577918681625,0.3866305460477926,0.3866305460477926,gradcam,gradcam
squeezenet,ISIC_0015363,-0.1511079349122304,-0.2530764587977069,-0.1312499616866423,-0.1922459834565135,-0.1922459834565135,gradcam,gradcam
squeezenet,ISIC_0015364,-0.08697278960771522,-0.18401692855946408,0.15704355897674907,0.15704355897674907,0.15704355897674907,gradcam,gradcam
squeezenet,ISIC_0015368,0.020764378492369482,0.07856053591791688,0.2562933130733948,0.23749517987081176,0.23749517987081176,gradcam,gradcam
squeezenet,ISIC_0015369,-0.12778991359945394,-0.18850844425135702,0.3724394979484765,0.009659056424010532,0.009659056424010532,gradcam,gradcam
squeezenet,ISIC_0015383,0.025121382497498006,0.04218955661272661,0.4313080162396867,0.4313080162396867,0.4313080162396867,gradcam,gradcam
squeezenet,ISIC_0015386,0.08803096723647817,-0.108475554013699,0.23102539814589937,0.23102539814589937,0.23102539814589937,gradcam,gradcam
squeezenet,ISIC_0015390,0.09464620231394023,0.045013657106800706,0.23064362088997173,0.23064362088997173,0.23064362088997173,gradcam,gradcam
squeezenet,ISIC_0015395,-0.21081631368069648,-0.2412742057369636,-0.09311777686896296,-0.10517201072375977,-0.10517201072375977,gradcam,gradcam
squeezenet,ISIC_0015403,-0.01856443110195768,0.07526948810280729,0.5748644958337542,0.2317259415383788,0.2317259415383788,gradcam,gradcam
squeezenet,ISIC_0015404,0.038710983730366695,-0.01437175861649419,0.2895261685085769,0.2895261685085769,0.2895261685085769,gradcam,gradcam
squeezenet,ISIC_0015411,-0.040779498408154265,-0.017168844650299685,0.3507939462926677,0.27645721775486315,0.27645721775486315,gradcam,gradcam
squeezenet,ISIC_0015412,-0.0017825204146908469,0.05586384980141398,0.4633636871215428,0.3888551742752514,0.3888551742752514,gradcam,gradcam
squeezenet,ISIC_0015416,0.0662148898067465,-0.017043701304173858,0.24469107002618357,0.24469107002618357,0.24469107002618357,gradcam,gradcam
squeezenet,ISIC_0015417,0.14078725801222935,0.08722350083576982,0.42817150803380716,0.42817150803380716,0.42817150803380716,gradcam,gradcam
squeezenet,ISIC_0015418,0.11477761162445008,0.2569522007055837,0.632832327693393,0.38288735511013144,0.38288735511013144,gradcam,gradcam
squeezenet,ISIC_0015419,0.11044938786042971,0.05835778440029863,0.2358432447441005,0.2358432447441005,0.2358432447441005,gradcam,gradcam
squeezenet,ISIC_0015436,-0.07201600239578379,-0.10260134745000475,0.22897501577810317,0.22897501577810317,0.22897501577810317,gradcam,gradcam
squeezenet,ISIC_0015440,0.0382054228089243,0.1378004696964646,0.32600051441851186,0.32600051441851186,0.32600051441851186,gradcam,gradcam
squeezenet,ISIC_0015447,-0.03345331156921102,-0.014306820812486897,0.09652498682810741,0.09652498682810741,0.09652498682810741,gradcam,gradcam
squeezenet,ISIC_0015455,0.04007365220939257,0.013392084855279462,0.09278115200298813,0.07690016220941912,0.07690016220941912,gradcam,gradcam
squeezenet,ISIC_0015464,-0.046011481879244025,-0.031195830361804646,0.25285516192592716,0.16394523858945784,0.16394523858945784,gradcam,gradcam
squeezenet,ISIC_0015466,-0.0665695120729323,0.04335601865611359,0.22899616769170045,0.1763166157483384,0.1763166157483384,gradcam,gradcam
squeezenet,ISIC_0015468,-0.179630126701361,0.007762332617079057,0.4024167265728274,0.3482118879009105,0.3482118879009105,gradcam,gradcam
squeezenet,ISIC_0015476,-0.08573982921627667,0.17508263494387635,0.49308821047723644,0.30216709351889376,0.30216709351889376,gradcam,gradcam
squeezenet,ISIC_0015481,-0.07458421847367087,-0.12763104365558828,0.3418567003604426,0.3418567003604426,0.3418567003604426,gradcam,gradcam
squeezenet,ISIC_0015482,-0.24985876536213583,-0.0834726668545892,0.27218254050706975,0.27218254050706975,0.27218254050706975,gradcam,gradcam
squeezenet,ISIC_0015485,-0.06481663241521554,-0.0763804305521136,0.09076701952387707,0.014775301271616541,0.014775301271616541,gradcam,gradcam
squeezenet,ISIC_0015510,-0.01669660738303271,-0.13951816184288174,0.17651263786738716,-0.07146292121913947,-0.07146292121913947,gradcam,gradcam
squeezenet,ISIC_0015526,0.07363680951178445,0.026043757724918206,0.38084131336972893,0.38084131336972893,0.38084131336972893,gradcam,gradcam
squeezenet,ISIC_0015537,-0.18934176568418984,-0.24235706087393336,-0.08167349221734847,-0.3408094238380638,-0.3408094238380638,gradcam,gradcam
squeezenet,ISIC_0015544,-0.2861106394417271,-0.20197005428410006,0.02811152092163411,0.02811152092163411,0.02811152092163411,gradcam,gradcam
squeezenet,ISIC_0015559,-0.12293315691029176,-0.11901157170370079,0.05070852628668719,0.05070852628668719,0.05070852628668719,gradcam,gradcam
squeezenet,ISIC_0015563,-0.09390116513387266,-0.09800027139610638,0.010566603854411407,0.010566603854411407,0.010566603854411407,gradcam,gradcam
squeezenet,ISIC_0015566,0.06865718749378795,-0.03602447361003029,0.3871138973011176,0.09519953751257762,0.09519953751257762,gradcam,gradcam
squeezenet,ISIC_0015568,-0.35318738745404926,-0.3449343282231475,-0.09235661800970747,-0.09890972997278094,-0.09890972997278094,gradcam,gradcam
squeezenet,ISIC_0015582,-0.02034224105242431,0.00745599108811817,0.32732758661989575,0.18354417119192648,0.18354417119192648,gradcam,gradcam
squeezenet,ISIC_0015593,0.07324735968370659,0.09896542566056091,0.3705491653658071,0.3705491653658071,0.3705491653658071,gradcam,gradcam
squeezenet,ISIC_0015603,-0.017285003934933645,0.04878740566777619,0.40188384171178015,0.34901869360260424,0.34901869360260424,gradcam,gradcam
squeezenet,ISIC_0015607,0.006868690558108348,0.05424012982498028,0.24526566439663583,0.0774513862396639,0.0774513862396639,gradcam,gradcam
squeezenet,ISIC_0015614,-0.03434279957061675,-0.09286804456510477,0.2540899471591945,0.0791970802550077,0.0791970802550077,gradcam,gradcam
squeezenet,ISIC_0015617,-0.13408303477183428,0.04363150761607853,0.17907366110735032,0.16461701546532126,0.16461701546532126,gradcam,gradcam
squeezenet,ISIC_0015625,-0.15592246077357513,-0.0710278167754768,0.2208174374510781,0.2208174374510781,0.2208174374510781,gradcam,gradcam
squeezenet,ISIC_0015631,0.011510878714477393,-0.003566915692884912,0.41893137721290163,0.38127906701407993,0.38127906701407993,gradcam,gradcam
squeezenet,ISIC_0015636,-0.359278347829341,-0.27307396633740827,-0.07845027115525816,-0.1840865288309261,-0.1840865288309261,gradcam,gradcam
squeezenet,ISIC_0015638,-0.13906349469154292,-0.1615230832687742,0.026752060403570605,0.026752060403570605,0.026752060403570605,gradcam,gradcam
squeezenet,ISIC_0015641,-0.1993902872624309,0.042353319391105024,0.36755089877956787,-0.08009549940984319,-0.08009549940984319,gradcam,gradcam
squeezenet,ISIC_0015645,-0.1202770761517525,-0.06926822987797823,0.19987211485385878,0.19987211485385878,0.19987211485385878,gradcam,gradcam
squeezenet,ISIC_0015936,0.019675865611631815,-0.026306990360649977,0.31397754453841525,0.31397754453841525,0.31397754453841525,gradcam,gradcam
squeezenet,ISIC_0015937,-0.12654221399009558,-0.019640770408304177,0.39910450259865676,0.39910450259865676,0.39910450259865676,gradcam,gradcam
squeezenet,ISIC_0015938,0.014770790295339595,0.029824110179885073,0.4061447420280685,0.3333941795650746,0.3333941795650746,gradcam,gradcam
squeezenet,ISIC_0015939,-0.12490870270066003,-0.014565827292588322,0.3458943047951916,0.3458943047951916,0.3458943047951916,gradcam,gradcam
squeezenet,ISIC_0015940,-0.09958246455160207,0.03780832785360034,0.4682571106084886,0.4682571106084886,0.4682571106084886,gradcam,gradcam
squeezenet,ISIC_0015941,-0.17409656328037323,-0.14218161421927103,0.1333405759722345,0.1333405759722345,0.1333405759722345,gradcam,gradcam
squeezenet,ISIC_0015942,-0.1601180004459457,-0.11233484688646754,0.27764302705528204,0.27764302705528204,0.27764302705528204,gradcam,gradcam
squeezenet,ISIC_0015943,-0.09827801813486128,-0.013090609839768202,0.4129046240566606,0.030801942427121327,0.030801942427121327,gradcam,gradcam
squeezenet,ISIC_0015944,-0.014452602583123928,-0.05251527848739253,0.06929891574992333,-0.03450869224381216,-0.03450869224381216,gradcam,gradcam
squeezenet,ISIC_0015945,0.005684449383359309,0.14066808125726216,0.4434620986103158,0.3302733535248842,0.3302733535248842,gradcam,gradcam
squeezenet,ISIC_0015946,-0.001974992343354076,0.02435197816005345,0.3038545540272724,0.3038545540272724,0.3038545540272724,gradcam,gradcam
squeezenet,ISIC_0015947,-0.04384524301265077,-0.03919984916932346,0.37687709059572205,0.37687709059572205,0.37687709059572205,gradcam,gradcam
squeezenet,ISIC_0015948,-0.15532972826816455,0.010822692179823425,0.33858482957190444,0.33858482957190444,0.33858482957190444,gradcam,gradcam
squeezenet,ISIC_0015949,-0.38736573163731736,-0.13939341324295434,0.21111221295218227,0.21111221295218227,0.21111221295218227,gradcam,gradcam
squeezenet,ISIC_0015950,-0.012580939618255413,0.037920937832900715,0.2310176972234236,-0.0022961057895033604,-0.0022961057895033604,gradcam,gradcam
squeezenet,ISIC_0015951,-0.07492435140746544,-0.09787465010092014,0.04112857830565429,-0.16690312213739014,-0.16690312213739014,gradcam,gradcam
squeezenet,ISIC_0015952,-0.014124759869552639,0.029212292664952955,0.35645269715113237,0.2622028071552211,0.2622028071552211,gradcam,gradcam
squeezenet,ISIC_0015953,0.08750122144551008,0.12632848502683833,0.4123066669351558,0.4123066669351558,0.4123066669351558,gradcam,gradcam
squeezenet,ISIC_0015954,-0.009727246603442184,0.08116851513352955,0.5397868452648749,0.539734854139733,0.539734854139733,gradcam,gradcam
squeezenet,ISIC_0015955,-0.05808750392329561,-0.06475947565208823,0.17391765430533623,-0.1061052756632992,-0.1061052756632992,gradcam,gradcam
squeezenet,ISIC_0015956,-0.16086699378053224,0.002372548278944001,0.49016358422586753,0.48526925950842975,0.48526925950842975,gradcam,gradcam
squeezenet,ISIC_0015957,-0.15782590656396037,-0.21591252727152613,0.12266127355987193,-0.04157740469302673,-0.04157740469302673,gradcam,gradcam
squeezenet,ISIC_0015958,-0.15811832534173081,-0.22495957237383313,-0.01699630459031219,-0.15038227049289551,-0.15038227049289551,gradcam,gradcam
squeezenet,ISIC_0015959,-0.1627657029988216,-0.1422420502496173,0.2545716315339168,0.16720020170426078,0.16720020170426078,gradcam,gradcam
squeezenet,ISIC_0015960,0.046893770677085146,0.009962646318495815,0.3286871990788347,0.3286871990788347,0.3286871990788347,gradcam,gradcam
squeezenet,ISIC_0015961,-0.2009885021341711,0.006384506977053407,0.44571864606654543,0.44571864606654543,0.44571864606654543,gradcam,gradcam
squeezenet,ISIC_0015962,-0.21569046387304905,-0.10628991433886281,0.4635390827879376,0.4283453628367434,0.4283453628367434,gradcam,gradcam
squeezenet,ISIC_0015963,-0.17757508899700447,0.03369316473992894,0.48673022713253467,0.48673022713253467,0.48673022713253467,gradcam,gradcam
squeezenet,ISIC_0015964,-0.07322622759867446,0.013841623526200822,0.3991828587418705,0.3991828587418705,0.3991828587418705,gradcam,gradcam
squeezenet,ISIC_0015965,-0.18725450285796486,-0.051323999786859795,0.43497757750763,0.37784538557319813,0.37784538557319813,gradcam,gradcam
squeezenet,ISIC_0015966,0.07901193646825402,0.024452818382041722,0.5001957893423928,0.5001957893423928,0.5001957893423928,gradcam,gradcam
squeezenet,ISIC_0015967,-0.1816832769018007,-0.20070893431262932,-0.05454724527314735,-0.08906124941268605,-0.08906124941268605,gradcam,gradcam
squeezenet,ISIC_0015968,-0.304432923383038,-0.13497273010648864,0.04245294111324815,-0.0026767096950528163,-0.0026767096950528163,gradcam,gradcam
squeezenet,ISIC_0015969,-0.029828948815843952,-0.01805245632502508,0.29545242085913487,0.29545242085913487,0.29545242085913487,gradcam,gradcam
squeezenet,ISIC_0015971,-0.24315809011507708,-0.13147361631709706,0.002547672015102103,-0.004374553545887593,-0.004374553545887593,gradcam,gradcam
squeezenet,ISIC_0015972,-0.04206785637112725,-0.007202892268465135,0.3911127746563139,-0.22051223396254058,-0.22051223396254058,gradcam,gradcam
squeezenet,ISIC_0015973,-0.04781438146664675,-0.07618211873459059,0.0728545774206791,-0.03759193235877694,-0.03759193235877694,gradcam,gradcam
squeezenet,ISIC_0015974,-0.2362470805518307,-0.14351071213825742,0.21553305662853056,0.12271742731180221,0.12271742731180221,gradcam,gradcam
squeezenet,ISIC_0015975,-0.08745379059036387,0.03146966511782196,0.45067729082540037,0.25927690907275996,0.25927690907275996,gradcam,gradcam
squeezenet,ISIC_0015976,-0.05863543957578744,-0.17907330798684848,0.2626941731971243,0.2626941731971243,0.2626941731971243,gradcam,gradcam
squeezenet,ISIC_0015978,-0.10448780810884416,-0.06712145546674268,0.04369843859300098,-0.011728192121156833,-0.011728192121156833,gradcam,gradcam
squeezenet,ISIC_0015979,0.09502915413658213,0.08792090883672384,0.5427752488902247,0.5427752488902247,0.5427752488902247,gradcam,gradcam
squeezenet,ISIC_0015980,-0.3310046258504063,-0.14890051596252993,0.3234883023069345,0.2707991091982931,0.2707991091982931,gradcam,gradcam
squeezenet,ISIC_0015981,-0.1935332148729079,-0.12523106603892853,0.10771949551292628,0.10771949551292628,0.10771949551292628,gradcam,gradcam
squeezenet,ISIC_0015982,-0.04092126538594527,-0.10900854850035342,0.2564362736554953,0.2319730777553454,0.2319730777553454,gradcam,gradcam
squeezenet,ISIC_0015983,-0.16405606262539446,0.019213942401667256,0.29389379678435246,0.29389379678435246,0.29389379678435246,gradcam,gradcam
squeezenet,ISIC_0015984,-0.09121843999757076,-0.07826217675449776,0.11050567899516214,-0.02241746114471212,-0.02241746114471212,gradcam,gradcam
squeezenet,ISIC_0015985,0.11320919563475121,0.11179254712603395,0.4834280523919053,0.4834280523919053,0.4834280523919053,gradcam,gradcam
squeezenet,ISIC_0015986,0.048944903653830626,0.07301886798813394,0.4142315438485062,0.3359026553210172,0.3359026553210172,gradcam,gradcam
squeezenet,ISIC_0015987,0.03731783178005345,0.0670094000485901,0.4111468239560142,0.3321896230079621,0.3321896230079621,gradcam,gradcam
squeezenet,ISIC_0015988,-0.07937070533650692,-0.08204369584448182,0.37912989460099983,0.3304864904017604,0.3304864904017604,gradcam,gradcam
squeezenet,ISIC_0015989,0.006976182084766215,-0.05236400529544251,0.15203764523887373,0.15203764523887373,0.15203764523887373,gradcam,gradcam
squeezenet,ISIC_0015990,-0.018882316333706566,0.011729312707457881,0.3648721143147108,0.3648721143147108,0.3648721143147108,gradcam,gradcam
squeezenet,ISIC_0015991,-0.014102610033463834,0.10118803472628213,0.4509993886195627,0.411278761692476,0.411278761692476,gradcam,gradcam
squeezenet,ISIC_0015992,-0.08807585400663834,-0.012437210183624273,0.40654096393425426,0.40654096393425426,0.40654096393425426,gradcam,gradcam
squeezenet,ISIC_0015993,-0.21482095446045527,-0.08557685143615483,0.4348113584031593,0.4348113584031593,0.4348113584031593,gradcam,gradcam
squeezenet,ISIC_0015994,-0.22659627015680933,-0.1309950351288726,0.31506287091807733,0.31506287091807733,0.31506287091807733,gradcam,gradcam
squeezenet,ISIC_0015995,0.049736197408915474,0.047316331910531986,0.305083978795524,0.305083978795524,0.305083978795524,gradcam,gradcam
squeezenet,ISIC_0015996,0.03336757015139421,-0.013767686740944566,0.4081389418746052,0.4081389418746052,0.4081389418746052,gradcam,gradcam
squeezenet,ISIC_0015997,0.046968983811109144,0.056421262787326364,0.4285715619920555,0.4285715619920555,0.4285715619920555,gradcam,gradcam
squeezenet,ISIC_0015998,-0.1262583003495037,-0.11970134018586552,0.1269591807767758,0.1269591807767758,0.1269591807767758,gradcam,gradcam
squeezenet,ISIC_0015999,-0.20443646803765933,-0.1291382542172651,0.1797268012595675,0.1797268012595675,0.1797268012595675,gradcam,gradcam
squeezenet,ISIC_0016000,-0.1203227492347976,-0.10853002735868718,-0.024536012142714853,-0.024536012142714853,-0.024536012142714853,gradcam,gradcam
squeezenet,ISIC_0016001,-0.1729087707265536,-0.1388222240482676,0.2153564607023945,-0.11441545924289342,-0.11441545924289342,gradcam,gradcam
squeezenet,ISIC_0016002,0.03999986890406726,0.10178266405968027,0.5728708704119116,0.42890362448740504,0.42890362448740504,gradcam,gradcam
squeezenet,ISIC_0016003,-0.13518079886707937,-0.03836176134897159,0.4277554782227021,0.4277554782227021,0.4277554782227021,gradcam,gradcam
squeezenet,ISIC_0016004,0.11724758684255902,0.08182052283571141,0.4816148202751795,0.4816148202751795,0.4816148202751795,gradcam,gradcam
squeezenet,ISIC_0016005,-0.0018824165463009468,0.11357075987049695,0.5175058615177667,0.5175058615177667,0.5175058615177667,gradcam,gradcam
squeezenet,ISIC_0016006,0.13946444797402197,0.15764998897004562,0.46823967446161713,0.46823967446161713,0.46823967446161713,gradcam,gradcam
squeezenet,ISIC_0016007,-0.11312592119330067,0.0065680704496577135,0.43224921444908276,0.43224921444908276,0.43224921444908276,gradcam,gradcam
squeezenet,ISIC_0016008,0.09502539486986174,0.12374756826801778,0.31834558963707366,0.2572340230002544,0.2572340230002544,gradcam,gradcam
squeezenet,ISIC_0016009,0.0330483810051894,0.011228814941122394,0.46957670914565197,0.46957670914565197,0.46957670914565197,gradcam,gradcam
squeezenet,ISIC_0016011,-0.05733972700937035,-0.11034588474519243,0.06225484951024428,-0.08953586626815434,-0.08953586626815434,gradcam,gradcam
squeezenet,ISIC_0016012,-0.09962122016153008,0.005359888536395228,0.2913932539946891,0.2913932539946891,0.2913932539946891,gradcam,gradcam
squeezenet,ISIC_0016013,0.010252739766916224,0.143750224915157,0.31005953556866095,0.27616850752730304,0.27616850752730304,gradcam,gradcam
squeezenet,ISIC_0016014,-0.16714127331401882,-0.05946031295126793,0.30422805125464575,0.30422805125464575,0.30422805125464575,gradcam,gradcam
squeezenet,ISIC_0016015,-0.03369911160745441,0.001881385452652502,0.4430078772681915,0.4430078772681915,0.4430078772681915,gradcam,gradcam
squeezenet,ISIC_0016016,0.07078685414510844,0.007829269896792121,0.11354228661690421,0.11354228661690421,0.11354228661690421,gradcam,gradcam
squeezenet,ISIC_0016017,-0.03327960804188341,-0.08835202758666497,0.314989312610806,0.314989312610806,0.314989312610806,gradcam,gradcam
squeezenet,ISIC_0016018,0.14180683056348606,0.12353578279005827,0.4644383883785737,0.3802234628131379,0.3802234628131379,gradcam,gradcam
squeezenet,ISIC_0016019,-0.07815467400736391,-0.10436181032993698,0.13057639940152269,-0.0254815140429177,-0.0254815140429177,gradcam,gradcam
squeezenet,ISIC_0016022,-0.05240647195153853,-0.0675128397103367,0.3571533429297419,0.3571533429297419,0.3571533429297419,gradcam,gradcam
squeezenet,ISIC_0016023,-0.11018247638367122,-0.08094362788221433,0.15774189242997755,-0.019956020190816676,-0.019956020190816676,gradcam,gradcam
squeezenet,ISIC_0016024,0.015395976667785518,-0.03923538129891772,0.14820378873369533,0.14820378873369533,0.14820378873369533,gradcam,gradcam
squeezenet,ISIC_0016025,0.00921729462983399,0.013082638252915535,0.3081248154713228,0.3081248154713228,0.3081248154713228,gradcam,gradcam
squeezenet,ISIC_0016026,0.18571459008918875,0.06965565899351829,0.4603851410510912,0.4603851410510912,0.4603851410510912,gradcam,gradcam
squeezenet,ISIC_0016027,-0.1992689004976317,-0.15471808141648682,0.09186577320682868,-0.02127322037168235,-0.02127322037168235,gradcam,gradcam
squeezenet,ISIC_0016028,-0.12263005506057771,4.504489391357316e-05,0.48504261940512716,0.48504261940512716,0.48504261940512716,gradcam,gradcam
squeezenet,ISIC_0016029,-0.11078914603964977,-0.12474207660322832,0.0073110516687186254,-0.22115308465684277,-0.22115308465684277,gradcam,gradcam
squeezenet,ISIC_0016030,-0.024128778705748994,-0.043356911841854515,0.1440649339893079,-0.18830098807775839,-0.18830098807775839,gradcam,gradcam
squeezenet,ISIC_0016031,0.04173984016786484,0.14399937318195294,0.5959804331897083,0.28255259925720616,0.28255259925720616,gradcam,gradcam
squeezenet,ISIC_0016033,-0.020546277652750126,0.012014370809113589,0.4392303227029904,0.4392303227029904,0.4392303227029904,gradcam,gradcam
squeezenet,ISIC_0016034,-0.01539041008433127,0.019422450733039696,0.44408418646248454,0.44408418646248454,0.44408418646248454,gradcam,gradcam
squeezenet,ISIC_0016035,-0.030614299541739585,-0.02037534623392584,0.24734695809478316,0.0036690105490465585,0.0036690105490465585,gradcam,gradcam
squeezenet,ISIC_0016036,-0.10804655787055238,-0.05163625516920419,0.12928324137962702,0.08498395154774117,0.08498395154774117,gradcam,gradcam
squeezenet,ISIC_0016037,0.19251520642823813,0.12108493275822521,0.38520749919028663,0.38520749919028663,0.38520749919028663,gradcam,gradcam
squeezenet,ISIC_0016038,-0.18824688706710638,-0.12207175938741541,0.16576843807004968,0.09433326523497369,0.09433326523497369,gradcam,gradcam
squeezenet,ISIC_0016040,-0.07213158070121115,0.040093003138810826,0.3775985753235557,0.3775985753235557,0.3775985753235557,gradcam,gradcam
squeezenet,ISIC_0016041,-0.14728636430552106,-0.15726040784811054,0.029341806523169294,0.029341806523169294,0.029341806523169294,gradcam,gradcam
squeezenet,ISIC_0016042,-0.012026435315487971,0.06176894833742456,0.48569836369340663,0.3464517546794225,0.3464517546794225,gradcam,gradcam
squeezenet,ISIC_0016043,-0.2539522536784614,-0.23230786873646844,-0.06075879371635784,-0.3372069340980059,-0.3372069340980059,gradcam,gradcam
squeezenet,ISIC_0016044,0.20412607108704245,0.14018370789402632,0.7017893271291257,0.7017893271291257,0.7017893271291257,gradcam,gradcam
squeezenet,ISIC_0016045,0.05471156671077023,0.08370237846791946,0.4573135055268418,0.29258980319874434,0.29258980319874434,gradcam,gradcam
squeezenet,ISIC_0016046,-0.2047066282488202,-0.09041294466061038,0.20064079582218525,0.20064079582218525,0.20064079582218525,gradcam,gradcam
squeezenet,ISIC_0016048,-0.0021604187359300603,-0.03775814279888052,0.42888389669517846,0.42888389669517846,0.42888389669517846,gradcam,gradcam
squeezenet,ISIC_0016049,-0.05972879295640597,-0.04764615648774768,0.1864394252267211,0.1864394252267211,0.1864394252267211,gradcam,gradcam
squeezenet,ISIC_0016050,-0.09378854724305945,0.0619656750954277,0.4895998530158213,0.2197769214390949,0.2197769214390949,gradcam,gradcam
squeezenet,ISIC_0016051,-0.10376089537388034,-0.10757812228820618,0.17189702124378356,0.17189702124378356,0.17189702124378356,gradcam,gradcam
squeezenet,ISIC_0016052,0.07260257869976118,0.03863239597637796,0.25262473736945656,0.25262473736945656,0.25262473736945656,gradcam,gradcam
squeezenet,ISIC_0016053,0.05495457382301134,0.07384391943923316,0.2776201498710111,0.2776201498710111,0.2776201498710111,gradcam,gradcam
squeezenet,ISIC_0016054,-0.011823454259364565,0.10784522246771706,0.6549542498230093,-0.017465224873449845,-0.017465224873449845,gradcam,gradcam
squeezenet,ISIC_0016055,-0.06925708503380508,0.063869010932765,0.43926942540599506,0.278563978990302,0.278563978990302,gradcam,gradcam
squeezenet,ISIC_0016056,0.0222499285992185,0.16743253796358687,0.48681387031514695,0.12424099715113512,0.12424099715113512,gradcam,gradcam
squeezenet,ISIC_0016057,0.15898812201234774,0.08791218148384757,0.5046716372748377,0.43733483857685307,0.43733483857685307,gradcam,gradcam
squeezenet,ISIC_0016058,-0.14386218870425474,-0.0977692746909619,0.008172323203360587,-0.17500298287767993,-0.17500298287767993,gradcam,gradcam
squeezenet,ISIC_0016059,-0.03434674446444563,-0.01260907844383916,0.4235887465544472,0.4235887465544472,0.4235887465544472,gradcam,gradcam
squeezenet,ISIC_0016060,-0.09219824648196369,-0.0008578526724407435,0.2297350003430561,0.2297350003430561,0.2297350003430561,gradcam,gradcam
squeezenet,ISIC_0016061,-0.15044676965522272,-0.17808824462274592,0.0724590835358324,0.0724590835358324,0.0724590835358324,gradcam,gradcam
squeezenet,ISIC_0016062,0.18739645463084928,0.06970780510820221,0.42519329807021794,0.42519329807021794,0.42519329807021794,gradcam,gradcam
squeezenet,ISIC_0016063,-0.15722203797256462,0.03940634383470713,0.49367186420261355,0.49367186420261355,0.49367186420261355,gradcam,gradcam
squeezenet,ISIC_0016064,0.12090956104172498,0.13158716584228752,0.5082779096420736,0.4074726497764507,0.4074726497764507,gradcam,gradcam
squeezenet,ISIC_0016065,0.06145609863125064,0.035378439405571574,0.321537151800641,0.321537151800641,0.321537151800641,gradcam,gradcam
squeezenet,ISIC_0016066,0.12306602527045227,0.22223735456934102,0.5070425532639652,0.48519965151751554,0.48519965151751554,gradcam,gradcam
squeezenet,ISIC_0016068,0.10401830739089243,-0.019162171585665615,0.47065872320120355,0.47065872320120355,0.47065872320120355,gradcam,gradcam
squeezenet,ISIC_0016069,-0.15984963358970503,-0.14625701058453147,0.21270803243740563,0.21217921573667115,0.21217921573667115,gradcam,gradcam
squeezenet,ISIC_0016070,-0.20476700488634103,-0.10357392092869909,0.22706531773864327,0.22706531773864327,0.22706531773864327,gradcam,gradcam
squeezenet,ISIC_0016071,-0.1170930807013134,0.05486993699059621,0.49907939928066164,0.49907939928066164,0.49907939928066164,gradcam,gradcam
squeezenet,ISIC_0016072,0.18860375867508003,0.16591066514402894,0.48828385568570315,0.48828385568570315,0.48828385568570315,gradcam,gradcam
