model,image_id,eff_ensemble,eff_individual_mean,eff_individual_best
resnet18,ISIC_0012086,0.28089783988500183,0.12927679468136494,0.25194519724159614
resnet18,ISIC_0012092,-0.025469787427207086,-0.026805788850937446,0.3097244370473343
resnet18,ISIC_0012095,0.41684907197593024,0.07886706741031853,0.3780325408273181
resnet18,ISIC_0012134,0.6471315319202333,0.24985382839738848,0.45138232993922484
resnet18,ISIC_0012136,0.1548658481550637,0.0876090596537427,0.2711542482820185
resnet18,ISIC_0012147,0.02533024628181251,-0.023788634097328447,0.24390041611174618
resnet18,ISIC_0012149,-0.1939236656567092,-0.1033868604422536,0.02247785989855438
resnet18,ISIC_0012152,0.1048313187816625,0.09038138357429812,0.4595813114182373
resnet18,ISIC_0012178,-0.23032268471708714,-0.024182633975818994,0.14055055850746803
resnet18,ISIC_0012199,-0.19199277307526683,-0.009418504060254804,0.22470085141688947
resnet18,ISIC_0012207,-0.004386098866481193,-0.06339782025602828,0.070265012391879
resnet18,ISIC_0012215,0.2798174784874585,0.10452396174487744,0.2940620180458598
resnet18,ISIC_0012216,-0.1819098054012627,-0.018757148282712972,0.37182619856562893
resnet18,ISIC_0012223,0.3935152782600112,0.19497474849267032,0.399898905554135
resnet18,ISIC_0012240,0.0682439847911792,0.10035879768450495,0.394709793755109
resnet18,ISIC_0012248,0.027275594683922915,0.06427740182977645,0.2795632996926633
resnet18,ISIC_0012258,-0.1872171971909705,-0.09138641547617299,0.239809066607202
resnet18,ISIC_0012265,0.017152344114020113,-0.039552390774143666,0.06199619267961937
resnet18,ISIC_0012266,-0.12927050278202087,0.09110542317851615,0.2545881536625533
resnet18,ISIC_0012272,-0.10115457645160005,0.07145872058383913,0.3496671803867923
resnet18,ISIC_0012273,0.17625872157029793,0.09441784745207173,0.2299659376432663
resnet18,ISIC_0012314,-0.26377023188008103,-0.09974433468842284,0.16579688795500477
resnet18,ISIC_0012323,0.2757002134876724,0.09780406740356841,0.2499957738119742
resnet18,ISIC_0012330,-0.03940152040370996,0.05852561834252928,0.2997534287932756
resnet18,ISIC_0012356,0.15272253763589205,0.1290870031290223,0.3164438981731366
resnet18,ISIC_0012357,-0.22345908364367784,0.02122857530845249,0.24389869208295187
resnet18,ISIC_0012358,-0.013932886438057044,-0.022561387587659493,0.06103579299441556
resnet18,ISIC_0012364,-0.04641130540606875,0.04167151411972709,0.24695523041984807
resnet18,ISIC_0012369,0.166383636334277,0.13709706260055549,0.4595653478674236
resnet18,ISIC_0012372,0.14714963112313093,-0.001795500911233126,0.40600927504899775
resnet18,ISIC_0012375,0.22786716636511156,0.19616605878267615,0.3420181883230171
resnet18,ISIC_0012387,-0.004319697225757186,-0.021007550491663387,0.15451433716397883
resnet18,ISIC_0012388,0.42188370843618406,0.15390147053296052,0.3834177749924121
resnet18,ISIC_0012395,0.08752614345217223,0.21775015280757878,0.3216137984996616
resnet18,ISIC_0012414,0.22168708911176044,0.05228311809020373,0.42286912787392755
resnet18,ISIC_0012425,0.0738425323644764,-0.019483895163164584,0.2973515760868575
resnet18,ISIC_0012428,0.3530633282485138,0.25400179187335115,0.5144711115064368
resnet18,ISIC_0012432,-0.25834955766259154,-0.01463189637854043,0.26015695231760055
resnet18,ISIC_0012447,-0.18024081752705987,0.06515786434414085,0.1758013010282237
resnet18,ISIC_0012448,0.0315190333525026,0.08086906539045861,0.22509136998833487
resnet18,ISIC_0012484,0.1184499375951439,0.1434256392708373,0.37489379128127076
resnet18,ISIC_0012493,0.04692900462369739,-0.0412215661865871,0.22464447760847556
resnet18,ISIC_0012510,0.33032503817143793,0.1457784270777098,0.2931342131417064
resnet18,ISIC_0012522,-0.013166033911891068,0.010375581001733008,0.30386589466420455
resnet18,ISIC_0012537,-0.058099498327701414,0.025563979106092986,0.4512157852536877
resnet18,ISIC_0012548,0.07983646442284338,0.03868674541886202,0.3588053010982152
resnet18,ISIC_0012551,0.09813168348797406,-0.0558163406005961,0.16291767367358562
resnet18,ISIC_0012654,0.10365936405526369,0.06382594594647203,0.1605285823050077
resnet18,ISIC_0012656,0.2612390161199821,0.057121168384047495,0.2858057720966685
resnet18,ISIC_0012705,0.12373085795142676,0.03028127694889064,0.30879192497797747
resnet18,ISIC_0012708,-0.40105961878962076,-0.03017413425463402,0.3551164964002093
resnet18,ISIC_0012722,0.20367257416004994,0.006592784927787643,0.3380737715849894
resnet18,ISIC_0012757,-0.3340169838070202,-0.02431348710566413,0.2479272451218766
resnet18,ISIC_0012758,-0.10520086456122497,-0.025654744637513657,0.3023180632390939
resnet18,ISIC_0012786,0.178650343330112,0.05838224047392128,0.2194344595201878
resnet18,ISIC_0012803,0.041323279841330204,-0.07869385530097485,0.09198000278259975
resnet18,ISIC_0012836,-0.3436893190006326,-0.02062320825315874,0.2909052853436071
resnet18,ISIC_0012837,0.3429472210945669,0.1100326558634046,0.4185280696129942
resnet18,ISIC_0012848,0.01895215702574812,0.14953737727848138,0.42986111355790485
resnet18,ISIC_0012852,0.2082905620805069,0.07039523929699014,0.26525788234802333
resnet18,ISIC_0012903,-0.3708333013629702,-0.08150252528388731,0.08579497062544893
resnet18,ISIC_0012904,-0.4981837160354485,-0.2167814334432756,0.17841763334639552
resnet18,ISIC_0012928,-0.2363302590488918,-0.04529835221856742,0.263625514599437
resnet18,ISIC_0012941,-0.26588228092070504,-0.16311349673516834,0.06558883379052861
resnet18,ISIC_0012955,0.01566727662850507,0.10261789185270229,0.33503967631476606
resnet18,ISIC_0012967,0.22336657905299973,0.11192827948491364,0.4221365862957879
resnet18,ISIC_0012974,0.3745947099602723,0.15870281494078137,0.28741961801880794
resnet18,ISIC_0012989,0.013285299993927373,0.1696375299478572,0.5103847314331029
resnet18,ISIC_0013030,0.027825822689593455,0.07626628928754117,0.3710117552403129
resnet18,ISIC_0013035,0.11703056027785429,0.09573900062096152,0.33147607045424055
resnet18,ISIC_0013045,0.20995554570629427,0.03332086275749956,0.5362359614001138
resnet18,ISIC_0013070,0.13939825831844663,0.10765664248587521,0.5826070969569486
resnet18,ISIC_0013072,-0.2317869549483638,0.0401843911683338,0.20290626890260707
resnet18,ISIC_0013073,-0.09449818418295516,0.004605655102514923,0.16093975695035767
resnet18,ISIC_0013085,0.029887940145068286,0.1219893618639174,0.3889078742572355
resnet18,ISIC_0013109,-0.5181799718510532,-0.16561727383252087,0.051416431912484496
resnet18,ISIC_0013159,-0.24583393852905427,-0.13195761889024532,0.06811567291576459
resnet18,ISIC_0013164,-0.3847545751628165,-0.04013027199719659,0.16585774088388858
resnet18,ISIC_0013169,0.3502148467912141,0.16692621269524552,0.29050032721048097
resnet18,ISIC_0013170,0.31530263345127885,0.08762675422192771,0.45362910182781385
resnet18,ISIC_0013176,0.09438969538079253,0.09023323832512106,0.2908858873079404
resnet18,ISIC_0013191,-0.2328165069141171,-0.11909673020762354,0.002932028659619041
resnet18,ISIC_0013203,0.04099200338882458,0.1148892334049836,0.4600742141935487
resnet18,ISIC_0013216,0.007172263998967913,0.0905542428153178,0.6295832605265089
resnet18,ISIC_0013226,0.0359182702624827,-0.0651347571848568,0.42241021160092174
resnet18,ISIC_0013230,0.02099335871241746,0.05164911433909397,0.48927229971093844
resnet18,ISIC_0013242,-0.31935795718594545,-0.11882534445852107,0.07711099296975463
resnet18,ISIC_0013269,0.016402917450083012,0.011190903738230664,0.1444888866681179
resnet18,ISIC_0013270,-0.2259983127814598,0.04672116546062377,0.2686536951967108
resnet18,ISIC_0013271,0.02479033157446975,0.024205504244944196,0.28949055099291604
resnet18,ISIC_0013277,-0.19537633769951107,-0.008967059611982488,0.25172133694970694
resnet18,ISIC_0013281,0.23198152231788852,0.06387581892951458,0.4144072058029809
resnet18,ISIC_0013291,0.16003384697812945,0.061183588475243536,0.24328182034084084
resnet18,ISIC_0013319,0.2194586165440963,0.1711858101794567,0.5751018233828203
resnet18,ISIC_0013321,0.4315672737163246,0.2045477273014222,0.36225234064755757
resnet18,ISIC_0013325,-0.14925190396497476,0.012404082255913282,0.3150342755077424
resnet18,ISIC_0013374,0.42817781280704575,0.14512076227178147,0.2593360894016094
resnet18,ISIC_0013393,-0.03211399148982598,-0.06722440570834003,0.3054405781886217
resnet18,ISIC_0013399,0.1792745970914884,0.04178787242743516,0.2948734750659833
resnet18,ISIC_0013411,0.05080390770876305,0.11249652602951198,0.46960081779110835
resnet18,ISIC_0013414,0.03758786897222954,-0.009018844902974174,0.261192372320797
resnet18,ISIC_0013416,-0.07312470943697666,0.002792258254652918,0.13164517746622298
resnet18,ISIC_0013455,-0.06443282610624668,-0.07625721255205484,0.17731055341382024
resnet18,ISIC_0013457,-0.11608425174984398,-0.010614642354087036,0.22743909766170686
resnet18,ISIC_0013459,-0.0950544198595796,-0.14209326159282273,0.05287749838343969
resnet18,ISIC_0013465,-0.24869695221506377,0.05331793415377472,0.3748522225191389
resnet18,ISIC_0013472,-0.14729879879874774,-0.06096713661258852,0.25792840155308944
resnet18,ISIC_0013473,0.16367610573005703,0.04086229472720802,0.29213741820434247
resnet18,ISIC_0013511,-0.1791848756645702,0.04425438962833493,0.20150871451200564
resnet18,ISIC_0013512,-0.15061447861142813,-0.08535315591913806,-0.025751936511050073
resnet18,ISIC_0013529,0.21201138582747023,0.13247470252447882,0.5322495963975696
resnet18,ISIC_0013565,-0.3556308616047502,-0.08884202225114295,0.1636858221616197
resnet18,ISIC_0013577,-0.04054057172823008,0.10856440736974485,0.3083839429789768
resnet18,ISIC_0013588,-0.16316495104150167,0.054613577308259574,0.3347281119821619
resnet18,ISIC_0013600,0.3525400183485327,0.170122830269174,0.44973983914023513
resnet18,ISIC_0013602,0.13432724834230708,0.08723155968852574,0.2669027869817397
resnet18,ISIC_0013615,0.20319456027593327,0.15636448383176346,0.34666324774587903
resnet18,ISIC_0013617,-0.18902919209673477,-0.09708451621259842,0.32250392352083274
resnet18,ISIC_0013636,0.1174958859018971,0.09382333514364449,0.5605153125630237
resnet18,ISIC_0013673,0.0018454472686382545,0.10297175809724568,0.4349771730264203
resnet18,ISIC_0013678,-0.43603758233123396,-0.033893364618937424,0.03774264962793282
resnet18,ISIC_0013696,0.0020259730958696043,-0.003513366764396338,0.16026131544719854
resnet18,ISIC_0013708,0.28627210362830524,0.16738580587852536,0.4597150337384884
resnet18,ISIC_0013733,-0.16248663012602746,0.12106703319360133,0.6164272436206918
resnet18,ISIC_0013738,-0.2036284943611736,-0.1173628527450827,0.09485664160537154
resnet18,ISIC_0013739,0.28652070338908636,0.043830493296361066,0.21240235364994417
resnet18,ISIC_0013764,0.03321076148629728,0.1819867963552433,0.4367500169840846
resnet18,ISIC_0013766,-0.4696081219493435,-0.1995023956959209,-0.08978080455406677
resnet18,ISIC_0013767,-0.04308276015476964,-0.018731786950949094,0.17465877008590983
resnet18,ISIC_0013794,-0.3487302954866339,-0.08711061918895945,0.282086012485299
resnet18,ISIC_0013809,0.33855376495809647,0.2412056566798819,0.38163664453312585
resnet18,ISIC_0013813,0.248090468726635,0.2315129010694221,0.3429920270608318
resnet18,ISIC_0013814,0.5204242151008746,0.21249230786798493,0.46793201316925526
resnet18,ISIC_0013833,0.5202888547729557,0.21976482826930327,0.3920802657592183
resnet18,ISIC_0013842,0.12926459304567914,0.04688907730530395,0.39730550857433977
resnet18,ISIC_0013867,-0.19566456566885818,-0.023974940772916592,0.27036557427071556
resnet18,ISIC_0013891,-0.03819423264000665,-0.04050262866584515,0.3592248726398574
resnet18,ISIC_0013897,-0.2986009861717286,-0.09810385399261033,0.179954343059004
resnet18,ISIC_0013908,0.0906472852598603,0.06197985211417493,0.4647344038979438
resnet18,ISIC_0013911,0.10246673968654256,0.15553087001289745,0.5749812150725662
resnet18,ISIC_0013917,-0.11839874671935266,-0.06007668686401554,0.15138649331621584
resnet18,ISIC_0013925,-0.07541488626330653,0.01643578847783954,0.11848061578658835
resnet18,ISIC_0013948,0.012803967878582925,0.09558061329132415,0.3672282957209241
resnet18,ISIC_0013953,-0.27918277483416876,-0.04747705200458278,0.109584969082933
resnet18,ISIC_0013966,-0.24247014067287406,-0.04269149059567496,0.08662782407243343
resnet18,ISIC_0013977,-0.1848625088404629,-0.020896484763704665,0.25265817094515775
resnet18,ISIC_0013987,-0.2822906151947429,0.08081112950334005,0.3544360838804178
resnet18,ISIC_0013988,0.15826153237292942,0.2521327065983587,0.4615027600587772
resnet18,ISIC_0013998,-0.29516211051810376,-0.10790682570707555,0.20612347380841214
resnet18,ISIC_0014006,-0.15528202094181,-0.02917933021272303,0.23902361404099817
resnet18,ISIC_0014027,-0.1015341768995093,-0.1514451123170412,0.14082649840722627
resnet18,ISIC_0014059,-0.019923310408271715,0.06258191965787782,0.30363243053546746
resnet18,ISIC_0014077,-0.04065716256732087,-0.038985872349413246,0.19720416889999687
resnet18,ISIC_0014090,-0.17811667350063334,0.030504919894550755,0.3456904570831047
resnet18,ISIC_0014103,0.033955918051563026,-0.023360516203367324,0.2915865702154817
resnet18,ISIC_0014110,-0.04854734106587181,0.04875996090086053,0.45737192624907647
resnet18,ISIC_0014117,-0.10723197744511384,-0.04903409633392659,0.1161460505734064
resnet18,ISIC_0014129,0.1210599280080283,0.1027576377324189,0.30078072263472516
resnet18,ISIC_0014148,0.03694885595313432,0.07388724161411653,0.3717820529108784
resnet18,ISIC_0014160,0.18345855941299635,0.1857828247528832,0.39991451573037706
resnet18,ISIC_0014177,-0.08743922284415787,0.2203441274847894,0.5649011969685482
resnet18,ISIC_0014181,0.04482125251735537,0.19727619672002214,0.4634604654884767
resnet18,ISIC_0014186,0.11974893845967638,0.13822899964166097,0.3666256661003571
resnet18,ISIC_0014219,0.16784158965100796,0.21224900567740965,0.5205748824144265
resnet18,ISIC_0014221,0.32244384094827705,0.09407712190102702,0.5173491590605551
resnet18,ISIC_0014233,-0.03595003142522663,0.1427138032384954,0.36439007943109275
resnet18,ISIC_0014251,-0.19675774348265604,0.05312361696628628,0.29220462281000337
resnet18,ISIC_0014255,0.011970277431940948,-0.03240902024133133,0.19338430289484956
resnet18,ISIC_0014270,0.02394137401663435,0.18492692257744198,0.48908497160837533
resnet18,ISIC_0014278,-0.19262957186732915,-0.03679222006211501,0.2356937182010583
resnet18,ISIC_0014284,-0.11715221404283656,0.06613496025237507,0.44987364783497885
resnet18,ISIC_0014288,0.4193154167445568,0.21428697405705785,0.4536696269440999
resnet18,ISIC_0014319,-0.1860778595676539,0.08383344020530838,0.2552068277412872
resnet18,ISIC_0014336,0.07158023563196234,0.2027772065058045,0.5109841922494412
resnet18,ISIC_0014349,0.4223219565151063,0.2825027378045603,0.4850748711321558
resnet18,ISIC_0014369,0.3730181763238988,0.18155033930901637,0.5038204579752523
resnet18,ISIC_0014386,0.06555759123982215,0.07735693523602578,0.3794546112606666
resnet18,ISIC_0014392,-0.10640300177070701,0.1030134211669663,0.49142468696075114
resnet18,ISIC_0014409,-0.10092844827705215,-0.2359943391389018,0.15272085900594273
resnet18,ISIC_0014419,0.21892852766021376,0.09017050445349188,0.237623884455035
resnet18,ISIC_0014423,0.22682625295341596,0.09512392985011979,0.3279245994858394
resnet18,ISIC_0014434,-0.2856468091025796,-0.029236625851003346,0.059690425480421076
resnet18,ISIC_0014454,0.35968275019328716,0.0998170651238086,0.24718213651610155
resnet18,ISIC_0014457,0.44726168070076094,0.1826127514121046,0.40049447008814204
resnet18,ISIC_0014470,0.037077785747857535,0.16673514449035448,0.2643317526635747
resnet18,ISIC_0014474,-0.11211404516750655,0.025889477662390494,0.24244005707771787
resnet18,ISIC_0014478,-0.2348087369051916,-0.019090286978256137,0.08426365477432309
resnet18,ISIC_0014489,0.4452681605805197,0.22134717667435097,0.4269488902633271
resnet18,ISIC_0014500,0.22164371702854435,0.16284877624668143,0.38810119916074226
resnet18,ISIC_0014503,-0.3349298142487872,-0.09216275191717524,0.31408927743993015
resnet18,ISIC_0014506,0.4297872325751867,0.17681079905550062,0.4206264891100617
resnet18,ISIC_0014513,-0.14151487749657568,0.07626832600614894,0.4267155274853736
resnet18,ISIC_0014541,-0.12724047609654615,0.11708324364581209,0.4871661444023898
resnet18,ISIC_0014542,-0.21518379840160895,-0.09463696966420602,0.08645691477875916
resnet18,ISIC_0014546,-0.025641544937180467,0.06191765277942703,0.17831434739212035
resnet18,ISIC_0014548,0.03529507745639356,0.04429421557708705,0.352255052421245
resnet18,ISIC_0014559,0.36376911275511653,0.18394713279606154,0.39920467918797314
resnet18,ISIC_0014567,0.11378114903465984,0.06944428471384877,0.18724301517029987
resnet18,ISIC_0014574,-0.006993182145357395,0.009784379125644923,0.09886459494549653
resnet18,ISIC_0014575,0.03960060894164138,0.09358277534789615,0.274213329044649
resnet18,ISIC_0014586,-0.2083618987912336,-0.10562175073094952,0.22582780230339508
resnet18,ISIC_0014587,0.11159168971600464,0.03306096507237236,0.16585661039646324
resnet18,ISIC_0014588,-0.056912585208636436,0.04996372815477902,0.30847410636129347
resnet18,ISIC_0014590,0.00019839850424679156,0.08134610391365286,0.22033839073067213
resnet18,ISIC_0014600,-0.014628572354136933,0.10047670370261567,0.5395203276488195
resnet18,ISIC_0014619,0.048450763027722096,0.021078830023595885,0.22029519914320975
resnet18,ISIC_0014626,0.30823177399733026,0.11841487078561344,0.3092580544685547
resnet18,ISIC_0014627,-0.20962734488825968,-0.05642958222384257,0.1530889637146391
resnet18,ISIC_0014629,-0.033633144389158494,0.014232049025975333,0.09165715445188613
resnet18,ISIC_0014631,-0.14666155993432525,-0.013747673457959282,0.16103940671380773
resnet18,ISIC_0014634,0.29330936411693076,0.1165796030296251,0.29782653103391077
resnet18,ISIC_0014643,-0.1878085214635643,-0.06594849500750707,0.1156276529416074
resnet18,ISIC_0014644,-0.03517022693961126,0.013979686686003955,0.1699748009873161
resnet18,ISIC_0014645,0.12084669958720148,0.18761253991967602,0.31605643556863444
resnet18,ISIC_0014647,-0.18029092443694314,0.007860960022306641,0.18921339929778977
resnet18,ISIC_0014648,-0.16409355434497325,-0.049877420661857616,0.1864532592196606
resnet18,ISIC_0014649,-0.08964166789774963,0.09844301261747017,0.46284528132900526
resnet18,ISIC_0014652,0.39538700353081957,0.22588477388065448,0.5110029342733652
resnet18,ISIC_0014653,0.0857102603820676,0.023746173363233293,0.3164863461925898
resnet18,ISIC_0014663,0.1736612890177174,0.1253416404543029,0.37161588169514487
resnet18,ISIC_0014666,0.014399964655718625,0.08105468430160419,0.4421350346252026
resnet18,ISIC_0014675,-0.15445992387238316,0.07958269143883344,0.2951914363368412
resnet18,ISIC_0014677,0.21054849177627297,-0.01965986814563763,0.2249497309785772
resnet18,ISIC_0014687,-0.03846830464521134,-0.043121115129738694,0.42696221729342937
resnet18,ISIC_0014693,0.4580369466294569,0.15125127066512692,0.36440546183233596
resnet18,ISIC_0014695,0.24374299478756795,0.19747696838983636,0.4347215658967932
resnet18,ISIC_0014697,-0.09207472667116279,-0.10912930562900501,0.17044611860328843
resnet18,ISIC_0014698,-0.11324466806296184,-0.029828432612397964,0.2400298996506043
resnet18,ISIC_0014703,0.25113940768212617,0.09762635095637139,0.26988364094911993
resnet18,ISIC_0014720,-0.0477192085397932,-0.039973187390303734,0.20727157900621004
resnet18,ISIC_0014725,0.1643895545180878,0.026772413925517467,0.24925990091835817
resnet18,ISIC_0014727,0.3424316356432086,0.11200589030040388,0.2685150115550525
resnet18,ISIC_0014728,-0.2987413278998695,-0.1336655165650847,0.10545500792983353
resnet18,ISIC_0014729,0.08898376804668165,-0.0004948050892610697,0.3622425451329638
resnet18,ISIC_0014740,-0.32839435176362686,-0.16085467607732754,0.2877499642373454
resnet18,ISIC_0014743,-0.23787827488528748,-0.06875968414755136,0.25822157897630693
resnet18,ISIC_0014746,-0.16666310644218355,-0.11245642046648621,0.14035733092222819
resnet18,ISIC_0014749,-0.19641592694983342,-0.0887773827107912,0.2986876318613711
resnet18,ISIC_0014753,0.20489357384725365,0.14536538453987144,0.37461510851568797
resnet18,ISIC_0014755,-0.021840831354755643,-0.03331087849376058,0.2276729401988386
resnet18,ISIC_0014765,0.053769939867631865,-0.0030217461717171037,0.11808195547244135
resnet18,ISIC_0014766,-0.10122265815463137,0.05731346674082173,0.18553121564213718
resnet18,ISIC_0014768,0.0687563384691267,-0.00033202042538715837,0.11250364464959271
resnet18,ISIC_0014772,0.22875627788174185,0.05310240892661431,0.334170173837615
resnet18,ISIC_0014773,0.22529809954452779,0.06174248180623238,0.2552650545456858
resnet18,ISIC_0014780,0.14028654337201726,0.0565195818898637,0.4335918992239595
resnet18,ISIC_0014784,-0.07552058341754583,0.039509075677356606,0.28031172826841394
resnet18,ISIC_0014786,0.3369343229964989,0.13488096929010682,0.2673252788581824
resnet18,ISIC_0014787,-0.25182606387512185,-0.11628102453210343,0.14413107937818667
resnet18,ISIC_0014790,0.07801046354751397,-0.03657727717447939,0.253375967276126
resnet18,ISIC_0014792,-0.40548783854010306,-0.09612843641039295,0.08258339617258613
resnet18,ISIC_0014796,-0.2563020065909666,-0.07724694238584155,0.22822722929406458
resnet18,ISIC_0014798,0.020538514223052813,-0.039343411954547595,0.24619598649238533
resnet18,ISIC_0014800,0.03886174645543645,0.15814357391586648,0.33843297595258903
resnet18,ISIC_0014807,-0.061267321202848356,-0.05895926846878413,0.42434556024648007
resnet18,ISIC_0014814,0.12771328187829506,-0.044390974985269345,0.1893222131523948
resnet18,ISIC_0014815,0.30477618455166555,0.10829536780239865,0.4119465278071216
resnet18,ISIC_0014820,0.08768419068947145,-0.0506370158993613,0.15039758015479818
resnet18,ISIC_0014822,0.15853746637492921,0.009846564885582052,0.11495591178057585
resnet18,ISIC_0014826,-0.22458138931840552,-0.07602217154498327,0.2533237074154728
resnet18,ISIC_0014833,0.27746447244668243,0.1929940352643436,0.4371015222977834
resnet18,ISIC_0014835,-0.06800581127247775,-0.010574426242790798,0.32794248809610765
resnet18,ISIC_0014844,0.024209932740701805,0.043674654205530565,0.2823097596320734
resnet18,ISIC_0014853,-0.01756197611204705,-0.15169215815005202,0.08496939329561884
resnet18,ISIC_0014854,0.093799751648412,-0.04787422391116405,0.2160101700051432
resnet18,ISIC_0014862,0.18534867332851657,-0.012545211846517615,0.23820411478195486
resnet18,ISIC_0014863,0.028310070739259587,0.04974680873417923,0.2501987551681606
resnet18,ISIC_0014867,0.12755603391559128,-0.012903830181545851,0.19470631549703668
resnet18,ISIC_0014868,-0.09336287331838412,-0.0793431678798806,0.1692074431644906
resnet18,ISIC_0014872,0.4594800246505536,0.22239965865610692,0.4732278687043022
resnet18,ISIC_0014876,0.18140136219081512,0.02504475111011485,0.40785890679241377
resnet18,ISIC_0014879,-0.19260586145180852,-0.025933949529927523,0.212088054958448
resnet18,ISIC_0014883,-0.37345443155072605,-0.20799038506354223,0.12844875421324312
resnet18,ISIC_0014901,-0.26002569759098276,-0.019126925413461553,0.32602075404559117
resnet18,ISIC_0014907,-0.38988503103063815,-0.1081689973257673,0.05122437032307706
resnet18,ISIC_0014910,0.14712954562645056,0.07523180564334486,0.5584412390024808
resnet18,ISIC_0014912,0.021726473191959528,0.12720423671057568,0.36383336445669456
resnet18,ISIC_0014921,-0.01395433168268223,-0.06903467603369114,0.17587856875613042
resnet18,ISIC_0014927,0.1666560263619393,-0.04751728190194943,0.48245394074093856
resnet18,ISIC_0014928,-0.2021773669794283,0.09871287738372479,0.6164721939285488
resnet18,ISIC_0014932,0.24944809780972202,0.03028263925447457,0.3388998570815688
resnet18,ISIC_0014936,0.1273751940532678,0.0064754888707876145,0.2052471765024953
resnet18,ISIC_0014938,-0.030627646149325467,-0.005983778451848165,0.2527659891408138
resnet18,ISIC_0014940,-0.11772054964663513,-0.06433255259151142,0.30173460109716416
resnet18,ISIC_0014941,-0.0914712126270986,-0.07627736228715247,0.15754755617683308
resnet18,ISIC_0014942,-0.12000117602331736,-0.019586953648791157,0.17566813936241282
resnet18,ISIC_0014943,0.0346961223077774,0.009255438633533671,0.19479184651096534
resnet18,ISIC_0014944,-0.02903353572219539,0.06177305193650421,0.32774330971964266
resnet18,ISIC_0014947,0.013739767771976765,0.047196746888203085,0.2983957110596955
resnet18,ISIC_0014948,0.37315121332008283,0.159190172311305,0.44742878483185144
resnet18,ISIC_0014949,-0.24481573052364558,-0.06506303989534266,0.14521145670146346
resnet18,ISIC_0014952,-0.16802489625535813,-0.01992762484095987,0.505818099670071
resnet18,ISIC_0014955,0.01164977185091379,0.13871785510823212,0.3950369565235909
resnet18,ISIC_0014956,-0.1738906481373772,-0.04614954518533537,0.3167024157356149
resnet18,ISIC_0014957,-0.09991225527679737,-1.2712684469208053,0.3161232535522452
resnet18,ISIC_0014958,0.4058627889986379,0.24363693141244694,0.3906743722448657
resnet18,ISIC_0014959,-0.034698083441860254,-0.062103942781304884,0.13595453114650274
resnet18,ISIC_0014961,0.2775467943003371,0.12673333146683705,0.22261142271390338
resnet18,ISIC_0014962,-0.22552932608217274,-0.055378467514322884,0.3151687209346291
resnet18,ISIC_0014963,0.19850942061910196,0.05072735271932709,0.24143365701781044
resnet18,ISIC_0014964,-0.2922963267747776,-0.07670977183075907,0.34480104541474005
resnet18,ISIC_0014966,-0.029475657262120203,0.03291680799045681,0.3336392156584768
resnet18,ISIC_0014968,-0.08535640753716114,-0.028218138291488563,0.2542180208480567
resnet18,ISIC_0014969,-0.12622557595409858,-0.006578433717891517,0.2034829281655232
resnet18,ISIC_0014973,0.30364972586671474,-0.01775510334349164,0.15398045805343905
resnet18,ISIC_0014974,-0.22249005469431898,0.025695888791639112,0.46461915230304324
resnet18,ISIC_0014977,0.08338610431574467,-0.2369962105156675,0.33759101447191775
resnet18,ISIC_0014982,-0.027921112377091748,0.045460277691034785,0.32252010848651197
resnet18,ISIC_0014992,-0.03051217481985919,-0.044099982923914226,0.33722799456606684
resnet18,ISIC_0014994,-0.35011429238379205,-0.06734398231817822,0.23151189809493913
resnet18,ISIC_0014998,0.08993584034385149,0.014954188654221977,0.3228729015361827
resnet18,ISIC_0015002,-0.2923667117640725,-0.15103869203806503,0.2705400932421378
resnet18,ISIC_0015003,0.19340764267339708,0.14861032710796426,0.2740974535368334
resnet18,ISIC_0015004,0.11214938452944326,0.11907878415286569,0.31024339864801787
resnet18,ISIC_0015007,-0.012996466568655971,-0.036218264957119696,0.14151810609317825
resnet18,ISIC_0015008,0.2734370410908736,0.03765699119187077,0.2465449826997885
resnet18,ISIC_0015009,0.2544373618144836,-0.03567416513665806,0.2686659531115837
resnet18,ISIC_0015011,0.039087399850653064,-0.04455405963576254,0.3080066603421024
resnet18,ISIC_0015013,-0.09438674498254493,-0.10529963325191306,0.19185067728811037
resnet18,ISIC_0015015,-0.2638368063991398,-0.11941883309224498,0.14821339701564767
resnet18,ISIC_0015016,-0.28571958720356083,-0.17109355582133245,0.005135636300381544
resnet18,ISIC_0015018,0.0018005118166631387,-0.0394026090877524,0.1378636470787479
resnet18,ISIC_0015019,0.03328094652519371,-0.11952046779886931,0.24056955964755478
resnet18,ISIC_0015020,0.21536880716821924,0.09805488808656745,0.28850715058758325
resnet18,ISIC_0015021,-0.3930332286632688,-0.06108432980463232,0.2319256783060732
resnet18,ISIC_0015023,-0.06271325817654935,-0.008879656216768844,0.11930247981082956
resnet18,ISIC_0015026,0.11035545015665531,0.00565683009171826,0.1992039563683084
resnet18,ISIC_0015030,-0.017394819557073733,-0.015091997783434317,0.18819215619970983
resnet18,ISIC_0015031,-0.07041220636424388,0.09292112216694326,0.5437457792273331
resnet18,ISIC_0015034,0.0899743140895946,-0.056825879005221444,0.1634673174852839
resnet18,ISIC_0015035,-0.38428789973302957,-0.2010285694055958,0.03779872549766716
resnet18,ISIC_0015037,0.3997466459021684,0.12847150180175723,0.2586511910003068
resnet18,ISIC_0015040,0.0806995141761228,0.04676611606591736,0.28085060279996793
resnet18,ISIC_0015041,0.033306079801302894,-0.18205414896167246,0.1278800421712642
resnet18,ISIC_0015046,-0.40034606445735926,-0.10612896382030014,0.05556886364668133
resnet18,ISIC_0015050,0.2628367557970144,0.10937845589091459,0.3912647559469096
resnet18,ISIC_0015051,-0.06610321341318967,-0.0015670600473787477,0.23752372225124926
resnet18,ISIC_0015056,0.10487480891936991,0.03164650458189995,0.23068922217603133
resnet18,ISIC_0015057,0.0796846487615946,-0.07624580383451793,0.14300699317419618
resnet18,ISIC_0015060,0.12434485311307279,0.7812247646991182,5.0950578468328604
resnet18,ISIC_0015064,0.24398944467287037,0.06061005667028353,0.32353123119317256
resnet18,ISIC_0015071,-0.13779172855296637,-0.003833882122705325,0.18487362512260969
resnet18,ISIC_0015078,-0.08265210416842945,0.0552862092025722,0.22959435767050237
resnet18,ISIC_0015089,-0.1901059801674497,-0.1294076117480286,0.06032304013443062
resnet18,ISIC_0015102,0.1266553613540285,0.03586825305838618,0.19545175204354587
resnet18,ISIC_0015115,0.11345415719380957,0.19623311910934413,0.5721951611512008
resnet18,ISIC_0015118,0.040366323453940166,0.05778129209752684,0.4098580311775586
resnet18,ISIC_0015119,0.4997491496557696,0.19140797523667,0.43242911512961474
resnet18,ISIC_0015125,-0.31984539910560833,-0.054170172170264194,0.22968645666183035
resnet18,ISIC_0015127,0.1001791560322766,0.204559224786018,0.46096293715011816
resnet18,ISIC_0015129,-0.10184935313200845,0.06724377324876149,0.3120558586029353
resnet18,ISIC_0015130,0.24227150822311572,0.043636695647713455,0.1743915003374775
resnet18,ISIC_0015132,0.3895311300744825,0.21630825484211383,0.44673635313967314
resnet18,ISIC_0015133,0.410133234438173,0.2279093884656457,0.3986353276915074
resnet18,ISIC_0015136,-0.08030198859970746,0.027661998005451365,0.19142749140172904
resnet18,ISIC_0015139,0.18164804781769828,-0.02578647142619441,0.2317018042446422
resnet18,ISIC_0015140,0.34656698970981964,0.1986588915957542,0.3866468985349301
resnet18,ISIC_0015142,0.18791930172956925,0.12113664805019779,0.3059663488733956
resnet18,ISIC_0015146,0.10267212838057506,-0.021243048369734927,0.07670539676519803
resnet18,ISIC_0015149,0.06411433085929477,0.1549844677330245,0.4162121952980269
resnet18,ISIC_0015150,-0.23933363272617864,-0.99640445375983,0.13070641650420559
resnet18,ISIC_0015152,-0.10444348595497319,-0.14274279902621823,0.12390826199900624
resnet18,ISIC_0015155,-0.2028001659517234,0.039174943223299785,0.48303257130678345
resnet18,ISIC_0015156,0.11554461546607495,0.05755927988355829,0.484230388395087
resnet18,ISIC_0015157,-0.13343060921491076,-0.08105647892220123,0.08772859807708246
resnet18,ISIC_0015160,-0.12531163807706994,-0.09821809900462301,0.31138624235571405
resnet18,ISIC_0015161,-0.16569329997225182,-0.05891178972036432,0.13307142365578167
resnet18,ISIC_0015163,-0.07376263482198483,0.03589588756824193,0.1599571757437108
resnet18,ISIC_0015167,0.33808543498177274,0.174326455774182,0.2720708298000947
resnet18,ISIC_0015171,-0.00876993810731316,-0.020368415168817433,0.2937345700688944
resnet18,ISIC_0015173,0.055896063946825815,0.003668334666826238,0.13672748703784351
resnet18,ISIC_0015174,-0.0806168332149987,0.04494776915135693,0.3952192762587542
resnet18,ISIC_0015175,0.055567675643508604,0.05482731748800919,0.3890316655996799
resnet18,ISIC_0015176,-0.003907356509386546,0.018906535662457726,0.1697270311953063
resnet18,ISIC_0015179,0.09892682556099998,0.043587333143244526,0.3916107498357174
resnet18,ISIC_0015180,0.006093536103580036,0.02465458599134897,0.4862284072092664
resnet18,ISIC_0015184,0.07553665707672332,-0.018880922406300255,0.37801964787403963
resnet18,ISIC_0015185,0.09136876232571854,0.14829799513993044,0.3404578396774808
resnet18,ISIC_0015193,-0.19371077650860555,-0.06709743013612691,0.1910493590143679
resnet18,ISIC_0015201,-0.22507032960646353,-0.14170649248457504,0.14428508660223724
resnet18,ISIC_0015202,0.21537759060484896,0.06857093853802176,0.2393493465417913
resnet18,ISIC_0015203,-0.11541795520435842,-0.05229711492285395,0.23983368178537567
resnet18,ISIC_0015206,-0.13799884323796055,-0.09601802231370823,0.1800747542442736
resnet18,ISIC_0015207,-0.0998887286514489,-0.020944655865752487,0.18855250569954382
resnet18,ISIC_0015208,0.16410803217637746,0.0628002145585494,0.45701508987142914
resnet18,ISIC_0015212,-0.09197195629371611,-0.007441126406964615,0.19469615680403532
resnet18,ISIC_0015215,-0.23988577789901985,-0.09036374031780382,0.18587088773376406
resnet18,ISIC_0015216,0.023329966148189576,-0.03773549538142144,0.25323335334709834
resnet18,ISIC_0015217,-0.148452351063745,0.021939496403068606,0.40359358762664177
resnet18,ISIC_0015218,-0.2221629110887721,-0.07462805059872998,0.13882357367781395
resnet18,ISIC_0015223,0.12837210649618108,-0.039610649692103615,0.25818595329398175
resnet18,ISIC_0015224,0.3138138767969614,0.06329755151971025,0.1720595791188435
resnet18,ISIC_0015226,-0.25805263814625046,-0.068903329160383,0.30133311964098447
resnet18,ISIC_0015229,0.23389694655744261,0.14513058906323065,0.4104277076949235
resnet18,ISIC_0015232,0.3981958616094408,0.14415422619596482,0.3835961861190836
resnet18,ISIC_0015237,0.01179786440872878,0.15184399178101704,0.4483484797405709
resnet18,ISIC_0015241,-0.10814559023385474,-0.05942536104350365,0.22128966324227828
resnet18,ISIC_0015244,0.04920832280558729,0.1888463180315163,0.3891726364342036
resnet18,ISIC_0015245,-0.0013974283061288467,-0.1375898657219262,0.29749134919436443
resnet18,ISIC_0015250,-0.06671258397485909,0.060238947489271485,0.3598786120338029
resnet18,ISIC_0015251,-0.49481723438816116,-0.20737236750094143,-0.05430073901556259
resnet18,ISIC_0015254,0.2501453233886169,0.022530672717047204,0.17208494432808782
resnet18,ISIC_0015255,0.0877216747451816,-0.08553329072947265,0.29452739844996956
resnet18,ISIC_0015258,0.028735434806693178,-0.06165223593898702,0.23679563502976744
resnet18,ISIC_0015264,-0.21799206776639232,-0.10823669688655617,0.06664125498637177
resnet18,ISIC_0015270,-0.03277603806389362,0.02729832218136697,0.29506881068445306
resnet18,ISIC_0015273,-0.0995053707801907,-0.049341760070314496,0.20063039183719375
resnet18,ISIC_0015274,0.06457078854731593,-0.006139212621928543,0.13226010700574745
resnet18,ISIC_0015276,-0.19706567115486334,0.005462248659109987,0.2389342843522407
resnet18,ISIC_0015279,-0.26936283399636907,-0.08116784750764956,0.38013144176529445
resnet18,ISIC_0015283,-0.004158275271257894,0.009534062992400815,0.3764258808679605
resnet18,ISIC_0015291,-0.22650827209333466,-0.019426164278975065,0.35407744620485976
resnet18,ISIC_0015293,-0.23195109556509733,-0.16463289371410778,0.12724035991786056
resnet18,ISIC_0015298,-0.10974365120106187,-0.07437674915326366,0.32684339388468747
resnet18,ISIC_0015309,0.15793250224689162,0.13479927224246283,0.42187317396685525
resnet18,ISIC_0015310,-0.074959676837969,-0.0322526898965218,0.1324240117773249
resnet18,ISIC_0015311,0.3455981615714451,0.03721602388896961,0.19730816808153404
resnet18,ISIC_0015312,-0.15668644924182937,-0.043241966850050266,0.26226882991232464
resnet18,ISIC_0015330,-0.16796166306535215,-0.05339824033698403,0.26050955819646077
resnet18,ISIC_0015331,0.06094295265439393,0.07903396025843612,0.41671816144116797
resnet18,ISIC_0015347,-0.14134732351044305,0.007445149792133487,0.11289310466927105
resnet18,ISIC_0015353,0.0633006490932402,0.05425652203609248,0.19970857377264808
resnet18,ISIC_0015355,-0.429992181353727,-0.17604369766063277,0.1860987248868749
resnet18,ISIC_0015357,-0.09710097983635042,0.08993239938028649,0.5074422255908075
resnet18,ISIC_0015360,0.0066355179079863325,0.07107275942845889,0.30177158466433884
resnet18,ISIC_0015363,0.13478014397218502,0.1375819728363371,0.32587972700864326
resnet18,ISIC_0015364,-0.08608351049180908,-0.07149331726895489,0.23687754020525262
resnet18,ISIC_0015368,-0.08621580265598301,-0.12797231852775282,0.13368882730564133
resnet18,ISIC_0015369,0.03584345307553506,-0.015533732725657433,0.41178719945509634
resnet18,ISIC_0015383,0.10753045593933921,-0.04099658896255139,0.18937871248187754
resnet18,ISIC_0015386,0.036742219713863364,0.09928878636946695,0.3380646047544497
resnet18,ISIC_0015390,0.03207229219441448,0.1359793060944522,0.4462433480658894
resnet18,ISIC_0015395,-0.16226084887595468,0.02696206216980735,0.2661753508268475
resnet18,ISIC_0015403,0.21219944784867298,0.057100743742452255,0.42121130868234713
resnet18,ISIC_0015404,-0.1249244541409004,0.001116920238960793,0.2338442649934555
resnet18,ISIC_0015411,-0.13975142821613584,0.03432579036338124,0.44414670763710534
resnet18,ISIC_0015412,-0.0948156908612164,0.11400797903243752,0.34652995974605716
resnet18,ISIC_0015416,0.6906246220122122,0.18821640371883003,0.562067200563571
resnet18,ISIC_0015417,0.1683461215206356,-0.02472369056161819,0.18957914591685765
resnet18,ISIC_0015418,0.010810182864804714,0.0016919680131293904,0.255160538869838
resnet18,ISIC_0015419,0.704203948106591,0.24569339918287175,0.34100156523360464
resnet18,ISIC_0015436,0.18911753136328155,0.01786202755055028,0.5474254402548412
resnet18,ISIC_0015440,-0.08666563304554235,0.09412175286799983,0.3182724204956235
resnet18,ISIC_0015447,0.34544417725974125,0.07112047698699121,0.30739790478168605
resnet18,ISIC_0015455,0.034368089515342044,0.004763554631347695,0.3646750040633549
resnet18,ISIC_0015464,-0.13214448651157493,0.07015889224865306,0.36103615945667833
resnet18,ISIC_0015466,-0.001175891815993075,-0.13514087712828385,0.16821160389761616
resnet18,ISIC_0015468,-0.2705879288307424,-0.09061068633209172,0.18767694734167945
resnet18,ISIC_0015476,-0.08733450768500808,-0.006731895585677494,0.1676127740595971
resnet18,ISIC_0015481,-0.26512873193534203,-0.0004402431496537724,0.3319071524614009
resnet18,ISIC_0015482,-0.12729516487512155,0.06989961365873147,0.3864648685699688
resnet18,ISIC_0015485,0.18293290339325452,0.08752407962312689,0.4863980422966718
resnet18,ISIC_0015510,-0.32698618782425226,-0.0810003649718345,0.46911183239258386
resnet18,ISIC_0015526,-0.43079018158127486,-0.11463044007848522,0.16547752670238378
resnet18,ISIC_0015537,-0.2592766500077915,0.0524564479619972,0.46133597974848833
resnet18,ISIC_0015544,-0.06281476212568424,0.11927117995658525,0.3931169936064693
resnet18,ISIC_0015559,0.12541888281270402,0.12448177112243333,0.2519355234444262
resnet18,ISIC_0015563,-0.12547532264663994,-0.04729698957273854,0.1459112636814132
resnet18,ISIC_0015566,0.009704593178482332,0.09387307701908583,0.3363122847839484
resnet18,ISIC_0015568,-0.22816272599529905,-0.0063536188566878215,0.34205941260907885
resnet18,ISIC_0015582,0.2513115593649757,0.01107809210973899,0.18097642791685617
resnet18,ISIC_0015593,0.017126873511642708,-0.012076422210021287,0.21355517238149652
resnet18,ISIC_0015603,-0.3590905790360507,0.03564166364167228,0.3474744558380797
resnet18,ISIC_0015607,0.2148712778864533,0.15347222606199448,0.2649876057341964
resnet18,ISIC_0015614,0.055151734741062435,-0.0029924752361647983,0.13700533695851438
resnet18,ISIC_0015617,-0.0587956766148287,-0.004915754359526446,0.46952190449665476
resnet18,ISIC_0015625,-0.05968504942133056,0.013386922852896692,0.28249913985403985
resnet18,ISIC_0015631,0.055209671684451456,-0.03195370378276708,0.2482677982394759
resnet18,ISIC_0015636,0.1503000743401031,0.0988483591933246,0.3283978926024987
resnet18,ISIC_0015638,-0.1372958997329594,-0.14646581596180905,-0.009018015367679147
resnet18,ISIC_0015641,-0.08621892549588459,-0.033206399983667916,0.19206514935260602
resnet18,ISIC_0015645,0.11962784767314243,-0.008274242695534105,0.12440577310438101
resnet18,ISIC_0015936,-0.26009207170940646,-0.07938455246198918,0.25263491621725015
resnet18,ISIC_0015937,-0.17302824415377963,-0.07446121060765425,0.18932899566279845
resnet18,ISIC_0015938,-0.4227683394260119,-0.1166147538478236,0.2559256485038989
resnet18,ISIC_0015939,-0.12862900904797164,0.012766671249696632,0.28813144221192416
resnet18,ISIC_0015940,0.10110297029667543,0.036473790756304365,0.1819139983861883
resnet18,ISIC_0015941,-0.22716596603482195,-0.10319289199708792,0.09614779866873606
resnet18,ISIC_0015942,-0.136600422384407,0.002534944770180383,0.20221721883328433
resnet18,ISIC_0015943,0.30474906861872003,0.06720274308089988,0.36725419507097107
resnet18,ISIC_0015944,-0.14114912779552086,0.055841216911290785,0.36341502061936676
resnet18,ISIC_0015945,-0.5264443781017243,-0.14658785702448132,0.19890078852042864
resnet18,ISIC_0015946,-0.0231480638722095,0.0220025404679168,0.23146895676617113
resnet18,ISIC_0015947,-0.2813108824689513,-0.023175763360232287,0.20848819132115937
resnet18,ISIC_0015948,-0.2279235997672153,-0.022195693051280167,0.33486650516901856
resnet18,ISIC_0015949,-0.2477213222071277,-0.09821308516037577,0.09049103639405741
resnet18,ISIC_0015950,-0.03400307498380114,0.04093705286382094,0.28829909249459496
resnet18,ISIC_0015951,-0.004555321789874992,0.007886972757644278,0.47214198651439127
resnet18,ISIC_0015952,0.039227405683521,0.17867334312431235,0.5460140610752137
resnet18,ISIC_0015953,-0.20057692781531675,0.08049250502114176,0.4616695390217759
resnet18,ISIC_0015954,-0.1807359255789818,-0.09828720298665723,0.13376731939680458
resnet18,ISIC_0015955,-0.192536785927256,-0.045692884029309586,0.13678979112428727
resnet18,ISIC_0015956,-0.1523297850699866,-0.02881084434404952,0.22680827169404041
resnet18,ISIC_0015957,-0.15126225535923882,0.0445992880331113,0.37560366685937746
resnet18,ISIC_0015958,0.05143137453252923,-0.1516852895975749,0.13782640733538107
resnet18,ISIC_0015959,-0.14291769044848632,-0.03984989550273186,0.1350361567432345
resnet18,ISIC_0015960,-0.10523515092385806,-0.0027684932730512126,0.23835621753364422
resnet18,ISIC_0015961,0.11325551907244848,0.09653354570183982,0.518924423604034
resnet18,ISIC_0015962,0.027779619930335033,0.07012280115442893,0.38740969016063703
resnet18,ISIC_0015963,0.06756648088484583,-0.03476000907505971,0.3266608138651132
resnet18,ISIC_0015964,-0.1915779659894335,-0.12343340629090463,0.010293207782611382
resnet18,ISIC_0015965,-0.30592338185547907,-0.09719011860709272,0.0636163156209034
resnet18,ISIC_0015966,0.18788219984197838,0.06789541048644358,0.463290997588116
resnet18,ISIC_0015967,0.014704216580258509,0.04643109745268186,0.22467717538782267
resnet18,ISIC_0015968,-0.028071058516547533,-0.035415401574776885,0.21536945527108958
resnet18,ISIC_0015969,-0.15919589333174902,0.04992391962587075,0.23659103832337905
resnet18,ISIC_0015971,-0.10517780475239093,-0.06571268188493241,0.0967135927747615
resnet18,ISIC_0015972,-0.05235128842590816,0.1417597987293355,0.4230497972472582
resnet18,ISIC_0015973,-0.3781937867437368,-0.010052353922773831,0.4031667636534238
resnet18,ISIC_0015974,-0.20850136949782636,-0.08508232233299529,0.40533557352515576
resnet18,ISIC_0015975,-0.12843357954790197,-0.09617143802631516,0.029957523321167967
resnet18,ISIC_0015976,-0.24954444808029544,-0.08283212015660157,0.19445230090635746
resnet18,ISIC_0015978,-0.08535501579016325,0.08718686440768339,0.3701498058477069
resnet18,ISIC_0015979,0.09830853978010494,0.09021146160557751,0.4595241750325237
resnet18,ISIC_0015980,-0.08065146714015728,-0.04646875977008967,0.2631618212968357
resnet18,ISIC_0015981,-0.1868242707505929,0.011235304646471331,0.37968759071590913
resnet18,ISIC_0015982,-0.044430255196631206,-0.014246130953399208,0.20401639878668557
resnet18,ISIC_0015983,0.6396928152004142,0.3342028071220429,0.4553709697406281
resnet18,ISIC_0015984,-0.0001984673747137717,0.01893087320298508,0.16269391075014533
resnet18,ISIC_0015985,-0.29428679221061316,-0.18908036323893573,0.08571130798223744
resnet18,ISIC_0015986,0.12411629800788367,0.055478964511304366,0.3228797672665162
resnet18,ISIC_0015987,0.2144230556985194,0.06918979375426962,0.38082240531068506
resnet18,ISIC_0015988,0.1008642399818618,0.08562171810700359,0.3745445427726594
resnet18,ISIC_0015989,-0.10295928896577267,0.05966715179020819,0.3329399455237825
resnet18,ISIC_0015990,-0.25040714927731733,-0.005486761759714039,0.30563363069316984
resnet18,ISIC_0015991,-0.12749035874621215,-0.023641390667182405,0.14709279485257953
resnet18,ISIC_0015992,-0.11333512156263718,0.005904160242476667,0.11646217809158994
resnet18,ISIC_0015993,-0.17918547137724802,-0.09683994670935023,0.21328307421727175
resnet18,ISIC_0015994,-0.17696344693189975,-0.0068234691340917026,0.4123497249368146
resnet18,ISIC_0015995,-0.23398030691447266,-0.11065263247329955,0.24804007824606983
resnet18,ISIC_0015996,-0.20629074740281542,-0.06427330862736372,0.20244376331762753
resnet18,ISIC_0015997,-0.005283518234007142,0.04839472202129598,0.2543255732361224
resnet18,ISIC_0015998,-0.005292276179633555,-0.04385847895509725,0.39609682322756384
resnet18,ISIC_0015999,0.1451200312127617,-0.10867558460861668,0.17646137686472985
resnet18,ISIC_0016000,0.026037811986969434,0.05415138814936941,0.19579698826792832
resnet18,ISIC_0016001,-0.1699303456774223,-0.017891718818419538,0.372020631530997
resnet18,ISIC_0016002,0.10618407868709394,0.058347130658526744,0.28423864692396406
resnet18,ISIC_0016003,-0.28259657680803457,-0.08259759080333065,0.20424387607382158
resnet18,ISIC_0016004,-0.0661928801209218,0.12242294862820988,0.3761125833311307
resnet18,ISIC_0016005,0.14160467417227898,0.10202595632028506,0.5360111147894983
resnet18,ISIC_0016006,-0.10724894352727156,0.044149033803704496,0.34634546687851336
resnet18,ISIC_0016007,-0.18176331581434,0.00025017143475742,0.15814466448785683
resnet18,ISIC_0016008,-0.04810207171858183,0.13717953290231286,0.27187337810120377
resnet18,ISIC_0016009,-0.29386891027671885,-0.09539639532904391,0.006073178153487481
resnet18,ISIC_0016011,-0.17901842928427844,0.00657192139904886,0.23775048308071417
resnet18,ISIC_0016012,0.19954683753944755,0.04098664197010449,0.3208398261139215
resnet18,ISIC_0016013,-0.16660001136940508,-0.06332596304685649,0.16950837553494816
resnet18,ISIC_0016014,-0.23448209411272541,-0.3123168483120958,0.11776216387101028
resnet18,ISIC_0016015,-0.045075039343198973,0.028113402917945007,0.17497297091451922
resnet18,ISIC_0016016,-0.20918022269799882,-0.06373326063294456,0.2522796002209969
resnet18,ISIC_0016017,-0.31754565071036456,-0.07535370187699619,0.3771320427472271
resnet18,ISIC_0016018,0.017741798087398113,0.04429254929937524,0.6401323676589482
resnet18,ISIC_0016019,-0.2832062213182982,0.13069786255385657,0.6276586429069854
resnet18,ISIC_0016022,-0.050831748763495756,-0.00857622454900713,0.33837998312243023
resnet18,ISIC_0016023,-0.02615407677475174,-0.018269391869888962,0.2294208001093303
resnet18,ISIC_0016024,0.19503307441122059,0.059418877859121415,0.41434053218998723
resnet18,ISIC_0016025,-0.2283725286602751,-0.06341851091694845,0.2671248251761421
resnet18,ISIC_0016026,0.06504551325374013,0.08581046119243899,0.44140817793503995
resnet18,ISIC_0016027,0.09869486473250559,0.1118883098259489,0.5088183191377054
resnet18,ISIC_0016028,-0.09901157169623197,0.09017129021581197,0.2283556968580702
resnet18,ISIC_0016029,-0.28460835322072003,0.012807650913323603,0.33749131437439406
resnet18,ISIC_0016030,-0.370450838705633,-0.05502365859122801,0.137903391989566
resnet18,ISIC_0016031,0.08452450493826554,0.10369299909322578,0.3018109211046194
resnet18,ISIC_0016033,-0.14873399189541409,-0.05447958557199323,0.23092510866373026
resnet18,ISIC_0016034,-0.15006614052662445,-0.045019920997403214,0.24549865957591283
resnet18,ISIC_0016035,0.4223116143185668,0.20040302427659415,0.374490789931618
resnet18,ISIC_0016036,-0.04669401694418729,-0.15472342436357486,0.10260361259527927
resnet18,ISIC_0016037,-0.015835575407896325,0.11564151674153592,0.38744959754783315
resnet18,ISIC_0016038,0.1465214121866328,0.010990291154384515,0.29992269422973233
resnet18,ISIC_0016040,-0.1500508042504359,-0.06195702237523677,0.12527684948419232
resnet18,ISIC_0016041,-0.12499471689786254,0.07314960637216014,0.32240928636440974
resnet18,ISIC_0016042,-0.27283088924462773,0.012127607338085626,0.44555460000933006
resnet18,ISIC_0016043,-0.2848520579314655,-0.0652295391799272,0.1986539073781662
resnet18,ISIC_0016044,-0.29177364939478473,-0.016744756419992853,0.2632997668465506
resnet18,ISIC_0016045,-0.09613560022501944,-0.09884146304587763,0.19698389445070527
resnet18,ISIC_0016046,-0.19785521356725258,-0.07873203107256943,0.01791368639627195
resnet18,ISIC_0016048,-0.27829393053921747,-0.011780932164721205,0.47549845691986337
resnet18,ISIC_0016049,0.07537229909474862,0.21557520528440505,0.502278604382791
resnet18,ISIC_0016050,-0.19263878727649425,-0.06266431098915475,0.16831797328641965
resnet18,ISIC_0016051,-0.5708275099651051,-0.18458159382258987,0.02363579239754773
resnet18,ISIC_0016052,0.16183140587583303,0.05238196397596858,0.4049569611620094
resnet18,ISIC_0016053,-0.03861103895336734,-0.10113575090921635,0.11688010715123817
resnet18,ISIC_0016054,-0.06824632652191477,0.07397042920302256,0.22498575406523352
resnet18,ISIC_0016055,0.09538191870983322,0.05393563217378267,0.5058503569633835
resnet18,ISIC_0016056,-0.03385252921084171,0.04216251877775311,0.42590836177640884
resnet18,ISIC_0016057,0.13644772475615297,-0.0034769831305429383,0.1515794224041529
resnet18,ISIC_0016058,-0.23840210615838947,0.014535812182644051,0.30679853593179723
resnet18,ISIC_0016059,-0.11828621565667882,0.006601189323175924,0.14331527574905237
resnet18,ISIC_0016060,-0.27138828446225355,-0.13624771178164288,-0.011393407565175722
resnet18,ISIC_0016061,-0.16659599728714555,-0.09048416967259076,0.25464981105300966
resnet18,ISIC_0016062,-0.4008388575137363,-0.08885482162091507,0.12534238539215614
resnet18,ISIC_0016063,0.017423589723746007,0.0076476430759981895,0.4267266643662188
resnet18,ISIC_0016064,-0.2736146381810461,-0.06244106114460766,0.24445929652457665
resnet18,ISIC_0016065,-0.25575864980364255,-0.10963001858325112,0.24209505990041208
resnet18,ISIC_0016066,-0.05687223848408597,0.23027695241340224,0.5921969654878178
resnet18,ISIC_0016068,0.19231043940235754,0.2594633266143291,0.48550228728289196
resnet18,ISIC_0016069,-0.25883072770321947,-0.049149018237118335,0.2490309267710833
resnet18,ISIC_0016070,0.024422205167734048,-0.0030463935624810523,0.1430557143227089
resnet18,ISIC_0016071,0.3734556452891787,0.07413312465090804,0.5519583451140343
resnet18,ISIC_0016072,-0.03723336704294401,0.14333624852558305,0.29736217992369324
squeezenet,ISIC_0012086,0.042125924976532496,-0.07222946680804464,0.17453475582597783
squeezenet,ISIC_0012092,0.17091836022729107,0.03519126219966818,0.4725660887120817
squeezenet,ISIC_0012095,0.1662183497181364,-0.0664985823427927,0.2906828770472726
squeezenet,ISIC_0012134,0.0024896695826883536,-0.1289855383550495,0.06045226530652136
squeezenet,ISIC_0012136,0.07637889098685614,-0.051969691192646085,0.09430803113024981
squeezenet,ISIC_0012147,-0.041848443074176726,-0.06777184293250617,0.3055132073039215
squeezenet,ISIC_0012149,0.12633684602628176,0.042802390234878404,0.2415318583659742
squeezenet,ISIC_0012152,0.2239697963226182,0.016967274575170558,0.4897054423647262
squeezenet,ISIC_0012178,-0.13734327177138475,-0.041473132484729246,0.14262972623019618
squeezenet,ISIC_0012199,-0.01616664842052216,-0.07148218811202163,0.07259688644888243
squeezenet,ISIC_0012207,-0.0768617369501957,-0.07812189320086585,0.16531314955419887
squeezenet,ISIC_0012215,0.0020207089496084374,-0.041539860233836566,0.09749543535202483
squeezenet,ISIC_0012216,-0.15285451188903196,-0.14712501021799898,0.18685219133652042
squeezenet,ISIC_0012223,0.26499509501198487,0.001614804631110578,0.1733614816479966
squeezenet,ISIC_0012240,-0.00404159731605339,-0.07872962703767626,0.1816832568736332
squeezenet,ISIC_0012248,-0.10961863113099335,-0.13692074256827108,0.0774035226363585
squeezenet,ISIC_0012258,0.009232225354070058,0.01082919348631921,0.1802912052399706
squeezenet,ISIC_0012265,0.2314159001273492,-0.036972223412423934,0.10940047347923702
squeezenet,ISIC_0012266,0.05051635698711759,-0.07427507910668553,0.1770030759545221
squeezenet,ISIC_0012272,-0.06459179575222691,-0.07171183310407062,0.358248139923136
squeezenet,ISIC_0012273,-0.1229980768212547,-0.18234368941066786,-0.08982881729973417
squeezenet,ISIC_0012314,0.19632619016646194,-0.0350647207485264,0.11218131796317739
squeezenet,ISIC_0012323,-0.06352059254978408,-0.0702528346124233,0.24346803677547904
squeezenet,ISIC_0012330,-0.20542375490512285,-0.11263584790230738,0.0861012024789193
squeezenet,ISIC_0012356,-0.05193464197647294,-0.16640853106959982,0.10234002331282585
squeezenet,ISIC_0012357,0.4045267328111515,0.03459987768039774,0.3497136180479083
squeezenet,ISIC_0012358,0.05025529460098421,-0.07109687651577987,0.0643436785020783
squeezenet,ISIC_0012364,0.020905203932645215,-0.07258373851499587,0.15853200869313028
squeezenet,ISIC_0012369,-0.20395646876649756,-0.24378749190251994,0.20699390449477498
squeezenet,ISIC_0012372,-0.0496979479189961,-0.11363939727801178,-0.007076349409798003
squeezenet,ISIC_0012375,0.15834168347451852,-0.04078608336977579,0.05353521823927205
squeezenet,ISIC_0012387,-0.0370259133445919,-0.12067837592006622,0.04106180345857131
squeezenet,ISIC_0012388,-0.08656189306454552,-0.14859899599952614,0.08760233811248876
squeezenet,ISIC_0012395,0.2743102043066305,0.008038949216752352,0.21647574998144417
squeezenet,ISIC_0012414,0.1894132099166351,0.005170768869527145,0.07301931304376479
squeezenet,ISIC_0012425,0.13213306074899211,0.023090598436362828,0.2559028316252889
squeezenet,ISIC_0012428,0.3701226964083094,-0.010858092143509654,0.14013579756554914
squeezenet,ISIC_0012432,-0.10753734818783202,-0.05954811253439955,0.006518869624487238
squeezenet,ISIC_0012447,-0.015063982610918267,-0.024246115253221918,0.20079161346919472
squeezenet,ISIC_0012448,-0.11406810010540866,-0.10814313985615112,0.035996781592161374
squeezenet,ISIC_0012484,0.33498615377951163,0.018002732627208678,0.20470307784316993
squeezenet,ISIC_0012493,0.07451988661084312,0.013104372268372454,0.45087915786115357
squeezenet,ISIC_0012510,0.3665807014437134,-0.007826336308188808,0.07060550563263371
squeezenet,ISIC_0012522,0.22604653527807092,0.05101050966486111,0.16616395420404254
squeezenet,ISIC_0012537,-0.11549548301271477,-0.09521498087274151,0.36459339769664484
squeezenet,ISIC_0012548,-0.05897086507594572,-0.09596994302991566,0.019132379705666083
squeezenet,ISIC_0012551,-0.38069575685904206,-0.1919131041631154,0.02447572714291734
squeezenet,ISIC_0012654,-0.013810762166269244,-0.0832155435747768,0.42601754204519654
squeezenet,ISIC_0012656,0.020647162181440453,-0.11399875714477656,0.19473786331342646
squeezenet,ISIC_0012705,-0.0007826234908387329,-0.08068156347029613,0.16863446730974627
squeezenet,ISIC_0012708,0.04991921839723368,0.0004967498772451928,0.3714890741229705
squeezenet,ISIC_0012722,0.014543443835219407,-0.07180850605872166,0.2239754872687023
squeezenet,ISIC_0012757,0.26015924987467043,0.06091570637749715,0.2306445289330385
squeezenet,ISIC_0012758,-0.026837925611361304,-0.07283919408878048,0.3788855494445208
squeezenet,ISIC_0012786,0.26576601288234325,0.06463410532345283,0.2223595009739723
squeezenet,ISIC_0012803,-0.07022148771824131,-0.014817877065556043,0.06310524076251889
squeezenet,ISIC_0012836,0.13206304584837555,0.024363929620080473,0.4578298510801511
squeezenet,ISIC_0012837,0.35364180281642726,0.010259097961423904,0.2096596043662459
squeezenet,ISIC_0012848,0.2589450074588267,0.015824645924364566,0.48088912126608374
squeezenet,ISIC_0012852,0.056779329374868945,-0.032724526545864614,0.1831215946714515
squeezenet,ISIC_0012903,0.052105611544286404,-0.03293002183242106,0.24324716315507958
squeezenet,ISIC_0012904,-0.022290557847027794,-0.16969915723750714,0.24534372205889135
squeezenet,ISIC_0012928,-0.07525106600802436,-0.06587624731586807,0.15121190516550137
squeezenet,ISIC_0012941,0.041835633335599205,-0.08795573163999752,0.050003450143787646
squeezenet,ISIC_0012955,-0.09250724358845278,-0.1369015939204401,0.02853888775018634
squeezenet,ISIC_0012967,0.2314831293890399,-0.04343133138993051,0.11096586156001752
squeezenet,ISIC_0012974,-0.09642931500099858,-0.030196558532021495,0.3041247386695792
squeezenet,ISIC_0012989,0.14086230675437392,-0.04356349622843076,0.3462899150416148
squeezenet,ISIC_0013030,-0.0503411696129743,-0.09138770544251511,0.07242057524718064
squeezenet,ISIC_0013035,0.08859493122660878,0.0003474732757522394,0.08151031873192183
squeezenet,ISIC_0013045,0.12631798184726503,-0.0017348242754262372,0.4718236510440092
squeezenet,ISIC_0013070,0.09450161732184974,-0.09276516369876212,0.34341543563512383
squeezenet,ISIC_0013072,0.3324702416278193,0.023210197468120187,0.13699742691362873
squeezenet,ISIC_0013073,0.41350143567948106,0.04779475916746919,0.35484059147937913
squeezenet,ISIC_0013085,-0.05628865945956537,-0.10054182293898453,0.0657622773153761
squeezenet,ISIC_0013109,0.0881064238750671,-0.07659495955238384,0.1896390155607735
squeezenet,ISIC_0013159,-0.05716565491785007,-0.03086559759394241,0.1880209028971714
squeezenet,ISIC_0013164,-0.04507574694633546,-0.10663323522979533,0.09545011079585242
squeezenet,ISIC_0013169,0.27098172635058015,-0.031889762726724454,0.3026399270686383
squeezenet,ISIC_0013170,0.1698054598273784,-0.051174229116271994,0.12198858888150685
squeezenet,ISIC_0013176,0.13614105857070885,-0.021715845571856327,0.5564732850472819
squeezenet,ISIC_0013191,0.047161704439189864,-0.0870791833017407,0.00225654680416051
squeezenet,ISIC_0013203,0.23067941849378718,-0.013010821225655167,0.22623074948528848
squeezenet,ISIC_0013216,0.06934903578954786,-0.0489811001830911,0.46764852280040153
squeezenet,ISIC_0013226,0.2054361033429251,0.08109545461030453,0.575095000196973
squeezenet,ISIC_0013230,-0.17403322114846592,-0.17680240202383674,0.2610071679944973
squeezenet,ISIC_0013242,0.09563571699869929,-0.041329692032678035,0.33586301298176796
squeezenet,ISIC_0013269,0.1701013806887875,0.07434617312541972,0.3566959971085562
squeezenet,ISIC_0013270,-0.05347276103491483,-0.11150241219711,0.12624936509183765
squeezenet,ISIC_0013271,0.2396741554717013,0.07291663265017474,0.3184046911881005
squeezenet,ISIC_0013277,0.23343950020703022,-0.006183955158991333,0.17870829623790713
squeezenet,ISIC_0013281,0.13403315949706435,0.006532468430364531,0.12218904169114926
squeezenet,ISIC_0013291,0.226497968783215,0.07467770607619471,0.4284425000825952
squeezenet,ISIC_0013319,0.1448395368732695,0.03585290162097471,0.3003025451132762
squeezenet,ISIC_0013321,0.41570313168571255,0.08196387523213557,0.2709381178764785
squeezenet,ISIC_0013325,0.0035998585709272135,-0.04510633969364841,0.4653972673978602
squeezenet,ISIC_0013374,0.3727006442085867,0.03738431436148726,0.3590109038081971
squeezenet,ISIC_0013393,-0.1180685356009152,-0.09906363457016683,0.10212234447717186
squeezenet,ISIC_0013399,0.0864447476597933,-0.004609582795149535,0.2735666798637912
squeezenet,ISIC_0013411,0.020784718424177333,-0.01516204198447933,0.16071692158543696
squeezenet,ISIC_0013414,0.11307690005455874,0.009297035206593834,0.3107285996228768
squeezenet,ISIC_0013416,-0.08587343413587126,-0.17594785591271075,-0.006024627839985396
squeezenet,ISIC_0013455,0.12102240571435792,-0.04346483087104088,0.2773682975424549
squeezenet,ISIC_0013457,0.26383109876301664,-0.09563988902356181,-0.013696993361236134
squeezenet,ISIC_0013459,0.33776277335180555,-0.0023101077940814313,0.0740182855242664
squeezenet,ISIC_0013465,-0.017863165491007322,-0.10265078145889861,-0.0017886593994825759
squeezenet,ISIC_0013472,0.021373684447364556,0.026808110062725272,0.3903838504808936
squeezenet,ISIC_0013473,0.2710710516313913,-0.01860889633403703,0.24351779050424716
squeezenet,ISIC_0013511,-0.1118663898759245,-0.1519510601498144,-0.046051542535994035
squeezenet,ISIC_0013512,-0.11916564887898187,-0.0754375096642467,0.04902317036549179
squeezenet,ISIC_0013529,0.019269374109336507,-0.13053483192618093,0.1572815823286921
squeezenet,ISIC_0013565,-0.037445133031970404,-0.04909404721870658,0.11543312642805612
squeezenet,ISIC_0013577,0.06108093160712765,-0.0028368519100178797,0.47327171749205527
squeezenet,ISIC_0013588,0.05562001211583523,-0.039942457780058414,0.3740533802003593
squeezenet,ISIC_0013600,0.3017630616354916,0.07988571488888574,0.49073499570836576
squeezenet,ISIC_0013602,0.06617559694405863,-0.040695119023319834,0.12108779378878085
squeezenet,ISIC_0013615,0.222132098812602,0.022454893501773158,0.2680165435359766
squeezenet,ISIC_0013617,-0.0261849263383686,-0.10914753317327176,0.2345210743000853
squeezenet,ISIC_0013636,0.3008874772837075,0.021136039419750768,0.3276420452722523
squeezenet,ISIC_0013673,-0.03440246449706281,-0.09026432804002193,0.281742861328853
squeezenet,ISIC_0013678,-0.025002447136369153,-0.06976600008180321,0.13394518272896683
squeezenet,ISIC_0013696,-0.08184786420817482,-0.0762654425725847,0.28522306034868933
squeezenet,ISIC_0013708,0.3370185927050496,-0.003261009609384017,0.12998117040760535
squeezenet,ISIC_0013733,0.1152859811164233,0.013185133493593678,0.398576481237339
squeezenet,ISIC_0013738,-0.1153061312885409,-0.1575905996855275,0.14925623658545434
squeezenet,ISIC_0013739,-0.11077575996871662,-0.1513738952175365,0.12558897403399455
squeezenet,ISIC_0013764,0.11156115022743499,-0.10436624965372661,0.263901386085843
squeezenet,ISIC_0013766,0.0976101245465073,-0.024360148753970006,0.35924244011624246
squeezenet,ISIC_0013767,0.2875102435966546,-0.01759350467391024,0.3421593258905697
squeezenet,ISIC_0013794,0.048501612415697205,0.006244244537535726,0.379910550723899
squeezenet,ISIC_0013809,0.4109842308228627,0.06199727024427516,0.38003110774808924
squeezenet,ISIC_0013813,0.4007830078765617,0.0356722364446664,0.2696070766700693
squeezenet,ISIC_0013814,0.0006760105402178672,-0.027504664347052725,0.184268026840666
squeezenet,ISIC_0013833,0.31974834985449785,0.01424746640742321,0.21532591084383565
squeezenet,ISIC_0013842,0.16634805285618137,-0.0310440026511016,0.4154040679700361
squeezenet,ISIC_0013867,0.06591887785978456,-0.16534023081649646,-0.02507562221499206
squeezenet,ISIC_0013891,-0.015333991946514414,-0.1266690839942686,-0.029350436609938985
squeezenet,ISIC_0013897,-0.0755521354341417,-0.09023081527749333,0.1206577744906295
squeezenet,ISIC_0013908,0.21004270905822256,-0.0373931981755249,0.1548270061855293
squeezenet,ISIC_0013911,0.14809947692934483,0.024736766713425777,0.29815803287189485
squeezenet,ISIC_0013917,-0.05293257641263322,-0.13147217836876382,0.13882878875963497
squeezenet,ISIC_0013925,-0.21287775879129725,-0.12058338738697057,0.2560033724158105
squeezenet,ISIC_0013948,0.1317387255426011,0.04042481203635511,0.3244895064853263
squeezenet,ISIC_0013953,-0.07667303208323138,-0.09659028658651111,-0.047308227201851384
squeezenet,ISIC_0013966,-0.00841627315978152,-0.08178009443052472,0.05079184451696515
squeezenet,ISIC_0013977,0.022424933693379882,-2.626804605213029e-05,0.11702612152722114
squeezenet,ISIC_0013987,0.3915672248213668,0.11087792245642873,0.5085522344461159
squeezenet,ISIC_0013988,0.1921684433816797,-0.006530828898749972,0.3697648650341031
squeezenet,ISIC_0013998,-0.002885394902976695,-0.0935155689740252,0.10581431578115118
squeezenet,ISIC_0014006,-0.06714531499804821,-0.09446905166564423,-0.008791692376321523
squeezenet,ISIC_0014027,0.054621500583175574,-0.10448891141041686,0.14375890031111332
squeezenet,ISIC_0014059,0.04693561800494513,-0.09172690108615923,0.24836243201890237
squeezenet,ISIC_0014077,0.1946799358673071,-0.11589085637529374,0.1469594278417547
squeezenet,ISIC_0014090,0.15279328919255755,0.04319145140331916,0.5418291974005853
squeezenet,ISIC_0014103,0.3710885632208361,0.04546149073101936,0.3316494573200117
squeezenet,ISIC_0014110,-0.11354459893981061,-0.11571898856106674,0.2183056715470451
squeezenet,ISIC_0014117,0.0808082464889245,-0.015776980390514565,0.43810130229929195
squeezenet,ISIC_0014129,0.3352908076659755,-0.033184794279342573,0.3459874021679869
squeezenet,ISIC_0014148,0.42982234383757056,0.08134998982182406,0.34304082875779407
squeezenet,ISIC_0014160,0.12722335346601513,-0.007652128237031811,0.2743037518158666
squeezenet,ISIC_0014177,0.10067397888942996,-0.11001578218666483,0.05508748220973817
squeezenet,ISIC_0014181,0.4709340816693854,0.0330523383027931,0.3051609854058292
squeezenet,ISIC_0014186,-0.1478671481741944,-0.14873817666657416,-0.01284479127950793
squeezenet,ISIC_0014219,0.269190082679922,-0.05679642677595188,0.35124884755535674
squeezenet,ISIC_0014221,0.23667698504532936,0.02923510539760568,0.4498326356201726
squeezenet,ISIC_0014233,-0.04522588762045957,-0.09214116558251792,0.1311068436080707
squeezenet,ISIC_0014251,0.12856851571738545,-0.0883423721533172,0.04454876144152916
squeezenet,ISIC_0014255,-0.040766014623429804,-0.14594206653269137,0.0076255615837053725
squeezenet,ISIC_0014270,0.19081767721161372,0.014851225198943005,0.3180490753627919
squeezenet,ISIC_0014278,-0.016219558579026443,-0.10512885601292796,0.14399336920321576
squeezenet,ISIC_0014284,0.2449365028313293,-0.03199205931243006,0.43154759681278815
squeezenet,ISIC_0014288,0.2619561189064732,0.044851683619272165,0.45813144821008106
squeezenet,ISIC_0014319,0.03302532434411444,-0.2084093665908588,0.3163703004079165
squeezenet,ISIC_0014336,0.10029837815897905,-0.07770948658430796,0.2794409011965843
squeezenet,ISIC_0014349,0.3647804197034751,0.10366748735997511,0.4653698155375951
squeezenet,ISIC_0014369,0.3197051728528929,0.017839344544310135,0.3666361092806989
squeezenet,ISIC_0014386,0.22939728911016274,0.04576058529463862,0.07008991398444674
squeezenet,ISIC_0014392,-0.003633047139508342,-0.04158500884591199,0.23372837870114593
squeezenet,ISIC_0014409,0.04927231788717422,-0.1136467967473804,0.03485112425965226
squeezenet,ISIC_0014419,-0.012377640078026378,-0.09709137712711653,0.10459371389724001
squeezenet,ISIC_0014423,0.2514243031912812,0.03937252722617128,0.3324175284439401
squeezenet,ISIC_0014434,-0.10696376070908063,-0.17062205007501322,-0.09410960164018077
squeezenet,ISIC_0014454,0.1540292306098316,-0.1419272105706176,0.03795723302341709
squeezenet,ISIC_0014457,0.2095616727066721,0.014397098083929789,0.45408627591866807
squeezenet,ISIC_0014470,0.022426831348112835,-0.08530730833773836,0.09802631053628007
squeezenet,ISIC_0014474,-0.08210453855085474,-0.13298668072075231,0.025532136252982167
squeezenet,ISIC_0014478,0.027734869889089925,-0.007247036605617258,0.3399693361276368
squeezenet,ISIC_0014489,0.3907506881581754,0.05149308505422419,0.4452926149415557
squeezenet,ISIC_0014500,0.20807858883415736,-0.0580246460141758,0.12611495975572543
squeezenet,ISIC_0014503,-0.18346252957833625,-0.22096030697212957,0.09188984699787686
squeezenet,ISIC_0014506,0.3018730144050492,-0.04775643386647175,0.07967193982809083
squeezenet,ISIC_0014513,0.2533488405614333,0.044647278691069776,0.39917131938380673
squeezenet,ISIC_0014541,0.26743014074115007,-0.03729055105272323,0.38729706367532807
squeezenet,ISIC_0014542,0.11100042713282557,-0.03354256346902599,0.27666936881188564
squeezenet,ISIC_0014546,0.21685578726550547,-0.11091395261385133,-0.022233076445591186
squeezenet,ISIC_0014548,0.363042224195123,0.03855085529013003,0.29098628904101786
squeezenet,ISIC_0014559,0.36455218068126294,0.0372520886171005,0.32281629026003594
squeezenet,ISIC_0014567,-0.05436112091112793,-0.006919478870707639,0.1931112805176278
squeezenet,ISIC_0014574,0.2517443591099259,0.028496828638698707,0.2090910501849382
squeezenet,ISIC_0014575,0.009193675466568145,-0.04227368238434066,0.2341312607186298
squeezenet,ISIC_0014586,0.3135249017394003,-0.10920257831452267,0.09209874550729534
squeezenet,ISIC_0014587,-0.009899875620675356,-0.08075049408747381,0.18089178351992144
squeezenet,ISIC_0014588,0.017199531175868064,-0.06193775037640822,0.10524644236396612
squeezenet,ISIC_0014590,0.10129207341354562,0.027359294744985718,0.2212339959675042
squeezenet,ISIC_0014600,0.014582644931570608,-0.042063228798580876,0.1925223524713105
squeezenet,ISIC_0014619,0.13564803183889956,-0.0014608123284272673,0.23303007961691385
squeezenet,ISIC_0014626,0.0954527133489146,-0.03008980332147873,0.1998222478278635
squeezenet,ISIC_0014627,0.0381189707432859,-0.04239018568776988,0.15643247516282102
squeezenet,ISIC_0014629,-0.08147588066146841,-0.06972225346318597,0.2379088771658394
squeezenet,ISIC_0014631,0.038630946006487484,-0.0682734519320289,0.14726024544170332
squeezenet,ISIC_0014634,0.018074812492410053,-0.08852659477971368,0.08515388204763319
squeezenet,ISIC_0014643,0.009250584137683886,-0.029328192139900983,0.2862948907258017
squeezenet,ISIC_0014644,0.18730531191502411,-0.0425217144191161,0.23952576721681604
squeezenet,ISIC_0014645,0.021566651126321484,-0.0410606113685395,0.12908059762022667
squeezenet,ISIC_0014647,0.051854251965425445,-0.03475888228682755,0.14967068592323626
squeezenet,ISIC_0014648,-0.039053837724810934,-0.10038303978917167,0.034081696991115
squeezenet,ISIC_0014649,-0.023216625892263414,-0.0679371414984232,0.07435200338241153
squeezenet,ISIC_0014652,-0.12801339436868384,-0.18697776520665957,0.14100366695306835
squeezenet,ISIC_0014653,0.012706828225759303,-0.07808586508571196,0.11040852497692387
squeezenet,ISIC_0014663,-0.05868702609534869,-0.27266919495249314,-0.10113136904234246
squeezenet,ISIC_0014666,0.18259628042783355,0.023434581137992867,0.11648325464126205
squeezenet,ISIC_0014675,-0.0959004880265431,-0.08401989837795888,0.20230095912339907
squeezenet,ISIC_0014677,0.18670741979189615,0.04713348762350427,0.3381416190985016
squeezenet,ISIC_0014687,0.10100687959180836,-0.13716516689546523,0.30123316556464225
squeezenet,ISIC_0014693,0.20936817558123572,-0.1433096567711611,0.2824992022184812
squeezenet,ISIC_0014695,0.09132758251675369,-0.05631136889901928,0.01879140011044787
squeezenet,ISIC_0014697,0.1613144927610634,-0.023939411140605698,0.09095577261480194
squeezenet,ISIC_0014698,0.0728159763836177,-0.003471719890450487,0.07542671839295167
squeezenet,ISIC_0014703,0.17738015297965667,-0.07769600315696475,0.2370537920133204
squeezenet,ISIC_0014720,0.23318286036603317,-0.045436404852747136,0.09617591443896227
squeezenet,ISIC_0014725,0.1775401399190469,-0.11881842359583095,0.19814869510527386
squeezenet,ISIC_0014727,0.0502550236188609,-0.04191513450096159,0.1477332680626555
squeezenet,ISIC_0014728,-0.11590210990963366,-0.190321269680622,0.19913304567405068
squeezenet,ISIC_0014729,0.25675477498413773,-0.06375689268478056,0.0666396395032276
squeezenet,ISIC_0014740,0.1305531090196143,-0.12635108033029083,-0.052194224217642256
squeezenet,ISIC_0014743,0.22939602484585425,0.010277330884487425,0.1672217353905013
squeezenet,ISIC_0014746,0.04214284583023653,-0.14915569652124347,0.12034381784624915
squeezenet,ISIC_0014749,0.13043874716499002,-0.06370008486300004,0.18078910575099044
squeezenet,ISIC_0014753,-0.1151425192093642,-0.22478391874316422,0.12068684974390875
squeezenet,ISIC_0014755,0.06759632446647298,-0.15736336019260383,0.07867303235640923
squeezenet,ISIC_0014765,0.06169761550924297,-0.09693300119191327,0.08270211295026307
squeezenet,ISIC_0014766,0.03544348317105683,-0.12463149735335773,0.21915883333223177
squeezenet,ISIC_0014768,0.0018783550328319734,-0.13501839704559304,0.21231331250405439
squeezenet,ISIC_0014772,0.25613680426315594,0.004509875348932646,0.13817467261102562
squeezenet,ISIC_0014773,0.010057832801611877,-0.15923010819594566,-0.028159474362284973
squeezenet,ISIC_0014780,0.28674313792928213,-0.024218869410969783,0.19614289082797484
squeezenet,ISIC_0014784,0.035727218322344254,-0.09902415223023338,0.02282914572439373
squeezenet,ISIC_0014786,0.15006965549313897,-0.1017568287833742,0.1595379718003974
squeezenet,ISIC_0014787,0.2270058953399767,-0.05288555467285423,0.04163712991991218
squeezenet,ISIC_0014790,0.17058611073526642,0.00750513588215967,0.219772313676124
squeezenet,ISIC_0014792,0.12374925482421163,-0.005683364218214082,0.16393031206452577
squeezenet,ISIC_0014796,0.04435520232370317,-0.03650370848773419,0.2848743436963959
squeezenet,ISIC_0014798,0.16496786623130802,-0.0874957059056719,0.31875558077033717
squeezenet,ISIC_0014800,0.025125267987215087,-0.13445248123634096,0.08421227258741418
squeezenet,ISIC_0014807,0.0571378148127964,-0.09398848233947123,0.24277029702833483
squeezenet,ISIC_0014814,0.017207949051548783,-0.04136580570173926,0.42904078518322636
squeezenet,ISIC_0014815,0.1821397522459658,-0.06526331124559377,0.3725621393233808
squeezenet,ISIC_0014820,-0.06529756085024031,-0.11428035918394583,0.08793361094494667
squeezenet,ISIC_0014822,0.17722231362885282,-0.009512661130117315,0.2285437061534541
squeezenet,ISIC_0014826,0.09711981725193682,-0.09136361608814261,0.2655390902569412
squeezenet,ISIC_0014833,0.28793095010458253,0.014753483670948779,0.1301039792079724
squeezenet,ISIC_0014835,-0.10063329520023907,-0.22377090801027727,0.052252159238004955
squeezenet,ISIC_0014844,0.20059241302818595,-0.07918582003613643,0.31240776319665986
squeezenet,ISIC_0014853,-0.019605300523437723,-0.06902316401785409,0.4265089983685156
squeezenet,ISIC_0014854,-0.03462765254073511,-0.13404580223568036,0.15431137317213445
squeezenet,ISIC_0014862,0.16333362842835628,-0.13048941419121535,0.216528839237864
squeezenet,ISIC_0014863,0.13757259474738207,0.02067369397902751,0.13150185296826508
squeezenet,ISIC_0014867,0.24529856376540665,-0.027065420909329594,0.15873123175239354
squeezenet,ISIC_0014868,0.11144132062558573,-0.1396666922683357,0.07600715606200695
squeezenet,ISIC_0014872,0.10421827914329355,-0.08744068060395295,0.03896679437270042
squeezenet,ISIC_0014876,0.028112592237303353,-0.07574354223505927,0.20645963032491568
squeezenet,ISIC_0014879,-0.013211865810597048,-0.03855645949411839,0.20257284860108818
squeezenet,ISIC_0014883,-0.004944491235554357,-0.1595026470082331,0.1276642394608316
squeezenet,ISIC_0014901,0.228584056558328,0.031617257533287174,0.35267955956575836
squeezenet,ISIC_0014907,0.23958364675378335,0.01116189470901471,0.24694568854086615
squeezenet,ISIC_0014910,0.2877588411766667,-0.036027287653386045,0.21489986283304804
squeezenet,ISIC_0014912,0.15413348848810843,-0.1966914885076245,0.2729609818734698
squeezenet,ISIC_0014921,0.05025887509484447,-0.14188200974885032,0.3691999326857273
squeezenet,ISIC_0014927,-0.0856286390468509,-0.11255448999134786,0.3762815805590484
squeezenet,ISIC_0014928,0.022099041967885258,-0.13411744216881769,0.06549916007017494
squeezenet,ISIC_0014932,0.09824596554443585,-0.12230737333749074,0.14444031145836783
squeezenet,ISIC_0014936,0.21151776438748865,-0.0715813125229163,0.33418741160446713
squeezenet,ISIC_0014938,-0.08590042825415765,-0.19014000247077117,0.16620592408164153
squeezenet,ISIC_0014940,0.1861800816050828,-0.1266398993835142,0.10665402020348061
squeezenet,ISIC_0014941,0.0031373990726048756,-0.12176435719455178,0.37891695342870596
squeezenet,ISIC_0014942,0.19925101256621933,0.04441386100571888,0.33584997120989474
squeezenet,ISIC_0014943,0.051356825505515645,-0.16120678625785614,-0.12255320528391374
squeezenet,ISIC_0014944,0.07410104437727161,-0.17234778585296656,-0.029725594020735952
squeezenet,ISIC_0014947,0.032336071596569926,-0.20357593582140163,0.014576115147338411
squeezenet,ISIC_0014948,0.3548768666008498,-0.09778678840291555,0.1104917154427549
squeezenet,ISIC_0014949,0.12116984170634293,-0.06824711997478758,0.26136719836076894
squeezenet,ISIC_0014952,0.2574029911173688,-0.011671593726187788,0.351193070101779
squeezenet,ISIC_0014955,-0.07412955880109914,-0.19520606739540575,0.15409210879876653
squeezenet,ISIC_0014956,0.09499357104396977,-0.0523261159337532,0.1020274305745296
squeezenet,ISIC_0014957,-0.12069103943299364,-0.09025993659960839,0.38303136239562113
squeezenet,ISIC_0014958,0.06406473435799839,-0.039949528413617194,0.04358397050348065
squeezenet,ISIC_0014959,0.17273333028055007,-0.026217438721987618,0.4036629348081459
squeezenet,ISIC_0014961,0.14554392588542772,-0.17589223030618428,0.04148068789488409
squeezenet,ISIC_0014962,0.0743144358701101,-0.06679211375820676,0.20755942146467157
squeezenet,ISIC_0014963,0.15340505417673064,-0.02317584682507966,0.18248837767734524
squeezenet,ISIC_0014964,0.011225884413437763,-0.07206117240741643,0.3572260526787129
squeezenet,ISIC_0014966,0.06844470656352993,-0.1470811489023578,0.16835748979117346
squeezenet,ISIC_0014968,0.0008319514975202447,-0.07924567329603174,0.18765370326919964
squeezenet,ISIC_0014969,-0.07173146944066686,-0.03137616964171527,0.06860201582615572
squeezenet,ISIC_0014973,-0.2000684799327242,-0.1656695761250924,0.13724725649179384
squeezenet,ISIC_0014974,-0.2387115401073819,-0.09836651097406084,0.27143111428217964
squeezenet,ISIC_0014977,-0.18796961996963502,-0.20195375996143725,0.19172103222348072
squeezenet,ISIC_0014982,0.254389809911208,-0.3743865511656256,0.25496957204102655
squeezenet,ISIC_0014992,0.05106975483181458,-0.13061261715565245,0.21362899191816156
squeezenet,ISIC_0014994,0.1743241447890119,0.003910978940473696,0.2622472350969407
squeezenet,ISIC_0014998,0.16508363831816433,-0.060193067022147335,0.20717205717620488
squeezenet,ISIC_0015002,-0.0176521604648299,-0.11102498995293006,0.1700864347746808
squeezenet,ISIC_0015003,0.1559229919001103,-0.016406176520229052,0.34177388418660354
squeezenet,ISIC_0015004,0.34856864213999017,0.009923793791064315,0.17608226618182157
squeezenet,ISIC_0015007,-0.04225115054434341,-0.2241820771547522,0.1014193985725944
squeezenet,ISIC_0015008,0.07580019704865178,-0.026259879932418597,0.07226117021734758
squeezenet,ISIC_0015009,0.04936647454605138,-0.06853910874768376,0.09349737030327111
squeezenet,ISIC_0015011,-0.0602492137460176,-0.11956029376483557,0.1299702936982044
squeezenet,ISIC_0015013,-0.11743047640602791,-0.25094566120100914,0.003213211086725898
squeezenet,ISIC_0015015,0.24615863404561164,-0.09446033580156854,0.053345663202250836
squeezenet,ISIC_0015016,-0.15870854672843102,-0.17270259491075443,0.07556105974717368
squeezenet,ISIC_0015018,-0.057602660231725125,-0.1840506259927744,0.06226659098182917
squeezenet,ISIC_0015019,0.05855731330586084,-0.048857461950582735,0.1731323429130303
squeezenet,ISIC_0015020,0.26766279851614205,-0.06695504458066197,0.19641041588087932
squeezenet,ISIC_0015021,-0.011262057348900971,-0.03447999822868362,0.16489064959918645
squeezenet,ISIC_0015023,0.12196941451347847,-0.10215717925303126,0.17240857617538108
squeezenet,ISIC_0015026,-0.051610385510891636,-0.07956986301941596,0.022986023907208893
squeezenet,ISIC_0015030,0.0626055265336279,-0.12211208224329148,0.037788762936478607
squeezenet,ISIC_0015031,-0.06958434271354849,-0.1261864080945355,-0.026516174346599745
squeezenet,ISIC_0015034,0.13029469269732144,0.016148888354094903,0.3702718936521017
squeezenet,ISIC_0015035,0.06732911658394995,0.018497411608920076,0.1189736660791847
squeezenet,ISIC_0015037,0.11951789322444065,-0.12400652630744714,0.03149400269364366
squeezenet,ISIC_0015040,0.25231865068139375,0.049545202982493174,0.4136351340191694
squeezenet,ISIC_0015041,0.11276519324005221,0.0320857053269961,0.4064526333351016
squeezenet,ISIC_0015046,0.20688775521256683,-0.02681901888675026,0.19006417583595764
squeezenet,ISIC_0015050,0.17893115188389622,-0.002560379410099081,0.09189880365319529
squeezenet,ISIC_0015051,0.24014103329104602,0.06429178912687591,0.6539129506121888
squeezenet,ISIC_0015056,0.09512986927488871,-0.135519433026994,0.1554221154786588
squeezenet,ISIC_0015057,-0.05990336401699435,-0.07402549932911229,0.2815792030559534
squeezenet,ISIC_0015060,0.07224527298479042,-0.1468320900948445,-0.0002631524560374267
squeezenet,ISIC_0015064,0.0521432110690513,-0.1362002158038395,0.11526417072909116
squeezenet,ISIC_0015071,-0.030671671774227503,-0.1208074927141222,0.06387588276644236
squeezenet,ISIC_0015078,0.20832599587744735,-0.0036137087093599013,0.09954306948955256
squeezenet,ISIC_0015089,0.05897344527936431,-0.14317917513579026,0.16615263489419618
squeezenet,ISIC_0015102,0.2082762853174677,-0.11767876947053642,0.20779221731079206
squeezenet,ISIC_0015115,0.168740938359594,-0.12472209605765358,0.0904366625871345
squeezenet,ISIC_0015118,0.12729820861717617,-0.10123648292957713,0.1601892887814847
squeezenet,ISIC_0015119,0.22324249685145997,-0.07407795078018112,0.10191475521828974
squeezenet,ISIC_0015125,0.06370477115878104,-0.10245400932001891,0.18579539842458134
squeezenet,ISIC_0015127,0.28114481331033897,-0.020969818086051455,0.21887299464152726
squeezenet,ISIC_0015129,-0.24483684132811595,-0.088544302720078,0.12397690508170868
squeezenet,ISIC_0015130,-0.1941879576231167,-0.1975051595666352,0.08238684533224147
squeezenet,ISIC_0015132,0.16171271604938273,-0.07243119435724175,0.17370745717467534
squeezenet,ISIC_0015133,-0.059550892547079494,-0.23366386418382712,0.14114454030529938
squeezenet,ISIC_0015136,0.11741103679014778,-0.1302831919378137,0.14100960367038906
squeezenet,ISIC_0015139,-0.28252947208233176,-0.2709989034970347,0.06522462458319732
squeezenet,ISIC_0015140,0.06019757230790601,-0.14946205125093645,0.15449491887102235
squeezenet,ISIC_0015142,-0.06610355112375758,-0.22361860489377267,-0.020050434928546284
squeezenet,ISIC_0015146,0.021872844958297017,-0.17786441764666377,0.047905032379351856
squeezenet,ISIC_0015149,-0.040379988046745016,-0.14127475630366915,0.09599168938481659
squeezenet,ISIC_0015150,0.06268527739486197,-0.08898539618015987,0.16033796257413865
squeezenet,ISIC_0015152,-0.1407742638359469,-0.14273422026309746,0.1532019244381914
squeezenet,ISIC_0015155,-0.04772859127923636,-0.15008192190073397,0.20698520523141814
squeezenet,ISIC_0015156,0.04300530344467468,-0.16064240227171536,0.20488847591562168
squeezenet,ISIC_0015157,0.19815611271504638,-0.054414809792739674,0.17906316208597634
squeezenet,ISIC_0015160,0.1367751544526834,-0.0386742655116995,0.07399979501495789
squeezenet,ISIC_0015161,0.3130952296166091,0.0744751690406645,0.2109016987873932
squeezenet,ISIC_0015163,0.30198694329508985,0.021646319191271718,0.2592361961482349
squeezenet,ISIC_0015167,0.08856826721702707,-0.07639610649175425,0.1814511907491259
squeezenet,ISIC_0015171,0.26051133160340645,-0.0037279316771148614,0.22037406492790054
squeezenet,ISIC_0015173,0.20987932982388052,-0.12960769462183536,0.10555780431927385
squeezenet,ISIC_0015174,0.08794901286588,-0.03592869954583539,0.29879163590329927
squeezenet,ISIC_0015175,0.07053386311844258,-0.10922605020254224,0.32958290854003364
squeezenet,ISIC_0015176,0.24720032099560582,-0.07902034532815252,0.18044076725254396
squeezenet,ISIC_0015179,0.25296914630006395,-0.08626341247461403,0.28698505569447796
squeezenet,ISIC_0015180,-0.036512864450791015,-0.020579743856014226,0.0791558907921636
squeezenet,ISIC_0015184,0.12126192009322789,-0.16236251450477687,0.10498646322063111
squeezenet,ISIC_0015185,0.3173127880430063,0.06314067948198963,0.2202070989249037
squeezenet,ISIC_0015193,0.14029209785742766,-0.028979510659654904,0.11212647239739686
squeezenet,ISIC_0015201,-0.08828199525296168,-0.15923931473127892,0.18883628677971462
squeezenet,ISIC_0015202,0.10044788870816422,-0.02328082012910409,0.3081888180642607
squeezenet,ISIC_0015203,0.08415764246805373,-0.052855465961239266,0.0952610605433593
squeezenet,ISIC_0015206,-0.06871600830294246,-0.21275829076665792,0.0451525526551498
squeezenet,ISIC_0015207,0.04869929075232304,-0.12088093682471523,0.1662959126297418
squeezenet,ISIC_0015208,0.08141715805535424,-0.17915370793180047,0.041966957100850556
squeezenet,ISIC_0015212,0.13959302987937208,0.013598610099180342,0.25726618596655737
squeezenet,ISIC_0015215,0.19873932758617152,0.033434794476609984,0.4293623863564319
squeezenet,ISIC_0015216,0.006450267564031141,-0.04463002704854677,0.10297355419576457
squeezenet,ISIC_0015217,0.10917724613684159,-0.008554944673108935,0.3427829539918192
squeezenet,ISIC_0015218,0.07119677957670276,-0.13591949518922405,0.1457193524278748
squeezenet,ISIC_0015223,0.0675416467096303,-0.11968885767461575,-0.04153367800955828
squeezenet,ISIC_0015224,0.2001243908566573,-0.06922787949173635,0.050618531020719226
squeezenet,ISIC_0015226,0.010757415898981318,-0.09012842846836353,0.15818688823077504
squeezenet,ISIC_0015229,0.2235631965510923,-0.08008999619990158,0.061051298747960954
squeezenet,ISIC_0015232,0.34775286155356355,-0.026689887973190798,0.19686817357024555
squeezenet,ISIC_0015237,0.20906219864132916,-0.14606829672050864,0.14275948669839647
squeezenet,ISIC_0015241,0.07368297293432903,-0.06352870211891869,0.21462580815707205
squeezenet,ISIC_0015244,0.17266520630619459,-0.1550137915782471,0.20362914433457174
squeezenet,ISIC_0015245,0.054372765795728535,-0.049666592740930375,0.0873457648293858
squeezenet,ISIC_0015250,0.14122737080967865,-0.08314709419816443,0.004439745473888194
squeezenet,ISIC_0015251,-0.14611488169662223,-0.25121154519680394,-0.051853967087988916
squeezenet,ISIC_0015254,0.14482488803712476,-0.017559000405880685,0.3733688462387671
squeezenet,ISIC_0015255,0.12815806634224933,-0.08165901506187172,0.3017887825339508
squeezenet,ISIC_0015258,0.1518165525288435,-0.06245193000702387,0.22903033832160322
squeezenet,ISIC_0015264,0.20354161024578568,-0.07457229424073167,0.145230097190034
squeezenet,ISIC_0015270,0.20035879300041068,-0.06715481511736804,0.2271182364617956
squeezenet,ISIC_0015273,-0.04454728365306677,-1.336300920022617,0.2182605265177892
squeezenet,ISIC_0015274,0.23143418570022356,-0.15615997610177598,0.036611832061534476
squeezenet,ISIC_0015276,0.09855618196406168,-0.006833936929701239,0.2936424861777868
squeezenet,ISIC_0015279,-0.13949579073184143,-0.02114535512040558,0.2696242028171288
squeezenet,ISIC_0015283,-0.05549400521196722,-0.13754255559613954,0.1374549891257733
squeezenet,ISIC_0015291,0.05906613061691933,-0.12181542037983191,0.19627541671704346
squeezenet,ISIC_0015293,0.30195595084509325,0.02424714829095243,0.4264393234399069
squeezenet,ISIC_0015298,0.14851637331824108,0.011234012801559069,0.41428223485540494
squeezenet,ISIC_0015309,-0.14498561854461126,-0.2530677607971868,0.016045153197628892
squeezenet,ISIC_0015310,0.20879793778009967,-0.0770629058962157,0.09268762912211928
squeezenet,ISIC_0015311,-0.12012704227837745,-0.16655810009818697,0.2514993533959646
squeezenet,ISIC_0015312,0.08073741102020564,-0.08257116278131527,0.2961283172304831
squeezenet,ISIC_0015330,-0.007895003302224797,-0.007608364759501167,0.2658653721776793
squeezenet,ISIC_0015331,0.2583064571819036,0.057826281353331045,0.18137248443893436
squeezenet,ISIC_0015347,0.11222203687117689,-0.012806279663218302,0.2693572140308409
squeezenet,ISIC_0015353,-0.2107057832063936,-0.24710651430942995,0.1423770761672499
squeezenet,ISIC_0015355,-0.08682899341805718,-0.10200070454078222,0.20494601521428257
squeezenet,ISIC_0015357,0.05645370603465873,-0.012271675793390507,0.42507795937911413
squeezenet,ISIC_0015360,0.1689349308816443,0.04927879251565091,0.4669590923877384
squeezenet,ISIC_0015363,-0.00634147589469501,-0.26591595590410716,-0.17577952492384905
squeezenet,ISIC_0015364,0.09135049475767863,-0.15299413204480888,0.09699839052032186
squeezenet,ISIC_0015368,0.20201451025124215,-0.04811435012840585,0.17739688667721598
squeezenet,ISIC_0015369,-0.0038549889808860665,-0.2652847318225035,-0.04998134137811773
squeezenet,ISIC_0015383,0.14809248842940878,0.037087004227440094,0.39021344850332246
squeezenet,ISIC_0015386,0.25887676946749,-0.10045153720549903,0.17519103015234855
squeezenet,ISIC_0015390,0.31096998291551164,-0.04916902998624937,0.16539810875709346
squeezenet,ISIC_0015395,-0.1002010041152355,-0.27011199477058695,-0.12556394898640585
squeezenet,ISIC_0015403,0.1586614068496147,-0.09685137886315576,0.1342231227797413
squeezenet,ISIC_0015404,0.24444166947273924,-0.08707552400514483,0.2243542603400707
squeezenet,ISIC_0015411,0.06401211873504661,-0.009452886409612478,0.3141327271251135
squeezenet,ISIC_0015412,0.16688523266870078,-0.0026525986849687756,0.4123382632712472
squeezenet,ISIC_0015416,0.2684798476867682,-0.06683955050427444,0.18113694218869206
squeezenet,ISIC_0015417,0.30717232496571817,0.003983263492187904,0.3679160639609916
squeezenet,ISIC_0015418,0.3131983472684177,0.01753718572840508,0.3045868982544096
squeezenet,ISIC_0015419,0.2949579628555853,0.01892638242179898,0.1815575136819129
squeezenet,ISIC_0015436,0.08967564995286247,-0.12203820065368838,0.16751379674893013
squeezenet,ISIC_0015440,0.16055665579372008,-0.010649260276398603,0.2726426859720669
squeezenet,ISIC_0015447,0.17698556320882183,-0.11262380462762259,0.035835956345438014
squeezenet,ISIC_0015455,0.17609953470497652,0.026224839720124956,0.1636914522017449
squeezenet,ISIC_0015464,0.12073354985272992,-0.13469095203279338,0.17436731687444565
squeezenet,ISIC_0015466,0.1396499103959629,-0.07080815957673306,0.15728909509639985
squeezenet,ISIC_0015468,-0.08309266519278767,-0.0856700256131515,0.37074691189601616
squeezenet,ISIC_0015476,0.056537482526282136,-0.052374200056939865,0.2650876601845759
squeezenet,ISIC_0015481,0.029623765543751585,-0.1259475103058738,0.2977838508213133
squeezenet,ISIC_0015482,-0.11667533835362735,-0.16395966480707963,0.2236662639242535
squeezenet,ISIC_0015485,0.08977068137079482,-0.09399043320131939,-0.019737398729796303
squeezenet,ISIC_0015510,0.06424970299876136,-0.11323827518670675,0.15341843204631864
squeezenet,ISIC_0015526,0.18442878371658633,0.025864161458888164,0.3412728354736112
squeezenet,ISIC_0015537,-0.0841295407889685,-0.2687054208370158,-0.13128095066537673
squeezenet,ISIC_0015544,-0.18790059048683,-0.25128037044302404,0.0026301505381186425
squeezenet,ISIC_0015559,-0.00632231392031622,-0.1974800607201292,0.026721578475922683
squeezenet,ISIC_0015563,-0.08320102930055955,-0.09540789986238093,0.01097534171064672
squeezenet,ISIC_0015566,0.2207112845794379,-0.15360409146227078,0.06550441385306294
squeezenet,ISIC_0015568,-0.2762468846484289,-0.34760146634715755,-0.11757686499143159
squeezenet,ISIC_0015582,0.08153640656005498,-0.004717568124550855,0.2845059383368982
squeezenet,ISIC_0015593,0.2328456557234631,0.0324126221555319,0.3213113707855556
squeezenet,ISIC_0015603,0.062628067330451,-0.019420220201718724,0.3204233206052777
squeezenet,ISIC_0015607,0.15887931577186384,0.009485550133502163,0.20105141278790642
squeezenet,ISIC_0015614,0.04070138578683372,-0.14214771630791076,0.05440163770126253
squeezenet,ISIC_0015617,0.039094962575777256,-0.08846285754114389,0.10854962688028431
squeezenet,ISIC_0015625,-0.003778502840848495,-0.11076224144525824,0.18180682498752776
squeezenet,ISIC_0015631,0.13075653253195701,-0.010236782195690245,0.3802781998815473
squeezenet,ISIC_0015636,-0.24915918993407468,-0.29155542938363277,-0.1639772795921605
squeezenet,ISIC_0015638,-0.011514533244273777,-0.21189185661472681,-0.008532464336950827
squeezenet,ISIC_0015641,-0.09829922654762634,-0.05841085382175957,0.1121635324998259
squeezenet,ISIC_0015645,-0.0003913491670611042,-0.1323947757375553,0.15640192508009626
squeezenet,ISIC_0015936,0.11230365433198318,-0.06702954983189706,0.28523024185703266
squeezenet,ISIC_0015937,-0.04741117077207772,-0.039809354946941065,0.37170130221099323
squeezenet,ISIC_0015938,0.10696088776196418,0.0020551432893195615,0.3819647219770044
squeezenet,ISIC_0015939,-0.06079238690201892,-0.04924386367321272,0.32073137791223766
squeezenet,ISIC_0015940,-0.026363739412226632,-0.02025208750454508,0.4683284135020961
squeezenet,ISIC_0015941,-0.12854178040793815,-0.14500652661528393,0.11857397476504408
squeezenet,ISIC_0015942,-0.10676929156971957,-0.058730780705913345,0.25959020018735257
squeezenet,ISIC_0015943,-0.05700509978982155,-0.12468931201521685,0.17263224153801202
squeezenet,ISIC_0015944,0.004994045429532793,-0.05519089149867461,0.07810389578967598
squeezenet,ISIC_0015945,0.06782789711062387,0.008000764635979747,0.30912186010248904
squeezenet,ISIC_0015946,0.04548412831320846,-0.03323035144250192,0.2833481815282758
squeezenet,ISIC_0015947,0.06292396000996232,-0.054266498543781995,0.3339677095032264
squeezenet,ISIC_0015948,-0.028136748053988154,-0.036668752271853323,0.29040342925336976
squeezenet,ISIC_0015949,-0.35235217426027177,-0.17127892606343448,0.21320714390191656
squeezenet,ISIC_0015950,0.03527799124413579,0.041884827065956136,0.23750248724513429
squeezenet,ISIC_0015951,-0.06008315512541156,-0.09522545964362947,0.026261735748325972
squeezenet,ISIC_0015952,0.06233288901036275,-0.04575813049175042,0.33770106207777556
squeezenet,ISIC_0015953,0.2393621668235253,0.016284089610146952,0.3553553357328741
squeezenet,ISIC_0015954,0.10274604143917156,-0.017847725376037703,0.5911412556902675
squeezenet,ISIC_0015955,0.009871163783680645,-0.13994343502571396,0.06741797927881243
squeezenet,ISIC_0015956,-0.014220537405165727,-0.03291690259607215,0.4462042773336911
squeezenet,ISIC_0015957,-0.10005224864260186,-0.14359355496208664,0.10614063554900348
squeezenet,ISIC_0015958,-0.1394972174289659,-0.16897042754428454,-0.024510697693817068
squeezenet,ISIC_0015959,-0.01900962275296763,-0.16839523008427468,0.21866943049491233
squeezenet,ISIC_0015960,0.16928435654514803,-0.04163600006758524,0.28725548561777864
squeezenet,ISIC_0015961,-0.09367824772213097,-0.07848586786121343,0.41061296893566757
squeezenet,ISIC_0015962,-0.13941723735130587,-0.05289598742851325,0.4374745662723014
squeezenet,ISIC_0015963,-0.09619162374500774,0.015284325276001163,0.4603085579090152
squeezenet,ISIC_0015964,-0.0007868665915116146,-0.06259480341263127,0.3703926335007247
squeezenet,ISIC_0015965,-0.10857368840715897,-0.049469418391831506,0.40530234070219817
squeezenet,ISIC_0015966,0.18630696248055237,-0.07454872848100215,0.460406565262537
squeezenet,ISIC_0015967,-0.09654204129632384,-0.2320512786397156,-0.09551160229423562
squeezenet,ISIC_0015968,-0.29783787355610947,-0.15862855425348138,0.04144542754979974
squeezenet,ISIC_0015969,0.08048841729520204,-0.06180312899355088,0.244362238817153
squeezenet,ISIC_0015971,-0.20348317896568907,-0.15415112959193647,-0.00329464386838715
squeezenet,ISIC_0015972,-0.008315105678001913,-0.05026142112566577,0.133859258838963
squeezenet,ISIC_0015973,0.04054135742542327,-0.06461567627105133,0.053034738968651594
squeezenet,ISIC_0015974,-0.14641585187904646,-0.16380067490215525,0.17913809473562387
squeezenet,ISIC_0015975,0.0034714244434322123,-0.061868008545146846,0.22481261916284118
squeezenet,ISIC_0015976,0.024954331597134338,-0.1198085520493336,0.22669855877408945
squeezenet,ISIC_0015978,-0.07251669035569575,-0.08947455659301247,0.03596517475558598
squeezenet,ISIC_0015979,0.22113730516226515,0.014596882414502164,0.4896439839771509
squeezenet,ISIC_0015980,-0.24390050726867532,-0.16263522144203252,0.2886597673437363
squeezenet,ISIC_0015981,-0.11208418560803933,-0.22752865113563475,0.0750467613435705
squeezenet,ISIC_0015982,0.06548564584257635,-0.08499825978711262,0.22860066658036984
squeezenet,ISIC_0015983,-0.07368955549635799,-0.008032915457812836,0.26115888874182286
squeezenet,ISIC_0015984,-0.04678494689264724,-0.0913852423148919,0.1032128320104457
squeezenet,ISIC_0015985,0.19488331869277897,0.07843644787203405,0.4575807799022388
squeezenet,ISIC_0015986,0.1508286044951255,0.03181649465555213,0.3621371874690244
squeezenet,ISIC_0015987,0.12659365576269924,0.03352488286595296,0.3752785773807141
squeezenet,ISIC_0015988,0.007581250894417936,-0.0485738593609732,0.3554489064417072
squeezenet,ISIC_0015989,0.08081353950551898,-0.06830909992098698,0.12180320400438453
squeezenet,ISIC_0015990,0.0901951396988218,-0.050703600472704204,0.32523194305683084
squeezenet,ISIC_0015991,0.08713352514951435,-0.018980964550878488,0.4220903151186444
squeezenet,ISIC_0015992,-0.007307049441835324,-0.03331983391564955,0.37987158509441993
squeezenet,ISIC_0015993,-0.14850525833423575,-0.06534234111000906,0.4052278756788663
squeezenet,ISIC_0015994,-0.16537007710654805,-0.11563652428718343,0.29448936617708377
squeezenet,ISIC_0015995,0.16731275849144334,-0.014184503561730774,0.26001038257004927
squeezenet,ISIC_0015996,0.1396767875683193,0.023123033131927588,0.3744366376996661
squeezenet,ISIC_0015997,0.1364076317221397,0.029643187542263326,0.4163234753115873
squeezenet,ISIC_0015998,-0.07148358928590184,-0.16164103520371112,0.10399334288183879
squeezenet,ISIC_0015999,-0.1613254472800843,-0.15022674964255417,0.16203869064345544
squeezenet,ISIC_0016000,-0.11164054283031881,-0.10602414287636218,-0.025406637161923595
squeezenet,ISIC_0016001,-0.14579639619743068,-0.14877349039492174,0.18696329240967804
squeezenet,ISIC_0016002,0.12225275115346015,0.03897014384519249,0.41900116284450234
squeezenet,ISIC_0016003,-0.04422850630353735,-0.0580848127127876,0.38988576037734124
squeezenet,ISIC_0016004,0.2233859436197755,0.04790848001620558,0.44571601772037484
squeezenet,ISIC_0016005,0.16493119700515993,0.050258100336984315,0.492915296712603
squeezenet,ISIC_0016006,0.2932316824732905,0.05189802713394583,0.40492108543941746
squeezenet,ISIC_0016007,-0.02987368179448424,-0.06386097102605233,0.39880849223275
squeezenet,ISIC_0016008,0.25683600218742075,0.001215753321796298,0.20300081180526006
squeezenet,ISIC_0016009,0.1449284608065618,-0.05786212290888742,0.43185105943165236
squeezenet,ISIC_0016011,-0.04040437275612844,-0.10798433026345812,0.05849929740650707
squeezenet,ISIC_0016012,-0.018092243282706737,-0.061335175548445656,0.2633719120888321
squeezenet,ISIC_0016013,0.10602233844012199,-0.024107031124103815,0.2817665864587828
squeezenet,ISIC_0016014,-0.0774811093748291,-0.10195153923976083,0.2746722106932236
squeezenet,ISIC_0016015,0.0962759237802621,-0.051451152556858885,0.39824075579733265
squeezenet,ISIC_0016016,0.15942830923588303,-0.04582337661570542,0.0927802280379619
squeezenet,ISIC_0016017,0.0316845352545874,-0.11243594390882862,0.2947990918290043
squeezenet,ISIC_0016018,0.23681477769070275,0.07389772689706572,0.43803517666441083
squeezenet,ISIC_0016019,-0.062182869549067536,-0.10651028343248095,0.12010864207614678
squeezenet,ISIC_0016022,0.016794961307832774,-0.06687453027054158,0.3289443990702286
squeezenet,ISIC_0016023,-0.09792906257558047,-0.07199256938234151,0.1361746152301803
squeezenet,ISIC_0016024,0.14518413982723907,-0.09060170417070883,0.10238056563879636
squeezenet,ISIC_0016025,0.19176184014429462,-0.041465539065956104,0.2470650989510286
squeezenet,ISIC_0016026,0.2665551740408452,0.09660678833674205,0.43325354364795843
squeezenet,ISIC_0016027,-0.19709394690778245,-0.14964027657732573,0.09009747407792605
squeezenet,ISIC_0016028,-0.05542675829927225,-0.043228663946964785,0.4757920780224686
squeezenet,ISIC_0016029,-0.0875363422045097,-0.13717242935504798,-0.032499726308503854
squeezenet,ISIC_0016030,-0.0018197417649425793,-0.05111352319842832,0.091131449364891
squeezenet,ISIC_0016031,0.22643403665585563,-0.034601969290848585,0.2011745945552581
squeezenet,ISIC_0016033,0.11141099481429229,-0.04135184512146296,0.38538211305597075
squeezenet,ISIC_0016034,0.0660759448563932,-0.01700934288048556,0.41493121471931305
squeezenet,ISIC_0016035,0.053951913863153,-0.000839039627830456,0.21324447408423688
squeezenet,ISIC_0016036,0.012252420955512695,-0.09632501460667867,0.08736488254642265
squeezenet,ISIC_0016037,0.3496947319012384,0.05763892015979268,0.32773950290573234
squeezenet,ISIC_0016038,-0.14642581307952265,-0.17500948653682644,0.13778145226298472
squeezenet,ISIC_0016040,0.019808667167995182,-0.022888838128067072,0.34552672086823477
squeezenet,ISIC_0016041,-0.1247288238965215,-0.16940251919196672,0.019610257060416192
squeezenet,ISIC_0016042,0.07878114953563894,-0.02986164699760015,0.4743640186583375
squeezenet,ISIC_0016043,-0.26794470817766286,-0.18781346904916676,-0.06338215338993043
squeezenet,ISIC_0016044,0.43704327416149874,0.09608569819654066,0.43823269937853765
squeezenet,ISIC_0016045,0.13560204903031137,0.049268142481868234,0.43880806756045765
squeezenet,ISIC_0016046,-0.12674236384077536,-0.12579650717525473,0.17655675421747624
squeezenet,ISIC_0016048,0.05014089455962746,-0.05088779438517096,0.42962234887308426
squeezenet,ISIC_0016049,0.049877003856750105,-0.1051508462627994,0.14366905344559236
squeezenet,ISIC_0016050,-0.03844939935430488,-0.06722611420824054,0.22146595069673822
squeezenet,ISIC_0016051,-0.0460437309442718,-0.14691018393273145,0.1526971224186304
squeezenet,ISIC_0016052,0.26709745198418966,-0.052832796024202607,0.18867995124978404
squeezenet,ISIC_0016053,0.10772909138817623,-0.015760036654402003,0.2632342796715777
squeezenet,ISIC_0016054,0.059177669011388656,-0.005665093334677497,0.2798521353636181
squeezenet,ISIC_0016055,0.07712820469918096,-0.06479379124497527,0.2365196167169729
squeezenet,ISIC_0016056,0.09715614690932825,0.14126543804822161,1.0661509686301243
squeezenet,ISIC_0016057,0.26386806463190077,0.0809218303863301,0.48164890886563605
squeezenet,ISIC_0016058,-0.11895903744797971,-0.12665492306735576,-0.027708454466662074
squeezenet,ISIC_0016059,0.03335665624280464,-0.003930128040482568,0.4157453785297773
squeezenet,ISIC_0016060,-0.04650339226979324,-0.055773540773882524,0.209380366260868
squeezenet,ISIC_0016061,-0.11096032819206367,-0.17977131737052243,0.06043371128677218
squeezenet,ISIC_0016062,0.294086341058291,0.021717139798116746,0.3859797505699847
squeezenet,ISIC_0016063,-0.09095381427044577,-0.023332412929817185,0.5314613384478228
squeezenet,ISIC_0016064,0.21629737045858835,0.01584101121138062,0.48501331863455427
squeezenet,ISIC_0016065,0.11962824724707498,-0.019933664410544144,0.3011371342078824
squeezenet,ISIC_0016066,0.26222352504282004,0.07392017622796795,0.4736890397346582
squeezenet,ISIC_0016068,0.25770781406195936,-0.06744693677612115,0.4112478764251869
squeezenet,ISIC_0016069,-0.10368110062512173,-0.13720803997308498,0.2055813030001802
squeezenet,ISIC_0016070,-0.1441837938842509,-0.14431271966080342,0.22144610313813606
squeezenet,ISIC_0016071,-0.033620483601521416,-0.0801233070884683,0.4631773002621214
squeezenet,ISIC_0016072,0.35081665929511247,0.10198761249977135,0.43160372281579473
