model,fae_method,image_id,effectiveness_uniform,effectiveness_autoweighted,effectiveness_mqdiscount,effectiveness_single_fc
resnet18,deep_lift,ISIC_0012086,0.1251358603290679,0.06042705920870008,0.2118751611709262,1.0126823045108801
resnet18,gradcam,ISIC_0012086,0.17243753487514524,0.1499405136137842,0.2439738455093251,0.056092827354322555
resnet18,guided_backprop,ISIC_0012086,0.02787107244050495,-0.03212034136309747,0.13896119010408348,0.5792499900248739
resnet18,integrated_gradients,ISIC_0012086,0.1448321685928963,0.1417793068534105,0.26591955479660856,0.8706481305956097
resnet18,lrp,ISIC_0012086,0.050628949514459606,0.14937962837108273,0.35879283229790415,0.29950298196973985
resnet18,occlusion,ISIC_0012086,0.1320867797758846,0.11947880414598602,0.19086056935365817,0.8020672814129266
resnet18,saliency,ISIC_0012086,0.2519451972415962,0.2851887527357056,0.39233637761373114,0.2322774467660304
resnet18,deep_lift,ISIC_0012092,-0.05667332381408955,0.04785292387876789,0.20953076119542163,-0.7778439025804071
resnet18,gradcam,ISIC_0012092,0.12299554225116688,0.06100918481510975,0.1817947857580726,0.42970716139963744
resnet18,guided_backprop,ISIC_0012092,-0.31880773532650897,-0.22020473398166146,-0.03515499474232498,-0.9010642659824311
resnet18,integrated_gradients,ISIC_0012092,-0.18249098001586347,-0.03227675564983679,0.15185035031675365,-1.4782276622262696
resnet18,lrp,ISIC_0012092,0.18381593182239062,0.09057425922229738,0.28216537926551444,1.7709304009549132
resnet18,occlusion,ISIC_0012092,0.30972443704733427,0.1858008116021395,0.2666003716520072,1.335568142260996
resnet18,saliency,ISIC_0012092,-0.246204393920992,-0.12120732857033435,-0.015897991251536268,-0.625556009328596
resnet18,deep_lift,ISIC_0012095,-0.013211023331516893,-0.05630402895515967,0.042014956740284895,0.8703471153519348
resnet18,gradcam,ISIC_0012095,0.22931984017051993,-0.027655169815458236,0.07653387836533639,1.833673593776655
resnet18,guided_backprop,ISIC_0012095,0.030647455754032476,-0.12821810299466088,0.038607311721544704,1.4514808358735778
resnet18,integrated_gradients,ISIC_0012095,0.015393411604686569,-0.04407066850372688,0.05906657440405912,0.8864840488240152
resnet18,lrp,ISIC_0012095,-0.07176944451547637,-0.06806061736233993,0.12160871940777924,0.8542209153869589
resnet18,occlusion,ISIC_0012095,-0.01634330863733423,0.01076039159460489,0.12428314391438813,-0.3345142510090134
resnet18,saliency,ISIC_0012095,0.37803254082731813,0.1525393104599171,0.2425070283533399,2.3017295188036924
resnet18,deep_lift,ISIC_0012134,0.2096879483114948,0.22878334201014036,0.3679032578337397,0.13092785633109383
resnet18,gradcam,ISIC_0012134,0.3369911550805699,0.17198660931434562,0.27141039917984117,1.5773970388459855
resnet18,guided_backprop,ISIC_0012134,0.08333233899083248,0.12879242668903726,0.32450600701462623,-0.4317582451613373
resnet18,integrated_gradients,ISIC_0012134,0.1888311425100915,0.12180501429362646,0.2323879780685792,1.2353782476380613
resnet18,lrp,ISIC_0012134,0.22239696542983978,0.2775741842783428,0.4935916468010112,0.3691905451807477
resnet18,occlusion,ISIC_0012134,0.2563549185196662,0.23093014301668813,0.32842639210133584,0.4471043576822254
resnet18,saliency,ISIC_0012134,0.4513823299392249,0.2640417683957455,0.3639997125509255,1.8670964230257132
resnet18,deep_lift,ISIC_0012136,-0.18049298486532186,-0.026348447209780527,0.12170775911850988,-1.0807802055044742
resnet18,gradcam,ISIC_0012136,0.27115424828201856,0.10911762286004345,0.2154629686118096,1.028632176806374
resnet18,guided_backprop,ISIC_0012136,0.028529316390794132,0.10378826695362094,0.2989334153453228,-0.7624671995642726
resnet18,integrated_gradients,ISIC_0012136,0.0937568639771859,0.23563092119191162,0.3596655901448496,-0.8188018923389194
resnet18,lrp,ISIC_0012136,0.19281842230185542,0.2746701001309499,0.49304136726655257,-0.0003006574601046777
resnet18,occlusion,ISIC_0012136,-0.060183596996407206,0.06590266144353626,0.15183200234970998,-0.4880955020515705
resnet18,saliency,ISIC_0012136,0.26768114848607405,0.2517066131839846,0.3602140073316421,0.46075657370559997
resnet18,deep_lift,ISIC_0012147,0.15462890624083026,0.010846800742977974,0.14023010721201976,1.0836783716837697
resnet18,gradcam,ISIC_0012147,0.2439004161117462,0.3217642348099631,0.3422088875107906,0.6347983341429562
resnet18,guided_backprop,ISIC_0012147,-0.3995260102968628,-0.23286172586127038,-0.04605754672037793,-1.4618220929236119
resnet18,integrated_gradients,ISIC_0012147,0.18952859588859225,0.004362980291654769,0.13242419857170842,1.2805100212645955
resnet18,lrp,ISIC_0012147,-0.20434109431247563,-0.10486622338163802,0.10260474203976704,-0.17288862399080565
resnet18,occlusion,ISIC_0012147,-0.11667832425427024,-0.1357434426287944,-0.0460539401405234,0.28450165354927237
resnet18,saliency,ISIC_0012147,-0.03403292805885917,0.021975474042419514,0.14027874051490963,-0.5212548237012231
resnet18,deep_lift,ISIC_0012149,-0.11466904221744328,-0.09750716037723649,0.025131379647382615,0.34521791300029825
resnet18,gradcam,ISIC_0012149,-0.2427856265338488,-0.15681766555896154,-0.05872719718775938,-0.6860687197435117
resnet18,guided_backprop,ISIC_0012149,0.02247785989855439,-0.22548487004467968,-0.0780437676743191,1.7547132643325276
resnet18,integrated_gradients,ISIC_0012149,0.008656916019258285,0.01298566897869301,0.15465528867190956,0.09478743725211757
resnet18,lrp,ISIC_0012149,-0.18747268146215254,-0.09041249526173654,0.11673990350382553,-0.06595999508554107
resnet18,occlusion,ISIC_0012149,-0.016747211842683865,0.024911507256881675,0.09543598390212105,0.25465308216587745
resnet18,saliency,ISIC_0012149,-0.19316823695745947,-0.07975299774542152,0.017024380650326236,-0.45519933021775294
resnet18,deep_lift,ISIC_0012152,0.03608300614652167,0.011659827448624753,0.1256371768686538,0.8031118305459399
resnet18,gradcam,ISIC_0012152,0.4595813114182373,0.20014180001341353,0.288797885794894,2.5973634590612735
resnet18,guided_backprop,ISIC_0012152,-0.02409710459890203,-0.03177411923287101,0.15026472078904593,-0.1145046885490799
resnet18,integrated_gradients,ISIC_0012152,-0.08545180377489071,-0.07066031865317533,0.04996042150557067,0.2334065669904348
resnet18,lrp,ISIC_0012152,-0.1510930735359429,-0.06705409833015537,0.13732436999539388,0.0672725092049376
resnet18,occlusion,ISIC_0012152,0.3250005299439468,0.10638820090752134,0.17699281088545996,2.657483024963205
resnet18,saliency,ISIC_0012152,0.07264681942111671,-0.06899063955523656,0.04313590428184188,1.578115348993629
resnet18,deep_lift,ISIC_0012178,-0.07888984714509731,0.053223383030053535,0.18540556840782463,-0.5797659735636058
resnet18,gradcam,ISIC_0012178,-0.23613063659987155,-0.18476649512102664,-0.07208046011072676,-0.9164379874688149
resnet18,guided_backprop,ISIC_0012178,0.026501706084805437,-0.015180388957877376,0.15829714838121733,0.5255902064817572
resnet18,integrated_gradients,ISIC_0012178,0.14055055850746806,0.20259092085381739,0.33586399946387335,-0.3219166915045086
resnet18,lrp,ISIC_0012178,-0.012430282800054308,0.12751699182980897,0.3437308046786967,-0.15398881125188857
resnet18,occlusion,ISIC_0012178,0.06479281317923433,0.08129482487963158,0.17070449404826318,0.42000457783759393
resnet18,saliency,ISIC_0012178,-0.07367274905721764,0.0770978512703168,0.18931582080029632,-0.6172132716707491
resnet18,deep_lift,ISIC_0012199,-0.12413382573297711,0.05638127499427537,0.17183928000309154,-0.7851739338429832
resnet18,gradcam,ISIC_0012199,0.18493633746341126,0.1758424066954195,0.29273557043715814,0.21748330484797015
resnet18,guided_backprop,ISIC_0012199,0.22470085141688947,0.11361575357614083,0.2944415313072316,0.7827881137361234
resnet18,integrated_gradients,ISIC_0012199,-0.056707265394193636,0.04485916062489336,0.16273225979442865,-0.03254017718153121
resnet18,lrp,ISIC_0012199,-0.1222161681059866,0.07888975110403476,0.299256208630234,-0.716072509565751
resnet18,occlusion,ISIC_0012199,0.11439726783604579,0.1285483006148325,0.22156434301309114,0.05147431478170902
resnet18,saliency,ISIC_0012199,-0.286906725904973,0.031040632255533582,0.15245020782260885,-2.0125461777932916
resnet18,deep_lift,ISIC_0012207,-0.11968954672897922,-0.07992577287135347,0.05981566285821942,0.08741236998265073
resnet18,gradcam,ISIC_0012207,-0.11917803243891918,-0.041066172488085445,-0.005024932170420188,-0.01461371650862624
resnet18,guided_backprop,ISIC_0012207,-0.1598436793466057,-0.22724477030073884,-0.059885797153214015,0.41035888186320235
resnet18,integrated_gradients,ISIC_0012207,0.070265012391879,-0.03328481410392411,0.08082195230669113,1.4864709956822142
resnet18,lrp,ISIC_0012207,-0.04010681074020535,-0.09451747385060408,0.09034099723358617,0.9687177401513211
resnet18,occlusion,ISIC_0012207,-0.13198421235562122,-0.0412757205707284,0.043926120572797815,-0.34046565272996104
resnet18,saliency,ISIC_0012207,0.05675252742625356,0.03706463503832693,0.14527393922633514,0.15644787263708532
resnet18,deep_lift,ISIC_0012215,0.11728612986146172,0.1784061197498753,0.3311910832377537,-0.380858612785335
resnet18,gradcam,ISIC_0012215,0.29406201804585985,0.054520682842681044,0.13390634050057185,1.4479640619015162
resnet18,guided_backprop,ISIC_0012215,0.024885454084879695,0.10403630023589983,0.29020944158873985,-0.8414531105336642
resnet18,integrated_gradients,ISIC_0012215,0.21490821346423036,0.2471625997237579,0.37474409149647037,0.11255023616661423
resnet18,lrp,ISIC_0012215,0.08842669538294937,0.2630317846955286,0.4796940402998673,-0.43571598738359163
resnet18,occlusion,ISIC_0012215,0.04543583204039475,0.16599625599451023,0.2699928406496479,-0.8956934575499228
resnet18,saliency,ISIC_0012215,-0.053336610665633645,0.02433062901623382,0.1474447273801237,-0.28493466111503035
resnet18,deep_lift,ISIC_0012216,0.1088900246815694,0.13457580459145563,0.2659497767701579,0.02190623080965165
resnet18,gradcam,ISIC_0012216,-0.1425642272987054,-0.0699244089862521,0.026130562978978148,-0.9625895635314283
resnet18,guided_backprop,ISIC_0012216,0.07974990018720947,-0.046139128112726385,0.13022756975100738,0.7426528472971393
resnet18,integrated_gradients,ISIC_0012216,-0.0039526319189115595,-0.07946791912920635,0.039475253246315976,0.9904677015328922
resnet18,lrp,ISIC_0012216,-0.29749848016476116,-0.12143675268827178,0.09017152644836773,-0.6877305647962009
resnet18,occlusion,ISIC_0012216,0.37182619856562904,0.12429551207229622,0.20344557876689673,2.1460275950950445
resnet18,saliency,ISIC_0012216,-0.2477508220310206,-0.11292770243639559,-0.002775454605928641,-0.7331146951008717
resnet18,deep_lift,ISIC_0012223,0.09420454239263928,0.08725433251602717,0.22161731597395745,0.6414430906075305
resnet18,gradcam,ISIC_0012223,0.043035484697805215,0.06465865895990941,0.18164202325733314,-0.4263928034823809
resnet18,guided_backprop,ISIC_0012223,0.11905549668069278,0.1205589944604247,0.3086069481678686,-0.17088812188133423
resnet18,integrated_gradients,ISIC_0012223,0.2312097190890511,0.2655862562320956,0.4052012341702766,0.17651479028943676
resnet18,lrp,ISIC_0012223,0.21654143704505455,0.27565713491086313,0.493439886260173,0.17998022231918331
resnet18,occlusion,ISIC_0012223,0.2608776539893146,0.25358204407366525,0.3477993920929566,0.4422256209198447
resnet18,saliency,ISIC_0012223,0.399898905554135,0.3051327203568219,0.4032413067878862,1.2832848713733844
resnet18,deep_lift,ISIC_0012240,-0.001812391053545193,0.06517034505428401,0.20576977390103243,-0.010681218526082944
resnet18,gradcam,ISIC_0012240,0.06520122570758563,-0.019070548967038685,0.10408718220945656,0.8483397883222458
resnet18,guided_backprop,ISIC_0012240,-0.0812380189696315,-0.03412376507510152,0.15019791211624856,-0.24801609258630522
resnet18,integrated_gradients,ISIC_0012240,-0.10124520686556475,0.09737910475756983,0.22857930191907774,-0.8884044521367225
resnet18,lrp,ISIC_0012240,0.09477564581962764,0.14181135306733914,0.3482616682388947,0.6979786192262144
resnet18,occlusion,ISIC_0012240,0.3321205353979539,0.23512395418096624,0.32982379981629245,1.0239326896126313
resnet18,saliency,ISIC_0012240,0.3947097937551091,0.29501836700660133,0.39371945764082306,1.2832778349631713
resnet18,deep_lift,ISIC_0012248,0.012977124413237817,0.09711969910035967,0.23854447066146098,0.0019471737229600022
resnet18,gradcam,ISIC_0012248,-0.09972946739219463,-0.1291032642272007,-0.014825204875719668,0.06860968057537663
resnet18,guided_backprop,ISIC_0012248,-0.002101669796836806,-0.0258574760427463,0.14801174156157768,0.31586779376069857
resnet18,integrated_gradients,ISIC_0012248,0.27956329969266336,0.2679897520169774,0.4100686418223856,0.5527700105849086
resnet18,lrp,ISIC_0012248,0.05323411132748459,0.13449738754554144,0.34196539721566566,0.36135887153754287
resnet18,occlusion,ISIC_0012248,0.1689429901532129,0.27267453275716913,0.3620250960398555,-0.3532792836955311
resnet18,saliency,ISIC_0012248,0.03705542441086812,0.1991224993249725,0.3274916378237785,-1.0989262726146556
resnet18,deep_lift,ISIC_0012258,-0.08387578865977967,-0.07642259442241123,0.03164919016877702,0.349471601865651
resnet18,gradcam,ISIC_0012258,-0.07631760227374172,-0.10311000623106131,-0.00452212404960166,0.47638533524689647
resnet18,guided_backprop,ISIC_0012258,-0.047327893890134684,-0.1789330997275231,-0.017592447384475452,1.2039910876418896
resnet18,integrated_gradients,ISIC_0012258,-0.022810099701230206,-0.06259379756605912,0.04760294996115368,0.6678323122818712
resnet18,lrp,ISIC_0012258,-0.21637480747828414,-0.11892485955139413,0.08541381323746636,-0.14398039727562192
resnet18,occlusion,ISIC_0012258,0.239809066607202,0.13146627757343307,0.2096330620872102,1.080824689928361
resnet18,saliency,ISIC_0012258,-0.43280778293724265,-0.18836381857731369,-0.060435604430551175,-1.7906805310712068
resnet18,deep_lift,ISIC_0012265,-0.03539565520529155,0.1628341412540893,0.2868588078414892,-1.1508743002970492
resnet18,gradcam,ISIC_0012265,0.06199619267961939,0.24247105699818572,0.3461049185823358,-1.0375037782114773
resnet18,guided_backprop,ISIC_0012265,0.045287711249065624,0.0839332559541276,0.27531170398235144,-0.3706119596743042
resnet18,integrated_gradients,ISIC_0012265,-0.17215140807650567,0.009877886029857159,0.1356169295169739,-0.9137673716401264
resnet18,lrp,ISIC_0012265,0.0529940368769575,0.248925204047181,0.47740623317936143,-1.0026513650773436
resnet18,occlusion,ISIC_0012265,-0.2012145272921704,0.11623886665753219,0.246943286498058,-2.482366810649432
resnet18,saliency,ISIC_0012265,-0.028383085650680602,0.1658735359340285,0.29874161823746226,-1.3430127835272059
resnet18,deep_lift,ISIC_0012266,-0.123767797910959,-0.0164763786519602,0.12280056424871297,-0.6870390287857223
resnet18,gradcam,ISIC_0012266,-0.11627714137686951,-0.08135441231118201,0.042076529838529664,-0.3676748845317571
resnet18,guided_backprop,ISIC_0012266,0.1879548961080892,0.17458252977000355,0.3691551818034986,0.17593413737040234
resnet18,integrated_gradients,ISIC_0012266,0.15788188901516886,0.22819074130490716,0.34892284582696664,-0.28769493154333564
resnet18,lrp,ISIC_0012266,0.25458815366255333,0.19513513192092435,0.3979813551856728,1.6597188641927345
resnet18,occlusion,ISIC_0012266,0.11454541448975034,0.06518476782124645,0.14880098999638616,0.7989421015583794
resnet18,saliency,ISIC_0012266,0.16281254826187994,0.24554644230146455,0.3653460458037785,-0.31037575632850944
resnet18,deep_lift,ISIC_0012272,0.016123685336115336,0.03544693746663744,0.18649672828871566,0.2239828608136642
resnet18,gradcam,ISIC_0012272,0.22172478073702778,0.46155121197486876,0.47981410990941853,-0.34436868388128256
resnet18,guided_backprop,ISIC_0012272,0.34966718038679234,0.19763835829229304,0.37947358538925235,1.3755554651937283
resnet18,integrated_gradients,ISIC_0012272,-0.08762004762979772,0.10766968332676043,0.2309779500114975,-0.8495056857161308
resnet18,lrp,ISIC_0012272,-0.23890110026547048,0.07531166467584373,0.28818499540026554,-1.3286492043205074
resnet18,occlusion,ISIC_0012272,0.18046295099390366,0.09428065622118324,0.1607804467656232,1.2274162513294349
resnet18,saliency,ISIC_0012272,0.05875359452830304,0.135642010660676,0.22989478629993315,0.1538470395122219
resnet18,deep_lift,ISIC_0012273,0.10262175532096375,0.031435749360200424,0.16699081293019324,0.9907262597929102
resnet18,gradcam,ISIC_0012273,0.001454617392955854,-0.12332878296807612,-0.03900312161242594,0.8310307558743992
resnet18,guided_backprop,ISIC_0012273,-0.044841067744105435,-0.06280647485321629,0.11135544603206571,0.13852537553529284
resnet18,integrated_gradients,ISIC_0012273,0.22996593764326634,0.23554461178379263,0.3627131409511116,0.34763313099050525
resnet18,lrp,ISIC_0012273,0.07477868016187736,0.11794708402793457,0.32527542471066506,0.6906020760995214
resnet18,occlusion,ISIC_0012273,0.09011532008997135,0.002325110156452298,0.08370593085717569,1.0390057536389103
resnet18,saliency,ISIC_0012273,0.20682968929957304,0.18591809615639607,0.3075567827323604,0.3520739704783365
resnet18,deep_lift,ISIC_0012314,-0.17980041338396474,0.01411066843610393,0.16385402663446783,-1.5853762087659784
resnet18,gradcam,ISIC_0012314,-0.031305164407935133,-0.10744009209048298,-0.09310943455596157,0.59840452975808
resnet18,guided_backprop,ISIC_0012314,-0.24443759176985824,-0.2252238525579066,-0.05168289618578585,-0.35728619134338196
resnet18,integrated_gradients,ISIC_0012314,-0.16223247222973394,-0.003521714079218829,0.14898159073057676,-1.3500064982338533
resnet18,lrp,ISIC_0012314,-0.02881624687833508,0.1137408012765298,0.3347507402526228,-0.5860403047718988
resnet18,occlusion,ISIC_0012314,0.16579688795500483,0.11848173513895599,0.1997168032191014,0.6445416155861027
resnet18,saliency,ISIC_0012314,-0.21741534210413768,-0.10578348726213888,0.008808971887475097,-0.6198250917327456
resnet18,deep_lift,ISIC_0012323,0.023521690229690268,0.03077677263296658,0.17032658768421444,0.28704313932443937
resnet18,gradcam,ISIC_0012323,-0.04799058686515467,-0.056252918541419915,0.041387596978909674,-0.5962095275552926
resnet18,guided_backprop,ISIC_0012323,0.03813937984452772,0.10013880241677359,0.29399873385989556,-0.7060585648517965
resnet18,integrated_gradients,ISIC_0012323,0.1842189890342054,0.21075689185872223,0.34354691853850805,-0.02674080366259441
resnet18,lrp,ISIC_0012323,0.24999577381197424,0.28235768575441084,0.4933014501660278,0.3680067586083556
resnet18,occlusion,ISIC_0012323,0.07202463937178857,0.23342048390629175,0.3206621488070632,-0.9209117728603969
resnet18,saliency,ISIC_0012323,0.16471858639794748,0.21234910346661537,0.3396438589432258,-0.19067297191157934
resnet18,deep_lift,ISIC_0012330,0.06266009642612196,0.053358591458307826,0.19494297878057887,0.5302470578000579
resnet18,gradcam,ISIC_0012330,0.06633901766262296,-0.024127617945487827,0.08586894498553267,0.8313764940643406
resnet18,guided_backprop,ISIC_0012330,0.029485377558595274,-0.03146735956227954,0.1352792403100956,0.6175420151411092
resnet18,integrated_gradients,ISIC_0012330,-0.08178238594153442,0.0458876925955815,0.17937232601562492,-0.4827438350400644
resnet18,lrp,ISIC_0012330,-0.16711894657674567,0.09016620272326868,0.3137264153016051,-1.2220955325967453
resnet18,occlusion,ISIC_0012330,0.29975342879327566,0.2985717263261348,0.398774946849832,0.5484908594554818
resnet18,saliency,ISIC_0012330,0.20034274047536932,0.12698958737882088,0.22568219746212542,1.3105058802176965
resnet18,deep_lift,ISIC_0012356,0.1956199358728282,0.07889949579837705,0.2120062335070169,1.4719448634734829
resnet18,gradcam,ISIC_0012356,0.08141314360091413,0.05764922613929611,0.1835314196442369,-0.17098795840505107
resnet18,guided_backprop,ISIC_0012356,-0.0012460507324623725,0.007871230778463106,0.180323058967632,1.214481898224241
resnet18,integrated_gradients,ISIC_0012356,0.08466683037288356,0.1269665953857321,0.24773916413192182,0.4535833410926368
resnet18,lrp,ISIC_0012356,0.12040111352559335,0.22165972481157553,0.43144724084341735,-0.34635793071594323
resnet18,occlusion,ISIC_0012356,0.10631015109026279,0.09948685611712739,0.1883045800030539,0.6248242822970723
resnet18,saliency,ISIC_0012356,0.3164438981731367,0.27164921999365726,0.3688675197781381,0.803563174519667
resnet18,deep_lift,ISIC_0012357,-0.13702796902488448,0.005854314702369086,0.144933750575198,-0.8220060827318716
resnet18,gradcam,ISIC_0012357,0.16888019902823878,0.1121971758381845,0.22200758470732482,1.1592727925612432
resnet18,guided_backprop,ISIC_0012357,-0.18663326887844875,-0.034229210641846065,0.15301878312906705,-0.6883218021458515
resnet18,integrated_gradients,ISIC_0012357,-0.14077563323356965,0.0609134899641337,0.18645659666981126,-1.0215893264894274
resnet18,lrp,ISIC_0012357,0.0781072278186685,0.1280994206608976,0.33557949090196615,0.4681802846329571
resnet18,occlusion,ISIC_0012357,0.24389869208295195,0.25795865672546336,0.3538356715926868,0.24464645710746222
resnet18,saliency,ISIC_0012357,0.12215077936621113,0.1819610267293487,0.3077841916208353,-0.32273691033904656
resnet18,deep_lift,ISIC_0012358,0.05307548685180216,0.020319908990051545,0.11681555291525891,0.9344784487952114
resnet18,gradcam,ISIC_0012358,0.06103579299441556,-0.1830957047411797,-0.09658578883132818,1.6348327509271323
resnet18,guided_backprop,ISIC_0012358,-0.15262844112028512,-0.061413944566289645,0.13310660332647392,-0.9358609245102187
resnet18,integrated_gradients,ISIC_0012358,-0.09066538700640792,-0.038353269865464994,0.06548582201323311,0.09878125598436113
resnet18,lrp,ISIC_0012358,0.02979551429163797,-0.05467252904365491,0.12891979173767357,1.459575331364345
resnet18,occlusion,ISIC_0012358,-0.0799071140935275,0.09444417812895982,0.1891787003206432,-1.3450608559438566
resnet18,saliency,ISIC_0012358,0.021364434968748326,-0.04076839984422777,0.03841621805194021,1.1165202796761164
resnet18,deep_lift,ISIC_0012364,-0.19825870922537828,-0.00883110835387441,0.1393913117419296,-1.2766637286244384
resnet18,gradcam,ISIC_0012364,0.023271432381595278,-0.07958131153819792,0.03761972598845396,0.7612725602235867
resnet18,guided_backprop,ISIC_0012364,-0.1652860955028073,-0.03113252358703446,0.1631738108036044,-0.8760229342779846
resnet18,integrated_gradients,ISIC_0012364,0.10700555835844205,0.22664145918632506,0.3572361595629694,-0.6739213712314289
resnet18,lrp,ISIC_0012364,0.2469552304198481,0.15810470248932965,0.3504703548004952,1.6873730296792924
resnet18,occlusion,ISIC_0012364,0.08155149271596411,0.21411283833117595,0.31156738266622214,-0.866062418577171
resnet18,saliency,ISIC_0012364,0.19646168969042568,0.11331305109715709,0.20710056660995266,1.302915740299632
resnet18,deep_lift,ISIC_0012369,-0.1084493727243341,-0.05603266761344278,0.08143203431743223,-0.026953992357081024
resnet18,gradcam,ISIC_0012369,0.45956534786742365,0.12514326311952226,0.21296261935062533,3.0094378236973887
resnet18,guided_backprop,ISIC_0012369,0.06088927455123508,0.025734013579457163,0.2077452838711905,0.1695776799251144
resnet18,integrated_gradients,ISIC_0012369,0.09652256064551129,0.07727403151626344,0.2161449287316506,0.37271608485027713
resnet18,lrp,ISIC_0012369,-0.10446486412179418,-0.07789317747072985,0.12273566821715985,0.5279199738292957
resnet18,occlusion,ISIC_0012369,0.30991796501513524,0.11667999246227119,0.19831601147083935,1.8577388322711739
resnet18,saliency,ISIC_0012369,0.24569852697071157,0.12157733850202466,0.23436077993643303,1.2433184191489097
resnet18,deep_lift,ISIC_0012372,-0.05631987519426837,-0.016891634355200497,0.12191088198960542,-0.17242691920119355
resnet18,gradcam,ISIC_0012372,0.38473902111714897,0.07856357380469198,0.20865333821367324,2.046295663441884
resnet18,guided_backprop,ISIC_0012372,0.12445542403429538,0.023368468911532145,0.1972627639768233,1.1409824194111062
resnet18,integrated_gradients,ISIC_0012372,0.06436685081639998,0.017153613774008966,0.15078562545565014,0.6439956974886698
resnet18,lrp,ISIC_0012372,-1.2292478588105002,0.055619853544843986,0.2663875780138184,-0.7437579214841009
resnet18,occlusion,ISIC_0012372,0.293428656609294,0.07809220352433904,0.15744107179197472,2.202999381146914
resnet18,saliency,ISIC_0012372,0.4060092750489978,0.10080838120957732,0.21435152374861774,2.9883748664010747
resnet18,deep_lift,ISIC_0012375,0.34004471435268535,0.22472462904928056,0.3490834558288248,1.1174569570627337
resnet18,gradcam,ISIC_0012375,0.08514347128115643,0.10092396853080413,0.21553266655441677,-0.2638725386470465
resnet18,guided_backprop,ISIC_0012375,-0.009004620928286385,-0.014586988443485214,0.16626395590552465,0.2452655270373395
resnet18,integrated_gradients,ISIC_0012375,0.29206769797323556,0.21878682277022846,0.34011841715096425,0.758673858892495
resnet18,lrp,ISIC_0012375,0.07574662178370578,0.26156339187212385,0.4880925529789064,-0.9031310027753245
resnet18,occlusion,ISIC_0012375,0.3420181883230172,0.25119564819761575,0.3389784371566948,1.0091933183960995
resnet18,saliency,ISIC_0012375,0.24714633869321945,0.24449244242797566,0.3552277437704281,0.3279408723666811
resnet18,deep_lift,ISIC_0012387,0.02815115068749284,0.03330358996805407,0.17285151518001676,0.34107638928418405
resnet18,gradcam,ISIC_0012387,-0.2077342759403549,-0.2888668150722675,-0.15766188662415515,-0.12056525898186528
resnet18,guided_backprop,ISIC_0012387,-0.1888902189005864,-0.06340642545060866,0.11863231002995411,-0.9365024304514734
resnet18,integrated_gradients,ISIC_0012387,0.04960563932201846,0.11508981210210464,0.22773083178007195,0.2052230308965624
resnet18,lrp,ISIC_0012387,0.15451433716397883,0.14839427796917887,0.3523639062590534,1.067494508933407
resnet18,occlusion,ISIC_0012387,-0.006813313276686364,0.0810403310060067,0.16306202705201828,-0.1064781644828141
resnet18,saliency,ISIC_0012387,0.024113827502493832,0.0387395754169674,0.15745515744998898,0.29025198090380355
resnet18,deep_lift,ISIC_0012388,0.0044124165472522086,0.04481755046904941,0.18174101493668454,0.11858857184128112
resnet18,gradcam,ISIC_0012388,0.3834177749924122,0.07308491522170876,0.17229969885599236,1.9793888239532744
resnet18,guided_backprop,ISIC_0012388,-0.11148214025825433,-0.062481666399623874,0.11775396294085502,-0.33985479691454795
resnet18,integrated_gradients,ISIC_0012388,0.31049912585519757,0.26904002849440867,0.3994630738284097,0.7712619967629871
resnet18,lrp,ISIC_0012388,0.3330761664438696,0.33757045531588653,0.555171269344187,0.8188531150200443
resnet18,occlusion,ISIC_0012388,-0.0027361975326318506,0.05196569933131453,0.14245258286687446,0.07373233628669773
resnet18,saliency,ISIC_0012388,0.16012314768287858,0.20730120651618952,0.3424855764673754,-0.13522766946169573
resnet18,deep_lift,ISIC_0012395,0.272992020039864,0.2065331323214993,0.3383866936904065,0.8645049866963667
resnet18,gradcam,ISIC_0012395,0.3194638753627238,0.25162395365781104,0.3530867832592212,0.8801215835962782
resnet18,guided_backprop,ISIC_0012395,0.15501827241004493,0.07622043054925418,0.2569228570256219,0.3928621919328187
resnet18,integrated_gradients,ISIC_0012395,0.15839064793095334,0.23319542912609167,0.380384159034099,-0.09998861900325945
resnet18,lrp,ISIC_0012395,0.09687786580649492,0.15098734340993863,0.36154577449473263,0.618570642905252
resnet18,occlusion,ISIC_0012395,0.32161379849966165,0.22538578581818203,0.32314510576458905,1.3506550405853204
resnet18,saliency,ISIC_0012395,0.1998945896033091,0.22774906528308667,0.342704256627438,0.17609269512256767
resnet18,deep_lift,ISIC_0012414,-0.0348542395053778,0.022769582070214477,0.15337832054986972,-0.1471431593126821
resnet18,gradcam,ISIC_0012414,0.02730105089475158,0.0010487786693092612,0.11017226478979586,0.5378861544366363
resnet18,guided_backprop,ISIC_0012414,-0.08568826098386025,0.01309005575063759,0.21032963419436124,-0.42410555274909356
resnet18,integrated_gradients,ISIC_0012414,0.4228691278739277,0.29598302469053994,0.39458529748123405,1.4965012195486094
resnet18,lrp,ISIC_0012414,0.08001899273412585,0.2646581298748209,0.4930910600143544,-0.8569913528317157
resnet18,occlusion,ISIC_0012414,-0.04370514245176964,0.0621698106800643,0.1414885067269978,-0.4227801435135224
resnet18,saliency,ISIC_0012414,4.029806962887208e-05,0.10272945928814708,0.2052534285576405,-0.1830089795015781
resnet18,deep_lift,ISIC_0012425,0.020516017585962876,0.022186759566324165,0.1807557257739582,0.5037249791600067
resnet18,gradcam,ISIC_0012425,0.028624869834783906,-0.025117669794950077,0.06352540615973669,0.66016101512398
resnet18,guided_backprop,ISIC_0012425,-0.14931573181945762,-0.048883970701143094,0.1506089697429359,-1.0305744645474548
resnet18,integrated_gradients,ISIC_0012425,0.2973515760868575,0.03632269249236589,0.1850552141663811,2.3444305108547194
resnet18,lrp,ISIC_0012425,-0.1339596820531524,-0.09212939422483649,0.10166650268995121,0.41469784247943764
resnet18,occlusion,ISIC_0012425,0.06363131659122402,0.09069794189977813,0.20294941450857643,-0.20295293886699312
resnet18,saliency,ISIC_0012425,-0.26323563236837055,-0.1321067725692926,-0.019179305704751782,-0.7264379766373649
resnet18,deep_lift,ISIC_0012428,0.05192589441657034,0.03412784435671304,0.16522817831074116,0.4761353936078587
resnet18,gradcam,ISIC_0012428,0.3116561922942536,0.0997378541738638,0.22224645482554495,1.489683653619659
resnet18,guided_backprop,ISIC_0012428,0.1830398738542038,0.04280034822283648,0.21664492816398903,1.5248503199895627
resnet18,integrated_gradients,ISIC_0012428,0.2711565059471366,0.2609666315703267,0.3789935640908458,0.451158343684847
resnet18,lrp,ISIC_0012428,0.2095365040166886,0.3019064084111107,0.5152793695791885,0.008004408569336612
resnet18,occlusion,ISIC_0012428,0.5144711115064369,0.30077178182187486,0.3740973958102295,2.15057812506242
resnet18,saliency,ISIC_0012428,0.23622646107816833,0.2332341276230837,0.35433436825635706,0.2726335551136811
resnet18,deep_lift,ISIC_0012432,-0.06472584174393646,0.002902467813620308,0.1764484349244147,-0.6286047427603236
resnet18,gradcam,ISIC_0012432,0.10435791580432016,-0.07688115256991342,0.032681811191041014,0.6417269322398391
resnet18,guided_backprop,ISIC_0012432,0.02436670511809898,-0.21711074626577093,-0.07023772247873508,1.7585945005013681
resnet18,integrated_gradients,ISIC_0012432,-0.18944060047659103,-0.01705501630758899,0.17165866167266122,-1.4650580067931165
resnet18,lrp,ISIC_0012432,-0.21052794903854538,-0.07635655597253116,0.13454212859507786,-0.3459572131173906
resnet18,occlusion,ISIC_0012432,0.26015695231760055,0.1793870932715171,0.2703677779761534,0.9529003670379681
resnet18,saliency,ISIC_0012432,-0.026610456630729872,0.051968902938554495,0.16239010977652701,-0.5002185809114794
resnet18,deep_lift,ISIC_0012447,0.025053505021285612,0.04802621395523684,0.17666455633216874,0.23660203640886485
resnet18,gradcam,ISIC_0012447,0.016724888905036945,-0.1458378229331951,-0.03998341942564296,0.8487116447128081
resnet18,guided_backprop,ISIC_0012447,-0.05195787682467862,0.07232638310727113,0.2673482051273709,-1.2713822468232743
resnet18,integrated_gradients,ISIC_0012447,0.04487678650009102,0.22540725205557696,0.3621043132872415,-1.1300566632686595
resnet18,lrp,ISIC_0012447,0.13285640824662612,0.1569706536122909,0.36474075204330203,0.8654755342609565
resnet18,occlusion,ISIC_0012447,0.1127500375324011,0.11813087545143731,0.19355113122932932,0.6434932500950079
resnet18,saliency,ISIC_0012447,0.1758013010282237,0.2369975145091918,0.3532779556322733,-0.18896448082593403
resnet18,deep_lift,ISIC_0012448,0.17013797485019583,0.06424754835893398,0.20155745012655346,1.3257429283802888
resnet18,gradcam,ISIC_0012448,0.15123630938811808,-0.08656562794815746,0.01668968825750525,1.8076491324520685
resnet18,guided_backprop,ISIC_0012448,0.05682280546660127,-0.01840146280304019,0.15330205877918782,0.7717023687072294
resnet18,integrated_gradients,ISIC_0012448,-0.020624792525345405,0.09294543151080457,0.22474244667994156,-0.24289528542342897
resnet18,lrp,ISIC_0012448,-0.06665826312336089,0.12412028473354071,0.34493029497427624,-0.5564706853120202
resnet18,occlusion,ISIC_0012448,0.22509136998833493,0.12437608102307368,0.18940031762178425,1.5082795739386918
resnet18,saliency,ISIC_0012448,0.05007805368866661,0.09221511104776992,0.1951373176581641,0.2549767868509584
resnet18,deep_lift,ISIC_0012484,0.029150218406735973,0.05610934367116837,0.19840198793517702,0.27913621187031595
resnet18,gradcam,ISIC_0012484,-0.008852738864397771,-0.10574711224912495,-0.0021854747552132792,0.6173159555553782
resnet18,guided_backprop,ISIC_0012484,0.24982644924714517,0.13171479085016802,0.30285984208448574,0.8090455517954631
resnet18,integrated_gradients,ISIC_0012484,0.37489379128127087,0.30708586570308655,0.4270768834209751,1.1314882745939652
resnet18,lrp,ISIC_0012484,-0.04702939572876906,0.13189334207339642,0.3540517051031731,-0.4191020985972225
resnet18,occlusion,ISIC_0012484,0.05591853982121318,0.025426330100802693,0.096576406937736,0.8300924684617164
resnet18,saliency,ISIC_0012484,0.35007261073266294,0.2561135376739336,0.3626629705661518,1.1180280989018614
resnet18,deep_lift,ISIC_0012493,0.045931240262596325,-0.0493380548403404,0.05850598222485341,1.1736680952444938
resnet18,gradcam,ISIC_0012493,0.2246444776084756,-0.007379213954951797,0.0806209816863243,1.616017867063176
resnet18,guided_backprop,ISIC_0012493,-0.189584418418937,-0.19352425347450725,-0.016095679779791126,-0.0057336009726267675
resnet18,integrated_gradients,ISIC_0012493,0.017502991926943427,0.00215794653241737,0.1491022183889258,-0.050216608632962366
resnet18,lrp,ISIC_0012493,-0.4007248592494835,-0.123284877870823,0.0926133460567927,-1.5299713954901157
resnet18,occlusion,ISIC_0012493,-0.013304479258860446,0.06052901459166606,0.15246010605438207,-0.47857097544626476
resnet18,saliency,ISIC_0012493,0.026984083823155876,0.005848032902195543,0.13391241396445375,0.13471490597509553
resnet18,deep_lift,ISIC_0012510,0.14662364298656208,0.19591860473295777,0.3508174619447353,-0.2431758771883091
resnet18,gradcam,ISIC_0012510,0.15295750967241648,0.09368706818356674,0.22590505688622783,0.18107447355314776
resnet18,guided_backprop,ISIC_0012510,0.028069246356754774,0.09893424640395898,0.2935808159714667,-0.7952715999123497
resnet18,integrated_gradients,ISIC_0012510,0.2931342131417065,0.27027919735940187,0.398059083191891,0.6095738768811952
resnet18,lrp,ISIC_0012510,0.10303437868093002,0.26930538148149313,0.4888977726403327,-0.36042487752770175
resnet18,occlusion,ISIC_0012510,0.10996768581021464,0.2235885166671824,0.32516503472082237,-0.6675429846348206
resnet18,saliency,ISIC_0012510,0.1866623128953843,0.24826619625712168,0.360490184947251,-0.17238371683509934
resnet18,deep_lift,ISIC_0012522,-0.07964266051920904,0.03736831627485719,0.18198892077649548,-0.7995029869351636
resnet18,gradcam,ISIC_0012522,0.3038658946642046,-0.02584326198965211,0.08554389316222853,2.1065347290562406
resnet18,guided_backprop,ISIC_0012522,0.007966054772225235,-0.07076563689090329,0.10965725965680623,0.34074666190900565
resnet18,integrated_gradients,ISIC_0012522,-0.024266775470598023,-0.0351009291264,0.11751372429457163,-0.16433480893422664
resnet18,lrp,ISIC_0012522,-0.28554879715524456,-0.12157680856856318,0.08934928192999109,-0.667594565099516
resnet18,occlusion,ISIC_0012522,0.06448657327121655,0.08173158842724645,0.1743247155280085,-0.026591976878153886
resnet18,saliency,ISIC_0012522,0.08576877744953633,0.05505861929682499,0.15697821189321237,0.43295231801137024
resnet18,deep_lift,ISIC_0012537,-0.24146905866519427,-0.11235106058846608,0.004691486496981607,-0.7394523540010786
resnet18,gradcam,ISIC_0012537,0.4512157852536878,0.128072546320373,0.22484149726699312,2.909070706946046
resnet18,guided_backprop,ISIC_0012537,0.15768968525205906,-0.02971299694503235,0.14058384989743317,1.2888096460022416
resnet18,integrated_gradients,ISIC_0012537,-0.20867756067485277,-0.11630152842142231,0.0015736224866852709,-0.602844266079903
resnet18,lrp,ISIC_0012537,-0.21943909712704243,-0.13606094394789767,0.059905156525441795,-0.08126178716667817
resnet18,occlusion,ISIC_0012537,0.10623366222279586,0.033209562639477816,0.1189884514049171,1.1384293951158024
resnet18,saliency,ISIC_0012537,0.13339443748119773,-0.021911706137658665,0.07382911766151631,1.9850425199285706
resnet18,deep_lift,ISIC_0012548,-0.11531904750336448,-0.11019903374268426,0.007576174409256297,0.3391504403261398
resnet18,gradcam,ISIC_0012548,0.17141755542527853,0.07314731924808747,0.16590298895862104,0.8352134843316744
resnet18,guided_backprop,ISIC_0012548,0.09640426351821012,-0.07165088118911837,0.09555060144576484,0.9722986766436263
resnet18,integrated_gradients,ISIC_0012548,-0.1691389689831077,-0.11760313349146662,0.002126709376520004,0.19147363191094977
resnet18,lrp,ISIC_0012548,-0.10012461416761237,-0.0915532905973447,0.10692177648113739,0.6183195981002059
resnet18,occlusion,ISIC_0012548,0.35880530109821523,0.19060426309234876,0.2604651340971402,1.736396415198201
resnet18,saliency,ISIC_0012548,0.02876272854441488,-0.07270117709630233,0.02003489769324464,1.2817574933124718
resnet18,deep_lift,ISIC_0012551,-0.19067460502922448,-0.1706248064942385,-0.01649912979315444,-0.031815769805546
resnet18,gradcam,ISIC_0012551,-0.13668094357551921,-0.2592055294641611,-0.13816703944734302,0.5336755784914862
resnet18,guided_backprop,ISIC_0012551,0.013244885103892904,-0.0009455171947077639,0.19184900546933933,0.12361060092350142
resnet18,integrated_gradients,ISIC_0012551,-0.003203732218661729,-0.01749431868931549,0.14826025165300108,-7.246478491707456e-05
resnet18,lrp,ISIC_0012551,-0.03381459290264722,-0.07774211783171606,0.11449081607651022,1.2534447675344822
resnet18,occlusion,ISIC_0012551,-0.2025030692555986,-0.02204974009683685,0.10544971799764277,-1.7955399475208
resnet18,saliency,ISIC_0012551,0.16291767367358564,0.09697308651450806,0.19573109064730887,0.7528992917010875
resnet18,deep_lift,ISIC_0012654,0.08379977513971731,0.01022556297482926,0.16289546749423672,0.5748453761235187
resnet18,gradcam,ISIC_0012654,0.1605285823050077,-0.11394345818861748,-0.029487444208184468,2.2463961429806667
resnet18,guided_backprop,ISIC_0012654,-0.056647768188102715,-0.0391942630826854,0.15167170419309417,-0.34575163664104963
resnet18,integrated_gradients,ISIC_0012654,-0.07288814083488512,-0.05423977997781605,0.12007870772359693,-0.34482265160119013
resnet18,lrp,ISIC_0012654,0.11968656459354848,0.08248302242332117,0.2860825683909676,0.8633999125094051
resnet18,occlusion,ISIC_0012654,0.10554572377846931,-0.06984873937836415,0.005719110523644299,1.6636897847764895
resnet18,saliency,ISIC_0012654,0.10675688483154933,0.0493496924937659,0.16715753301023056,0.5222387285190989
resnet18,deep_lift,ISIC_0012656,-0.1515031501958267,-0.1509353099411121,-0.047450977308918604,-0.20244168105291666
resnet18,gradcam,ISIC_0012656,0.25710511727871105,0.1362307732138976,0.25349426703665295,1.2671600429120937
resnet18,guided_backprop,ISIC_0012656,-0.0049889963259469915,-0.041270754436875494,0.14143981650358123,0.5091381849455769
resnet18,integrated_gradients,ISIC_0012656,-0.04170294862884759,-0.09363009333001054,-0.00590115281824974,0.5823025994452781
resnet18,lrp,ISIC_0012656,-0.0701123544700086,-0.08876093322863714,0.09892815864049695,0.8986598411299245
resnet18,occlusion,ISIC_0012656,0.12524473893358276,0.1304621355506213,0.23729428751517734,0.08993900773965728
resnet18,saliency,ISIC_0012656,0.2858057720966685,0.12184513591080023,0.20812253181622253,1.6703722277771178
resnet18,deep_lift,ISIC_0012705,0.12803920118365297,0.050982364647241527,0.16617136330407759,1.2112174809303158
resnet18,gradcam,ISIC_0012705,-0.2164110889890557,0.00707192109966842,0.11913929901438483,-1.3633760354215227
resnet18,guided_backprop,ISIC_0012705,0.0766293133379777,0.13998650589481765,0.342210924684306,-0.4839294403456038
resnet18,integrated_gradients,ISIC_0012705,-0.07401071810622387,-0.01901371860456896,0.12265961575189678,-0.05804676542290574
resnet18,lrp,ISIC_0012705,0.08232049100891765,0.12038514902932194,0.32162789255334695,0.7239404087954319
resnet18,occlusion,ISIC_0012705,-0.09339018477101174,-0.016347823773093902,0.07030314526011838,-0.23209892767218138
resnet18,saliency,ISIC_0012705,0.3087919249779775,0.22912950373403712,0.3418265619677291,0.9631274314985339
resnet18,deep_lift,ISIC_0012708,0.0011712586252192211,0.019414552083320144,0.14933749248094905,-0.10459592475092118
resnet18,gradcam,ISIC_0012708,0.3513660102994145,0.09952824090627432,0.19301592506805546,2.155632652818928
resnet18,guided_backprop,ISIC_0012708,-0.07575256259541005,-0.05732674227658009,0.13259171800888156,-0.38119406469763545
resnet18,integrated_gradients,ISIC_0012708,-0.13897434586139407,-0.05052176485353809,0.10286497408773343,-1.2674376829625196
resnet18,lrp,ISIC_0012708,-0.5848998192790484,-0.14595620678097665,0.06742424910274024,-1.907528709458505
resnet18,occlusion,ISIC_0012708,0.3551164964002093,0.1651401957291828,0.24584968171626717,1.9623287492396466
resnet18,saliency,ISIC_0012708,-0.11924597737142864,-0.10024584153378278,-0.00477633546524852,0.3128063291969339
resnet18,deep_lift,ISIC_0012722,0.10326955527803862,0.023983587486887323,0.1695401533910751,0.6561671367611421
resnet18,gradcam,ISIC_0012722,0.3237807884380176,0.3792629433808931,0.39073743539024963,0.8907532416440731
resnet18,guided_backprop,ISIC_0012722,0.33807377158498947,0.0212328865527573,0.18069646563476593,2.4923465870324377
resnet18,integrated_gradients,ISIC_0012722,-0.0199291606054215,-0.07904909384669422,0.04596552184358971,0.9479349870210189
resnet18,lrp,ISIC_0012722,-0.31341032098393684,-0.1526692049518083,0.04765163616753069,-0.5778867749920588
resnet18,occlusion,ISIC_0012722,-0.2579033120783739,-0.03753689272702221,0.050397294255134215,-1.2283889455954455
resnet18,saliency,ISIC_0012722,-0.12773182713879985,-0.07363282361414417,0.019546086268209306,0.03350348335573838
resnet18,deep_lift,ISIC_0012757,-0.04238362436110076,0.015230481093890148,0.15917305664570852,-0.15505199494584615
resnet18,gradcam,ISIC_0012757,0.06973753965813782,-0.16663892436410047,-0.05420696250300942,1.425861981856336
resnet18,guided_backprop,ISIC_0012757,-0.1021801759686381,0.09658926070426653,0.3039848027252069,-1.771178106446638
resnet18,integrated_gradients,ISIC_0012757,0.09642829844430066,0.09137925410166402,0.20350197276888907,0.6218075704948715
resnet18,lrp,ISIC_0012757,-0.3190089410775319,0.08812666488437404,0.3182438601878309,-2.345845425613419
resnet18,occlusion,ISIC_0012757,0.24792724512187667,0.21989343380070386,0.32093990081484397,0.39056396917004743
resnet18,saliency,ISIC_0012757,-0.12071475155669313,0.03933100136870834,0.16629201516546172,-0.858838291251355
resnet18,deep_lift,ISIC_0012758,-0.1602482098656288,-0.13269712722772634,-0.03413922640829323,0.12111819858186222
resnet18,gradcam,ISIC_0012758,0.1224869660369247,-0.10146748349452506,0.018650555503592733,1.2360998970990267
resnet18,guided_backprop,ISIC_0012758,-0.026795435792340387,-0.01292654095926526,0.18727479525267754,-0.05124308224185894
resnet18,integrated_gradients,ISIC_0012758,0.30231806323909394,0.08491311467585304,0.1702011144664506,2.0034515579628023
resnet18,lrp,ISIC_0012758,-0.2990616990000716,-0.14533151444326056,0.061893073541669084,-0.6595462833198912
resnet18,occlusion,ISIC_0012758,-0.05996657110734761,0.05334563374512498,0.17199419559278287,-0.9097165460590416
resnet18,saliency,ISIC_0012758,-0.05831632597322576,-0.0785007835369718,0.004240239778638558,0.7124646200444947
resnet18,deep_lift,ISIC_0012786,-0.09853405750266124,0.0033310288552849624,0.14143342045697824,-0.5477851909939826
resnet18,gradcam,ISIC_0012786,0.160548273679328,0.3422356097980436,0.36731058985728277,0.4908930416017651
resnet18,guided_backprop,ISIC_0012786,0.055524567739788665,0.08348258383655129,0.26861021655451855,-0.5324508853309083
resnet18,integrated_gradients,ISIC_0012786,0.21943445952018784,0.10025169385009865,0.2061474029317975,1.5469848390784349
resnet18,lrp,ISIC_0012786,-0.0671056591293908,0.12505898409154764,0.34520404059542,-0.6000823558102346
resnet18,occlusion,ISIC_0012786,-0.0348919663805837,0.01595965418869154,0.11532565049972991,-0.06892031870632324
resnet18,saliency,ISIC_0012786,0.17370006539078023,0.21507265519814825,0.3343940788097688,-0.10620276803352609
resnet18,deep_lift,ISIC_0012803,-0.10616264295883882,0.03045054403795269,0.150272312952052,-1.0301081532943765
resnet18,gradcam,ISIC_0012803,0.09198000278259975,-0.05399420461826502,0.043938400087814876,1.6504638380616348
resnet18,guided_backprop,ISIC_0012803,0.036175998750790195,-0.047195912403818534,0.13755743577769639,0.5125142903439793
resnet18,integrated_gradients,ISIC_0012803,-0.20132774902743464,-0.09725338784729096,0.007591518575602127,-0.28571877362428155
resnet18,lrp,ISIC_0012803,-0.16980410024163048,-0.10605605589912816,0.09203246926415759,0.17524936943245845
resnet18,occlusion,ISIC_0012803,-0.10568769666078891,-0.015700053904411114,0.06196982854847793,-0.24534042306468776
resnet18,saliency,ISIC_0012803,-0.09603079975152123,-0.09325489491245308,0.009199165449956553,0.41213307095691426
resnet18,deep_lift,ISIC_0012836,-0.15384141479140295,-0.0007843584414356293,0.15668199549222606,-1.2542027916584113
resnet18,gradcam,ISIC_0012836,0.29090528534360716,0.16961543281714292,0.2932749488289786,1.2418394611311556
resnet18,guided_backprop,ISIC_0012836,-0.10740565826008008,-0.03266944050861129,0.1646337532732825,-0.6792398240015073
resnet18,integrated_gradients,ISIC_0012836,-0.02027001926334029,0.04778508045348906,0.18947977773051375,-0.4633803795171962
resnet18,lrp,ISIC_0012836,-0.2139560036604935,-0.12750744556394358,0.07388774791935315,-0.1273630350070925
resnet18,occlusion,ISIC_0012836,0.10924061959349682,0.08504916231314305,0.16850983220131383,1.0572591558201327
resnet18,saliency,ISIC_0012836,-0.04903526673389834,-0.0975065230677114,2.3715619923377598e-05,0.7250754771716903
resnet18,deep_lift,ISIC_0012837,0.2655456707149378,0.1399217221327083,0.24848228685577958,1.4636180471845073
resnet18,gradcam,ISIC_0012837,0.4185280696129942,0.5456628728155575,0.5603842293912737,1.040670759113135
resnet18,guided_backprop,ISIC_0012837,0.08283085672558818,-0.07033726657352257,0.09948738079630833,0.9084025858977155
resnet18,integrated_gradients,ISIC_0012837,-0.0170277917582622,-0.10998040288732393,0.012239600505983331,1.0470477742060582
resnet18,lrp,ISIC_0012837,-0.2440339239421933,-0.01864199544803143,0.20165915821195265,-1.6093873026802172
resnet18,occlusion,ISIC_0012837,0.3905622237983218,0.2071839322373803,0.28356113538249067,1.8882618256842758
resnet18,saliency,ISIC_0012837,-0.1261765141075542,-0.09212297303615269,0.02121816081838365,0.17109165600979523
resnet18,deep_lift,ISIC_0012848,0.429861113557905,0.28004296562918474,0.39695392132353097,1.617021092193839
resnet18,gradcam,ISIC_0012848,0.10595657224318429,-0.004944403405341843,0.10166213614678937,1.0420533540893326
resnet18,guided_backprop,ISIC_0012848,-0.03182413974471936,-0.04059458677321352,0.13600561852954782,0.13683165792956373
resnet18,integrated_gradients,ISIC_0012848,0.2654362354447106,0.24702779372274272,0.3685289253556845,0.5081898795929299
resnet18,lrp,ISIC_0012848,-0.08309735542077143,0.10052442458997382,0.31736563405259516,-0.6115800289895453
resnet18,occlusion,ISIC_0012848,0.3315482034707567,0.13784849944093935,0.2031140345452838,2.235118327805205
resnet18,saliency,ISIC_0012848,0.028881011398304048,0.24468129266489752,0.36878080256616486,-1.2986554920688265
resnet18,deep_lift,ISIC_0012852,-0.03356721128108615,0.012368375046203068,0.15416643348692466,-0.07682363105562325
resnet18,gradcam,ISIC_0012852,-0.13296253518908402,0.20027115764223716,0.2466694175200719,-1.0881872794958194
resnet18,guided_backprop,ISIC_0012852,0.07322947424885023,-0.020444188101749063,0.14934412628689644,0.8998162572592002
resnet18,integrated_gradients,ISIC_0012852,0.11573843897556314,0.14033841339225106,0.248591363196885,0.6176038520681476
resnet18,lrp,ISIC_0012852,0.18767167624334347,0.2794610146508685,0.49609608800932137,-0.0898200074334645
resnet18,occlusion,ISIC_0012852,0.017398949733320984,0.07337757227880078,0.15772414885780914,0.07733008860679998
resnet18,saliency,ISIC_0012852,0.26525788234802333,0.22580537539085535,0.3577234692281836,0.570788050807576
resnet18,deep_lift,ISIC_0012903,-0.3594328458938301,-0.16679736667670064,-0.04952448951692677,-1.293529765381862
resnet18,gradcam,ISIC_0012903,0.06697168983763258,-0.16965268223103905,-0.08597439166960956,1.081732863890558
resnet18,guided_backprop,ISIC_0012903,-0.11963931349232788,-0.06297350893121627,0.1252825896462513,-0.008972673400210636
resnet18,integrated_gradients,ISIC_0012903,0.08579497062544894,0.045126335858518676,0.1514429542199075,0.5053564722398296
resnet18,lrp,ISIC_0012903,-0.20202235550416192,-0.09747337321278784,0.10908906963096511,-0.10448234337505152
resnet18,occlusion,ISIC_0012903,0.04256267450621354,0.02206044011398503,0.1253433768215119,0.17685753204197818
resnet18,saliency,ISIC_0012903,-0.08475249706618639,-0.15721492564009767,-0.05368638217145402,0.8027944168886341
resnet18,deep_lift,ISIC_0012904,-0.16289741865233826,-0.10511817418452246,-0.009615591590727593,0.010152185204321549
resnet18,gradcam,ISIC_0012904,-0.23092995051877105,-0.3525365808084061,-0.25409621778227176,0.2687999339749658
resnet18,guided_backprop,ISIC_0012904,-0.38183617690642824,-0.24910842871218267,-0.05869901868239518,-0.9291362630483139
resnet18,integrated_gradients,ISIC_0012904,-0.2912031252234057,-0.12277098014606842,-0.016427443427880193,-1.0159260896189268
resnet18,lrp,ISIC_0012904,-0.4803477919562123,-0.1517578879406153,0.053582375881772726,-2.0400356435763967
resnet18,occlusion,ISIC_0012904,-0.14867320419216956,-0.05400042218125352,0.028132317060867735,-0.342243866888837
resnet18,saliency,ISIC_0012904,0.17841763334639552,0.09121946671742519,0.19373741393190172,0.8885983112011414
resnet18,deep_lift,ISIC_0012928,-0.1190435289711689,-0.11876759958643726,-0.0062094077670435815,0.3186110992847201
resnet18,gradcam,ISIC_0012928,0.007444821113373305,0.2873162391348031,0.3339433393797764,-0.8067477464468563
resnet18,guided_backprop,ISIC_0012928,-0.15538349970641846,-0.21398715987695743,-0.042004686468160336,0.5299522441382654
resnet18,integrated_gradients,ISIC_0012928,-0.005028964007672572,-0.06301246359571282,0.028185335858820944,1.1415846884208367
resnet18,lrp,ISIC_0012928,-0.18468076032356068,-0.08887779460300942,0.11943912386635719,0.0010328438335560363
resnet18,occlusion,ISIC_0012928,0.26362551459943706,0.17268461697173484,0.24572568499938435,1.049775754667158
resnet18,saliency,ISIC_0012928,-0.1240220482339617,-0.0037240651766176445,0.12148109250050793,-0.9747548608526133
resnet18,deep_lift,ISIC_0012941,-0.25469889493213016,-0.1528444952154332,-0.03889220329115085,-0.5267864558485085
resnet18,gradcam,ISIC_0012941,-0.31320138156513283,-0.12020559713211301,-0.0648283140239557,-0.9984528345123873
resnet18,guided_backprop,ISIC_0012941,-0.19094555638448585,-0.26437649522432255,-0.09795413405228295,0.43117234474994115
resnet18,integrated_gradients,ISIC_0012941,-0.0014745175379361165,0.01865013491206476,0.12857005612776273,0.1228610368902412
resnet18,lrp,ISIC_0012941,-0.2589989733793914,-0.11725950868194608,0.09506038005516691,-0.4482502490114801
resnet18,occlusion,ISIC_0012941,-0.18806398713763078,0.030980253512958817,0.14997625445563365,-1.6810771121956012
resnet18,saliency,ISIC_0012941,0.06558883379052861,0.021117239157587724,0.1422080717746651,0.3544430940185895
resnet18,deep_lift,ISIC_0012955,-0.08515258025095439,0.005591600903055675,0.15557454561159206,-0.4426720751847802
resnet18,gradcam,ISIC_0012955,0.0842461252101297,0.024335639334547306,0.13157174962935875,0.02132715437447371
resnet18,guided_backprop,ISIC_0012955,0.2899539966184971,0.13913675222968125,0.31340847102774855,1.0978172628084224
resnet18,integrated_gradients,ISIC_0012955,-0.012534713113611417,0.07407470516877021,0.19202660436356378,-0.14552848206065624
resnet18,lrp,ISIC_0012955,-0.10605934644761618,0.0935600665354521,0.3101245913004095,-0.7415249942228793
resnet18,occlusion,ISIC_0012955,0.3350396763147661,0.18758884618501598,0.27416480025375534,1.1607642730039522
resnet18,saliency,ISIC_0012955,0.21283208463770525,0.218206220044124,0.3433553968817047,0.18740458918308514
resnet18,deep_lift,ISIC_0012967,0.14708695753600226,0.07162006781994137,0.17960205899584222,1.0695016747618722
resnet18,gradcam,ISIC_0012967,0.3038765228679252,0.09313081687354977,0.19285538708956665,1.2598910733788211
resnet18,guided_backprop,ISIC_0012967,-0.23777177612086065,-0.07957248571089796,0.11194275023855899,-1.290315676310136
resnet18,integrated_gradients,ISIC_0012967,0.15397330289298067,0.2628860461174785,0.37811471499556637,-0.4148735142123743
resnet18,lrp,ISIC_0012967,-0.05238231173148265,0.08389910892616094,0.2886280012017521,-0.2981354735340829
resnet18,occlusion,ISIC_0012967,0.04657867465404285,0.1212454916350213,0.1950444368190217,0.08061074033021996
resnet18,saliency,ISIC_0012967,0.42213658629578793,0.31150834802494054,0.41154397631176837,1.454703034706227
resnet18,deep_lift,ISIC_0012974,0.06057557708012901,0.023365703175420135,0.16148884970863522,0.5988094811288794
resnet18,gradcam,ISIC_0012974,0.28077405430117286,-0.045966579326183685,0.07844009770381008,1.7613657727744547
resnet18,guided_backprop,ISIC_0012974,0.2672260957506481,0.18171762805954939,0.36976716725940284,0.7210492193957545
resnet18,integrated_gradients,ISIC_0012974,0.11392772342046313,0.08338783112459033,0.19615911904654956,0.7866093615263704
resnet18,lrp,ISIC_0012974,0.05786017620897029,0.24791720615362015,0.4653568611338956,-0.585009828459311
resnet18,occlusion,ISIC_0012974,0.043136459805278284,0.13532356422400568,0.2478518922826315,-0.834063925720826
resnet18,saliency,ISIC_0012974,0.287419618018808,0.20714394009644063,0.33551979583885166,0.7954776236181528
resnet18,deep_lift,ISIC_0012989,-0.0005211814490592904,0.047685906929436646,0.15589496789030838,0.22872689206188893
resnet18,gradcam,ISIC_0012989,0.021357889948539766,-0.0077436524471139155,0.08328302000434849,0.4222073022024368
resnet18,guided_backprop,ISIC_0012989,0.09314610808930253,0.14142162160604996,0.3414896303573002,-0.3472647033591572
resnet18,integrated_gradients,ISIC_0012989,0.221726006430608,0.045525576363961165,0.16010815056711694,1.393288530802782
resnet18,lrp,ISIC_0012989,0.007364679613756595,0.10859772517548241,0.31019265797534823,0.046648500172410436
resnet18,occlusion,ISIC_0012989,0.510384731433103,0.21783102402105683,0.2950208016400309,2.6992726229999042
resnet18,saliency,ISIC_0012989,0.33400447556874996,0.24163450502107597,0.3541768944793014,1.1290025136098476
resnet18,deep_lift,ISIC_0013030,0.20797107042619548,0.21520135713547645,0.35394828941448403,0.18304481748918716
resnet18,gradcam,ISIC_0013030,-0.07780081395797553,-0.21333141797285257,-0.09304799211504408,0.45912618379178555
resnet18,guided_backprop,ISIC_0013030,-0.10773437716529159,-0.07522630360044177,0.10469126534247218,-0.24356210455227084
resnet18,integrated_gradients,ISIC_0013030,-0.04126473856596984,0.060687206918415275,0.18541372520597305,-0.3004676261054225
resnet18,lrp,ISIC_0013030,0.1852923954070038,0.15635916050678708,0.3571364834272704,1.2787310020926872
resnet18,occlusion,ISIC_0013030,-0.0036112663714870058,0.06680048328033132,0.15304018248712442,0.01767666624689826
resnet18,saliency,ISIC_0013030,0.371011755240313,0.19843464163400013,0.3226290967527515,1.5171497442095152
resnet18,deep_lift,ISIC_0013035,0.19628096971362616,0.10027725065840573,0.21100084824229132,1.3626182498199737
resnet18,gradcam,ISIC_0013035,0.003243338864616599,-0.17103170098505655,-0.07653353348151644,1.0233534380125804
resnet18,guided_backprop,ISIC_0013035,0.10218010658940488,0.11036868585192267,0.2977426045954588,-0.21101034412765607
resnet18,integrated_gradients,ISIC_0013035,0.3314760704542406,0.21624198183961224,0.34208280783691736,1.1203293628249793
resnet18,lrp,ISIC_0013035,-0.1057201666588955,0.11567674380477702,0.31185442905904015,0.2639612391571426
resnet18,occlusion,ISIC_0013035,0.048434229302506654,0.17734486927602588,0.28056303363486995,-0.886365801354085
resnet18,saliency,ISIC_0013035,0.09427845608123134,0.07686112707045398,0.19117689227835546,0.6868640129893303
resnet18,deep_lift,ISIC_0013045,-0.12327530315834943,-0.06441937151461652,0.03282285477714975,0.07142592922475902
resnet18,gradcam,ISIC_0013045,0.2980809048260163,0.010884142824926002,0.1130488410824313,2.063585673729919
resnet18,guided_backprop,ISIC_0013045,-0.40314778511730803,-0.21580760419815784,-0.011668375544200957,-1.3047596375589248
resnet18,integrated_gradients,ISIC_0013045,0.11974634652692308,-0.053096283189060456,0.04031777462486815,1.8559065033473154
resnet18,lrp,ISIC_0013045,-0.07399984979523168,-0.0885706541327309,0.106729274990985,0.8328092980015471
resnet18,occlusion,ISIC_0013045,0.5362359614001138,0.2214787087362204,0.30542727095418876,3.036295682218013
resnet18,saliency,ISIC_0013045,-0.12039423537966705,-0.10526461947672013,0.007732314753791418,0.2113342873351172
resnet18,deep_lift,ISIC_0013070,-0.12005780596165215,-0.0028399293235084728,0.1281839957163593,-0.9174592210391751
resnet18,gradcam,ISIC_0013070,0.4199353352348731,0.10712263227000302,0.19476902695258022,2.7805932506562216
resnet18,guided_backprop,ISIC_0013070,0.20656576617194702,-0.007007172860931907,0.16602065947207598,1.753625244495743
resnet18,integrated_gradients,ISIC_0013070,-0.26835088268438706,-0.17741625176633144,-0.04967212733749792,-0.5563063433921377
resnet18,lrp,ISIC_0013070,-0.02231874764570267,0.04863240582068723,0.2641331877965726,-0.19472660013063062
resnet18,occlusion,ISIC_0013070,0.5826070969569487,0.2341825331530421,0.3105540396643315,3.472335105949008
resnet18,saliency,ISIC_0013070,-0.044784264670900395,-0.10475266780983407,-0.004706549875240115,0.9188161152289176
resnet18,deep_lift,ISIC_0013072,-0.2437390378993991,-0.0005006530976292287,0.1413068923531209,-1.6639392791860645
resnet18,gradcam,ISIC_0013072,0.20290626890260713,0.13608568807079408,0.2439203100795098,0.4696333331571735
resnet18,guided_backprop,ISIC_0013072,0.07823639632629935,0.15828134897947135,0.35475914276529946,-0.37679785871017873
resnet18,integrated_gradients,ISIC_0013072,0.024087803781773387,0.18319453282060896,0.3244915025939542,-1.167266631607612
resnet18,lrp,ISIC_0013072,-0.06808363707408896,0.10085258340657516,0.31562720286857404,-0.48677820257692334
resnet18,occlusion,ISIC_0013072,0.15826922157641196,0.18801287502139075,0.2979155449909856,-0.1841416626540354
resnet18,saliency,ISIC_0013072,0.12961372256473286,0.17725222656292722,0.3145545562753783,-0.30535137183778477
resnet18,deep_lift,ISIC_0013073,-0.1783045143888182,0.020105943290900985,0.1603193707372103,-1.5734855103348728
resnet18,gradcam,ISIC_0013073,0.1147825585180796,0.11709029707329185,0.22466976218771265,0.17438837817857408
resnet18,guided_backprop,ISIC_0013073,0.059285768368853756,0.001743002064272875,0.18497689232181738,0.3199055602414736
resnet18,integrated_gradients,ISIC_0013073,-0.07518244109881068,0.05106577996027448,0.1706077936514924,-0.6379486184780079
resnet18,lrp,ISIC_0013073,-0.19796804416815206,-0.12027460509572283,0.08270767396110486,-0.022474502926394753
resnet18,occlusion,ISIC_0013073,0.14868650153609436,0.12462407339984935,0.21001589026261425,0.3218987426954066
resnet18,saliency,ISIC_0013073,0.16093975695035767,0.10831337858919662,0.20882796540295998,0.6757043260226089
resnet18,deep_lift,ISIC_0013085,-0.01925848657193136,0.038902194429757855,0.17384485248314152,-0.06778216444677236
resnet18,gradcam,ISIC_0013085,0.2537806206104925,0.03160430008079569,0.15083425860713126,1.2397832789535816
resnet18,guided_backprop,ISIC_0013085,-0.002383782444671695,-0.015686353331448206,0.16337225015305698,0.3149736031730356
resnet18,integrated_gradients,ISIC_0013085,0.1048050550208504,0.12411147731378074,0.23142991639560315,0.574821344993725
resnet18,lrp,ISIC_0013085,-0.0049216614898568555,0.14472336113780115,0.36277747177462416,-0.1767782978888422
resnet18,occlusion,ISIC_0013085,0.38890787425723555,0.2556142328809521,0.35276639745842175,1.4545634991138738
resnet18,saliency,ISIC_0013085,0.13299591366530325,0.2100852598321822,0.34017682486657175,-0.3883048938929079
resnet18,deep_lift,ISIC_0013109,-0.43835520805676026,-0.11718254225831934,0.017224950474134686,-2.187260004851851
resnet18,gradcam,ISIC_0013109,-0.010496562602683923,-0.12019763336292212,0.016423395405553397,0.27148143238724637
resnet18,guided_backprop,ISIC_0013109,-0.09180606017914579,-0.044386235909649054,0.1486077574104778,-0.5401104948921752
resnet18,integrated_gradients,ISIC_0013109,0.051416431912484475,0.05325905526695459,0.16756593885927926,0.16953081027742636
resnet18,lrp,ISIC_0013109,-0.23966181156025082,-0.1032441561330919,0.1100767444895806,-0.3469371226853997
resnet18,occlusion,ISIC_0013109,-0.12409310212812028,0.02169980494393785,0.1261467139195348,-1.2575925524630747
resnet18,saliency,ISIC_0013109,-0.30632460421316987,-0.10492129188333285,-0.004013055431573567,-1.1667844586162581
resnet18,deep_lift,ISIC_0013159,-0.2525565223725196,-0.10274522137854372,0.007877059594529317,-0.6849099183904349
resnet18,gradcam,ISIC_0013159,-0.17257402027239255,-0.16573254083054653,-0.04783186568558734,0.018275864280984395
resnet18,guided_backprop,ISIC_0013159,-0.3017591730992103,-0.25413940218192443,-0.07313412292998364,-0.47774568801115014
resnet18,integrated_gradients,ISIC_0013159,-0.009941877546905412,-0.04763479357234436,0.041695007170390944,0.9646289298812062
resnet18,lrp,ISIC_0013159,-0.19952030843742272,-0.10614530067381324,0.100896691624359,0.0006668377634027848
resnet18,occlusion,ISIC_0013159,-0.055467103419031334,-0.007684038832813405,0.08002801882768056,0.06357332524270141
resnet18,saliency,ISIC_0013159,0.06811567291576459,0.05723051146727605,0.16411308039242956,0.29389529099850276
resnet18,deep_lift,ISIC_0013164,-0.30834354336899494,-0.10187758142597915,0.07512865775704376,-2.154949763244727
resnet18,gradcam,ISIC_0013164,0.16585774088388858,0.3407745939968648,0.3705677003791559,0.02696182446304623
resnet18,guided_backprop,ISIC_0013164,0.0859256021664022,0.006082642516212659,0.18920082365340665,0.64768140493643
resnet18,integrated_gradients,ISIC_0013164,-0.027846685516157172,-0.0017664300490570887,0.13540726250135268,-0.3643885828094584
resnet18,lrp,ISIC_0013164,-0.14648973045284627,-0.1115115209067441,0.08629125476640713,0.3654470258711121
resnet18,occlusion,ISIC_0013164,-0.10647766237201643,-0.059396841703444954,0.02180746000028708,0.062232535040527545
resnet18,saliency,ISIC_0013164,0.05646237467934774,0.05246479082692475,0.16176327713552924,0.10621375497065916
resnet18,deep_lift,ISIC_0013169,-0.04998246608171404,0.15613807951923095,0.32144284258064404,-1.604158057280292
resnet18,gradcam,ISIC_0013169,0.19394006504966133,0.0040083011961159305,0.12702806079259474,0.9401878397462593
resnet18,guided_backprop,ISIC_0013169,0.14869506084300127,-0.018798411777479523,0.1421498971506819,1.4628050436519668
resnet18,integrated_gradients,ISIC_0013169,0.2899225756365113,0.2561977837487492,0.38171211773030284,0.6326962960378099
resnet18,lrp,ISIC_0013169,0.03203966932698811,0.2619891484549398,0.48982987431797037,-0.9088640670725967
resnet18,occlusion,ISIC_0013169,0.2633682568817899,0.25175991800837166,0.3373886972497299,0.48030828301695505
resnet18,saliency,ISIC_0013169,0.29050032721048097,0.22598536267553088,0.3417022622431646,0.7665612573267491
resnet18,deep_lift,ISIC_0013170,-0.0991287592766459,0.05033735594218078,0.1961496262484491,-0.6754639550940722
resnet18,gradcam,ISIC_0013170,0.10280501645689118,0.0839236462804553,0.200568907021691,-0.03233896864627547
resnet18,guided_backprop,ISIC_0013170,0.04787920927500496,-0.05017224764514994,0.11550547007907899,0.765257016952411
resnet18,integrated_gradients,ISIC_0013170,0.453629101827814,0.2748557767497803,0.3921065454087639,1.8562438932539536
resnet18,lrp,ISIC_0013170,0.08861749120039576,0.26932475202571876,0.4911374875061227,-0.7833855526676556
resnet18,occlusion,ISIC_0013170,0.1436385053613025,0.11302993150905016,0.1896021812720841,1.0075555044732047
resnet18,saliency,ISIC_0013170,-0.12405328529126833,0.05102734590041145,0.16353630349010098,-0.9133433384789199
resnet18,deep_lift,ISIC_0013176,0.23809487341425536,0.1696484163613765,0.2771936923567338,0.9494326094150147
resnet18,gradcam,ISIC_0013176,0.29088588730794046,0.09677573300099669,0.2028899626369455,1.8939807575305274
resnet18,guided_backprop,ISIC_0013176,0.18302023563926972,0.037798728691026934,0.2207636633048202,1.198220873483919
resnet18,integrated_gradients,ISIC_0013176,0.1693694216801638,-0.0013561939156769309,0.10474369013773922,1.816062770887398
resnet18,lrp,ISIC_0013176,-0.28394239610115735,-0.14270203647669785,0.05919998368293778,-0.549544114655368
resnet18,occlusion,ISIC_0013176,0.21755759837492616,0.08547456264532212,0.17883452652794588,1.2370355011349332
resnet18,saliency,ISIC_0013176,-0.18335295203955057,-0.09831187686024333,0.007448646294480749,-0.26036968841892294
resnet18,deep_lift,ISIC_0013191,-0.12707774978217068,-0.06601538679617489,0.04505401314186128,0.017521339727600775
resnet18,gradcam,ISIC_0013191,-0.05519376415436695,-0.09624953695335059,0.006426298987872468,-0.3809497283345298
resnet18,guided_backprop,ISIC_0013191,-0.11181906307783425,-0.2015194673431517,-0.03019359363901767,0.769090966059399
resnet18,integrated_gradients,ISIC_0013191,-0.03894252070365678,0.05550190108145425,0.18553182173386154,-0.61233954387835
resnet18,lrp,ISIC_0013191,-0.30003188863238,-0.14986731543695944,0.057384830168076655,-0.6621353244945885
resnet18,occlusion,ISIC_0013191,-0.2035441537625753,-0.0759543566717796,0.0053729412238314594,-0.6933946364950312
resnet18,saliency,ISIC_0013191,0.002932028659619048,0.013868497743227884,0.12860751126703962,-0.044087135047627776
resnet18,deep_lift,ISIC_0013203,-0.01369214283029157,0.028027083094707157,0.15759409683367442,-0.0026574814913383053
resnet18,gradcam,ISIC_0013203,-0.04625573989616232,0.11834223775962519,0.1482773492399731,-0.271064763604525
resnet18,guided_backprop,ISIC_0013203,0.2418879726644607,0.1481765576691432,0.33005233955703117,0.68401742727473
resnet18,integrated_gradients,ISIC_0013203,0.16310492492970713,0.22960867490260206,0.35754532692395236,-0.249812449353716
resnet18,lrp,ISIC_0013203,-0.10113400816618431,0.08649967398191595,0.2907292599356218,-0.6690398318310818
resnet18,occlusion,ISIC_0013203,0.10023941293980687,0.23607971763228347,0.33167009548466864,-0.7317217244011399
resnet18,saliency,ISIC_0013203,0.46007421419354877,0.2859093650327331,0.39845172311202914,1.8482770072365347
resnet18,deep_lift,ISIC_0013216,-0.2606252566932587,-0.13627195842667622,-0.022465916038532877,-0.614620950813325
resnet18,gradcam,ISIC_0013216,0.629583260526509,0.2321757817562578,0.30226320366458764,3.872614300367244
resnet18,guided_backprop,ISIC_0013216,-0.10851786835221479,-0.21413393987615345,-0.04368225731018331,0.8281005680655762
resnet18,integrated_gradients,ISIC_0013216,-0.3230104171865248,-0.11825600621619939,-0.009542140894380472,-1.2343007227860003
resnet18,lrp,ISIC_0013216,-0.16379042269804847,-0.09054012694711958,0.11451601163917756,0.15396804489717172
resnet18,occlusion,ISIC_0013216,0.5492241899848576,0.3007004055389038,0.37654173659350254,2.6716553092210704
resnet18,saliency,ISIC_0013216,0.31101621412590497,-0.02095562705506908,0.04491138118840591,3.3603001899307556
resnet18,deep_lift,ISIC_0013226,-0.3069845148138142,-0.1628595455000217,-0.016466134400021103,-1.0211744168092591
resnet18,gradcam,ISIC_0013226,0.4224102116009218,-0.05300102388385327,0.04791776842825333,3.128537057046796
resnet18,guided_backprop,ISIC_0013226,-0.03498052744610385,-0.05040550148284328,0.13589979597762836,-0.07885201046826806
resnet18,integrated_gradients,ISIC_0013226,-0.12335767900944408,-0.08386051866912823,0.022309214211380674,0.16942435475766168
resnet18,lrp,ISIC_0013226,-0.2636058083010064,-0.13025046182802819,0.07595521740506712,-0.43372405717215473
resnet18,occlusion,ISIC_0013226,-0.4607808184629734,-0.17619419211751486,-0.07680659528513342,-2.1973003659194004
resnet18,saliency,ISIC_0013226,0.3113558361384224,0.0978906067719726,0.19546935296826348,1.9792819659269936
resnet18,deep_lift,ISIC_0013230,-0.14924462566069496,-0.04125581198120041,0.06548599451240754,-0.30276218158659995
resnet18,gradcam,ISIC_0013230,0.48927229971093855,0.11554270665641876,0.2032087962848078,3.3667684398340625
resnet18,guided_backprop,ISIC_0013230,-0.0010737737409439276,-0.016224598298133244,0.17853790648968443,0.049560973967599405
resnet18,integrated_gradients,ISIC_0013230,0.044776490427666536,-0.017248687747236306,0.07770195828721911,1.0936106821131377
resnet18,lrp,ISIC_0013230,0.010721661728467518,-0.06840706891655125,0.12508464702952132,1.441705234647929
resnet18,occlusion,ISIC_0013230,-0.09221470695651293,-0.11043530245602293,-0.034826632570311114,0.5420075826422285
resnet18,saliency,ISIC_0013230,0.05930645486473707,-0.014507880135845518,0.10857844310828936,0.43069333218012334
resnet18,deep_lift,ISIC_0013242,-0.09670761031252811,-0.061537717563311375,0.04806515077564845,0.27421850651408786
resnet18,gradcam,ISIC_0013242,-0.07685461654025014,-0.05203373893452671,0.03944370737006493,0.02028736450832573
resnet18,guided_backprop,ISIC_0013242,-0.17254940431264534,-0.22408541870743456,-0.05597795123752156,0.31394396168877775
resnet18,integrated_gradients,ISIC_0013242,-0.07556941252453131,0.0025778769259113595,0.14360959980549892,-0.4274405130369301
resnet18,lrp,ISIC_0013242,-0.3347418332133573,-0.12514451453933872,0.09055428147453833,-1.077396527020504
resnet18,occlusion,ISIC_0013242,0.07711099296975464,0.00868934901473713,0.0883272786727285,1.0087567031793427
resnet18,saliency,ISIC_0013242,-0.15246552727608995,-0.10087836504994588,-0.0031394005408500758,-0.018829143029990975
resnet18,deep_lift,ISIC_0013269,0.06000550673727908,0.10950469907471196,0.26855665843925275,-0.1525370447854649
resnet18,gradcam,ISIC_0013269,0.053226546823471416,-0.04807281182382262,0.03982581891751104,1.4707356742676119
resnet18,guided_backprop,ISIC_0013269,0.14448888666811788,0.04955719561328153,0.23462605260104175,0.7456973469566212
resnet18,integrated_gradients,ISIC_0013269,0.09991776707540932,0.06771041877941568,0.23037924263109386,0.3350283263687046
resnet18,lrp,ISIC_0013269,-0.07539977551553029,0.060295302475590215,0.2824553749701709,-0.7383063135953364
resnet18,occlusion,ISIC_0013269,0.09425893369331009,0.038316369208126005,0.13096781619545572,0.5305004878289051
resnet18,saliency,ISIC_0013269,-0.29816153931444284,-0.07747667630024666,0.03959746248573335,-1.3588800078179977
resnet18,deep_lift,ISIC_0013270,-0.13375295880641538,0.03176690098686338,0.1505022019984867,-0.9733992189053667
resnet18,gradcam,ISIC_0013270,-0.0017716301546947507,0.08080977745478776,0.19322352163458442,-0.824574372459501
resnet18,guided_backprop,ISIC_0013270,0.05217347364503897,0.11575374292947972,0.3158451475377327,-0.523820251160292
resnet18,integrated_gradients,ISIC_0013270,0.26865369519671084,0.18606442873364265,0.30334638698500466,0.9930025981273087
resnet18,lrp,ISIC_0013270,-0.012397121376852371,0.10689781116455972,0.3195390594327548,-0.018255888031651533
resnet18,occlusion,ISIC_0013270,0.22018700836082922,0.10246786589252492,0.22434116888777406,0.07908190131972957
resnet18,saliency,ISIC_0013270,-0.06604430864025006,0.11447834391523047,0.25601100223520057,-1.3557897118615387
resnet18,deep_lift,ISIC_0013271,-0.055483627641784945,-0.070398402102797,0.039982126500460013,0.704640430040966
resnet18,gradcam,ISIC_0013271,0.28949055099291604,0.0432057602951726,0.11683182056468266,2.753079932635108
resnet18,guided_backprop,ISIC_0013271,0.03660405202244034,-0.009153556869056403,0.1783667609552853,0.28590959152835466
resnet18,integrated_gradients,ISIC_0013271,-0.22392974948273486,-0.13785511534207442,-0.014636223645857453,-0.31675924134099176
resnet18,lrp,ISIC_0013271,-0.03350156496550956,-0.0773934355645005,0.11439077515512647,1.3588369545283916
resnet18,occlusion,ISIC_0013271,0.27753310460582425,0.09891993514926235,0.1768731710898021,1.5604372627931866
resnet18,saliency,ISIC_0013271,-0.12127423581654191,-0.09426472167863253,0.0060074756252498415,0.24419727474280445
resnet18,deep_lift,ISIC_0013277,0.14613824262162986,0.08678782569565284,0.25597677714019235,0.7088726518921097
resnet18,gradcam,ISIC_0013277,0.251721336949707,-0.0061967061314310455,0.08503641530067899,1.6886974251947477
resnet18,guided_backprop,ISIC_0013277,-0.42402374931239134,-0.24506370525126467,-0.056257344660832945,-1.647326553196298
resnet18,integrated_gradients,ISIC_0013277,-0.17727155010463044,0.03231530294093447,0.22165281407638826,-1.559716805944121
resnet18,lrp,ISIC_0013277,-0.1253550816976557,-0.04909564612346368,0.15255323047116687,0.27813036299347244
resnet18,occlusion,ISIC_0013277,0.062274251224824155,0.16088694706375944,0.2680472729789777,-0.39150243547451546
resnet18,saliency,ISIC_0013277,0.20374713303463915,0.09442270373003062,0.19537401533053192,1.115677341584875
resnet18,deep_lift,ISIC_0013281,-0.15905409261702108,0.022827494164731742,0.16666672315458245,-1.060364240164157
resnet18,gradcam,ISIC_0013281,-0.009095406261983114,-0.13145398901932465,-0.03491695432615369,-0.07992613637641285
resnet18,guided_backprop,ISIC_0013281,0.04384221162538024,0.0984820516605682,0.2930735458308613,-0.6893234172504482
resnet18,integrated_gradients,ISIC_0013281,0.41440720580298096,0.2418150204888399,0.3597971426179973,1.6442178910165726
resnet18,lrp,ISIC_0013281,-0.11431345812680192,0.10880298675705019,0.3224334012535459,-0.8823762163940884
resnet18,occlusion,ISIC_0013281,0.1513188527679187,0.20831483150230554,0.30435843711726834,-0.24932973968700686
resnet18,saliency,ISIC_0013281,0.12002541931612831,0.09279106741610893,0.1941724408041969,0.8152891732473195
resnet18,deep_lift,ISIC_0013291,0.2254836871409269,0.08064136644417055,0.19144165836923355,1.3419189198921084
resnet18,gradcam,ISIC_0013291,0.15257450643679493,-0.0031595889374902942,0.10180230337718607,1.1197513038368287
resnet18,guided_backprop,ISIC_0013291,0.1317289304702751,0.023372407334466383,0.21217085512659054,0.9751583810891323
resnet18,integrated_gradients,ISIC_0013291,-0.11825387829663202,-0.12421541458901575,-0.0010547147142231277,0.35626221476565123
resnet18,lrp,ISIC_0013291,-0.2473850594239786,-0.09988244689240144,0.11516480607768698,-0.44721524077367036
resnet18,occlusion,ISIC_0013291,0.24328182034084087,0.1765896389629333,0.2811661713143642,0.9567443937155136
resnet18,saliency,ISIC_0013291,0.04085511265847766,0.07054141406969579,0.18438565361521037,-0.09252515683049549
resnet18,deep_lift,ISIC_0013319,0.03309505817889448,0.07237918442513447,0.17452597181954885,0.3513608780077571
resnet18,gradcam,ISIC_0013319,0.5751018233828203,0.2780544835402385,0.36689812771196245,2.8343891112171806
resnet18,guided_backprop,ISIC_0013319,0.20182721736297324,0.17102961642425668,0.36712831112365385,0.40582820888396903
resnet18,integrated_gradients,ISIC_0013319,0.10258254851905893,0.056490346551471456,0.17013578206385782,0.8644500669183511
resnet18,lrp,ISIC_0013319,-0.13050206759898622,0.10157342935972538,0.32282683729025907,-0.9141171050799352
resnet18,occlusion,ISIC_0013319,0.4837614985451813,0.16270398673277278,0.24703851810998834,2.883043621875279
resnet18,saliency,ISIC_0013319,-0.06756540713374509,0.06439704121327446,0.18085032583887917,-0.47086700072230186
resnet18,deep_lift,ISIC_0013321,0.01647386927758849,0.03497781191816693,0.1764939622879396,0.2477271078151758
resnet18,gradcam,ISIC_0013321,0.26797640531167727,0.04172528747970333,0.15484411845257764,1.4154043258848175
resnet18,guided_backprop,ISIC_0013321,0.1766748633008424,0.11463656225871516,0.29609625859277844,0.2927134424204498
resnet18,integrated_gradients,ISIC_0013321,0.09714025004405098,0.21349569707769525,0.3530065129144537,-0.6703689381635435
resnet18,lrp,ISIC_0013321,0.3309633316921941,0.31309816298467824,0.5268087720496044,0.9597950949568779
resnet18,occlusion,ISIC_0013321,0.18035303083604487,0.2524441450854698,0.34931270610048326,-0.1878185745890302
resnet18,saliency,ISIC_0013321,0.3622523406475576,0.24681067193358092,0.35904098217534086,1.231403987740986
resnet18,deep_lift,ISIC_0013325,-0.05379325997609323,-0.045667590099661655,0.0678045814052199,0.5289735271821571
resnet18,gradcam,ISIC_0013325,0.31503427550774254,0.034469609959107896,0.12311188110853251,2.255119383465354
resnet18,guided_backprop,ISIC_0013325,-0.03162013215864166,-0.021635866231609215,0.16943826201617534,-0.2833881118178181
resnet18,integrated_gradients,ISIC_0013325,-0.30927369223335566,-0.15009993558568865,-0.00893497950213702,-1.0803322604746632
resnet18,lrp,ISIC_0013325,-0.27732893597896385,-0.15126925077819897,0.05379247409952424,-0.4796595915890004
resnet18,occlusion,ISIC_0013325,0.3019246908893428,0.09405804337998178,0.16880682614995762,1.6788417997105785
resnet18,saliency,ISIC_0013325,0.1418856297413622,-0.02092671003324618,0.05649762312211918,2.0159773222309
resnet18,deep_lift,ISIC_0013374,0.03136693081110897,0.039034031002436645,0.1394163225921017,0.22133414432099774
resnet18,gradcam,ISIC_0013374,0.22039900399709528,0.20518888117241643,0.2992240950671905,0.29432645001581503
resnet18,guided_backprop,ISIC_0013374,-0.0006284857868840011,-0.11233055859354901,0.053071619986358745,0.9736445391732899
resnet18,integrated_gradients,ISIC_0013374,0.25933608940160946,0.1896310255474013,0.28791486710632486,1.02728476388124
resnet18,lrp,ISIC_0013374,0.18741692985667074,0.2581109291013016,0.4758569767286788,0.07078412513052994
resnet18,occlusion,ISIC_0013374,0.14485895290400605,0.15269524050669508,0.2681097317752421,0.05683160943062008
resnet18,saliency,ISIC_0013374,0.17309591471886385,0.21948066451703704,0.32870795486288923,0.037570599270000817
resnet18,deep_lift,ISIC_0013393,-0.12203193958218489,0.012183754784522398,0.1712542380510733,-0.7228633609881314
resnet18,gradcam,ISIC_0013393,-0.17342480375107025,-0.017194487956189563,0.1000225649583815,-1.791773202094403
resnet18,guided_backprop,ISIC_0013393,0.25815982342986554,0.1263055398964537,0.29905247631466614,0.9077487364232909
resnet18,integrated_gradients,ISIC_0013393,-0.1288830065473202,0.05079370285951235,0.19871371223287063,-0.9036807372308396
resnet18,lrp,ISIC_0013393,-0.6079164739764958,0.09087138498954965,0.28501317773072504,0.9374267643049209
resnet18,occlusion,ISIC_0013393,-0.0019150177197966433,0.03445699208129302,0.11319245800397179,0.18360978756172971
resnet18,saliency,ISIC_0013393,0.30544057818862175,0.26507017364475133,0.37277229658220806,0.7218936482518713
resnet18,deep_lift,ISIC_0013399,0.06756393585309514,0.04907660920013176,0.2024183899154334,0.11471240427301717
resnet18,gradcam,ISIC_0013399,-0.2936028641591141,-0.41005358716088725,-0.32343287643227703,-0.04740164949519648
resnet18,guided_backprop,ISIC_0013399,-0.14107428423477156,-0.20652648450293654,-0.04126708909784836,0.38090250090327227
resnet18,integrated_gradients,ISIC_0013399,0.046697326323521825,0.0885413501260337,0.22746593116123648,-0.2232946939318042
resnet18,lrp,ISIC_0013399,0.04305888527484916,-0.0283388673322339,0.15483232602700056,1.6914954119744052
resnet18,occlusion,ISIC_0013399,0.27499863286848236,0.12429550663158101,0.20061782593419653,1.5289492078302358
resnet18,saliency,ISIC_0013399,0.2948734750659833,0.11506479926836326,0.22324019003578618,1.722732064348739
resnet18,deep_lift,ISIC_0013411,-0.1666924225137151,-0.008539340885473541,0.15011004147708332,-0.9840684442280261
resnet18,gradcam,ISIC_0013411,0.20032015563715624,0.06483445870466108,0.164760852221233,0.7041873567799826
resnet18,guided_backprop,ISIC_0013411,-0.20581476868074117,-0.0683251204443717,0.11220524204327416,-1.0732092666380066
resnet18,integrated_gradients,ISIC_0013411,0.10575408933174217,0.19887377726248678,0.3531063297815869,-0.5360379041439068
resnet18,lrp,ISIC_0013411,0.09294134178496896,0.13654981735838018,0.3362825284213681,0.8868899542843346
resnet18,occlusion,ISIC_0013411,0.29136646885606443,0.19221127420742257,0.3000526253526365,1.0787458481246786
resnet18,saliency,ISIC_0013411,0.46960081779110835,0.2584009389993075,0.3857078575448571,2.0152784516572333
resnet18,deep_lift,ISIC_0013414,0.06536188785608447,-0.029283227340238305,0.10644920451469479,0.5902796822944458
resnet18,gradcam,ISIC_0013414,-0.06506617785676133,-0.2721778781257355,-0.17130735725437898,1.193461994217534
resnet18,guided_backprop,ISIC_0013414,-0.13366848553840224,-0.08767991180795974,0.1023836374997677,-0.6879998565633235
resnet18,integrated_gradients,ISIC_0013414,0.12218486843001795,0.01306620985652428,0.1428652559977184,0.8636689657541475
resnet18,lrp,ISIC_0013414,-0.26288981106999876,-0.1364364745869575,0.06903977410998635,-0.39823365630187246
resnet18,occlusion,ISIC_0013414,0.261192372320797,0.13741946049385748,0.228586003108554,1.2474653692491717
resnet18,saliency,ISIC_0013414,-0.05024656846255639,-0.09590912202338017,0.012299342321735778,0.7984878953160909
resnet18,deep_lift,ISIC_0013416,0.07902449549980296,0.004479971550726936,0.14524654974309298,0.4168833932329133
resnet18,gradcam,ISIC_0013416,0.13164517746622298,-0.03868716074836991,0.08588584792339705,0.9813975302463624
resnet18,guided_backprop,ISIC_0013416,0.08588617205869198,0.02420958655469111,0.2172143099000382,0.6008378754491727
resnet18,integrated_gradients,ISIC_0013416,0.10829054303066434,0.10455781905446072,0.22183834419110507,0.24673197753778758
resnet18,lrp,ISIC_0013416,-0.16412709313421778,-0.10208075085158128,0.09932771160540267,0.1764654310644067
resnet18,occlusion,ISIC_0013416,-0.17202009610123478,-0.12471520981904645,-0.030271239363446993,-0.1958929596616261
resnet18,saliency,ISIC_0013416,-0.04915339103735927,-0.07310209102850952,0.020529862739251944,0.6574946926981334
resnet18,deep_lift,ISIC_0013455,-0.374295665623109,-0.1555670147692819,-0.028916762486775105,-1.4816448531046427
resnet18,gradcam,ISIC_0013455,0.17731055341382024,0.009380460048213007,0.1026023490351642,1.2180277719266737
resnet18,guided_backprop,ISIC_0013455,-0.16376085470068405,-0.23007312313085093,-0.06502030081114571,0.4181237394246838
resnet18,integrated_gradients,ISIC_0013455,-0.20499633597376804,1.9630356616956153e-05,0.13042994392555324,-1.5976164617451074
resnet18,lrp,ISIC_0013455,-0.08452806192773683,0.04397974860689821,0.26540882849370945,-0.5888595200433844
resnet18,occlusion,ISIC_0013455,0.08243985189914431,0.12222800955859724,0.2481874843683576,0.007774469268016125
resnet18,saliency,ISIC_0013455,0.034030025047949664,0.02604342398918193,0.14376397359648638,0.10785678657061802
resnet18,deep_lift,ISIC_0013457,-0.23874842820821726,-0.1263726814560756,-0.016203010973099174,-0.4605005199305722
resnet18,gradcam,ISIC_0013457,0.2274390976617069,0.1263611279391267,0.2305580414668693,0.9256379149301139
resnet18,guided_backprop,ISIC_0013457,-0.08306091562320558,-0.08589982596416702,0.09866210461823029,-0.6625420051526433
resnet18,integrated_gradients,ISIC_0013457,0.08434302611172598,0.054917414700336405,0.16589043492872288,0.5012875785884525
resnet18,lrp,ISIC_0013457,-0.35555250379840037,-0.1121855022650202,0.10731639812973244,-1.1644295271576202
resnet18,occlusion,ISIC_0013457,0.08672206864437212,0.10579838611725431,0.2068395883882919,-0.03401321686272963
resnet18,saliency,ISIC_0013457,0.2045551587334089,0.08899158255366177,0.1891980881812363,1.1397037009314388
resnet18,deep_lift,ISIC_0013459,-0.32772833095332693,-0.0914514107105028,0.014109784237762057,-1.389766747860739
resnet18,gradcam,ISIC_0013459,-0.25384553634352397,-0.20950229355049993,-0.10405162468328309,-0.395688861028682
resnet18,guided_backprop,ISIC_0013459,-0.21533924011397468,-0.19195942466988558,-0.0068638499824337776,-0.05177783823728674
resnet18,integrated_gradients,ISIC_0013459,-0.004640081164062483,-0.0008129932289489618,0.09791015114333246,0.5625467447918631
resnet18,lrp,ISIC_0013459,0.052877498383439706,0.08142295770881852,0.29076827748976625,0.46511330423915215
resnet18,occlusion,ISIC_0013459,-0.2767355809157454,-0.10779089598367829,-0.007886443539395965,-1.2039933536045004
resnet18,saliency,ISIC_0013459,0.03075843995743455,0.06587788136264758,0.16913839816771625,-0.07799502191807405
resnet18,deep_lift,ISIC_0013465,-0.09897720551819437,0.0012991071535949656,0.15117087433514004,-0.5376547877279487
resnet18,gradcam,ISIC_0013465,-0.026248097096191483,-0.034783842031818606,0.07315947162525716,0.16388778817863894
resnet18,guided_backprop,ISIC_0013465,-0.1513617823792928,-0.04468691285028099,0.14547241483423906,-0.733744513445502
resnet18,integrated_gradients,ISIC_0013465,0.17609512896657406,0.27517527285356774,0.4061406027643434,-0.2823276711312311
resnet18,lrp,ISIC_0013465,-0.04711723254058077,0.14001912400938082,0.3632851989526093,-0.47129389615206907
resnet18,occlusion,ISIC_0013465,0.37485222251913897,0.2626390608318666,0.34507336363514546,1.3392164613256776
resnet18,saliency,ISIC_0013465,0.14598250512496952,0.10696819753747074,0.2098873390631792,0.9442671091211697
resnet18,deep_lift,ISIC_0013472,-0.10335409995816265,-0.08235149243339077,0.03512484322124947,0.21678304786296954
resnet18,gradcam,ISIC_0013472,0.2579284015530895,0.176991267451355,0.2724933924485162,1.2749157173619416
resnet18,guided_backprop,ISIC_0013472,-0.07850369384322799,-0.050518502707568295,0.14292726314822757,-0.43881337938085796
resnet18,integrated_gradients,ISIC_0013472,-0.17239262424087456,-0.12599216964013185,0.006576992749783774,-0.17100379032802976
resnet18,lrp,ISIC_0013472,-0.09432579321436738,-0.10886055272462825,0.08619503649251489,0.7722603321848579
resnet18,occlusion,ISIC_0013472,-0.22371335796338554,-0.07089029103684415,0.05238750464171438,-0.9950147132951611
resnet18,saliency,ISIC_0013472,-0.01240878862119099,-0.04769312792460212,0.04530958878033476,0.9171929108018031
resnet18,deep_lift,ISIC_0013473,0.29213741820434247,0.218949619247291,0.34756362287170167,0.9629790109475218
resnet18,gradcam,ISIC_0013473,-0.01654420846194714,0.051054681139682784,0.158671891751282,-0.8252276256279752
resnet18,guided_backprop,ISIC_0013473,-0.2372905747107517,-0.14887088755217273,0.03236081728634608,-0.8151978788063396
resnet18,integrated_gradients,ISIC_0013473,0.054933241257325294,0.17618914394887644,0.3339325894909619,-0.7578387920397965
resnet18,lrp,ISIC_0013473,-0.0654800239420587,0.21134757162965567,0.4434094120256129,-1.684732348409305
resnet18,occlusion,ISIC_0013473,0.12419699257752527,0.04828487655136993,0.11378596265834634,1.3222665839516525
resnet18,saliency,ISIC_0013473,0.13408321816602062,0.20780355530297748,0.3102211703773694,-0.19584786402414034
resnet18,deep_lift,ISIC_0013511,-0.020156828910652312,-0.000247918315386471,0.15615147466224366,0.08934089796393035
resnet18,gradcam,ISIC_0013511,-0.011154086797969712,-0.016281271477108502,0.0910662941967664,0.2360538970717676
resnet18,guided_backprop,ISIC_0013511,-0.05806589505365198,-0.02659174896814902,0.15603222803752897,-0.07568060199493004
resnet18,integrated_gradients,ISIC_0013511,0.2015087145120057,0.2511728395198883,0.39288375076426524,0.05940028303020512
resnet18,lrp,ISIC_0013511,0.011545475496036711,0.13320290785804453,0.35197732501695317,-0.12492140811711533
resnet18,occlusion,ISIC_0013511,0.11355605514175203,0.1348806415272851,0.20692188389812677,0.6266558360231959
resnet18,saliency,ISIC_0013511,0.07254729301082416,0.09723293345233215,0.1968146010726294,0.44268695301823807
resnet18,deep_lift,ISIC_0013512,-0.11435509208654386,0.07321623841700377,0.21703921082578673,-1.0378363976705147
resnet18,gradcam,ISIC_0013512,-0.02575193651105008,0.13177398257152384,0.2567571944473577,-0.9655004906580583
resnet18,guided_backprop,ISIC_0013512,-0.1330673505887453,-0.0551993771814801,0.1385442728045589,-0.9230559697962241
resnet18,integrated_gradients,ISIC_0013512,-0.04131096970416014,-0.03525572195712449,0.13585494283577784,0.19709725915870566
resnet18,lrp,ISIC_0013512,-0.09127783971115178,-0.06963375547797176,0.12776281315801388,0.5803023507658353
resnet18,occlusion,ISIC_0013512,-0.044668730072618616,0.027333164267250704,0.10931138262432942,0.25994282280445247
resnet18,saliency,ISIC_0013512,-0.14704017275969675,-0.018813899018968468,0.086100918304208,-0.4826540611792574
resnet18,deep_lift,ISIC_0013529,-0.15195833987978458,0.21960327774194163,0.3749952584880957,1.0478096146880687
resnet18,gradcam,ISIC_0013529,0.5322495963975697,0.20804991317408167,0.3192198557611437,2.144042850370307
resnet18,guided_backprop,ISIC_0013529,0.05855626172244391,0.10255229275992513,0.301241857863859,-0.3541008144031593
resnet18,integrated_gradients,ISIC_0013529,0.016120691635857415,0.16979420207264065,0.36074294277537616,-0.42002306332205136
resnet18,lrp,ISIC_0013529,-0.07490357093040062,0.11221312786821992,0.33358311857213485,-0.5304768741132759
resnet18,occlusion,ISIC_0013529,0.33234811205192105,0.20108564258437758,0.3090675926744417,1.2791590305037603
resnet18,saliency,ISIC_0013529,0.21491016667374474,0.12319840127480046,0.21893920299545166,1.6231131923037425
resnet18,deep_lift,ISIC_0013565,-0.11852991612956686,0.04067097322055478,0.18593241151906034,-0.8255049675254261
resnet18,gradcam,ISIC_0013565,-0.20182181206327882,-0.0944814671713553,0.024188747415807326,-0.8941375164339946
resnet18,guided_backprop,ISIC_0013565,-0.16705874958222552,-0.06579971370755128,0.12041253161811578,-0.7890101489125814
resnet18,integrated_gradients,ISIC_0013565,0.1636858221616197,0.13041696381922938,0.2419161098537634,1.0160956790311721
resnet18,lrp,ISIC_0013565,-0.20466520206408476,0.07423206445229304,0.29914686663040846,-1.4562221837450262
resnet18,occlusion,ISIC_0013565,-0.10618379733199415,0.06758086986719632,0.15434140490217843,-0.8277867918745666
resnet18,saliency,ISIC_0013565,0.01267949925152966,0.08976402877570921,0.19654018789505334,-0.02300726502380076
resnet18,deep_lift,ISIC_0013577,-0.007685800554438336,0.021756939204981455,0.13141482551210718,0.24975909487881937
resnet18,gradcam,ISIC_0013577,0.25628730530574684,0.1684710280080793,0.29753674017076787,0.4405082001525946
resnet18,guided_backprop,ISIC_0013577,-0.07011790886866187,-0.047634357446698854,0.1327315697564669,0.003500721229535459
resnet18,integrated_gradients,ISIC_0013577,0.02765961462487622,0.04984527040810034,0.15825515140090216,0.349664834808822
resnet18,lrp,ISIC_0013577,-0.01084455485653438,0.11178168381451065,0.32440077090074576,-0.0692393722049921
resnet18,occlusion,ISIC_0013577,0.2562682529582488,0.1672640150986419,0.26994800899223714,0.9231819096129121
resnet18,saliency,ISIC_0013577,0.30838394297897687,0.2289281485134668,0.3405670437186766,0.9874487833986754
resnet18,deep_lift,ISIC_0013588,0.007848652232878459,0.03581656894799567,0.18718856900332162,0.17219076713725445
resnet18,gradcam,ISIC_0013588,0.05270193750605663,-0.023510607561907454,0.07369047416804261,0.7119532280615798
resnet18,guided_backprop,ISIC_0013588,-0.21978007437196542,-0.00925047591789416,0.1724767165379493,-1.3785120693561461
resnet18,integrated_gradients,ISIC_0013588,0.02228507407186649,0.06700520083507512,0.2108860512244558,0.18534699077887914
resnet18,lrp,ISIC_0013588,-0.05992989725180244,0.10179056613326033,0.30202801762322307,0.2461762800227709
resnet18,occlusion,ISIC_0013588,0.334728111982162,0.22572578522835549,0.32255476663804633,1.0693932663401207
resnet18,saliency,ISIC_0013588,0.2444412369886214,0.26670835973411305,0.3796664431108042,0.23664522386731068
resnet18,deep_lift,ISIC_0013600,0.017101437224983595,0.05625785462355662,0.17315394101673726,-0.12210075425752562
resnet18,gradcam,ISIC_0013600,0.447005284876753,0.22014142726264868,0.2979995532697302,2.470173546579181
resnet18,guided_backprop,ISIC_0013600,0.15022961370971372,0.0021101862786971314,0.18567640867866678,1.2893923561768037
resnet18,integrated_gradients,ISIC_0013600,-0.01685991445460546,-0.017743727081152842,0.11856961611384706,-0.09897183536605328
resnet18,lrp,ISIC_0013600,-0.092596011548291,-0.11893435368186482,0.05745961475081251,1.2524124426734486
resnet18,occlusion,ISIC_0013600,0.44973983914023513,0.2636337571196877,0.3678462891343671,2.0563667938964656
resnet18,saliency,ISIC_0013600,0.23623956293542922,0.09209071195908054,0.19145978529977656,1.3993802731291152
resnet18,deep_lift,ISIC_0013602,0.08336661469105901,0.10342162450347751,0.20086990671713256,0.1828776133007432
resnet18,gradcam,ISIC_0013602,0.22702418476710512,0.04457878168868803,0.14050755808958854,1.408602263910573
resnet18,guided_backprop,ISIC_0013602,-0.12960415508182524,-0.0802175737445712,0.11452402595448591,-0.5959533545190747
resnet18,integrated_gradients,ISIC_0013602,0.2325959313740619,0.10917062382860088,0.20627950789656135,1.187622250785766
resnet18,lrp,ISIC_0013602,-0.2620099041602654,-0.12642526878833596,0.07342181443126831,-0.4664988509298029
resnet18,occlusion,ISIC_0013602,0.19234545924780513,0.18289260153369952,0.2734570878779814,0.42590213313123615
resnet18,saliency,ISIC_0013602,0.26690278698173975,0.09130978962801706,0.18819650466096985,1.6858319365815246
resnet18,deep_lift,ISIC_0013615,0.18203150854865166,0.2566225307920151,0.4036525269323233,-0.11608069536023355
resnet18,gradcam,ISIC_0013615,0.2648533785324621,0.1967992098356884,0.29778032194085124,0.7090474887967164
resnet18,guided_backprop,ISIC_0013615,0.15470503068711772,0.07680483321785822,0.25935644485555187,0.461534574078862
resnet18,integrated_gradients,ISIC_0013615,0.14704574308694088,0.19821178632257147,0.37292623620305054,-0.14904773070241145
resnet18,lrp,ISIC_0013615,-0.2281157166614972,0.08049404805281263,0.28317082519591313,-0.02940904544821858
resnet18,occlusion,ISIC_0013615,0.3466632477458791,0.2385905843007368,0.3274558580706542,1.187630002763119
resnet18,saliency,ISIC_0013615,0.2273681948827902,0.2250530178993191,0.34797124161781645,0.3988086144990822
resnet18,deep_lift,ISIC_0013617,-0.3284115305527805,-0.1843970103347758,-0.06263552038605483,-0.8960708595858214
resnet18,gradcam,ISIC_0013617,0.297626592964333,0.08554677260864196,0.1732778480129506,1.6885972457951097
resnet18,guided_backprop,ISIC_0013617,-0.23140018681545152,-0.22536277778115324,-0.04914633717912272,-0.11595561273334914
resnet18,integrated_gradients,ISIC_0013617,-0.29383257972306237,-0.1811133433138243,-0.06426044848557011,-0.5170473485470137
resnet18,lrp,ISIC_0013617,-0.5654667210278053,-0.1729350101017979,0.03197366099063314,-1.1072238699120707
resnet18,occlusion,ISIC_0013617,0.3225039235208328,0.1372632172414224,0.2106217180988629,1.6430231324146967
resnet18,saliency,ISIC_0013617,0.11938888814574476,0.06569423378680737,0.16889920545361858,0.5980166923680521
resnet18,deep_lift,ISIC_0013636,-0.07588130304894616,0.0837403102413947,0.20015981205777464,-0.5558836221040213
resnet18,gradcam,ISIC_0013636,0.5605153125630238,0.29320995217110674,0.3620421427280947,2.6022734422554463
resnet18,guided_backprop,ISIC_0013636,0.08032267980585035,0.0669468133385998,0.2541037980760751,-0.07957641784425329
resnet18,integrated_gradients,ISIC_0013636,-0.1206212838896409,0.0660950751673111,0.1885072787067841,-0.8890020699600406
resnet18,lrp,ISIC_0013636,0.14673613902742338,0.15298546545502825,0.3598079634068411,1.0443127573347448
resnet18,occlusion,ISIC_0013636,0.019959421366970882,0.17261714811235135,0.2467668763025805,0.6595872495386711
resnet18,saliency,ISIC_0013636,0.0457323801808302,0.09624158199620879,0.20016066372667055,0.2731537426093615
resnet18,deep_lift,ISIC_0013673,0.13577923355709184,0.06896792069688669,0.18835171303542145,1.0152701530736772
resnet18,gradcam,ISIC_0013673,-0.06024859228456357,-0.17076072460535174,-0.04929074078628531,0.4879754060331947
resnet18,guided_backprop,ISIC_0013673,0.03023823674961209,-0.00976790995171583,0.1690505901330075,0.5507394099325995
resnet18,integrated_gradients,ISIC_0013673,0.05237851863510575,0.10547977921121071,0.21858809925279107,0.24552794637838574
resnet18,lrp,ISIC_0013673,-0.20168452017835986,0.08211193538283779,0.3038232399043684,-1.4093307112593707
resnet18,occlusion,ISIC_0013673,0.3293622571754133,0.12496953715284928,0.19172673847728747,2.3892762961475245
resnet18,saliency,ISIC_0013673,0.4349771730264203,0.2864614396650315,0.38461237166054363,1.63917862869239
resnet18,deep_lift,ISIC_0013678,-0.07860003134724562,0.12078537894536967,0.30040201836691655,-1.6594581592312956
resnet18,gradcam,ISIC_0013678,-0.06307266161236273,-0.022706156244009124,0.10219807897002779,-0.12491800171937466
resnet18,guided_backprop,ISIC_0013678,-0.14966098360361166,-0.06436641376760634,0.1172246022917053,-0.6657258615126932
resnet18,integrated_gradients,ISIC_0013678,0.03774264962793281,0.1636371816589474,0.3358790869310587,-0.8722128374090068
resnet18,lrp,ISIC_0013678,-0.012096336061389065,0.09668017580954319,0.30315418771913855,-0.025105866915909627
resnet18,occlusion,ISIC_0013678,0.016226089844492125,0.049333477406111846,0.1557928770427436,0.23952721524770557
resnet18,saliency,ISIC_0013678,0.012207720819622125,0.03822198435830556,0.15620175398290634,0.18473425659972284
resnet18,deep_lift,ISIC_0013696,-0.06068665524026543,-0.10899582133072051,0.0038813687213354615,0.7357177494653995
resnet18,gradcam,ISIC_0013696,-0.2231803349668087,-0.31295526291777975,-0.22222013496462034,0.1827052957887767
resnet18,guided_backprop,ISIC_0013696,0.16026131544719857,0.010106359255579919,0.1910919396710021,1.1918882235536936
resnet18,integrated_gradients,ISIC_0013696,-0.04858889691941608,-0.07501933443151133,0.037401608271765786,0.7021439951803389
resnet18,lrp,ISIC_0013696,0.00834301721806418,-0.05924328628225478,0.13358787319536186,1.5885528498240307
resnet18,occlusion,ISIC_0013696,0.009285876762691806,-0.05359903503093469,0.02650233287854812,0.8549971864729653
resnet18,saliency,ISIC_0013696,0.1299721103477613,0.07318540195486573,0.1787380041799564,0.7559940599521733
resnet18,deep_lift,ISIC_0013708,0.08758994159791399,0.15559126026760844,0.31944880941292464,-0.5463117786215655
resnet18,gradcam,ISIC_0013708,0.12518460601404618,-0.0303103225215352,0.10041104672109093,0.5373931883075839
resnet18,guided_backprop,ISIC_0013708,0.11244896902165272,0.11483758559600894,0.30284700950639937,-0.20329809565863316
resnet18,integrated_gradients,ISIC_0013708,0.059096963934863356,0.23041445853245215,0.36764750656472966,-1.0502784405832002
resnet18,lrp,ISIC_0013708,0.11426884148324269,0.2643830075958886,0.47991182187362963,-0.6083170428299005
resnet18,occlusion,ISIC_0013708,0.4597150337384885,0.2584846059189136,0.33695308297083915,1.9252021444725362
resnet18,saliency,ISIC_0013708,0.2133962853594702,0.07647933012126708,0.18718549119618114,1.5614415612745598
resnet18,deep_lift,ISIC_0013733,0.03460487497454634,0.07975384074212218,0.1815626055876829,0.3717430924312911
resnet18,gradcam,ISIC_0013733,0.32796382492015375,0.2549691473722788,0.3510255418202252,1.0752958604190421
resnet18,guided_backprop,ISIC_0013733,0.20061217503364157,0.16893691426341165,0.36396634936129657,0.3790629268621181
resnet18,integrated_gradients,ISIC_0013733,-0.17923311419243723,0.002476452545452529,0.13605756441100142,-1.0259539282615218
resnet18,lrp,ISIC_0013733,0.0014775107317844891,0.17115218830974224,0.3825511776220896,-0.2029404015343896
resnet18,occlusion,ISIC_0013733,0.616427243620692,0.2251907688592966,0.31025871846070774,3.4652893933635007
resnet18,saliency,ISIC_0013733,-0.15438328273317126,0.05977091875925136,0.1776107185373117,-1.0975546496679427
resnet18,deep_lift,ISIC_0013738,-0.010577664949175634,-0.05319770436839238,0.12711563202522183,0.11107137504857732
resnet18,gradcam,ISIC_0013738,-0.07426317932881316,-0.2829189570280663,-0.16718307016684728,1.2084197326730384
resnet18,guided_backprop,ISIC_0013738,0.013385306981227108,0.022359738941734517,0.22063966944550042,-0.0017885400349590703
resnet18,integrated_gradients,ISIC_0013738,-0.29676443891668075,-0.1251557489202287,0.06411323629015253,-1.7985087163246019
resnet18,lrp,ISIC_0013738,-0.523749126032617,-0.18235065975795564,0.03449329137227379,-2.184154920507827
resnet18,occlusion,ISIC_0013738,-0.02442750857489073,-0.040052861160016814,0.05122243339839812,0.5351199507641263
resnet18,saliency,ISIC_0013738,0.09485664160537155,-0.059835832913486355,0.031235929582068826,1.6752534690244898
resnet18,deep_lift,ISIC_0013739,0.04062995110666501,-0.02976101322316852,0.06287693281378387,1.0488428936386227
resnet18,gradcam,ISIC_0013739,0.162985842357669,0.017943874739644802,0.12860445527419265,1.0594263701656395
resnet18,guided_backprop,ISIC_0013739,-0.30592141710446086,-0.23252389203044016,-0.050606206043541734,-0.7016063061050185
resnet18,integrated_gradients,ISIC_0013739,0.2124023536499442,0.11512852693520174,0.21414345144657654,0.9534867743094214
resnet18,lrp,ISIC_0013739,0.021277186390571894,-0.03784833886420428,0.15595732423007982,1.4084374449459303
resnet18,occlusion,ISIC_0013739,0.0020766418073098255,-0.0188795565254443,0.0605899225834838,0.7774602989626259
resnet18,saliency,ISIC_0013739,0.17336289486682843,0.1080438795492325,0.1990722207774674,0.9043449027982027
resnet18,deep_lift,ISIC_0013764,0.01417345822855812,0.0511365221020533,0.18145205526175,0.13602464727182395
resnet18,gradcam,ISIC_0013764,0.135646786005679,0.0028658081418649122,0.1102206411276134,0.495030748959798
resnet18,guided_backprop,ISIC_0013764,0.15223639804495262,0.15558854373956382,0.3501607057422658,-0.013722523290090247
resnet18,integrated_gradients,ISIC_0013764,0.15519024395028222,0.21640561381646414,0.34410125163241884,-0.2727288448045276
resnet18,lrp,ISIC_0013764,0.05117991649043794,0.10243953295358993,0.2991991813013103,0.421377184689125
resnet18,occlusion,ISIC_0013764,0.3287307547827088,0.22528785529212386,0.3225845836022965,1.021305604118309
resnet18,saliency,ISIC_0013764,0.43675001698408467,0.2985486325226577,0.3974956175806267,1.5917414170010868
resnet18,deep_lift,ISIC_0013766,-0.30157475117284877,-0.09604411245419113,0.007372226649209202,-1.1992512901659116
resnet18,gradcam,ISIC_0013766,-0.08978080455406677,-0.09198683305532107,0.047586565173092135,-0.5143491833834246
resnet18,guided_backprop,ISIC_0013766,-0.09729740855423367,-0.03238580973997903,0.17019127662340106,-0.5546233891088106
resnet18,integrated_gradients,ISIC_0013766,-0.3380178964794372,-0.18237617873441006,-0.04326035794559544,-1.2178021297551072
resnet18,lrp,ISIC_0013766,-0.34750566553913986,-0.12231586252579092,0.09354205218180965,-1.0296255032582624
resnet18,occlusion,ISIC_0013766,-0.10548368617158775,-0.0817265877739837,0.020876832693105994,0.0193217774638592
resnet18,saliency,ISIC_0013766,-0.11685655740013239,-0.12050333292479624,-0.013675909724114529,0.37878400475389934
resnet18,deep_lift,ISIC_0013767,-0.2210216811929154,0.016710462264023746,0.14995964892267621,-1.99177970381543
resnet18,gradcam,ISIC_0013767,0.06100524209117088,0.02789632018287585,0.14759975074633958,-0.12291078371413905
resnet18,guided_backprop,ISIC_0013767,-0.27925981761625457,-0.12617395801789102,0.07228970236149927,-1.7054316783371704
resnet18,integrated_gradients,ISIC_0013767,0.04658917272654456,0.04579147201586725,0.1613849130500117,0.06449626523099061
resnet18,lrp,ISIC_0013767,-0.002090997503736258,0.043216080236581696,0.2411338598784367,0.009421425306510443
resnet18,occlusion,ISIC_0013767,0.17465877008590983,0.13910143650664147,0.23744441336593666,0.502177445957977
resnet18,saliency,ISIC_0013767,0.08899680275263727,0.05694247153450677,0.16391700898102074,0.40473667084207765
resnet18,deep_lift,ISIC_0013794,-0.168280008363391,-0.06957635905602984,0.037623241951768305,-0.28773962467430525
resnet18,gradcam,ISIC_0013794,0.15218754641993315,0.02914425786323279,0.14692268731873406,1.100602011595985
resnet18,guided_backprop,ISIC_0013794,-0.19083841031538729,-0.041556235434892334,0.16698958737592717,-1.3149754318370313
resnet18,integrated_gradients,ISIC_0013794,-0.21578364853544058,-0.11743197277853483,0.003504971101929227,-0.5037644546139122
resnet18,lrp,ISIC_0013794,-0.3769340596744481,-0.17137273370799375,0.03263110488819808,-0.9635748994835844
resnet18,occlusion,ISIC_0013794,0.2820860124852991,0.11808049219111148,0.20432267139904475,1.515339955650575
resnet18,saliency,ISIC_0013794,-0.0922117663392816,-0.08631792521314316,0.01287084333897896,0.4100709257198379
resnet18,deep_lift,ISIC_0013809,0.15181303373964622,0.18418363804778248,0.2987922263100286,0.03792572555174665
resnet18,gradcam,ISIC_0013809,0.3234829274367848,0.06124196886974414,0.16775973458069526,1.8451753814670218
resnet18,guided_backprop,ISIC_0013809,0.060937197716524595,0.10160179774079836,0.29851585971063127,-0.38354404681688703
resnet18,integrated_gradients,ISIC_0013809,0.25576445846665563,0.1998953108105738,0.3284973742550088,0.7695669374688702
resnet18,lrp,ISIC_0013809,0.175281419560323,0.15582202602786088,0.35561599990525683,1.1800025340925697
resnet18,occlusion,ISIC_0013809,0.33952391530611326,0.1537563443260917,0.22782456412586616,1.6962807672249802
resnet18,saliency,ISIC_0013809,0.3816366445331259,0.2609648163280759,0.36670579167076656,1.4857059351480717
resnet18,deep_lift,ISIC_0013813,0.3301270129874507,0.2517231466763705,0.38428990686699904,1.1309902398643352
resnet18,gradcam,ISIC_0013813,0.3190762663875028,0.17098949230587115,0.2591378333831274,1.267520450228411
resnet18,guided_backprop,ISIC_0013813,-0.149306177661795,-0.09799837939236322,0.08676425722363211,-0.3404022654074521
resnet18,integrated_gradients,ISIC_0013813,0.22817337272409413,0.25065467250107953,0.38942348088473183,0.306549320676495
resnet18,lrp,ISIC_0013813,0.22072855586561663,0.2704770053946164,0.4802023223380431,0.2293585738626131
resnet18,occlusion,ISIC_0013813,0.3287992501222538,0.11708414748490625,0.17620021836282906,2.459271642674743
resnet18,saliency,ISIC_0013813,0.34299202706083176,0.2607044922207452,0.3514048132868715,1.195822888735674
resnet18,deep_lift,ISIC_0013814,-0.006826528333195942,0.06881493964063648,0.19369619174037553,0.10348288242569942
resnet18,gradcam,ISIC_0013814,0.09025476311356026,0.09568451489600002,0.20435492914678594,-0.4363030207762929
resnet18,guided_backprop,ISIC_0013814,0.14681346528646064,0.10739467149578913,0.29635838419433613,0.30465038437799524
resnet18,integrated_gradients,ISIC_0013814,0.46793201316925537,0.26211128950244966,0.38355386116894924,2.148816875807828
resnet18,lrp,ISIC_0013814,0.3516446267009331,0.34148332108335316,0.5515002914342142,0.980980056450608
resnet18,occlusion,ISIC_0013814,0.08650093480635472,0.0806021340560689,0.15753223831380775,0.6453596280886247
resnet18,saliency,ISIC_0013814,0.3511268803325266,0.22508017068996078,0.3320979845975619,1.336669161567496
resnet18,deep_lift,ISIC_0013833,0.21013800337544106,0.26280781141422016,0.3951175364623168,0.1151705088654551
resnet18,gradcam,ISIC_0013833,0.18087867765483312,-0.011342980725704504,0.07853359784942428,0.8616816569138251
resnet18,guided_backprop,ISIC_0013833,0.10489826111175957,0.02711344280962265,0.20320274934264584,0.3362887680709981
resnet18,integrated_gradients,ISIC_0013833,0.3920802657592184,0.24708195328368307,0.3777018185199582,1.5677632391753002
resnet18,lrp,ISIC_0013833,0.10360130475537671,0.2683679240797063,0.4977354448464975,-0.6302621155183858
resnet18,occlusion,ISIC_0013833,0.2427930038364713,0.24302575711131144,0.317533400160012,0.36739438221276954
resnet18,saliency,ISIC_0013833,0.3039642813920231,0.22301664020540135,0.31474812445124156,1.0481819481233907
resnet18,deep_lift,ISIC_0013842,-0.09417011470929501,-0.1095576756034939,-0.00446070025025904,0.5827543608331703
resnet18,gradcam,ISIC_0013842,0.3973055085743398,0.11262589235987787,0.19969138672902567,2.593188363320161
resnet18,guided_backprop,ISIC_0013842,-0.1143010477845403,-0.055102183889951785,0.14102664375380622,-0.5576244776951155
resnet18,integrated_gradients,ISIC_0013842,-0.05576356036943745,-0.0878875510524419,0.007999837786542589,0.5785229141797615
resnet18,lrp,ISIC_0013842,-0.035707649534210295,0.02460025644035457,0.2332305161682763,-0.12018395859581715
resnet18,occlusion,ISIC_0013842,-0.09247906048614458,-0.022415202419074493,0.06594792172781795,-0.12289499651410626
resnet18,saliency,ISIC_0013842,0.3233394654464157,0.14005613932437527,0.22315650451318214,1.9041515903399868
resnet18,deep_lift,ISIC_0013867,0.034057278969741756,0.08454797546113187,0.2012208537364739,-0.1612139821131163
resnet18,gradcam,ISIC_0013867,0.0157468198793957,0.010621334517241211,0.12447781981396379,-0.30315792003046854
resnet18,guided_backprop,ISIC_0013867,-0.24675074866725433,-0.11121694413999314,0.0853205613925818,-1.4550479380678385
resnet18,integrated_gradients,ISIC_0013867,-0.16579518524586562,0.012565963047267547,0.1535404444035945,-1.1475869848546356
resnet18,lrp,ISIC_0013867,-0.15523308914810832,-0.12645626971143398,0.07078081595941202,0.3213456092959761
resnet18,occlusion,ISIC_0013867,0.27036557427071556,0.1852304515868427,0.2824782687826449,1.0282195330888166
resnet18,saliency,ISIC_0013867,0.07978476453095903,0.04736420817718982,0.15995549243030127,0.4019797397270942
resnet18,deep_lift,ISIC_0013891,-0.15020161616831554,-0.1811428157070276,-0.02858631383915489,0.36009142324033455
resnet18,gradcam,ISIC_0013891,0.3592248726398575,0.16324520220525168,0.26562494688666,1.982556520422072
resnet18,guided_backprop,ISIC_0013891,0.024576213834572397,-0.009632595536726591,0.1668820524508076,0.17772095324261034
resnet18,integrated_gradients,ISIC_0013891,-0.18808459068218134,-0.055359847078137854,0.1170564548569133,-1.496034073467201
resnet18,lrp,ISIC_0013891,-0.1969722086449767,-0.11606701358131784,0.07781648936524499,0.1935548589384333
resnet18,occlusion,ISIC_0013891,-0.11624328074120628,0.020522179973172523,0.10556662541231727,-0.3780454500192451
resnet18,saliency,ISIC_0013891,-0.01581779089866614,0.03708198859395639,0.14881202733599558,-0.312263124291574
resnet18,deep_lift,ISIC_0013897,-0.095397522445598,-0.09412779488207369,0.024875210132007747,0.41666031517693314
resnet18,gradcam,ISIC_0013897,0.179954343059004,-0.06401268876512257,0.023314317195707257,2.079631789805779
resnet18,guided_backprop,ISIC_0013897,-0.26543171808465155,-0.2204383088168118,-0.03842180337432174,-0.3557402085368218
resnet18,integrated_gradients,ISIC_0013897,-0.28362876827157624,-0.15058937727247568,-0.014922972484505385,-1.499365157766362
resnet18,lrp,ISIC_0013897,-0.16969095518987767,-0.10147372671824598,0.09443994054883682,0.17815819458061424
resnet18,occlusion,ISIC_0013897,0.1632848092960985,0.12766036098776534,0.21217258124457056,0.40262822244796614
resnet18,saliency,ISIC_0013897,-0.21581716631167147,-0.12882302614831717,-0.026197259533069978,-0.3739443856618529
resnet18,deep_lift,ISIC_0013908,-0.014560681369407179,0.10867081478285553,0.2219447092204739,0.8527113072433633
resnet18,gradcam,ISIC_0013908,0.4647344038979438,0.30441458689019985,0.39017304813638426,1.8931285170664627
resnet18,guided_backprop,ISIC_0013908,-0.3878221597423817,-0.14366141453837591,0.05476642227739612,-2.0627813762642524
resnet18,integrated_gradients,ISIC_0013908,-0.02219693027104163,0.19913549888193963,0.3493457572624735,-0.9890835561612241
resnet18,lrp,ISIC_0013908,-0.08096023950523532,0.10174007692137407,0.3186277563435607,-0.5617187739799722
resnet18,occlusion,ISIC_0013908,0.19643216837375443,0.12273290042783684,0.20221547669695766,0.7606066057383722
resnet18,saliency,ISIC_0013908,0.27823240341559224,0.23773685769979389,0.3391658675886261,0.8130651309447567
resnet18,deep_lift,ISIC_0013911,-0.023753171979575084,0.115478723684067,0.24602978962387415,-0.6412065956676702
resnet18,gradcam,ISIC_0013911,0.5707513971609763,0.2819399853998617,0.36524918919125726,3.0341811813185062
resnet18,guided_backprop,ISIC_0013911,0.12712137235458473,-0.010798398127806686,0.16538652823216426,0.9484302191126831
resnet18,integrated_gradients,ISIC_0013911,-0.19018054014221966,0.0035267208629792116,0.1707482523365362,-1.5368452527007677
resnet18,lrp,ISIC_0013911,-0.27116446897384877,-0.10217128054663303,0.11266721940568258,-0.6302012326808681
resnet18,occlusion,ISIC_0013911,0.5749812150725663,0.24799854020890383,0.3207677409607048,3.3541296159578016
resnet18,saliency,ISIC_0013911,0.30096028659779833,0.10360582153730746,0.2151528711149727,1.8525570528248871
resnet18,deep_lift,ISIC_0013917,-0.028073969469686624,0.058507735304038036,0.1899613938561687,0.218943061814127
resnet18,gradcam,ISIC_0013917,0.15138649331621587,0.004700217253185778,0.10861494893540764,1.0620734915398888
resnet18,guided_backprop,ISIC_0013917,-0.044040672457539905,-0.03744002686324428,0.15291812921917325,-0.21576898487166102
resnet18,integrated_gradients,ISIC_0013917,0.0825829141561511,-0.025675281509845653,0.11201248141785095,0.46484547342160737
resnet18,lrp,ISIC_0013917,-0.27399967652826346,-0.14884947339636287,0.0345889067345111,0.07955197675411806
resnet18,occlusion,ISIC_0013917,-0.265833800628802,-0.16684049894502292,-0.07338423713511343,-0.6008013815250189
resnet18,saliency,ISIC_0013917,-0.042558096436183836,-0.058622684764745456,0.037275525258702064,0.6026793278540707
resnet18,deep_lift,ISIC_0013925,-0.17694851731447528,-0.008015260758702968,0.14810917940377077,-1.0983121967471112
resnet18,gradcam,ISIC_0013925,-0.006131244262317805,-0.0995352397419915,0.030014549503525844,-0.12430041510054898
resnet18,guided_backprop,ISIC_0013925,0.09404036601651118,0.10348413838288846,0.29193634616738673,-0.30519042886181913
resnet18,integrated_gradients,ISIC_0013925,0.017441950906875066,0.04800897595756947,0.189514970996148,0.22561633661077113
resnet18,lrp,ISIC_0013925,-0.033538325102644734,0.11607665065127204,0.32975235430791433,-0.2804578643783999
resnet18,occlusion,ISIC_0013925,0.10170567331433987,0.1794672934077927,0.28860671936121307,-0.5042777547758677
resnet18,saliency,ISIC_0013925,0.11848061578658836,0.19635293372195534,0.32191538769660866,-0.48352234227338353
resnet18,deep_lift,ISIC_0013948,-0.09619971810634478,0.043695512488459806,0.1655038755872709,-0.5780752076723308
resnet18,gradcam,ISIC_0013948,0.27905821972493505,0.1939931889420005,0.2945728146379511,0.9710411270251919
resnet18,guided_backprop,ISIC_0013948,0.03356202654353609,-0.05218815010249493,0.11843061186837439,0.8510465402915184
resnet18,integrated_gradients,ISIC_0013948,0.08558987040706503,0.1899162075671905,0.3345949460628811,-0.6020447390618385
resnet18,lrp,ISIC_0013948,-0.004473314107768313,0.10919239236049298,0.3225823603922905,0.024522327503385052
resnet18,occlusion,ISIC_0013948,0.36722829572092414,0.1716720552995813,0.24750078516998392,1.911937914915677
resnet18,saliency,ISIC_0013948,0.0042989128569219884,0.05053451613358092,0.16147579577509882,0.163758851924551
resnet18,deep_lift,ISIC_0013953,-0.09434060987935766,0.04740762612561248,0.16362880504501584,-0.9791803454622262
resnet18,gradcam,ISIC_0013953,0.0937956641201807,-0.015229353674749264,0.08268276788720268,0.5090525554111242
resnet18,guided_backprop,ISIC_0013953,-0.009059340949557423,-0.11454217643015924,0.05794837486329148,0.372305259865868
resnet18,integrated_gradients,ISIC_0013953,0.10958496908293301,0.08243295120698407,0.18671643039494165,0.4756435306448138
resnet18,lrp,ISIC_0013953,-0.2582741795956294,-0.10913648278712726,0.1048117343383146,-0.4637154736459264
resnet18,occlusion,ISIC_0013953,-0.07984046923007443,-0.04126993645063799,0.05052379757402378,0.17119395229555656
resnet18,saliency,ISIC_0013953,-0.09420539758057436,0.01222767049759271,0.1453694436764057,-0.7645280925588529
resnet18,deep_lift,ISIC_0013966,-0.10808287111162772,0.025458524756755408,0.18094196054103528,-0.670474305424949
resnet18,gradcam,ISIC_0013966,0.06433287252867685,-0.00043907020068575394,0.10480723611767787,0.7625067942793672
resnet18,guided_backprop,ISIC_0013966,-0.02173539193831699,-0.03650524667944623,0.13762686954574607,0.23111526137668584
resnet18,integrated_gradients,ISIC_0013966,-0.1425992237079274,0.056490032690212265,0.20282966484022957,-1.0406353385396923
resnet18,lrp,ISIC_0013966,-0.07691964069195037,0.1330928813562809,0.3552150264196327,-0.6377716945025751
resnet18,occlusion,ISIC_0013966,-0.10046400332101264,0.09404111122248203,0.19128260258650495,-0.8638105287867316
resnet18,saliency,ISIC_0013966,0.08662782407243345,0.10421018770455963,0.20243341968696393,0.5029458458054397
resnet18,deep_lift,ISIC_0013977,-0.1138608161991281,0.029872431531177548,0.16890189046850657,-0.7619606376595541
resnet18,gradcam,ISIC_0013977,-0.27946203696959665,-0.23167780635895127,-0.0960378584462566,-0.9426210065455667
resnet18,guided_backprop,ISIC_0013977,-0.04330569754347074,-0.03954979330893007,0.13817768613179593,0.05984949148324811
resnet18,integrated_gradients,ISIC_0013977,-0.005401515585909659,0.05649171756887328,0.18583015355652682,-0.0236732605050488
resnet18,lrp,ISIC_0013977,0.006690964479130506,0.131986306870976,0.34462858780112415,-0.019412762571126993
resnet18,occlusion,ISIC_0013977,0.03640553752788421,0.04466314245042695,0.12902088911874235,0.42040320836532147
resnet18,saliency,ISIC_0013977,0.25265817094515775,0.20963267868989344,0.33992417346010045,0.5252340329376857
resnet18,deep_lift,ISIC_0013987,-0.13479956200302984,-0.008121379582130958,0.10129913975295239,-0.28765566479651294
resnet18,gradcam,ISIC_0013987,0.35443608388041786,0.249346518985634,0.35073391633802153,1.1353639054868736
resnet18,guided_backprop,ISIC_0013987,-0.011035573106750613,0.07775524086268051,0.2775797786222825,-0.853158059661274
resnet18,integrated_gradients,ISIC_0013987,-0.04580557106277101,0.11075953733148713,0.24469009318518353,-1.1621237313092803
resnet18,lrp,ISIC_0013987,-0.24922390609892225,0.09881094567762083,0.33060684335983126,-1.8707558333810688
resnet18,occlusion,ISIC_0013987,0.34614759504852,0.2880679833977592,0.38986796896292,1.1387289792251971
resnet18,saliency,ISIC_0013987,0.30595883986591643,0.24915242733481485,0.36184185088042653,0.8623347908211092
resnet18,deep_lift,ISIC_0013988,0.14121144584283862,0.2235435753519288,0.3286938722189761,0.22166217222421805
resnet18,gradcam,ISIC_0013988,0.4615027600587773,0.3738678121277705,0.4627559773668107,1.5916993178010002
resnet18,guided_backprop,ISIC_0013988,0.33798106949066514,0.12830733282307039,0.30306873836615783,1.7154475908607607
resnet18,integrated_gradients,ISIC_0013988,0.42262114257417366,0.21357366985028292,0.3280253343242985,0.8039242974031249
resnet18,lrp,ISIC_0013988,-0.04828094331251954,0.07983056534219218,0.2923544715095431,-0.15008876163031856
resnet18,occlusion,ISIC_0013988,0.455977922182092,0.2588563169396373,0.3449390378368094,1.933500099553521
resnet18,saliency,ISIC_0013988,-0.006084450647516198,0.1747078643023028,0.30238452358340523,-1.2110870091884058
resnet18,deep_lift,ISIC_0013998,-0.15361050836882428,0.046241702714931436,0.19891248269338727,-0.6185374882944193
resnet18,gradcam,ISIC_0013998,0.20612347380841217,0.07013417594990017,0.15845695771001658,1.17677771151374
resnet18,guided_backprop,ISIC_0013998,-0.14629349181039253,-0.17173808500221824,0.006760709952617528,0.28258828664677754
resnet18,integrated_gradients,ISIC_0013998,-0.042648868320413584,-0.004624611192404824,0.15706164596154482,-0.16884677281427143
resnet18,lrp,ISIC_0013998,-0.3666234102556362,-0.1107479892791108,0.11047710556395075,-1.3203762940894315
resnet18,occlusion,ISIC_0013998,-0.16521221721454504,0.016849941091771736,0.12444259050764701,-1.5030087063834414
resnet18,saliency,ISIC_0013998,-0.08708275778812935,-0.07312572628815284,0.04630650297967218,0.2922380673169282
resnet18,deep_lift,ISIC_0014006,-0.045022953786029205,0.03322341351033276,0.1886359834139519,-0.212699127301647
resnet18,gradcam,ISIC_0014006,-0.09522142970509835,-0.13726224707572096,-0.0525331392449345,0.1806258874944405
resnet18,guided_backprop,ISIC_0014006,-0.16600470445306292,-0.073488035631423,0.11076109152341423,-0.7393577202467776
resnet18,integrated_gradients,ISIC_0014006,0.008756248334536604,0.06874523714807608,0.21798751868426708,0.09773592419978763
resnet18,lrp,ISIC_0014006,-0.17216751749858156,0.10638595995404275,0.31472665156971114,-0.5614762563500146
resnet18,occlusion,ISIC_0014006,0.026381431578175865,0.08607579479184915,0.1792932849636429,0.08520693242573475
resnet18,saliency,ISIC_0014006,0.2390236140409982,0.20854273185329714,0.3313271253955425,0.40897613781051717
resnet18,deep_lift,ISIC_0014027,-0.16836949818978555,-0.09712043130473062,0.040386851564984505,-0.17648741984632121
resnet18,gradcam,ISIC_0014027,0.14082649840722633,0.015125295186578232,0.08120554964755805,1.4534940840227362
resnet18,guided_backprop,ISIC_0014027,-0.305855055348486,-0.22981512770872525,-0.05039127303888495,-0.817641123176207
resnet18,integrated_gradients,ISIC_0014027,-0.4740301270652046,-0.19972865588728902,-0.023458241226728276,-2.112469165872904
resnet18,lrp,ISIC_0014027,-0.04274527995066905,0.09839047387603847,0.30072835139802656,0.07620136343508797
resnet18,occlusion,ISIC_0014027,-0.11164736344055157,-0.016617559738830993,0.062359906120704175,-0.39900971868079627
resnet18,saliency,ISIC_0014027,-0.09829496063181782,-0.038187840872542254,0.062430703052648966,-0.003390054764861287
resnet18,deep_lift,ISIC_0014059,0.008217881168363734,-0.08094827135867994,0.011214778755245252,1.2015697277003958
resnet18,gradcam,ISIC_0014059,0.3036324305354675,-0.01770383913996382,0.0889352917980194,2.3977059155823204
resnet18,guided_backprop,ISIC_0014059,0.06181410842736074,-0.006645172387525441,0.18517518168150776,0.6725990627867994
resnet18,integrated_gradients,ISIC_0014059,0.013232435962734091,-0.11604102415511564,-0.01867910065707845,1.309116606614857
resnet18,lrp,ISIC_0014059,-0.11944349192667822,-0.07823972239046731,0.12723348946571011,0.4970110810205038
resnet18,occlusion,ISIC_0014059,0.17745473030411102,0.02052151804475284,0.09142933931383475,1.9529849927831533
resnet18,saliency,ISIC_0014059,-0.0068346568662140785,0.02965000153248161,0.14495980854890278,-0.2065506315565003
resnet18,deep_lift,ISIC_0014077,-0.10188166420645345,-0.09575457266574763,0.009258105261440998,0.448837491111264
resnet18,gradcam,ISIC_0014077,-0.10134683020816113,-0.1800996897208388,-0.09890454594567277,0.4855179993970101
resnet18,guided_backprop,ISIC_0014077,-0.21104105032156437,-0.20073134024626166,-0.02667320422731468,-0.12105386462365711
resnet18,integrated_gradients,ISIC_0014077,-0.04675155243050495,0.031699257453981444,0.16032593754042274,-0.3202173686228483
resnet18,lrp,ISIC_0014077,0.017305782563097456,-0.05185860754741823,0.1251626545221779,2.0441735298262143
resnet18,occlusion,ISIC_0014077,0.19720416889999687,0.18437289172527832,0.29968394251915537,0.5165407866422952
resnet18,saliency,ISIC_0014077,-0.02638996074230319,0.024139799585960287,0.14953103789892444,-0.3589331287473148
resnet18,deep_lift,ISIC_0014090,-0.264665022543915,-0.06751917111083977,0.10611260431598392,-2.048203842482612
resnet18,gradcam,ISIC_0014090,0.3456904570831048,0.02173205142100368,0.13398083663722143,2.4618176305598336
resnet18,guided_backprop,ISIC_0014090,0.1507310595240175,-0.011052378494923085,0.16702631383119296,1.247553741790995
resnet18,integrated_gradients,ISIC_0014090,-0.16543208184189365,-0.03405152156048847,0.1280682603416214,-1.4139078364721267
resnet18,lrp,ISIC_0014090,-0.19859377437618608,-0.11438036711428784,0.06507454627490593,0.016390622521323502
resnet18,occlusion,ISIC_0014090,0.16844949057440847,0.05355656166262526,0.13162928915724853,1.7407594665748256
resnet18,saliency,ISIC_0014090,0.17735431084231937,-0.11877137976752745,-0.002310187569998066,2.633142293119681
resnet18,deep_lift,ISIC_0014103,-0.03321319063943484,0.03489717550877057,0.15608255084445533,-0.4109724210553918
resnet18,gradcam,ISIC_0014103,0.29158657021548173,0.13911135570880967,0.22888152098612938,1.1449947236278073
resnet18,guided_backprop,ISIC_0014103,-0.1732229512080455,-0.08017849758329643,0.11824795085068956,-0.9982277290161764
resnet18,integrated_gradients,ISIC_0014103,-0.12563904413384458,-0.04786170742075732,0.10112046048687216,-0.8116523032568822
resnet18,lrp,ISIC_0014103,-0.24679886107937224,-0.09215998853412603,0.11788963763821461,-0.2308707759370925
resnet18,occlusion,ISIC_0014103,0.08058176622185333,0.1407297200186223,0.24147836030736444,-0.3274015434499978
resnet18,saliency,ISIC_0014103,0.04318209719979078,0.04236790404698502,0.15401677459408356,0.16383631206748553
resnet18,deep_lift,ISIC_0014110,-0.07600892865761467,0.04871319023426574,0.17705146972285254,-0.907859112654678
resnet18,gradcam,ISIC_0014110,0.446788017150339,0.18203561377866004,0.278976825377316,2.4676657222749045
resnet18,guided_backprop,ISIC_0014110,-0.07741125032656686,-0.029434072818978467,0.16307523919423983,-0.5319967983498108
resnet18,integrated_gradients,ISIC_0014110,-0.2826327524887234,-0.09077137005936542,0.07170072600670355,-2.0466312644306717
resnet18,lrp,ISIC_0014110,-0.29267353876256036,-0.11409739864631485,0.10059318929920474,-0.7403370335088364
resnet18,occlusion,ISIC_0014110,0.4573719262490766,0.2721256684301516,0.3615046022718145,1.9658231021079802
resnet18,saliency,ISIC_0014110,0.1658862531420736,0.07886417605916737,0.1759814976444641,0.9073169512847314
resnet18,deep_lift,ISIC_0014117,0.0022844098333984104,0.031762706523311805,0.18314895341633503,-0.10992707883773976
resnet18,gradcam,ISIC_0014117,0.11614605057340642,-0.015063873921554102,0.11962572126131603,0.7533081786911584
resnet18,guided_backprop,ISIC_0014117,-0.1255868885428532,-0.03549559005085819,0.16337992862388595,-0.8424196628483875
resnet18,integrated_gradients,ISIC_0014117,0.01936575089140421,0.014100670803013377,0.1646168679418794,0.11296854479069943
resnet18,lrp,ISIC_0014117,-0.19888335436457105,-0.11683185077357132,0.08017993677583812,0.3315509384046559
resnet18,occlusion,ISIC_0014117,-0.06646447409702005,0.03463041083776351,0.14091931657312176,-0.3273810901559053
resnet18,saliency,ISIC_0014117,-0.09010016863125082,0.041074693441078544,0.15891804865108536,-0.9530618466892892
resnet18,deep_lift,ISIC_0014129,-0.09539201201922227,0.020643490350006698,0.14198244417566408,-0.43625409387307734
resnet18,gradcam,ISIC_0014129,0.30078072263472516,0.08204731494574329,0.18278512798291244,1.22389053276812
resnet18,guided_backprop,ISIC_0014129,0.07190562427541326,0.07395771682334419,0.2636223183203715,-0.16446249294581938
resnet18,integrated_gradients,ISIC_0014129,0.07558655036551676,0.18137710006010552,0.317767710956141,-0.734672961810006
resnet18,lrp,ISIC_0014129,0.256157352629537,0.2710531157912323,0.48043856879930147,0.46547964479967435
resnet18,occlusion,ISIC_0014129,0.1353755178406443,0.11945657220662434,0.20940513763193877,0.37349793139691817
resnet18,saliency,ISIC_0014129,-0.02511029159968182,0.1829777089176325,0.31417158843951615,-1.4150189929797805
resnet18,deep_lift,ISIC_0014148,-0.14509812109452222,0.012751916666260375,0.164620436444435,-0.9281499730066377
resnet18,gradcam,ISIC_0014148,-0.036074927794810044,-0.0747530257502515,0.020373377505981078,0.1758739104694293
resnet18,guided_backprop,ISIC_0014148,-0.02838128932358507,0.004352084304742324,0.1893482402208166,0.038727779416276094
resnet18,integrated_gradients,ISIC_0014148,0.2887450038481288,0.15427020003496592,0.26363520126692025,1.8934114046092505
resnet18,lrp,ISIC_0014148,-0.08306968977655065,0.10721908336082007,0.3224919523731702,-0.6379275688779649
resnet18,occlusion,ISIC_0014148,0.14930766252927657,0.24314049951664074,0.3335697346131126,-0.43787082838063074
resnet18,saliency,ISIC_0014148,0.37178205291087846,0.27249418168154554,0.373710306408336,1.1758460430971043
resnet18,deep_lift,ISIC_0014160,0.3056305799707787,0.20314052216271072,0.33200594604799893,1.1546635860883652
resnet18,gradcam,ISIC_0014160,0.39991451573037706,0.09911244086129034,0.21225917305688075,2.15199470947778
resnet18,guided_backprop,ISIC_0014160,0.050796678800911495,0.12858061497027307,0.3322567027235066,-0.5879767487146674
resnet18,integrated_gradients,ISIC_0014160,0.22517177938381208,0.2029529758838579,0.36272420524524046,0.4647804760730329
resnet18,lrp,ISIC_0014160,-0.0934238135315771,0.11567541258400287,0.3371941975970013,-0.7130739254644374
resnet18,occlusion,ISIC_0014160,0.29064898897419095,0.1968432351549394,0.2882903178521357,1.185871496515898
resnet18,saliency,ISIC_0014160,0.12174104394168936,0.06698196661344788,0.16882785194484148,1.1197707434108062
resnet18,deep_lift,ISIC_0014177,0.055983004648625496,0.06770942221211196,0.21904386174852336,0.44816971789290216
resnet18,gradcam,ISIC_0014177,0.3454597314711734,0.46920321893535233,0.4798642712122086,0.6271913783970945
resnet18,guided_backprop,ISIC_0014177,0.24484183939070633,0.1603333192639805,0.33950028911688424,0.6990783266596242
resnet18,integrated_gradients,ISIC_0014177,0.1371746905549522,0.21414448467699404,0.3757098697889658,-0.3379242265853891
resnet18,lrp,ISIC_0014177,-0.07094319746969867,0.11851604228642892,0.3397950588577259,-0.5547660851227005
resnet18,occlusion,ISIC_0014177,0.5649011969685485,0.3015637774813181,0.3773689709087383,2.7360864056655263
resnet18,saliency,ISIC_0014177,0.2649916268292189,0.23233595337301227,0.3475239223126321,0.5615532394481888
resnet18,deep_lift,ISIC_0014181,0.11477616401342496,0.20572510483757722,0.3344953894149758,-0.4036994264569552
resnet18,gradcam,ISIC_0014181,0.4582022185373583,0.48510194101601006,0.48522819021544067,1.352669600607569
resnet18,guided_backprop,ISIC_0014181,-0.17096679341770066,-0.08167576084775974,0.10580711829517456,-0.6348404333430427
resnet18,integrated_gradients,ISIC_0014181,0.15883981168210612,0.2336542315619966,0.3554871988101237,-0.18080385500528573
resnet18,lrp,ISIC_0014181,0.1398651928587697,0.1498541052190096,0.3525281795056838,0.9415488484470578
resnet18,occlusion,ISIC_0014181,0.46346046548847675,0.23328724609124005,0.3098193948602571,2.3550416559778267
resnet18,saliency,ISIC_0014181,0.21675631787771998,0.26880642539867694,0.3789204771472577,0.08314813395580399
resnet18,deep_lift,ISIC_0014186,0.08746310417646172,0.04546457504123404,0.17900569965120064,0.7285557572195972
resnet18,gradcam,ISIC_0014186,-0.0973057477630984,-0.21147656287321143,-0.09460355859702936,0.35268100993566737
resnet18,guided_backprop,ISIC_0014186,0.2371781985721989,0.1416829834014963,0.3232269105726742,0.6794977859555756
resnet18,integrated_gradients,ISIC_0014186,0.13616112040296682,0.1073080607535225,0.22334258657604847,0.8841275073393109
resnet18,lrp,ISIC_0014186,0.04736678542872039,0.17189081433565875,0.38019359960442634,0.13712990035057065
resnet18,occlusion,ISIC_0014186,0.36662566610035713,0.2529311816519886,0.3464015231499699,1.2480789680719553
resnet18,saliency,ISIC_0014186,0.19011387057402024,0.2134061564428374,0.35575656424488067,0.04694775631353239
resnet18,deep_lift,ISIC_0014219,0.17714442356936674,0.07709292915626062,0.16682377847670676,1.4818495053067613
resnet18,gradcam,ISIC_0014219,0.4505169899174301,0.22917352257685164,0.35600037022989556,1.5795590056991298
resnet18,guided_backprop,ISIC_0014219,0.5205748824144265,0.2629652579936065,0.4440957183654266,2.5158679945003497
resnet18,integrated_gradients,ISIC_0014219,-0.2247613472049966,-0.016081646995548416,0.11295898324749382,-1.304076986507105
resnet18,lrp,ISIC_0014219,-0.01889111053120424,0.05786694040655043,0.2573024377635057,0.050067610410561285
resnet18,occlusion,ISIC_0014219,0.38842953106847644,0.2177835737478712,0.31079504223267657,1.7445898974767067
resnet18,saliency,ISIC_0014219,0.19272967050836887,0.22441447642381718,0.349719551439055,0.08301989836120745
resnet18,deep_lift,ISIC_0014221,-0.11522337026530236,-0.1070522267597099,0.006802604201729993,0.3448342199366245
resnet18,gradcam,ISIC_0014221,0.11797265976527312,-0.062423754119843605,0.02543719984123847,0.8946657838753007
resnet18,guided_backprop,ISIC_0014221,-0.03362972174304118,-0.06397874770528858,0.11870074599113078,-0.12152464817136158
resnet18,integrated_gradients,ISIC_0014221,-0.03506268978427885,-0.11549426585441457,0.0061232382693042564,1.0249050260950716
resnet18,lrp,ISIC_0014221,-0.09770086629791498,0.027751250254652148,0.22495991423824485,0.1114233893586454
resnet18,occlusion,ISIC_0014221,0.5173491590605552,0.2264309171037993,0.31045676676679945,2.902041929449525
resnet18,saliency,ISIC_0014221,0.30483468257189833,0.08072420426460537,0.19491504111392582,2.0263947871813737
resnet18,deep_lift,ISIC_0014233,0.09980134495910177,0.1977132370777116,0.33093031277357177,-0.34523604070118546
resnet18,gradcam,ISIC_0014233,0.29529574588214524,0.25763538798867197,0.3489436057431594,0.5331074181821093
resnet18,guided_backprop,ISIC_0014233,0.1528131729849398,0.12185190566402285,0.31102604489040814,0.18351962610205572
resnet18,integrated_gradients,ISIC_0014233,0.12585787070777305,0.22940714513573085,0.367644300511149,-0.8150263215844595
resnet18,lrp,ISIC_0014233,-0.08429556798079961,0.11600155070085198,0.3282527928115965,-0.2768682516345185
resnet18,occlusion,ISIC_0014233,0.045133976685214794,0.016892508449561937,0.10335800644876081,0.9889701387694905
resnet18,saliency,ISIC_0014233,0.36439007943109286,0.28346895412544015,0.38900954342093286,1.1808405824750197
resnet18,deep_lift,ISIC_0014251,0.03756368921314687,0.07822775575335131,0.22250326456537306,0.2581657416268823
resnet18,gradcam,ISIC_0014251,-0.05761906654991877,-0.17351501509892814,-0.061722396614483144,0.6230066224995885
resnet18,guided_backprop,ISIC_0014251,-0.045360947609592604,0.09959242364122002,0.2986393168053572,-1.3329383137593032
resnet18,integrated_gradients,ISIC_0014251,0.02912511602542207,0.2023104307879518,0.36788901647734373,-1.1166777044469767
resnet18,lrp,ISIC_0014251,-0.02849793425422553,0.14360256570309032,0.3534128797310269,-0.35382549994593926
resnet18,occlusion,ISIC_0014251,0.14444983912916853,0.22298326207204233,0.3203876900550247,-0.3607942294332723
resnet18,saliency,ISIC_0014251,0.29220462281000337,0.2466853143375284,0.36277571682885196,0.7055004224823836
resnet18,deep_lift,ISIC_0014255,-0.25692887356065325,-0.12801205323827838,0.006116437589605795,-0.788070191843238
resnet18,gradcam,ISIC_0014255,0.0174345270251414,0.029208684612360824,0.1404974330182695,-0.24011129692595362
resnet18,guided_backprop,ISIC_0014255,0.029065262533987328,-0.056565131442672646,0.12164785103544436,0.35943915397667786
resnet18,integrated_gradients,ISIC_0014255,0.06362511904034143,0.020482899479773702,0.15323828046727098,-0.20839871786509387
resnet18,lrp,ISIC_0014255,-0.17677276784938895,0.022494948931795388,0.23276842321188437,-0.3668234490807247
resnet18,occlusion,ISIC_0014255,0.1933843028948496,0.19082331621960452,0.2892121481486158,0.37342950528912927
resnet18,saliency,ISIC_0014255,-0.09667071177359693,-0.007102648503626817,0.1268934599899198,-0.7258909851892211
resnet18,deep_lift,ISIC_0014270,0.3658381630073897,0.16368051544200296,0.2630171018504033,1.3173864160549915
resnet18,gradcam,ISIC_0014270,0.38092447703532023,0.18466987523909947,0.2760806930479433,1.8952246517427016
resnet18,guided_backprop,ISIC_0014270,-0.06628236766283711,-0.05742931689184448,0.13319169829707406,-0.22407463229940447
resnet18,integrated_gradients,ISIC_0014270,0.1028819961277132,0.05644788697427052,0.1776033386361873,0.22951948702328198
resnet18,lrp,ISIC_0014270,-0.13420092208878287,-0.07772741071688422,0.1266166468300193,0.32730872842884495
resnet18,occlusion,ISIC_0014270,0.48908497160837544,0.24817101266542127,0.3340376861992573,2.3968558218196754
resnet18,saliency,ISIC_0014270,0.15624214001491554,0.07021623437845327,0.16996314149008732,0.929544255579459
resnet18,deep_lift,ISIC_0014278,-0.2036096600030731,-0.13685988521411954,-0.0076824461647742705,-0.29607633964205476
resnet18,gradcam,ISIC_0014278,-0.22573695757265697,-0.15383932627603927,-0.031129736938220406,-1.2441101941896222
resnet18,guided_backprop,ISIC_0014278,0.08739925999750524,-0.03600611071778015,0.1421404251767309,0.7845293271107869
resnet18,integrated_gradients,ISIC_0014278,0.08695791999195666,-0.0028172155366120192,0.1379679918240304,0.6139445013433871
resnet18,lrp,ISIC_0014278,-0.15276638193122616,-0.13015873800839386,0.06277294964017123,0.3849858549739418
resnet18,occlusion,ISIC_0014278,0.23569371820105833,0.14667967556215045,0.25434071370135647,0.9435232770788563
resnet18,saliency,ISIC_0014278,-0.08548343911836907,-0.10382790099691411,0.010122184938460418,0.6220997604104828
resnet18,deep_lift,ISIC_0014284,0.028576987984723655,0.002478882131617694,0.10827484330371087,1.0245771770836374
resnet18,gradcam,ISIC_0014284,0.4498736478349789,0.1860920553426091,0.2782238065663923,2.4371303256980377
resnet18,guided_backprop,ISIC_0014284,0.055373588423070136,-0.025155279914784032,0.16172079888238786,0.5776406198958048
resnet18,integrated_gradients,ISIC_0014284,-0.2291085802171634,-0.1162417160709399,0.016962544871977972,-0.7507173485986105
resnet18,lrp,ISIC_0014284,-0.23957207908105496,-0.12182229703834145,0.08640427818082358,-0.3545061533728265
resnet18,occlusion,ISIC_0014284,0.44938924976076594,0.20213362276029184,0.2893112228276516,2.266496662473314
resnet18,saliency,ISIC_0014284,-0.0515880929386947,-0.09754889285842011,0.0021840608313241586,0.7951036801567652
resnet18,deep_lift,ISIC_0014288,0.14205053805218593,0.1519096936705238,0.2626527307147391,0.24310277007881065
resnet18,gradcam,ISIC_0014288,0.45366962694409996,0.19420160112803403,0.29648170658005435,2.5909226392316773
resnet18,guided_backprop,ISIC_0014288,0.021475819439842968,-0.036301939457167025,0.15153795256916613,0.34748298115223764
resnet18,integrated_gradients,ISIC_0014288,0.14708765344718616,0.05986423630782384,0.19125556567352087,0.4522082893867096
resnet18,lrp,ISIC_0014288,0.07145183042891343,-0.03846829879906753,0.1537593430663667,1.883096504282216
resnet18,occlusion,ISIC_0014288,0.35128269773964454,0.20932857509590366,0.3029855219063818,1.5476265835420697
resnet18,saliency,ISIC_0014288,0.31299065234753226,0.09485745137394033,0.19568859681329787,2.00646194892193
resnet18,deep_lift,ISIC_0014319,0.21843800051590434,0.20340477874143623,0.3319863366022273,0.2502579793444291
resnet18,gradcam,ISIC_0014319,0.2552068277412873,0.08773826120073636,0.18281373441646556,1.1553229812081267
resnet18,guided_backprop,ISIC_0014319,-0.02373358597312626,0.09073591086626491,0.2936675403719365,-1.0261802860002287
resnet18,integrated_gradients,ISIC_0014319,-0.04803084628966787,0.13131389938647173,0.2857456986701646,-1.309524360623622
resnet18,lrp,ISIC_0014319,0.02753181868948219,0.09208012514198587,0.2890127426517195,0.24774559329963325
resnet18,occlusion,ISIC_0014319,0.04136321494186877,0.12340170881932576,0.21604409895902887,-0.5476246654321816
resnet18,saliency,ISIC_0014319,0.11605865181141027,0.09069291324858002,0.18600919395161847,0.8792457890471793
resnet18,deep_lift,ISIC_0014336,0.05267492423618112,0.21993625701414762,0.3712304145294125,-0.9857635631527373
resnet18,gradcam,ISIC_0014336,0.5109841922494415,0.14255886789753547,0.24196300581317118,2.8272747041862076
resnet18,guided_backprop,ISIC_0014336,0.03954651192765918,-0.05105724456520667,0.12194035117909331,0.9133521041763878
resnet18,integrated_gradients,ISIC_0014336,0.16064124124245144,0.22779585375841446,0.38841826103807897,-0.4383496620586634
resnet18,lrp,ISIC_0014336,-0.12011728040517285,0.10266117981560663,0.324942745086613,-0.8944821216426309
resnet18,occlusion,ISIC_0014336,0.46401298251550716,0.30158911081154727,0.3841393148038932,1.9321451731734143
resnet18,saliency,ISIC_0014336,0.3116978737745643,0.2723811986663762,0.37137799681779754,0.848041456455347
resnet18,deep_lift,ISIC_0014349,0.3059503161478804,0.2612500346096068,0.3990346905105331,0.8181184660893641
resnet18,gradcam,ISIC_0014349,0.485074871132156,0.2295401038761617,0.3470139094732212,2.416928434193852
resnet18,guided_backprop,ISIC_0014349,0.133428844324418,0.14719758162938948,0.346055034073985,0.00569343277891813
resnet18,integrated_gradients,ISIC_0014349,0.28409365287513355,0.22270110522844555,0.36735726537895913,0.7681051530624825
resnet18,lrp,ISIC_0014349,-0.0065466303533094124,0.1390482272236521,0.35240441151497087,-0.1884027158978733
resnet18,occlusion,ISIC_0014349,0.4421336907674521,0.22191041749419935,0.30485965506013196,2.1310085563878554
resnet18,saliency,ISIC_0014349,0.3333844197381921,0.2699603361346336,0.36612158773480064,1.0760770212138402
resnet18,deep_lift,ISIC_0014369,-0.19935418115221504,0.04570038169032135,0.17730319864103594,-0.750226350279193
resnet18,gradcam,ISIC_0014369,0.5038204579752524,0.32648707505448776,0.411756107878476,2.1506616078954517
resnet18,guided_backprop,ISIC_0014369,0.2490702017106406,0.1319410480356066,0.31420525798230814,0.9386652917635432
resnet18,integrated_gradients,ISIC_0014369,0.28738652178316076,0.20420365246853356,0.3506465782664397,0.7638695322674219
resnet18,lrp,ISIC_0014369,0.06156177826940667,0.13322027538833078,0.33772476716526084,0.4064444612682315
resnet18,occlusion,ISIC_0014369,0.2991352021945341,0.20104645558403264,0.2875902132345475,1.1223782700699607
resnet18,saliency,ISIC_0014369,0.06923239438233526,0.2267893379221624,0.34281388289410775,-0.8138990648161493
resnet18,deep_lift,ISIC_0014386,-0.0807478155877095,-0.004303308010955501,0.16209425141554623,-0.3611316491552085
resnet18,gradcam,ISIC_0014386,-0.22355422954473173,-0.2706171977254959,-0.16751558153264814,-0.3654985168899139
resnet18,guided_backprop,ISIC_0014386,0.10800458826794336,0.11024989458544227,0.2984123773512164,-0.19346201410198297
resnet18,integrated_gradients,ISIC_0014386,-0.03205481478817802,0.0660080240115971,0.21105077662756824,-0.23398346318198282
resnet18,lrp,ISIC_0014386,0.17003757804741224,0.30048277683066205,0.5283781873907459,-0.2774534662940716
resnet18,occlusion,ISIC_0014386,0.3794546112606666,0.20594315661524767,0.29188666944633396,1.4621718859940158
resnet18,saliency,ISIC_0014386,0.2203586289967775,0.24291224929109417,0.35884789566206804,0.17360922991635777
resnet18,deep_lift,ISIC_0014392,0.07415805563800672,0.08166291856985838,0.20835243318837104,0.49135854784181027
resnet18,gradcam,ISIC_0014392,0.016292361155308008,0.04341685392967797,0.18856437378324173,-0.6060946105534033
resnet18,guided_backprop,ISIC_0014392,0.13515852686075466,0.1606276596915677,0.3525685918124861,-0.16480878271876534
resnet18,integrated_gradients,ISIC_0014392,-0.0769582241792693,0.0719942980426139,0.19015586377976174,-0.6348136592058768
resnet18,lrp,ISIC_0014392,-0.07423019237376292,0.0926179784849898,0.3079824319111433,-0.5315626279874502
resnet18,occlusion,ISIC_0014392,0.49142468696075126,0.3125022569332682,0.3971971705952571,2.0524473941468107
resnet18,saliency,ISIC_0014392,0.15524873410697582,0.25223379068945356,0.36584385461093677,-0.3986874451299956
resnet18,deep_lift,ISIC_0014409,-0.09402213302638686,0.009773599709427412,0.20046849780381995,-0.9694795210027366
resnet18,gradcam,ISIC_0014409,0.07320032178788428,0.002095060073304206,0.12252021484280433,0.34921295415974035
resnet18,guided_backprop,ISIC_0014409,-0.02161001543362016,0.002598165508293512,0.20186952522748758,-0.17740206372807746
resnet18,integrated_gradients,ISIC_0014409,0.11496519674944311,0.0054264616238122974,0.1798450085883472,0.7570687821662678
resnet18,lrp,ISIC_0014409,-1.60634346974661,-0.17255602084768334,0.016786382918268526,-0.08380677623930294
resnet18,occlusion,ISIC_0014409,0.15272085900594273,0.16982929441038325,0.2825609180049864,0.1789019669923335
resnet18,saliency,ISIC_0014409,-0.27087113330896595,-0.10290841687408642,0.018854823840117704,-1.0032477902887615
resnet18,deep_lift,ISIC_0014419,-0.010857264740456661,0.05275838241419351,0.18478261252460693,0.12914716750252417
resnet18,gradcam,ISIC_0014419,0.237623884455035,0.027472487125278038,0.12612605442091016,0.9520558785512556
resnet18,guided_backprop,ISIC_0014419,0.07640857650058465,-0.021922621377097624,0.152717609928315,1.0510844077055272
resnet18,integrated_gradients,ISIC_0014419,0.02178245893775348,0.17238754612258406,0.33102768659969484,-0.8978679468280221
resnet18,lrp,ISIC_0014419,0.22315061680806547,0.29350963433408406,0.511625619828836,0.2049970905720216
resnet18,occlusion,ISIC_0014419,-0.07983847901734813,0.12389542707434202,0.24970953663799722,-1.5094763599807988
resnet18,saliency,ISIC_0014419,0.16292373823080947,0.25645121818244176,0.37342904435851154,-0.25928652847563244
resnet18,deep_lift,ISIC_0014423,0.06469627424149273,-0.005941641703384615,0.1064667639955951,1.066625333380355
resnet18,gradcam,ISIC_0014423,0.32792459948583946,0.1301553543295009,0.22113638396441898,1.5300824276580485
resnet18,guided_backprop,ISIC_0014423,-0.007048122559918814,0.1464271457417741,0.3593635782438969,-1.0962364557343698
resnet18,integrated_gradients,ISIC_0014423,0.17790834096438096,0.18013393852433213,0.3122055324977558,0.2629110549328998
resnet18,lrp,ISIC_0014423,-0.008760344903765725,0.10966263361729593,0.2979456241067247,0.4029108416530763
resnet18,occlusion,ISIC_0014423,0.1652729454785802,0.11047872538879336,0.2091120886560631,0.6498071760183964
resnet18,saliency,ISIC_0014423,-0.054126183755770094,0.055974724146065274,0.1763164003901519,-0.3222463592490919
resnet18,deep_lift,ISIC_0014434,-0.13559202004295348,0.013013722469662974,0.1751568585344091,-0.8232184919898744
resnet18,gradcam,ISIC_0014434,-0.01174222516597014,-0.11748707981695393,-0.04570905901054916,0.6615644211778402
resnet18,guided_backprop,ISIC_0014434,0.05969042548042107,-0.011501650804223489,0.15687875762049514,0.7563179733443369
resnet18,integrated_gradients,ISIC_0014434,-0.1273950504590084,0.0837876842680348,0.2248712511654008,-1.0170680155136125
resnet18,lrp,ISIC_0014434,0.02097254758585111,0.1466015355145385,0.36119726148049724,0.18371713754042013
resnet18,occlusion,ISIC_0014434,0.023317700650328045,0.11263802477343564,0.1977541526172576,0.017479281523548534
resnet18,saliency,ISIC_0014434,-0.033907759005691686,0.18997163569268624,0.3215365056097409,-1.593392230393696
resnet18,deep_lift,ISIC_0014454,0.17243736074368157,0.0902675173060502,0.20262133588459347,1.213915884616285
resnet18,gradcam,ISIC_0014454,-0.15370557711452246,-0.0002375427069802705,0.14576629071073008,-0.7931739744712346
resnet18,guided_backprop,ISIC_0014454,-0.01638050239754118,0.009949750132119366,0.1986006344727281,0.12939949436536305
resnet18,integrated_gradients,ISIC_0014454,0.01725343154535994,0.06401162158634341,0.18222036881410997,0.11418974956146771
resnet18,lrp,ISIC_0014454,0.19104161880683584,0.29415139191987955,0.5108391928167076,-0.1445204715747434
resnet18,occlusion,ISIC_0014454,0.24718213651610157,0.2022692461492516,0.2959175933829678,0.46617299954330105
resnet18,saliency,ISIC_0014454,0.24089098776674497,0.09174360133366118,0.19246011137520538,1.7099309259928266
resnet18,deep_lift,ISIC_0014457,0.3020564132857054,0.1427583185318881,0.2509879109582182,1.5498484195126174
resnet18,gradcam,ISIC_0014457,0.4004944700881422,0.1608732438753765,0.25348046478424013,2.18861958241837
resnet18,guided_backprop,ISIC_0014457,-0.19000915600455073,-0.0655639893157908,0.13554709407592214,-1.1876171225545942
resnet18,integrated_gradients,ISIC_0014457,0.34499604731445793,0.09774585059107563,0.19938678760258735,2.1348366020659357
resnet18,lrp,ISIC_0014457,0.027314099055421003,0.057592736582532306,0.2661242889183552,0.1738630624517212
resnet18,occlusion,ISIC_0014457,0.31285293313888346,0.13215593602599454,0.22076107771783934,1.5132559856157202
resnet18,saliency,ISIC_0014457,0.08058445300667323,0.060781900712936696,0.16926741636303044,0.3170394455070033
resnet18,deep_lift,ISIC_0014470,0.016209921288614117,0.09424185759456534,0.2112372396432024,-0.0006101806619767702
resnet18,gradcam,ISIC_0014470,0.11692062713782837,0.04314397821197273,0.1627958825449236,0.17803745753334213
resnet18,guided_backprop,ISIC_0014470,0.20254727191786656,0.029689611828988282,0.19613179441484088,1.7263077533486832
resnet18,integrated_gradients,ISIC_0014470,0.06756915181710166,0.10094227030407799,0.2149809165203279,0.3783362386158735
resnet18,lrp,ISIC_0014470,0.2389652525588624,0.17650045238184306,0.3763834663006433,1.5967184249840647
resnet18,occlusion,ISIC_0014470,0.26433175266357484,0.0817146327395135,0.1532989301686775,1.9353453086859045
resnet18,saliency,ISIC_0014470,0.2606020340486336,0.24788495433454216,0.3621038708718853,0.4296532255264395
resnet18,deep_lift,ISIC_0014474,-0.022567013387701736,0.0218538724126576,0.15554567024058713,-0.03336860640362105
resnet18,gradcam,ISIC_0014474,0.24244005707771787,0.024870422915612245,0.15166368220223378,1.2189798340068068
resnet18,guided_backprop,ISIC_0014474,-0.030414119570215125,0.10115249661637472,0.3014219220059263,-1.2267445723070982
resnet18,integrated_gradients,ISIC_0014474,0.0865336054097387,0.09963260689893841,0.20811664265067592,0.5074150992717998
resnet18,lrp,ISIC_0014474,-0.062874258533695,0.10791956740442564,0.3191756725017587,-0.4920836260619894
resnet18,occlusion,ISIC_0014474,-0.09242658029194932,0.038040946907347176,0.12439458991458717,-0.6392335385395578
resnet18,saliency,ISIC_0014474,0.06053465293283811,0.22387847196673863,0.3489523351137282,-1.0143551812236482
resnet18,deep_lift,ISIC_0014478,-0.0975830803838528,-0.013031710383888706,0.14698752695472356,-0.7560397369879603
resnet18,gradcam,ISIC_0014478,0.08426365477432309,0.011009169290488655,0.11098540138267579,0.32617902680613925
resnet18,guided_backprop,ISIC_0014478,-0.014406349575822795,-0.020557235279970953,0.17183760374712626,-0.03197170008461853
resnet18,integrated_gradients,ISIC_0014478,0.027117267132417314,-0.00931410350907912,0.15245310920566507,0.21099892486870928
resnet18,lrp,ISIC_0014478,-0.11036747390245313,-0.10213080449971443,0.09067734794275131,0.9244294412913834
resnet18,occlusion,ISIC_0014478,-0.0896418081245293,-0.06579245087069006,0.031937688152966014,0.0989970218386266
resnet18,saliency,ISIC_0014478,0.0669857812321246,0.054672837897204014,0.17188168399799186,0.09634096332894715
resnet18,deep_lift,ISIC_0014489,-0.08775626211807952,0.02679938029961383,0.14069146725080064,-0.4188564205457282
resnet18,gradcam,ISIC_0014489,0.42694889026332716,0.280536410809469,0.37867222585466365,1.6928984006141004
resnet18,guided_backprop,ISIC_0014489,0.04746888479184077,0.14579546656544032,0.3507037102250911,-0.7163709606938398
resnet18,integrated_gradients,ISIC_0014489,0.31865850697489995,0.20664789090466182,0.322161948065888,1.1379250395431009
resnet18,lrp,ISIC_0014489,0.25526835619896243,0.2844836539308431,0.4962801180381968,0.41747042662561457
resnet18,occlusion,ISIC_0014489,0.3589076525478075,0.20446577930506654,0.3060304176784211,1.579714522290949
resnet18,saliency,ISIC_0014489,0.2299342080616987,0.20508476028175848,0.3301352227355312,0.4415239775235096
resnet18,deep_lift,ISIC_0014500,0.02993920058182552,0.031917425221304536,0.17280086965036223,0.3333440303969898
resnet18,gradcam,ISIC_0014500,0.38810119916074226,0.11746670370558808,0.23642392966360717,1.9587352903223862
resnet18,guided_backprop,ISIC_0014500,-0.15358355044479044,-0.029709495713094544,0.16168599465540098,-0.8130279810840575
resnet18,integrated_gradients,ISIC_0014500,0.1549287349989159,0.21486375542836472,0.35729092493329595,-0.25116985040351647
resnet18,lrp,ISIC_0014500,0.12046261852693078,0.16016030614799243,0.36701757886410974,0.9074685322572794
resnet18,occlusion,ISIC_0014500,0.24301113247994935,0.1818392936567019,0.2841538580014728,0.5727323063582926
resnet18,saliency,ISIC_0014500,0.3570820984231967,0.25808085149374344,0.37519098880793034,1.1290850423533587
resnet18,deep_lift,ISIC_0014503,-0.07555398654715473,0.03998559790935359,0.1914116819135779,-0.8229713828040998
resnet18,gradcam,ISIC_0014503,-0.24258171368670778,-0.33010642371559457,-0.23924073989556033,-0.006786704300841742
resnet18,guided_backprop,ISIC_0014503,-0.14054471129021423,-0.23140748315094736,-0.06729160245711678,0.5539342383221332
resnet18,integrated_gradients,ISIC_0014503,-0.4496316918270477,-0.22730971290426497,-0.07238895726631076,-1.7131434646690822
resnet18,lrp,ISIC_0014503,-0.20930744310005542,-0.1062004181856921,0.10190328164453956,-0.12601654635618173
resnet18,occlusion,ISIC_0014503,0.158391005591023,0.09585429532528578,0.18588681410864957,0.602399839255199
resnet18,saliency,ISIC_0014503,0.3140892774399302,0.0848743742341172,0.1748809906565739,2.082442060488011
resnet18,deep_lift,ISIC_0014506,-0.015314531076754517,0.06826817609065736,0.19285448478515324,-0.04098974305036148
resnet18,gradcam,ISIC_0014506,0.4206264891100617,0.2413980355151712,0.34755606041761833,1.910387519445085
resnet18,guided_backprop,ISIC_0014506,0.1222567842152885,0.09213612757819244,0.27966431002423564,0.10890072449003248
resnet18,integrated_gradients,ISIC_0014506,0.2088200391191906,0.23291232105881712,0.36353646319629596,0.20733768087255636
resnet18,lrp,ISIC_0014506,0.10237805261681393,0.2721719696988403,0.4676329142118345,0.6945639328328325
resnet18,occlusion,ISIC_0014506,0.18350846839113114,0.1752125868106888,0.2879840047389931,0.34740808512488935
resnet18,saliency,ISIC_0014506,0.21540029101277305,0.23420219253543842,0.33230357434942265,0.3006516759369601
resnet18,deep_lift,ISIC_0014513,0.02051971811685576,0.015408103370871094,0.1529335633658778,-0.09924423537794137
resnet18,gradcam,ISIC_0014513,0.4267155274853736,0.18506089961592997,0.2849749033782329,2.391351202331936
resnet18,guided_backprop,ISIC_0014513,0.010911203861938822,-0.04299366408091305,0.14286883403025977,0.23661086173692866
resnet18,integrated_gradients,ISIC_0014513,-0.17837866278744371,0.010002397254952089,0.1534243094158182,-1.6606456429005783
resnet18,lrp,ISIC_0014513,-0.1790909363680111,-0.11772375793269367,0.0807582206920004,0.19425004732285733
resnet18,occlusion,ISIC_0014513,0.3408049955512562,0.20595325728322583,0.28389677102610755,1.4993591947068596
resnet18,saliency,ISIC_0014513,0.09239643618307296,0.056272379748451576,0.17416909890712548,0.4145906863001815
resnet18,deep_lift,ISIC_0014541,-0.08363845996859046,0.16871220985751892,0.3065402540684661,-1.8674889116021531
resnet18,gradcam,ISIC_0014541,0.48716614440238987,0.11645070725245654,0.20629378496144957,2.7939700627764843
resnet18,guided_backprop,ISIC_0014541,-0.11996093810949383,-0.06113649104465945,0.12563261292113329,-0.2887954141744802
resnet18,integrated_gradients,ISIC_0014541,-0.23784754494877663,-0.01961071455168551,0.12152717998279655,-1.6317415008811536
resnet18,lrp,ISIC_0014541,0.07865705460003193,0.15542912051130628,0.36929120361033313,0.46652801029076907
resnet18,occlusion,ISIC_0014541,0.295467237822981,0.12140302234543185,0.21063354358106187,1.5205799345576039
resnet18,saliency,ISIC_0014541,0.39973921172214283,0.2162481963601323,0.3255974447411536,1.8212759160266658
resnet18,deep_lift,ISIC_0014542,0.03428064804024116,0.020215722462757213,0.16231687723824229,0.2208931164402099
resnet18,gradcam,ISIC_0014542,0.0199676152962661,0.02455706851045966,0.137923220228708,-0.2979797184198832
resnet18,guided_backprop,ISIC_0014542,-0.2843690558184702,-0.2681203576941222,-0.09530368277338569,-0.393555308154066
resnet18,integrated_gradients,ISIC_0014542,-0.04937428516786326,-0.019532552476390356,0.136105918871144,-0.23308831850479828
resnet18,lrp,ISIC_0014542,-0.3765729008615421,-0.10516552428214417,0.10018528907320903,-0.5956898469196693
resnet18,occlusion,ISIC_0014542,-0.09284772391683324,0.14137972084766018,0.24089555742489707,-1.6917626763012972
resnet18,saliency,ISIC_0014542,0.08645691477875919,0.07348099226992519,0.18338634880899196,0.23169121838636225
resnet18,deep_lift,ISIC_0014546,-0.1077828865347924,0.16274026365827812,0.3195689982059466,-1.7057273268272937
resnet18,gradcam,ISIC_0014546,0.10078095532317459,-0.055588494279308204,0.042868596809016245,0.24716359869221108
resnet18,guided_backprop,ISIC_0014546,-0.008542700936657585,-0.08455496375547453,0.09061538778677253,0.7669897627825818
resnet18,integrated_gradients,ISIC_0014546,0.17831434739212038,0.23210095583381232,0.3638199911408538,0.12252701611222104
resnet18,lrp,ISIC_0014546,0.02444878363530853,0.1387923394846059,0.35247395421697486,0.1699675149400757
resnet18,occlusion,ISIC_0014546,0.12248358486625249,0.20589047748334344,0.3049744016249562,-0.41565416814711437
resnet18,saliency,ISIC_0014546,0.12372148571058329,0.1886640859744832,0.29080474611104784,-0.08392026816928003
resnet18,deep_lift,ISIC_0014548,-0.26569016177998667,-0.11768438424122622,0.028577452324237453,-0.9440911392352578
resnet18,gradcam,ISIC_0014548,0.23642082317546664,0.020248645302858238,0.12607685067698043,1.6602888134199618
resnet18,guided_backprop,ISIC_0014548,0.09538818778388325,0.005641419624727391,0.18914256222729506,0.6234694751781549
resnet18,integrated_gradients,ISIC_0014548,0.038782944705850905,0.018789697105954368,0.1709857985952684,0.058842054941812015
resnet18,lrp,ISIC_0014548,-0.22892368397652,-0.11615938174777106,0.09097989568842126,-0.25993897663107346
resnet18,occlusion,ISIC_0014548,0.08182634670967016,0.09437673192807108,0.19353749957786157,0.11231177341711826
resnet18,saliency,ISIC_0014548,0.352255052421245,0.1855387924719076,0.28982544964072104,1.6939864204508848
resnet18,deep_lift,ISIC_0014559,0.1317472250571224,0.21467741801417856,0.3448712517763758,-0.3584451417729464
resnet18,gradcam,ISIC_0014559,0.24472042038608907,0.1912387993070755,0.292804096441974,0.65074749087131
resnet18,guided_backprop,ISIC_0014559,0.24348543027081865,0.12288193686822863,0.3048812840965121,0.9565561995576225
resnet18,integrated_gradients,ISIC_0014559,0.016642252098744346,0.09002241441269797,0.2020210058628362,0.09555540477776647
resnet18,lrp,ISIC_0014559,-0.0611313958573325,0.10575492761114433,0.32507163886932133,-0.3590647334705299
resnet18,occlusion,ISIC_0014559,0.31296131842901576,0.14602306555812095,0.22154066357743646,1.5507035222452439
resnet18,saliency,ISIC_0014559,0.3992046791879732,0.28611376243627934,0.38407121182977794,1.423234061533684
resnet18,deep_lift,ISIC_0014567,0.13391358443711815,0.04961143002885587,0.18144416386818116,1.0829573185287547
resnet18,gradcam,ISIC_0014567,-0.03710253462957543,-0.2594001758319597,-0.14891067714821185,1.0409117859782175
resnet18,guided_backprop,ISIC_0014567,0.07523662748907534,-0.013937395713914308,0.1564062635794692,0.9785791498032076
resnet18,integrated_gradients,ISIC_0014567,-0.009567045690336857,0.08025756990703048,0.20418302855284012,-0.1400729385526201
resnet18,lrp,ISIC_0014567,-0.02390158240534713,0.12193194175638662,0.33125797187195705,-0.15502053980697147
resnet18,occlusion,ISIC_0014567,0.16028792862570743,0.17917270211840922,0.28573315780590197,-0.06347010468271763
resnet18,saliency,ISIC_0014567,0.1872430151702999,0.098065989189384,0.19449856395796275,1.295851184446097
resnet18,deep_lift,ISIC_0014574,0.02552956498223411,0.025602343102732763,0.16105426010623772,0.3270391683240446
resnet18,gradcam,ISIC_0014574,-0.14275950522422218,-0.1860682711348914,-0.05235224158226719,-0.07988267312646552
resnet18,guided_backprop,ISIC_0014574,0.06101469523754087,0.027922822895472956,0.21114888169898693,0.6674172833405129
resnet18,integrated_gradients,ISIC_0014574,0.09886459494549654,0.06958590005230199,0.18966629128136525,0.7268970129578498
resnet18,lrp,ISIC_0014574,0.03246767341728382,0.13030766972644955,0.33896180845569207,0.19644995414208546
resnet18,occlusion,ISIC_0014574,-0.01271325409692828,0.024676366323155927,0.11998897991832333,-4.4607411989201796e-05
resnet18,saliency,ISIC_0014574,0.00608688461810957,0.11298325445835734,0.21425280815996525,-0.1555831842863088
resnet18,deep_lift,ISIC_0014575,0.00959746579503437,0.03126009301754293,0.16243744940986493,0.18271027494346076
resnet18,gradcam,ISIC_0014575,-0.0414732661976909,0.17526957665934595,0.21204986150605873,-0.32409293988516097
resnet18,guided_backprop,ISIC_0014575,0.06248826248698006,0.018631055917766922,0.19925358550219296,0.7423368647741138
resnet18,integrated_gradients,ISIC_0014575,0.0820630341644355,0.09646352572385827,0.21034737318413696,0.4931712582999068
resnet18,lrp,ISIC_0014575,0.11037405604229292,0.15759887710106724,0.3661746448987034,0.715127603157021
resnet18,occlusion,ISIC_0014575,0.2742133290446491,0.15279920158641866,0.25588699614640437,0.980020480915502
resnet18,saliency,ISIC_0014575,0.15781654609957219,0.11800225899584307,0.21291324450858495,0.9881617267927671
resnet18,deep_lift,ISIC_0014586,-0.2141765073439132,-0.15709099281736993,-0.025034780113071683,-0.4309753550792838
resnet18,gradcam,ISIC_0014586,-0.06638971916728843,0.049809804717218444,0.08180768354584095,-0.06728436823952264
resnet18,guided_backprop,ISIC_0014586,-0.3160348790561908,-0.2699397808027074,-0.09767303661462123,-0.641895030887208
resnet18,integrated_gradients,ISIC_0014586,-0.08410054693530028,0.022571769746812947,0.15987068686686837,-0.0004334193895545349
resnet18,lrp,ISIC_0014586,-0.12050358013723603,-0.07965109138059547,0.11916088307884734,0.4487944378216574
resnet18,occlusion,ISIC_0014586,-0.16397482478011308,-0.012575237771539599,0.06572327112335451,-0.7180607128649998
resnet18,saliency,ISIC_0014586,0.2258278023033951,0.09709396205656802,0.1813143924492455,1.2952069354974711
resnet18,deep_lift,ISIC_0014587,-0.05938053399777515,-0.0001396436808774482,0.14992954962063162,-0.22610779706729986
resnet18,gradcam,ISIC_0014587,0.030156562056119867,-0.0839469013130481,0.03183386827733824,0.8614789725213423
resnet18,guided_backprop,ISIC_0014587,0.16585661039646327,0.027414230945985867,0.19785422742997338,1.4394630050138841
resnet18,integrated_gradients,ISIC_0014587,0.11156158318675993,0.1133797977884378,0.22176456999386712,0.6735779586346928
resnet18,lrp,ISIC_0014587,0.06570673562339312,0.14553899973135964,0.35453166699740357,0.4399536952494781
resnet18,occlusion,ISIC_0014587,-0.03293339868039152,0.081510098572577,0.17205106323532035,-0.32706394483627715
resnet18,saliency,ISIC_0014587,-0.04954080307796296,0.03931793321303811,0.157905129590481,-0.31759248946054197
resnet18,deep_lift,ISIC_0014588,0.18644015521607085,0.05084561629843213,0.17620497820228298,1.4736498214463738
resnet18,gradcam,ISIC_0014588,0.025079640659808645,-0.08868396975413427,0.020699773529113345,0.7629406068581576
resnet18,guided_backprop,ISIC_0014588,-0.3207673271341382,-0.06909188906771295,0.1273435026031563,-1.8648295063253282
resnet18,integrated_gradients,ISIC_0014588,0.06070882182102036,0.08798590919213041,0.2040956845049152,0.3898675732660741
resnet18,lrp,ISIC_0014588,0.08977642181841765,0.12692682579054101,0.32149800245159976,0.6586267199140452
resnet18,occlusion,ISIC_0014588,0.3084741063612935,0.23038539080404608,0.3307784881448875,0.8462002425728298
resnet18,saliency,ISIC_0014588,3.427834098028718e-05,0.055619562743283626,0.17131418357135111,0.06267091308674966
resnet18,deep_lift,ISIC_0014590,-0.039734552200735906,0.031884672290181826,0.16650963927060328,-0.20283659957610373
resnet18,gradcam,ISIC_0014590,0.1005865307224795,-0.05622296285239157,0.05349334817055275,1.2528362969428701
resnet18,guided_backprop,ISIC_0014590,0.13884265086367584,0.17277340168927224,0.3720626486281801,-0.10530467909571287
resnet18,integrated_gradients,ISIC_0014590,0.03882945503689385,0.06686705837718758,0.1895627108041438,0.2521660987545614
resnet18,lrp,ISIC_0014590,0.1184112504809993,0.14651217805312547,0.33206201372166577,0.9177144399858721
resnet18,occlusion,ISIC_0014590,0.22033839073067216,0.11486761292939965,0.19345360856985877,1.4701905313679138
resnet18,saliency,ISIC_0014590,-0.007850998238414593,0.07067411934399592,0.17746416211292626,-0.11745284752847722
resnet18,deep_lift,ISIC_0014600,-0.007569869771140379,0.04908616975051536,0.1812081850887954,-0.01741833160161116
resnet18,gradcam,ISIC_0014600,0.23324034421364903,0.054428672123954316,0.14620673162987377,1.7989173051616985
resnet18,guided_backprop,ISIC_0014600,0.0710533314897377,0.012640537949301893,0.18121054417578275,0.7824846536380522
resnet18,integrated_gradients,ISIC_0014600,0.12259080100167653,0.11785511094177148,0.23128493768753813,0.7814699794331457
resnet18,lrp,ISIC_0014600,-0.054586880934250986,0.12567362602965795,0.31815017213608926,-0.35117885561644946
resnet18,occlusion,ISIC_0014600,0.5395203276488196,0.29440417252318596,0.3837051310439176,2.34010490749177
resnet18,saliency,ISIC_0014600,-0.20091112773018158,0.05790597421246497,0.17515236129229345,-1.5321832135206994
resnet18,deep_lift,ISIC_0014619,-0.11383892477142168,-0.02164538821228257,0.13010971678608452,-0.5630131753061307
resnet18,gradcam,ISIC_0014619,-0.02769328336075461,-0.0844142937261383,0.03204336499072911,0.3926282909238422
resnet18,guided_backprop,ISIC_0014619,-0.03758901501094311,-0.00375690293111508,0.18290286365279254,0.005856171660695404
resnet18,integrated_gradients,ISIC_0014619,0.2202951991432098,0.11732532665854957,0.2209610189444702,1.5069653156243907
resnet18,lrp,ISIC_0014619,0.019600421426092942,0.08285014719898352,0.2655841875748378,0.5786790270775315
resnet18,occlusion,ISIC_0014619,-0.050614098936390295,0.11918235144694787,0.2046138143256868,-0.6272814205955792
resnet18,saliency,ISIC_0014619,0.1373915116753782,0.0994967652000165,0.19801047940541996,0.9087225636706077
resnet18,deep_lift,ISIC_0014626,0.03711235584650692,0.04663698325886637,0.18065201725876825,0.3480647372372796
resnet18,gradcam,ISIC_0014626,0.20974349746867707,0.0036313586604870118,0.096486876607017,1.1138493060638577
resnet18,guided_backprop,ISIC_0014626,-0.17911482171205645,-0.04537483040905753,0.14657826714756822,-0.9420287554758012
resnet18,integrated_gradients,ISIC_0014626,0.09567051013339545,0.08189792753549477,0.2002139875587948,0.6598500415709367
resnet18,lrp,ISIC_0014626,0.050700956128644774,0.2585179255065972,0.4807806925510008,-0.6665842439280454
resnet18,occlusion,ISIC_0014626,0.30553354316557174,0.21272956678306124,0.30347207145790744,0.9437013340355941
resnet18,saliency,ISIC_0014626,0.30925805446855476,0.2903931352370396,0.3903429103260305,0.6370723468841486
resnet18,deep_lift,ISIC_0014627,-0.11175044909465495,0.015256977046838219,0.16124833822011342,-0.679584190687764
resnet18,gradcam,ISIC_0014627,-0.1302123511255463,0.07038400809248692,0.10765487509671974,-0.6486447371990225
resnet18,guided_backprop,ISIC_0014627,-0.20368154791261084,-0.04669534614849246,0.14645878746686752,-1.0110311333347006
resnet18,integrated_gradients,ISIC_0014627,-0.02734862926449459,0.06597297450876691,0.19275456636295696,-0.22744696606267217
resnet18,lrp,ISIC_0014627,-0.044639135246292615,0.11298242797853111,0.3093772502055528,0.09967302407910172
resnet18,occlusion,ISIC_0014627,-0.03046392663793783,-0.015854886666970307,0.08301438757252295,0.16207615107125328
resnet18,saliency,ISIC_0014627,0.1530889637146391,0.08236018446981141,0.18764495177843604,1.0905924199154666
resnet18,deep_lift,ISIC_0014629,0.09165715445188616,0.05866037210110844,0.18693462327921181,0.721776414502057
resnet18,gradcam,ISIC_0014629,0.014120124492034189,0.11147693329283863,0.13838574267745446,0.27684284900103867
resnet18,guided_backprop,ISIC_0014629,-0.01977630361707552,0.10884276295344665,0.30879744986391033,-1.0938313153147217
resnet18,integrated_gradients,ISIC_0014629,0.026850332727780982,0.059262844423154264,0.18058884330774475,0.21017769231405634
resnet18,lrp,ISIC_0014629,0.030820706114128956,0.12272913077516912,0.32477171027250534,0.30781837899976877
resnet18,occlusion,ISIC_0014629,-0.07822132908816481,-0.010373784063536267,0.09285690013409378,-0.28585765328009
resnet18,saliency,ISIC_0014629,0.03417365810123741,0.046033566234611835,0.160180396856605,0.3295264797036334
resnet18,deep_lift,ISIC_0014631,-0.16432146112657395,-0.028351440926486036,0.12878423646911621,-0.919059467687205
resnet18,gradcam,ISIC_0014631,-0.009264501523857412,-0.2625156564316886,-0.1424485786522697,1.2457096060093222
resnet18,guided_backprop,ISIC_0014631,-0.14327116432953876,-0.021356059341270134,0.17177226932808837,-0.7164320224231435
resnet18,integrated_gradients,ISIC_0014631,0.005723153637407844,0.05154694332038338,0.18627091629333745,0.09390301862821296
resnet18,lrp,ISIC_0014631,-0.045417270547613506,0.09598418995364276,0.30316972695557637,-0.15325408778296415
resnet18,occlusion,ISIC_0014631,0.09927812297065315,-0.0568764669858841,0.024885988870718783,1.2094376269300766
resnet18,saliency,ISIC_0014631,0.16103940671380776,0.09614779726634837,0.19549750126746518,1.09615953226679
resnet18,deep_lift,ISIC_0014634,-0.0643556245186354,0.016931091819298884,0.16038005830815052,-0.29909865672018765
resnet18,gradcam,ISIC_0014634,-0.1575062699176029,-0.3067747344850013,-0.19537453956612244,0.24019876010120292
resnet18,guided_backprop,ISIC_0014634,0.15959924988857246,0.11786415644779721,0.3014476116531781,0.1871515914760524
resnet18,integrated_gradients,ISIC_0014634,0.07136772283922298,0.1012791625993864,0.21619774892503252,0.4120076678155817
resnet18,lrp,ISIC_0014634,0.27262389508513724,0.30252402606534046,0.5176997599667421,0.529109484938809
resnet18,occlusion,ISIC_0014634,0.29782653103391077,0.20665604865269696,0.297122775698566,0.9564911425784522
resnet18,saliency,ISIC_0014634,0.2365017167967705,0.11518508930437081,0.20809484515430718,1.643296836845851
resnet18,deep_lift,ISIC_0014643,-0.08523004255069568,0.007395043747605701,0.1511674300222031,-0.44908701533613643
resnet18,gradcam,ISIC_0014643,-0.31033740215732203,-0.31164417069407147,-0.1724241635963096,-0.883696437767892
resnet18,guided_backprop,ISIC_0014643,-0.15290359850327978,-0.03627851195031543,0.1555201775351754,-0.7653501599418366
resnet18,integrated_gradients,ISIC_0014643,0.07567816131008248,0.21491292181824728,0.3544805047036215,-0.8093874139967289
resnet18,lrp,ISIC_0014643,0.11562765294160744,0.1369353112765766,0.339857191276189,0.8783577105955055
resnet18,occlusion,ISIC_0014643,-0.15366186746497582,0.0021058686930240773,0.10975769843202839,-0.9585724292365309
resnet18,saliency,ISIC_0014643,0.04918763137203387,0.06269930005190637,0.17464392324357153,0.3722266965569251
resnet18,deep_lift,ISIC_0014644,0.1699748009873161,0.11497708431179782,0.22492554819480567,1.1152189015703398
resnet18,gradcam,ISIC_0014644,-0.01922583783799572,-0.06492181170308246,0.05620540755493091,0.3486150381834469
resnet18,guided_backprop,ISIC_0014644,-0.014121768629200506,-0.007880087561339217,0.17434794127211387,0.21211029008344595
resnet18,integrated_gradients,ISIC_0014644,0.006786660895887494,0.06270895528576953,0.18691793153085698,0.02976942667615075
resnet18,lrp,ISIC_0014644,-0.10226788941822218,0.06110088006156852,0.26251772948435914,-0.585879004012362
resnet18,occlusion,ISIC_0014644,0.004824320987845365,0.051298486026587986,0.14232133848710687,0.030358897469423586
resnet18,saliency,ISIC_0014644,0.051887519816397124,0.039504502612352325,0.1598488713346524,0.4711677774435967
resnet18,deep_lift,ISIC_0014645,0.2680293588864367,0.22973856311415886,0.36415099350974894,0.5785662656223433
resnet18,gradcam,ISIC_0014645,0.2667273279854559,-0.07594813812442443,0.001721210057276742,2.5911671246712706
resnet18,guided_backprop,ISIC_0014645,-0.03952279806374959,-0.03713159684757404,0.14221607859933577,0.08464729183762194
resnet18,integrated_gradients,ISIC_0014645,0.23680873719196957,0.25899915485528413,0.3847833789782012,0.2406669199027269
resnet18,lrp,ISIC_0014645,-0.040734780983158324,0.10369140908708603,0.3134550161966524,-0.33725579743048184
resnet18,occlusion,ISIC_0014645,0.30592349885214365,0.08822241982148823,0.17141839358260683,2.2155654556972477
resnet18,saliency,ISIC_0014645,0.3160564355686345,0.23288437987995284,0.34575635476794864,0.9098397428683582
resnet18,deep_lift,ISIC_0014647,0.0815105784799925,0.01607408619225618,0.16969583492571053,0.8142338309766075
resnet18,gradcam,ISIC_0014647,-0.03062185971138456,0.21483420555681132,0.2542460890761103,-0.34758834841364306
resnet18,guided_backprop,ISIC_0014647,-0.03850341269478777,-0.03262653185523165,0.14503767243781598,0.08650699865842035
resnet18,integrated_gradients,ISIC_0014647,0.18164275078402514,0.09645276553371471,0.20558017679606042,1.2692468752155093
resnet18,lrp,ISIC_0014647,-0.3651086040980166,0.06089943953151105,0.29989827679723785,-2.6238809461455084
resnet18,occlusion,ISIC_0014647,0.18921339929778982,0.10401304991727385,0.17860832248368239,1.2828155785905553
resnet18,saliency,ISIC_0014647,0.036893868098528015,0.05255103361203211,0.16684610761770016,0.3118008381036598
resnet18,deep_lift,ISIC_0014648,-0.002599886299610358,0.0058102990286951475,0.1495457124950794,0.1819876713929753
resnet18,gradcam,ISIC_0014648,-0.1172358165021686,-0.2874875521158775,-0.1818871949050079,0.5072043051183938
resnet18,guided_backprop,ISIC_0014648,-0.36359486934640833,-0.09282374772940699,0.104935156250004,-2.146058603004456
resnet18,integrated_gradients,ISIC_0014648,0.047921358872552465,0.07378172094134232,0.19372002158525625,0.30571103377166486
resnet18,lrp,ISIC_0014648,-0.027493774566642815,0.13131600091245754,0.350473536381754,-0.30859757198493093
resnet18,occlusion,ISIC_0014648,0.1864532592196606,0.023631115535107675,0.09387526572391625,1.6218659587782462
resnet18,saliency,ISIC_0014648,-0.07259221601038633,0.014391874524740616,0.13806682057234987,-0.4071828072958039
resnet18,deep_lift,ISIC_0014649,-0.0162388752518502,0.029144355093180377,0.16162435082627405,-0.012214229814769297
resnet18,gradcam,ISIC_0014649,0.11681268667762384,-0.16828793947974444,-0.05401218626149562,1.093342463696726
resnet18,guided_backprop,ISIC_0014649,-0.08588990105889963,0.12525712110595819,0.3338708933782088,-1.3554126079786153
resnet18,integrated_gradients,ISIC_0014649,0.10684997775595387,0.2208213242734559,0.3509325150756292,-0.6567811529980911
resnet18,lrp,ISIC_0014649,-0.019618353332261942,0.11862099099698288,0.33146814196488017,-0.008028172293181255
resnet18,occlusion,ISIC_0014649,0.12434027220271997,0.03038635591562639,0.12181531053734601,1.1011227059517232
resnet18,saliency,ISIC_0014649,0.4628452813290054,0.2821246001143328,0.38273937077864467,1.8504052231728965
resnet18,deep_lift,ISIC_0014652,0.08738705171857351,0.18386762425350933,0.3482772139456312,-0.6359567180818684
resnet18,gradcam,ISIC_0014652,0.5110029342733652,0.607341313251722,0.6068001267458513,1.2343758573357286
resnet18,guided_backprop,ISIC_0014652,0.14635926067831664,0.10051289878514974,0.2829545665743991,0.1476174461578444
resnet18,integrated_gradients,ISIC_0014652,0.25620998903645736,0.27414674859509947,0.3973469561084975,0.3113235548210984
resnet18,lrp,ISIC_0014652,-0.019909983287366533,0.11840055373791739,0.3299886332491314,-0.24928966792715185
resnet18,occlusion,ISIC_0014652,0.14157254230295435,0.19095280873076717,0.29709020908988404,-0.18390200729263928
resnet18,saliency,ISIC_0014652,0.458571622442281,0.2865723141078995,0.3825919941209027,1.8110435444431432
resnet18,deep_lift,ISIC_0014653,-0.23281350076397295,-0.011707954191500359,0.14937279486748647,-1.513047517055521
resnet18,gradcam,ISIC_0014653,-0.03127985748194621,-0.00018527503997389262,0.023102830454937422,0.292041196907461
resnet18,guided_backprop,ISIC_0014653,0.08213395675509276,0.11020014776276443,0.29968006989700974,-0.3887138405135739
resnet18,integrated_gradients,ISIC_0014653,-0.10540335447282062,0.046784230808680084,0.18104227642846996,-0.7764262448143361
resnet18,lrp,ISIC_0014653,0.22317959984353275,0.2910202937632021,0.4952225621777148,-0.23307259093536134
resnet18,occlusion,ISIC_0014653,-0.08607997652984256,-0.06063433109721386,0.041526221277869105,-0.12062313047433473
resnet18,saliency,ISIC_0014653,0.3164863461925898,0.26780474098646323,0.3735960562383007,0.7935836366590404
resnet18,deep_lift,ISIC_0014663,0.06537048777313512,0.06124093824609421,0.20640358794651992,-0.4779357903480827
resnet18,gradcam,ISIC_0014663,0.2603246056608733,0.11883948705545923,0.22336884969422008,1.1039036383812038
resnet18,guided_backprop,ISIC_0014663,-0.21275739480584827,-0.14832466675180878,0.02656811727712746,-0.7478155449530188
resnet18,integrated_gradients,ISIC_0014663,0.371615881695145,0.160293433828734,0.2701757135204805,2.2686068699699784
resnet18,lrp,ISIC_0014663,-0.036239346760382075,0.12206595678129642,0.33239100296630025,-0.3338904255391831
resnet18,occlusion,ISIC_0014663,0.315713775756855,0.2664720348745107,0.3342830629646554,0.8677231306485542
resnet18,saliency,ISIC_0014663,0.1133634738603425,0.12478645418054068,0.21090982541662467,0.7234839962211282
resnet18,deep_lift,ISIC_0014666,-0.1396990940804247,0.03132264251195296,0.18922742185372796,-0.9515378079416977
resnet18,gradcam,ISIC_0014666,0.4421350346252026,0.18687773592103743,0.2490756284574462,2.076179178353962
resnet18,guided_backprop,ISIC_0014666,-0.06810916544911617,-0.05235881200496407,0.11889382366547803,-0.1775659584184971
resnet18,integrated_gradients,ISIC_0014666,0.2781989275663979,0.25877748518326116,0.38609084035162533,0.547269684500011
resnet18,lrp,ISIC_0014666,-0.07685278835599071,0.1291908805358448,0.3396266522880199,-0.6831319129386415
resnet18,occlusion,ISIC_0014666,0.08925723450611144,0.0660933984731715,0.15041087290263971,0.6616194005864515
resnet18,saliency,ISIC_0014666,0.042452641299048854,0.16208730456866136,0.2971018145612084,-0.9651405603865014
resnet18,deep_lift,ISIC_0014675,-0.021191836724507966,0.0031857756407895274,0.13785481034827768,-0.14020855343335092
resnet18,gradcam,ISIC_0014675,0.2536671832852842,-0.034916972927197455,0.050112359980311355,1.948133209049722
resnet18,guided_backprop,ISIC_0014675,0.02185464411482594,-0.06672385222019403,0.11426203086401127,0.32858825192154556
resnet18,integrated_gradients,ISIC_0014675,0.05184762790703398,-0.01093065591885282,0.12916787959946555,0.4720510556323709
resnet18,lrp,ISIC_0014675,-0.13906062389724472,-0.11613890836380918,0.08163588422164485,0.4557015987196296
resnet18,occlusion,ISIC_0014675,0.29519143633684125,0.08816807249850069,0.17010951043677783,1.8227566629622713
resnet18,saliency,ISIC_0014675,0.0947704090496014,0.03204611614056338,0.14090274902596447,0.6008981023501457
resnet18,deep_lift,ISIC_0014677,0.2249497309785772,0.082298269347964,0.22071023274437274,1.4788243259600669
resnet18,gradcam,ISIC_0014677,-0.31308124750624217,-0.26965097484121897,-0.17699290856461708,-0.7528255882856393
resnet18,guided_backprop,ISIC_0014677,-0.25493005543557407,-0.2607887945508703,-0.09102601218496219,-0.25450552625849354
resnet18,integrated_gradients,ISIC_0014677,0.21810737368009525,0.0733156183780393,0.21342388799242515,1.4908836597138966
resnet18,lrp,ISIC_0014677,-0.11166992164628045,-0.11396574356104963,0.07966438029939092,0.6208833559026142
resnet18,occlusion,ISIC_0014677,-0.055269883151946725,-0.08622470852708489,-0.004165131224030218,0.5799198204987648
resnet18,saliency,ISIC_0014677,0.15427492606190757,0.07261119183912815,0.16554462404105905,0.9117377250773373
resnet18,deep_lift,ISIC_0014687,-0.24595611535181633,-0.17310229891932064,-0.05237837868881676,-0.32156361875137884
resnet18,gradcam,ISIC_0014687,0.15157959954051406,0.1666878577222278,0.2745728510455798,0.3332917641804524
resnet18,guided_backprop,ISIC_0014687,-0.2781873324043369,-0.2962347801013364,-0.1313958150296943,-0.015403161297491594
resnet18,integrated_gradients,ISIC_0014687,0.07941414086526018,-0.045234717424405345,0.027571879888487208,2.210517368045002
resnet18,lrp,ISIC_0014687,-0.26442990417471185,-0.10585353743278544,0.10565725254442974,-0.5533062088953536
resnet18,occlusion,ISIC_0014687,0.4269622172934294,0.27510102819572363,0.3487580839559312,1.7005278967248803
resnet18,saliency,ISIC_0014687,-0.17123041167650946,-0.11608696718157539,-0.017853850174161932,-0.044406784852247125
resnet18,deep_lift,ISIC_0014693,0.13314356749555992,0.09408695640676384,0.22821654324222942,0.7567635331503468
resnet18,gradcam,ISIC_0014693,0.36440546183233613,0.15374923117234263,0.2634536633926947,1.6015059269360612
resnet18,guided_backprop,ISIC_0014693,-0.14980025263725982,-0.14215490760203264,0.02647394016227788,-0.19506363225369905
resnet18,integrated_gradients,ISIC_0014693,0.05545055695306003,0.12090337851402505,0.24238263494976522,0.5112916842542282
resnet18,lrp,ISIC_0014693,0.11312473628330809,0.25562801895291,0.47175773045192543,-0.5731012408496987
resnet18,occlusion,ISIC_0014693,0.31347526565920586,0.22148247209796348,0.31513584766189545,1.084835563010781
resnet18,saliency,ISIC_0014693,0.22895955906967838,0.25042310675822566,0.350852250175977,0.23818074150444318
resnet18,deep_lift,ISIC_0014695,0.08616242030366092,0.1085066781037359,0.21227622055941553,0.5645320858225505
resnet18,gradcam,ISIC_0014695,0.43472156589679334,0.24927228072198532,0.35204981361760235,1.807772448522576
resnet18,guided_backprop,ISIC_0014695,0.09632678956651314,0.08574685014091094,0.2737700030226093,-0.16359984694292282
resnet18,integrated_gradients,ISIC_0014695,0.0472715513656135,0.08805741419460335,0.2036182762475929,0.41682122833760205
resnet18,lrp,ISIC_0014695,0.0811242111605474,0.1300182339466866,0.332677473122768,0.5236601430126555
resnet18,occlusion,ISIC_0014695,0.33441186332821476,0.21794307642597235,0.29060673378254653,1.3913548298673841
resnet18,saliency,ISIC_0014695,0.3023203771075117,0.2601076312742074,0.38201974106413045,0.779718390334947
resnet18,deep_lift,ISIC_0014697,-0.09177261146528981,-0.11056344452367962,-0.010577018288549109,0.6286324113564145
resnet18,gradcam,ISIC_0014697,-0.05130192728109671,-0.21367433424398294,-0.11240062372809607,0.9142787636230414
resnet18,guided_backprop,ISIC_0014697,-0.1308002586081553,-0.2376129810978455,-0.07489319651938203,0.7143523457911304
resnet18,integrated_gradients,ISIC_0014697,-0.342360120337914,-0.17092471612762486,-0.05122972440451349,-1.0786255135839227
resnet18,lrp,ISIC_0014697,-0.3028360336525095,-0.1665938218260671,0.029628670146396016,-0.3106368787041138
resnet18,occlusion,ISIC_0014697,0.17044611860328843,-0.005744642129478762,0.0718519665864195,1.7911492275480854
resnet18,saliency,ISIC_0014697,-0.015280306661358148,-0.09122639999595439,-0.008124550557570602,1.1057835525198914
resnet18,deep_lift,ISIC_0014698,-0.21243814782569628,-0.15929990792713322,-0.05536298708549919,-0.1541979059333357
resnet18,gradcam,ISIC_0014698,-0.03459843364643627,-0.0769909156703658,0.05493410936464636,-0.23438155703435415
resnet18,guided_backprop,ISIC_0014698,0.03763307488867148,-0.05444151881494827,0.12605119321940322,0.48233625992308377
resnet18,integrated_gradients,ISIC_0014698,0.19501671034463525,0.05449361695387039,0.1459047731862044,1.3168646483485422
resnet18,lrp,ISIC_0014698,-0.3653015156189332,-0.1291356492518547,0.07126644042746737,-0.0919420739647149
resnet18,occlusion,ISIC_0014698,0.2400298996506043,0.15061073091024887,0.23076087229607523,0.805465807915058
resnet18,saliency,ISIC_0014698,-0.06914061607963105,-0.10675804988014148,-0.012515408970333906,0.7321745591397432
resnet18,deep_lift,ISIC_0014703,0.07383356840429965,0.10062083365023713,0.23918874202307552,0.5468180423733088
resnet18,gradcam,ISIC_0014703,-0.05236468980616118,0.08315484282470001,0.20777989038629552,-1.171539640785752
resnet18,guided_backprop,ISIC_0014703,0.013812211499895633,0.04068859348617179,0.22789718734241518,-0.5458222710670235
resnet18,integrated_gradients,ISIC_0014703,0.26988364094912,0.2567997705130093,0.39506110991108756,0.577907228286152
resnet18,lrp,ISIC_0014703,0.2215013324561717,0.2959324124599352,0.5165952846749715,0.15850369703108907
resnet18,occlusion,ISIC_0014703,0.10391797047653129,0.1620817981956247,0.25236772715889855,-0.2593800590639258
resnet18,saliency,ISIC_0014703,0.05280042271474268,0.21370435354418615,0.32338523461866764,-0.9364998663358871
resnet18,deep_lift,ISIC_0014720,-0.29158838410291066,-0.20702506079911073,-0.06547719383331124,-0.5554279847274526
resnet18,gradcam,ISIC_0014720,0.17616968198561556,0.1814753038317456,0.19983697164672806,0.6090829978229678
resnet18,guided_backprop,ISIC_0014720,-0.0296506330304661,-0.19925450361599675,-0.05285312421708023,1.7158653628094904
resnet18,integrated_gradients,ISIC_0014720,-0.2695529284697633,-0.15656010440849452,-0.0249613391100925,-0.631870650819125
resnet18,lrp,ISIC_0014720,-0.20880077286259746,-0.11447032754890418,0.08127785257485455,0.04013418936136088
resnet18,occlusion,ISIC_0014720,0.20727157900621007,0.09976567741320375,0.18000441397936312,1.078370294637225
resnet18,saliency,ISIC_0014720,0.1363391457417857,0.10114390903906609,0.18448940152400084,0.6328093556459725
resnet18,deep_lift,ISIC_0014725,-0.21085417819669244,-0.13867814186802022,-0.02943854777187066,-0.19481941515178341
resnet18,gradcam,ISIC_0014725,0.2492599009183582,0.029699348926046424,0.11248547053178301,1.6512786305120253
resnet18,guided_backprop,ISIC_0014725,-0.11576017160195852,-0.11997745973611848,0.061743590596030185,-0.5741694036983411
resnet18,integrated_gradients,ISIC_0014725,-0.14038967161136942,-0.12583293173761886,-0.023303479410101677,0.2875374769571779
resnet18,lrp,ISIC_0014725,0.08953550659987072,0.06613181991082702,0.2664406971072934,0.630453947142574
resnet18,occlusion,ISIC_0014725,0.1955029771188331,0.1332095032298387,0.20664923160407075,0.7049605270750482
resnet18,saliency,ISIC_0014725,0.1201125342515805,0.06963200609649671,0.16499143357908858,0.6644180433026537
resnet18,deep_lift,ISIC_0014727,0.021841098605425446,0.011625461363028403,0.16317318773640102,0.37396668750439177
resnet18,gradcam,ISIC_0014727,0.05076180615361681,-0.10515591832516286,0.016124659623957996,0.2604859382639197
resnet18,guided_backprop,ISIC_0014727,-0.010844358224987282,-0.05252651321341957,0.11254084710884725,0.7468584739029039
resnet18,integrated_gradients,ISIC_0014727,0.017507827034637463,0.09210349811712429,0.22038619735570955,0.0684479996707967
resnet18,lrp,ISIC_0014727,0.18498520786989017,0.28380983151800887,0.48361049763553793,0.5378220515469877
resnet18,occlusion,ISIC_0014727,0.25127463910919207,0.169398930558012,0.27379573920348593,0.7317391961654816
resnet18,saliency,ISIC_0014727,0.26851501155505253,0.22183845249922343,0.3408258411024512,0.5880835471103532
resnet18,deep_lift,ISIC_0014728,-0.30392343592815513,-0.2022613653887663,-0.06976434525306728,-0.6616674032154446
resnet18,gradcam,ISIC_0014728,-0.025103280594277234,-0.09002407043391283,0.03327490011921224,-0.014794372986615834
resnet18,guided_backprop,ISIC_0014728,-0.2402947127784649,-0.14317433936122323,0.036961177268174356,-1.1536267293021099
resnet18,integrated_gradients,ISIC_0014728,-0.3003651671795266,-0.17283319440688827,-0.05388612003249299,-0.7644410318901198
resnet18,lrp,ISIC_0014728,-0.2617922244681459,-0.10118338983872158,0.11216097757004155,-0.5578184560207244
resnet18,occlusion,ISIC_0014728,0.09036519706314293,0.16094828603219974,0.2591511393169394,-0.254012440868251
resnet18,saliency,ISIC_0014728,0.10545500792983355,0.04988437699800026,0.14754618103218706,0.5810958550938031
resnet18,deep_lift,ISIC_0014729,-0.1417751003600826,-0.13598957368221018,-0.015397265585147103,0.1448876916865422
resnet18,gradcam,ISIC_0014729,-0.017982719218642924,0.07441069480062396,0.18207694227221352,-0.6953217184343814
resnet18,guided_backprop,ISIC_0014729,-0.3091681454910514,-0.2456030287066646,-0.06322942413091967,-0.6384998436983984
resnet18,integrated_gradients,ISIC_0014729,0.10893923221103702,0.04643030848807888,0.16530638651421994,0.6420345068489661
resnet18,lrp,ISIC_0014729,-0.15143971912727874,-0.08872466463813271,0.1167825951433191,0.28299371506233734
resnet18,occlusion,ISIC_0014729,0.36224254513296383,0.1807858706111023,0.24795302643195333,1.7810033203273454
resnet18,saliency,ISIC_0014729,0.1457202712282274,0.03822738208021688,0.14194203301856936,0.9696039700545492
resnet18,deep_lift,ISIC_0014740,-0.3646666592305268,-0.19122667595942153,-0.04957314560952963,-1.2158718873942211
resnet18,gradcam,ISIC_0014740,-0.15634391138374715,-0.1024731252781927,-0.0006582861379861638,-0.3125452962672213
resnet18,guided_backprop,ISIC_0014740,-0.21990240221222443,-0.2500753661613649,-0.08236854087012518,-0.009224906158516781
resnet18,integrated_gradients,ISIC_0014740,-0.4213799843412552,-0.16529184440198352,-0.030614414866973354,-1.697426151694177
resnet18,lrp,ISIC_0014740,-0.140764219728693,-0.09229769802278229,0.09618857073483587,0.442448371007552
resnet18,occlusion,ISIC_0014740,0.28774996423734545,0.20963634084494276,0.3086897671981353,0.903191945243438
resnet18,saliency,ISIC_0014740,-0.11067551988219176,0.03202838364486616,0.14226149547542993,-1.0519076677004118
resnet18,deep_lift,ISIC_0014743,-0.1335990928156375,-0.03434872743893119,0.11830992051025745,-0.944308790907091
resnet18,gradcam,ISIC_0014743,-0.1934323104458468,-0.08752210126188761,0.037043894576032375,-1.3083635914609095
resnet18,guided_backprop,ISIC_0014743,-0.01023596275106475,-0.09029910539083894,0.07698152180006282,0.16496827965280222
resnet18,integrated_gradients,ISIC_0014743,-0.2586703157532771,-0.012514509786015255,0.13672189833031329,-2.0370934700179744
resnet18,lrp,ISIC_0014743,0.00033592998758562304,-0.06662526353692998,0.11743707050842637,1.6302708911467028
resnet18,occlusion,ISIC_0014743,0.258221578976307,0.13732772895635942,0.21751079327625097,1.2004957806840362
resnet18,saliency,ISIC_0014743,-0.14393761623092596,0.0294475989624227,0.1538625418081169,-1.2944509388137726
resnet18,deep_lift,ISIC_0014746,-0.22158348237558617,-0.15466021168611885,-0.025671660783289096,-0.25879374123836435
resnet18,gradcam,ISIC_0014746,0.1403573309222282,-0.05938567671056436,0.0393712364024074,1.0472377572818006
resnet18,guided_backprop,ISIC_0014746,-0.27424150250479395,-0.27174715995200766,-0.10786294452200147,0.193533958414878
resnet18,integrated_gradients,ISIC_0014746,0.0311389924862214,0.02709606091148844,0.1532257563631276,0.08532673029113527
resnet18,lrp,ISIC_0014746,-0.21290858954822448,-0.06671067164292971,0.14442349882601582,-0.47692275598453915
resnet18,occlusion,ISIC_0014746,-0.12460841635700558,-0.007941062206765243,0.06998452840433371,-0.49946920322382893
resnet18,saliency,ISIC_0014746,-0.12534927588824302,0.03149907534929004,0.14856448162955724,-1.248551123123346
resnet18,deep_lift,ISIC_0014749,-0.0987874881609369,-0.15649713235901327,-0.04655917580916755,0.6953598820151957
resnet18,gradcam,ISIC_0014749,-0.1086938537980294,-0.003512400467840583,0.09901148568429698,-0.9197495129328082
resnet18,guided_backprop,ISIC_0014749,-0.29543862582798164,-0.2893781198207159,-0.11866196795167981,-0.3850387473117272
resnet18,integrated_gradients,ISIC_0014749,-0.23754173861405345,-0.14633458629621204,-0.038762441663971484,-0.4159431081952971
resnet18,lrp,ISIC_0014749,-0.20412299994767102,-0.15853892500686262,0.03691422109685228,0.07393536355510161
resnet18,occlusion,ISIC_0014749,0.29868763186137115,0.19244838418364182,0.2683007707476712,1.1605295669819427
resnet18,saliency,ISIC_0014749,0.024455395511762693,-0.033095557543514655,0.08642944498376393,0.3047576300031439
resnet18,deep_lift,ISIC_0014753,0.021076021070502878,0.03793277926554171,0.181547283305701,0.25257107994065825
resnet18,gradcam,ISIC_0014753,0.19772855644137272,-0.06944419187610457,0.01700826503895246,1.9813389829328982
resnet18,guided_backprop,ISIC_0014753,-0.02066421578488472,-0.06969915201422701,0.09823836470712499,0.2845244920671659
resnet18,integrated_gradients,ISIC_0014753,0.3038793185118911,0.2767331532979938,0.40459917090745773,0.6947304214541359
resnet18,lrp,ISIC_0014753,-0.08523813566587428,0.09191708505649288,0.2957430731377383,-0.5335736698045919
resnet18,occlusion,ISIC_0014753,0.2261610386904044,0.23325425081115386,0.3169356907614349,0.22876852912486356
resnet18,saliency,ISIC_0014753,0.3746151085156881,0.3057395177919088,0.39861055195896816,1.0890690967350158
resnet18,deep_lift,ISIC_0014755,-0.11371604453992888,-0.003971796378418884,0.1437205393098548,-0.8409062383467105
resnet18,gradcam,ISIC_0014755,0.22767294019883866,-0.03526118955164842,0.0500457566500815,1.4581598202996957
resnet18,guided_backprop,ISIC_0014755,-0.22932139254027287,-0.2595881584301749,-0.09747093055632024,-0.05785280945877044
resnet18,integrated_gradients,ISIC_0014755,-0.0022904071773145736,0.033786077642094244,0.17364061918601442,-0.18184999925671613
resnet18,lrp,ISIC_0014755,0.10046581775558487,0.09270531316997087,0.29427621892314104,0.6323337420200715
resnet18,occlusion,ISIC_0014755,0.021759710861904556,0.16769397046235274,0.27997555679468356,-0.9313629290970578
resnet18,saliency,ISIC_0014755,-0.23774677401513578,-0.08696799015021243,0.03640058644590171,-0.8653550208284162
resnet18,deep_lift,ISIC_0014765,-0.11726940743028863,-0.029550840442903348,0.11831905199698185,-0.7604673682989942
resnet18,gradcam,ISIC_0014765,0.014380487409198681,-0.12561170952352388,-0.039762166605182205,0.41448573645294134
resnet18,guided_backprop,ISIC_0014765,0.059774413461109045,-0.051037820698425385,0.12784270145497953,0.6222529514090962
resnet18,integrated_gradients,ISIC_0014765,-0.008913128759797368,-0.015429072777171484,0.13242596385854688,-0.14322137433922613
resnet18,lrp,ISIC_0014765,-0.09599235511959323,-0.08436752044748477,0.11736634047716489,0.693595114555498
resnet18,occlusion,ISIC_0014765,0.11808195547244138,-0.025620235553912338,0.04523225353925542,1.583035469388956
resnet18,saliency,ISIC_0014765,0.008785811764910391,0.001062968074329291,0.11622712020557471,-0.021248809089894613
resnet18,deep_lift,ISIC_0014766,-0.05720121865586612,-0.009624576614279717,0.14226758711218304,-0.1925255156071507
resnet18,gradcam,ISIC_0014766,0.08618627579722633,0.14057126890847288,0.26947813050223207,-0.4052714678335398
resnet18,guided_backprop,ISIC_0014766,-0.04427600638058133,0.0535001957560766,0.2443934981347989,-1.2289290795251613
resnet18,integrated_gradients,ISIC_0014766,0.032139064906824034,0.19553050974800792,0.34292627096272676,-1.1151019063429048
resnet18,lrp,ISIC_0014766,0.07348980789991842,0.12558818295809424,0.3259009632415159,0.543803596533719
resnet18,occlusion,ISIC_0014766,0.1855312156421372,0.26521969245855753,0.357484434495049,-0.2267231251773399
resnet18,saliency,ISIC_0014766,0.12532512797609363,0.20950018656702948,0.3342239383523947,-0.46587103021010606
resnet18,deep_lift,ISIC_0014768,0.11250364464959271,0.021615882179079546,0.1785743677437124,0.8650392171971758
resnet18,gradcam,ISIC_0014768,0.09013854756023193,-0.13196399405141876,-0.028344577210686624,1.085111891188116
resnet18,guided_backprop,ISIC_0014768,-0.21576354546249035,-0.22543171902878584,-0.047137307141691405,0.0018384394293242657
resnet18,integrated_gradients,ISIC_0014768,0.06287757126508844,0.031756607812103065,0.18507676555601343,0.3831645577101625
resnet18,lrp,ISIC_0014768,-0.04294046327295441,0.03973359446173222,0.2554693236268912,-0.26407620694434675
resnet18,occlusion,ISIC_0014768,-0.06787191183479425,-0.06540861971257778,0.008990055632206485,0.4913415829375258
resnet18,saliency,ISIC_0014768,0.05873201411761577,-0.0018577582647915235,0.12001638345744914,0.3982049441703691
resnet18,deep_lift,ISIC_0014772,-0.05841607168728153,-0.001076718358117974,0.13420948894859436,-0.4110186645818318
resnet18,gradcam,ISIC_0014772,0.3341701738376151,0.16666773796964204,0.2503091567795357,1.5390822348424509
resnet18,guided_backprop,ISIC_0014772,-0.04979304752455098,-0.09536875620918779,0.08322946932369438,-0.13427851437307062
resnet18,integrated_gradients,ISIC_0014772,0.09197815802895891,0.05111748585508852,0.1711337160537779,0.5779725237877016
resnet18,lrp,ISIC_0014772,-0.11824339293490192,-0.12718370268165627,0.0549413381908912,0.7449977608158143
resnet18,occlusion,ISIC_0014772,0.1903654637449367,0.17491257589354195,0.26503173385748474,0.5585898970285337
resnet18,saliency,ISIC_0014772,-0.01834442097847605,0.06339580156573929,0.16832890603923123,-0.43676298137100106
resnet18,deep_lift,ISIC_0014773,-0.039004782240527495,-0.06925610008796156,0.0819020468042276,-0.08998144236183965
resnet18,gradcam,ISIC_0014773,0.2552650545456859,-0.03331621964989296,0.07138452226379698,1.9483732818252844
resnet18,guided_backprop,ISIC_0014773,0.013478044515020864,-0.0778453598471693,0.0988667005155641,0.39692056078417465
resnet18,integrated_gradients,ISIC_0014773,0.19480781198054517,0.02311587087511686,0.14201591874738684,1.3954675520061033
resnet18,lrp,ISIC_0014773,-0.27578972266248725,-0.12223162625619138,0.08074999439044653,-0.6096190172416277
resnet18,occlusion,ISIC_0014773,0.22055510246744883,0.15204556321288096,0.2538021384227161,0.7754753157155088
resnet18,saliency,ISIC_0014773,0.06288586403794084,-0.0451548642312368,0.0346873211622015,1.4360913719101078
resnet18,deep_lift,ISIC_0014780,-0.04552733702369664,-0.13106064803463818,-0.031236284042340717,1.0156514310982523
resnet18,gradcam,ISIC_0014780,0.23737421019352337,0.09018081819549191,0.18207787592364613,1.1523774683363828
resnet18,guided_backprop,ISIC_0014780,-0.13484014920887433,-0.10062574808394857,0.08876737648249426,-0.6924251026505563
resnet18,integrated_gradients,ISIC_0014780,-0.08849638211151374,-0.06425791120812892,0.07296440838377863,-0.4317206182558776
resnet18,lrp,ISIC_0014780,-0.050900178072396586,-0.08135685049827522,0.11321968876179395,0.9972297513778758
resnet18,occlusion,ISIC_0014780,0.4335918992239596,0.22990690611892392,0.2995707831202091,2.0460995980454495
resnet18,saliency,ISIC_0014780,0.0444350102280443,0.059211853126395264,0.16740220179098858,0.0786116320859068
resnet18,deep_lift,ISIC_0014784,0.216620464858503,0.1818408191335199,0.3279708415337303,0.35662116113239073
resnet18,gradcam,ISIC_0014784,0.1977500785577916,0.07347936402644326,0.1825931772902061,0.5700630024026945
resnet18,guided_backprop,ISIC_0014784,-0.3052560781535551,-0.11631153442103498,0.07439883885682111,-1.695052496228702
resnet18,integrated_gradients,ISIC_0014784,-0.025636520456096663,0.1971223817753691,0.3442796410258437,-1.5501240321228127
resnet18,lrp,ISIC_0014784,-0.09981537754188081,0.12439757837239863,0.34955626679327584,-0.8320312976282852
resnet18,occlusion,ISIC_0014784,0.280311728268414,0.23005075985711967,0.32110377123137057,0.5825989038719459
resnet18,saliency,ISIC_0014784,0.012589234208320182,0.0773986110673444,0.1835972998081255,0.02731625194875639
resnet18,deep_lift,ISIC_0014786,0.07621861458972809,0.17518113243358976,0.3395387598218177,-0.5719553793357415
resnet18,gradcam,ISIC_0014786,0.2673252788581824,0.20828496383638131,0.3180922901974585,0.6026457558290728
resnet18,guided_backprop,ISIC_0014786,-0.06310645330410854,0.017936941422562823,0.20841221152923756,-1.0477125360793718
resnet18,integrated_gradients,ISIC_0014786,0.13728985386809073,0.20243335449830108,0.36229959997190847,-0.24269333150573597
resnet18,lrp,ISIC_0014786,0.16611747634904866,0.2764881688114269,0.4954183052745077,-0.22281794732459742
resnet18,occlusion,ISIC_0014786,0.21927299679774134,0.1918368363991977,0.28704144193813613,0.500533609344985
resnet18,saliency,ISIC_0014786,0.14104901787206509,0.18938705518452498,0.3096669804398887,-0.1388909110827819
resnet18,deep_lift,ISIC_0014787,-0.31854945277045643,-0.20780789005428196,-0.06821996665733127,-0.7585294335913503
resnet18,gradcam,ISIC_0014787,0.1441310793781867,0.011418375301529208,0.12575538943811368,0.7817604996920964
resnet18,guided_backprop,ISIC_0014787,-0.18212838325420547,-0.14586478299142502,0.03476094062395539,-0.9831689763327031
resnet18,integrated_gradients,ISIC_0014787,-0.2137096350582413,-0.16115425839010622,-0.038235668339545247,-0.2946238576084913
resnet18,lrp,ISIC_0014787,-0.37596787590664127,-0.17095817612379655,0.021131333908661752,-0.7615495443374671
resnet18,occlusion,ISIC_0014787,0.14122327959550593,-0.015336860352409413,0.05560732650720996,1.7689252625666787
resnet18,saliency,ISIC_0014787,-0.008966183708872227,0.019663953577927183,0.13687617345375488,-0.24318116940361675
resnet18,deep_lift,ISIC_0014790,-0.16354608505978652,-0.003058511511852558,0.12582874912218653,-1.2476356742285566
resnet18,gradcam,ISIC_0014790,0.10985479792267487,-0.01141999109147589,0.06162639867070336,1.3442709890821858
resnet18,guided_backprop,ISIC_0014790,-0.18386647353887473,-0.09539323628857888,0.09895747663001488,-1.0527241298074625
resnet18,integrated_gradients,ISIC_0014790,-0.09077867014232048,-0.019191399380965965,0.11145322879988694,-0.6349071599788727
resnet18,lrp,ISIC_0014790,0.08422138869031755,0.1094961502716054,0.32003733545303376,0.2783235064907508
resnet18,occlusion,ISIC_0014790,0.25337596727612605,0.19703005036363055,0.28217893437190156,0.7009592545184269
resnet18,saliency,ISIC_0014790,-0.26530186536949246,-0.15239003784202954,-0.03086523978071651,-0.6620569698927282
resnet18,deep_lift,ISIC_0014792,-0.07451791890884017,-0.05655822179408566,0.10246466533156384,-0.389489008433572
resnet18,gradcam,ISIC_0014792,0.08258339617258612,0.02067157979551853,0.13970702950449432,0.11415886091324517
resnet18,guided_backprop,ISIC_0014792,-0.22536065080375386,-0.2135948449125617,-0.038462175458615334,-0.08691025801108626
resnet18,integrated_gradients,ISIC_0014792,0.018230464722874387,-0.014644139188765722,0.14464161154374597,0.11877657965356324
resnet18,lrp,ISIC_0014792,-0.31509813697712646,-0.12268725163334214,0.09298941268800041,-0.8573306509173951
resnet18,occlusion,ISIC_0014792,0.04519615271235529,0.09589660976578131,0.19057062252571008,-0.5017893104149738
resnet18,saliency,ISIC_0014792,-0.2039323617908462,-0.06701364828583582,0.024609010174920832,-0.5103127287757397
resnet18,deep_lift,ISIC_0014796,-0.1890460829602415,-0.03599221526161213,0.13614062206403793,-1.2727062845551593
resnet18,gradcam,ISIC_0014796,0.03322336198104699,-0.053558723972829396,0.06540738094293827,0.3037482927364908
resnet18,guided_backprop,ISIC_0014796,0.035925324291747995,-0.08011827097109069,0.09154995432751846,0.5211996057702325
resnet18,integrated_gradients,ISIC_0014796,-0.15623591999048336,-0.008139055626082385,0.1595310303881341,-1.1043171169270918
resnet18,lrp,ISIC_0014796,-0.5278734548992389,-0.14654129515970657,0.07769022980102613,-1.7866720432125878
resnet18,occlusion,ISIC_0014796,0.2282272292940646,0.20622987667132306,0.2984252272259228,0.6443568203721269
resnet18,saliency,ISIC_0014796,0.03505094558221313,0.04500257999796304,0.14989959672169603,0.03930947587072303
resnet18,deep_lift,ISIC_0014798,-0.05440126723860488,-0.14721221289705816,-0.04160834964175713,1.0063154266191114
resnet18,gradcam,ISIC_0014798,0.24619598649238544,-0.06373150446245557,0.037270855019349514,1.9299177319269345
resnet18,guided_backprop,ISIC_0014798,-0.41672380701828654,-0.3077883668830883,-0.12632620735511274,-1.2917450216728308
resnet18,integrated_gradients,ISIC_0014798,-0.07649994836793013,-0.12109881236554922,-0.022629777109846504,0.5689977614532086
resnet18,lrp,ISIC_0014798,-0.08552228544879281,-0.10714124600434605,0.08406783331794454,0.8035380700391623
resnet18,occlusion,ISIC_0014798,0.07767122908896666,-0.015848293089980533,0.06921126470019066,1.1377319556764167
resnet18,saliency,ISIC_0014798,0.03387620881042918,0.04302917930576046,0.14483059215702523,0.07503533932618822
resnet18,deep_lift,ISIC_0014800,-0.1802773403298458,0.03435414768711224,0.17234203253687574,-1.1836799528876225
resnet18,gradcam,ISIC_0014800,0.2223157266164068,0.23266721187732672,0.33913235729385155,0.2663286035948433
resnet18,guided_backprop,ISIC_0014800,0.32666497326604055,0.1277586698720126,0.29933998063075334,1.4510258544335544
resnet18,integrated_gradients,ISIC_0014800,0.09447786902302385,0.1948875424840176,0.3427311491530015,-0.47738742739625367
resnet18,lrp,ISIC_0014800,0.08234111312854028,0.13132190594935084,0.33742818696212434,0.6017691264516432
resnet18,occlusion,ISIC_0014800,0.33843297595258903,0.23015383820301583,0.3130480504293172,1.306572049864046
resnet18,saliency,ISIC_0014800,0.22304969975431077,0.19465010609245018,0.3210285266974775,0.45903951072192023
resnet18,deep_lift,ISIC_0014807,-0.0760202370855063,-0.14758437517730208,-0.02199443126127573,0.8899157895675737
resnet18,gradcam,ISIC_0014807,0.12978438110111784,0.03373077367389946,0.11262554474794802,0.6158436761642663
resnet18,guided_backprop,ISIC_0014807,0.04048065798704484,-0.09075245085855502,0.07499296139939018,0.5201237505748322
resnet18,integrated_gradients,ISIC_0014807,-0.24866573764182393,-0.16674654294824687,-0.04255846364358369,-0.4105158892198972
resnet18,lrp,ISIC_0014807,-0.4670507048629096,-0.11215591122234278,0.08531615620643442,-0.4692347026294467
resnet18,occlusion,ISIC_0014807,0.4243455602464801,0.21006843309876688,0.2730664691149068,2.144793480300453
resnet18,saliency,ISIC_0014807,-0.215588799025892,-0.13403130451105136,-0.04073856233643835,-0.3071890675151957
resnet18,deep_lift,ISIC_0014814,0.102383651904805,-0.020054891332883365,0.09753880362459996,0.8800074506374048
resnet18,gradcam,ISIC_0014814,0.1893222131523948,-0.09742247259044423,0.010879977715731133,1.680522070617129
resnet18,guided_backprop,ISIC_0014814,-0.18913297345079833,-0.13620711924610956,0.04613764670599953,-0.8716533235359086
resnet18,integrated_gradients,ISIC_0014814,-0.010296241971428999,-0.10472213628052991,-0.014271044503155608,1.1571492278112927
resnet18,lrp,ISIC_0014814,-0.32777563799550236,-0.12144891531802507,0.09408683783568944,-0.9563634138439137
resnet18,occlusion,ISIC_0014814,-0.20584283088566852,-0.10241085626833113,-0.011408968264700135,-0.6017625074555961
resnet18,saliency,ISIC_0014814,0.13060499434931283,0.05139975964682733,0.1538342256657087,0.8128886840140844
resnet18,deep_lift,ISIC_0014815,-0.2533173082449742,-0.1910992750601879,-0.058370934331788145,-0.4475330122145465
resnet18,gradcam,ISIC_0014815,0.41194652780712165,0.18114524966307488,0.26018245274847274,2.438052214697089
resnet18,guided_backprop,ISIC_0014815,-0.0537383013316774,-0.07360421226758052,0.11096618345409574,-0.22867432769237628
resnet18,integrated_gradients,ISIC_0014815,0.017107681353244326,0.004184655983277897,0.13448876292512135,-0.051671136741318076
resnet18,lrp,ISIC_0014815,0.21190963493249296,0.08660586883139469,0.2828613591057678,1.4677634468892982
resnet18,occlusion,ISIC_0014815,0.2186780516961769,0.1761566508220014,0.2545513581645521,0.6726292358678806
resnet18,saliency,ISIC_0014815,0.2054812884044064,0.08310733995734718,0.1800115052771434,1.2222766903444242
resnet18,deep_lift,ISIC_0014820,-0.021055237012364794,-0.05204308149130703,0.07253549676845489,0.03871089277714802
resnet18,gradcam,ISIC_0014820,0.1503975801547982,-0.08626142694874075,0.013370683031908798,1.292906625663874
resnet18,guided_backprop,ISIC_0014820,-0.11514758115131522,-0.08069061822514627,0.11313571220259677,-0.5769680464145434
resnet18,integrated_gradients,ISIC_0014820,-0.26786544499797427,-0.2168345516098145,-0.09020667789900128,-0.38280728100008343
resnet18,lrp,ISIC_0014820,0.10660747226307599,-0.05506292294780105,0.11787627995862189,2.1318915662389526
resnet18,occlusion,ISIC_0014820,-0.04132754241162615,-0.11172333021460498,-0.026378456458835353,0.7892697208927154
resnet18,saliency,ISIC_0014820,-0.16606835814012302,-0.20251102123486225,-0.08240283035091561,0.37459054278951964
resnet18,deep_lift,ISIC_0014822,0.11495591178057585,0.05339920240836975,0.15340674939210402,0.6145530911961892
resnet18,gradcam,ISIC_0014822,0.0962076221963454,-0.02755259890086061,0.07296134555109664,0.7428817691514318
resnet18,guided_backprop,ISIC_0014822,-0.33139345380253526,-0.29628111773316795,-0.122789304197515,-0.5302333427632026
resnet18,integrated_gradients,ISIC_0014822,0.10659106801549219,0.047839843775292455,0.14641718272274984,0.43802020302116274
resnet18,lrp,ISIC_0014822,-0.03897765809822423,0.07401562995961354,0.28110753096719954,-0.29202769057768835
resnet18,occlusion,ISIC_0014822,0.07081617166099155,0.13319748385015265,0.2220907416625374,-0.22197335448434385
resnet18,saliency,ISIC_0014822,0.05072629244642897,0.10108797320946786,0.19876539731130474,-0.04689292598140874
resnet18,deep_lift,ISIC_0014826,-0.5085694616720767,-0.2271867101176045,-0.08512488742193566,-2.1508295276510356
resnet18,gradcam,ISIC_0014826,0.12057793741298356,-0.14101867929563797,-0.06908582031601262,1.3181032950683547
resnet18,guided_backprop,ISIC_0014826,-0.3175858896019342,-0.2552102474198192,-0.07720090219049935,-0.5481562721868087
resnet18,integrated_gradients,ISIC_0014826,0.0772308764553592,0.06392518753730725,0.1625144796907923,0.4862597145532003
resnet18,lrp,ISIC_0014826,-0.2825940231709887,-0.12171878545749822,0.09040782640782836,-0.5569037823236707
resnet18,occlusion,ISIC_0014826,0.2533237074154728,0.1346118075159999,0.20927648278882066,1.1386612388692514
resnet18,saliency,ISIC_0014826,0.12546165234630086,0.08459951613902669,0.1739805742072419,0.6494911338647757
resnet18,deep_lift,ISIC_0014833,0.0897256519182103,0.22039744311014525,0.3915007432073357,-0.7249865083239164
resnet18,gradcam,ISIC_0014833,0.15075643006067396,0.10672619252378017,0.22435479659246982,0.1108943392657791
resnet18,guided_backprop,ISIC_0014833,0.1792860354828434,0.1162696252501677,0.29663318830041635,0.3058594841379737
resnet18,integrated_gradients,ISIC_0014833,0.14113895661845405,0.25382860361264425,0.40812909779901674,-0.45126547004880546
resnet18,lrp,ISIC_0014833,0.1500452555060571,0.267780859098576,0.4889337456592878,-0.31600381114794557
resnet18,occlusion,ISIC_0014833,0.43710152229778343,0.2214994864887039,0.3030106458119293,1.9200700969424982
resnet18,saliency,ISIC_0014833,0.20290439496638324,0.2382799857860245,0.3520834197325436,0.011046523005016415
resnet18,deep_lift,ISIC_0014835,-0.2537834497853553,-0.08679780842719337,0.020869190383477332,-0.7534902905283577
resnet18,gradcam,ISIC_0014835,0.11179846633007968,-0.0351081675631175,0.050927253547925044,1.506061792848606
resnet18,guided_backprop,ISIC_0014835,-0.3844396333838424,-0.2786532807589448,-0.09415873972997496,-1.3396020327530946
resnet18,integrated_gradients,ISIC_0014835,0.3279424880961077,0.11478315613409988,0.21142023083876066,2.232536561563101
resnet18,lrp,ISIC_0014835,-0.1863628931863235,-0.08932900922054912,0.120884487434454,-0.0009550780838217059
resnet18,occlusion,ISIC_0014835,0.2905209332402213,0.2794888146567184,0.36553846546369595,0.6780553218619754
resnet18,saliency,ISIC_0014835,0.02030310498957677,0.04011175455134498,0.1475471848448303,-0.046846168141086234
resnet18,deep_lift,ISIC_0014844,0.012970847187874142,0.009127566696233247,0.1624332697263125,0.15773346354282916
resnet18,gradcam,ISIC_0014844,0.28230975963207344,0.09835427111080515,0.16019809663808066,1.6323838416507381
resnet18,guided_backprop,ISIC_0014844,-0.16245089174026062,-0.11894563385208635,0.06801881748735343,-0.9431193990587668
resnet18,integrated_gradients,ISIC_0014844,-0.012461405245758825,0.03362246174836481,0.18153173983050205,-0.10274739866668935
resnet18,lrp,ISIC_0014844,-0.0017094808604139057,0.04499965567136327,0.2556932242986894,0.025162076205542335
resnet18,occlusion,ISIC_0014844,0.10661354437148747,0.1166296821389026,0.2276555967169012,0.1426333868570049
resnet18,saliency,ISIC_0014844,0.08045020609371237,0.051164078554632265,0.1520984472705178,0.4103641293555641
resnet18,deep_lift,ISIC_0014853,-0.30252549694326225,-0.15274985569090163,-0.04881731158703933,-0.8892642060557608
resnet18,gradcam,ISIC_0014853,0.01820280470938308,-0.06865925423396711,0.053170275156030344,0.30459734296372215
resnet18,guided_backprop,ISIC_0014853,0.08496939329561884,-0.06417361697004777,0.11692425936613772,0.5848270606855661
resnet18,integrated_gradients,ISIC_0014853,-0.06769168531209642,-0.14517441754559968,-0.04474622586619203,0.9141307604861953
resnet18,lrp,ISIC_0014853,-0.50302309135905,-0.17184115451162893,0.032789532945206305,-1.1354861482066703
resnet18,occlusion,ISIC_0014853,-0.09757682570865378,-0.006640485544950078,0.08546664954977301,-0.19573984320125684
resnet18,saliency,ISIC_0014853,-0.19420020573230334,-0.13479903909577498,-0.03564091016226486,-0.12607847272911282
resnet18,deep_lift,ISIC_0014854,-0.28105701816871337,-0.16383776335714847,-0.037239430594419407,-0.6546218098911276
resnet18,gradcam,ISIC_0014854,0.0022788269272188823,0.013487023570456655,0.11284535376642638,-0.3896469996950851
resnet18,guided_backprop,ISIC_0014854,0.05969482957126066,-0.11889511424416334,0.04333868134617397,0.6687752508809662
resnet18,integrated_gradients,ISIC_0014854,-0.22918927904566153,-0.12640240912003814,-0.016513079725058857,-0.4735988571720783
resnet18,lrp,ISIC_0014854,-0.020634089115378597,0.04536078607986202,0.2545709935564894,-0.1111426336096293
resnet18,occlusion,ISIC_0014854,0.21601017000514322,0.24785112321389702,0.3345325456534495,0.2576575995113959
resnet18,saliency,ISIC_0014854,-0.08222300755201763,-0.12281242270009413,-0.017998433667652195,0.6247376390425038
resnet18,deep_lift,ISIC_0014862,-0.2511848415555209,-0.17689154987593933,-0.05483173219448817,-0.4083349598375353
resnet18,gradcam,ISIC_0014862,0.20145880810104122,0.020739935789960175,0.10702113910794218,1.1916808283442044
resnet18,guided_backprop,ISIC_0014862,-0.004717295250353097,-0.09176657140058662,0.0854435748822984,0.18449686720093694
resnet18,integrated_gradients,ISIC_0014862,-0.16392225802762397,-0.11052032260941437,-0.010154961314166983,0.03521857480287008
resnet18,lrp,ISIC_0014862,-0.11744042952717709,-0.13044894774288712,0.05709060946850357,0.6754904310782619
resnet18,occlusion,ISIC_0014862,0.23820411478195488,0.19920957877058332,0.2778687574797916,0.7804664561495073
resnet18,saliency,ISIC_0014862,0.009785418552055617,0.05361172879224291,0.1569655044209486,-0.17893734284283055
resnet18,deep_lift,ISIC_0014863,-0.2782932834612661,-0.17096944468322625,-0.022418308539278307,-0.6006958353718291
resnet18,gradcam,ISIC_0014863,0.2501987551681606,-0.01866730947906851,0.09551020674978751,1.8195612978973823
resnet18,guided_backprop,ISIC_0014863,0.019032506513520578,-0.07656214007811137,0.09958119097304009,0.13926108290903474
resnet18,integrated_gradients,ISIC_0014863,0.15575577345661615,0.06746115883044355,0.19294740441387073,0.9589844766481386
resnet18,lrp,ISIC_0014863,-0.07105534000370557,-0.08284862228026031,0.11357941752368535,0.8650509644243953
resnet18,occlusion,ISIC_0014863,0.03676938172041157,-0.022824614164596312,0.057215234991367464,0.9713623570405799
resnet18,saliency,ISIC_0014863,0.23581986774551736,0.08014042792808163,0.1846237880627074,1.4729497582608067
resnet18,deep_lift,ISIC_0014867,0.19470631549703668,-0.01535154399163437,0.11891071528635087,1.5707414296131168
resnet18,gradcam,ISIC_0014867,0.004071284979134211,-0.07674699520585529,0.0698079802768554,0.07493062800132827
resnet18,guided_backprop,ISIC_0014867,-0.13365234325658895,-0.09633222595546473,0.09462256166387711,-0.7805214951887136
resnet18,integrated_gradients,ISIC_0014867,-0.018989870245306,-0.02234580361694953,0.10930559353908711,0.034031434009508595
resnet18,lrp,ISIC_0014867,-0.20802231760226303,-0.14972554263577004,0.039713326117652395,0.18105898450609104
resnet18,occlusion,ISIC_0014867,0.0042802266392413645,0.05957417688909381,0.15524172063521935,-0.34442351421340545
resnet18,saliency,ISIC_0014867,0.06727989271792473,0.023831629103617653,0.13860163991487578,0.4013450316736718
resnet18,deep_lift,ISIC_0014868,-0.15648584517300387,-0.16206158401057807,-0.0409559623918248,0.29307674182062615
resnet18,gradcam,ISIC_0014868,0.1692074431644906,0.02601609056055106,0.12908303357957085,0.9150494294331158
resnet18,guided_backprop,ISIC_0014868,-0.28079449138867113,-0.2647063590390009,-0.09014318744488083,-0.41766291418634827
resnet18,integrated_gradients,ISIC_0014868,-0.009379010909132126,0.04308669439277363,0.1618020594930303,-0.0917124887200524
resnet18,lrp,ISIC_0014868,-0.4502769512042104,-0.1308995551263661,0.06981447676814746,-0.22114702351381677
resnet18,occlusion,ISIC_0014868,0.1280425741356374,0.18397957911757093,0.2829677479747249,-0.013221876926743809
resnet18,saliency,ISIC_0014868,0.04428410621572524,0.07197693463515113,0.16755587781943873,0.05134340326416073
resnet18,deep_lift,ISIC_0014872,0.34597964582673013,0.22058596742749823,0.3709348378712433,1.227682680827996
resnet18,gradcam,ISIC_0014872,0.2927174631678105,0.15094139034399048,0.25782948636524755,1.1795455252123155
resnet18,guided_backprop,ISIC_0014872,-0.07574723981052288,-0.029544061973526763,0.155065850158928,-0.22459139103587125
resnet18,integrated_gradients,ISIC_0014872,0.11364342715160727,0.09803631020208038,0.23365142029390723,0.7842167435316784
resnet18,lrp,ISIC_0014872,0.22162082959313095,0.3069619197148317,0.5300262215798965,0.08054114397200392
resnet18,occlusion,ISIC_0014872,0.47322786870430233,0.30667671553162196,0.373188818693528,1.8635417239952177
resnet18,saliency,ISIC_0014872,0.18535561595969033,0.24049823088715983,0.35745986432714655,-0.1198681400569276
resnet18,deep_lift,ISIC_0014876,-0.10846668630143663,-0.15905116176522624,-0.024335428167450976,0.6853114708173182
resnet18,gradcam,ISIC_0014876,-0.08954212088442834,-0.16509701453125802,-0.08369234841487982,-0.4204177284152091
resnet18,guided_backprop,ISIC_0014876,0.10348573365079511,-0.17130728366972825,-0.01854263123715587,2.2339204684123883
resnet18,integrated_gradients,ISIC_0014876,-0.06306190778434255,-0.022454471673187378,0.12920498442426961,-0.33994480929773513
resnet18,lrp,ISIC_0014876,-0.053608354129558486,0.0070155757430571605,0.21624792602330867,-0.4027793860063488
resnet18,occlusion,ISIC_0014876,0.4078589067924138,0.24369189976493744,0.3351312937664544,1.827815841905191
resnet18,saliency,ISIC_0014876,-0.02135231357263886,0.01320008353139962,0.14085004368900159,-0.23139316976478963
resnet18,deep_lift,ISIC_0014879,0.06078151844408778,-0.002727563812937222,0.11115462559678185,0.4876245992426759
resnet18,gradcam,ISIC_0014879,0.08568309199909536,-0.1394014360243706,-0.01553731965547994,1.0680617151532628
resnet18,guided_backprop,ISIC_0014879,-0.0517992774735765,-0.06614021311740906,0.12410399754126004,-0.1121224090087992
resnet18,integrated_gradients,ISIC_0014879,0.21208805495844807,-0.004927134936344488,0.1054106601957595,1.6815134888899776
resnet18,lrp,ISIC_0014879,-0.35031413581634413,-0.17312901858878949,0.0225254306457743,-0.8445660064856365
resnet18,occlusion,ISIC_0014879,-0.1875430574204565,-0.09711319472194246,-0.008175214406614069,-0.3757256409810747
resnet18,saliency,ISIC_0014879,0.04956615859925322,0.041882961467936665,0.14007862085890727,0.24749353477447208
resnet18,deep_lift,ISIC_0014883,-0.2596911102951777,-0.18025080236233862,-0.059985818142779035,-0.4145973947421219
resnet18,gradcam,ISIC_0014883,-0.05339132396163092,-0.11384606141427782,-0.038516248943809436,-0.17004142706260647
resnet18,guided_backprop,ISIC_0014883,-0.3119209553583121,-0.2758914747429167,-0.1077518552073272,-0.46393539128037065
resnet18,integrated_gradients,ISIC_0014883,-0.41114278432957513,-0.19008734737580502,-0.07252258883528807,-1.5577115482946968
resnet18,lrp,ISIC_0014883,-0.33153135653044713,-0.12758192953548195,0.07834589126823942,-0.3322064277204435
resnet18,occlusion,ISIC_0014883,0.12844875421324314,0.16904873086995637,0.26529446081956054,-0.040368213358439715
resnet18,saliency,ISIC_0014883,-0.21670391918289572,-0.12785946059411013,-0.026094412901963075,-0.3942659259549517
resnet18,deep_lift,ISIC_0014901,-0.06802005282248803,-0.019482183172722815,0.12584179597809342,-0.466875149799694
resnet18,gradcam,ISIC_0014901,0.3260207540455913,0.0639034230834824,0.16291440085085282,2.126094518313221
resnet18,guided_backprop,ISIC_0014901,-0.333606255554408,-0.29428950601923365,-0.11996912527249716,-0.6466402547473328
resnet18,integrated_gradients,ISIC_0014901,-0.20149016161513134,0.0020924340712640283,0.14932872268861552,-1.5623574872141086
resnet18,lrp,ISIC_0014901,-0.1728127747511747,-0.08805354065731838,0.12094753232523323,0.1102266107703632
resnet18,occlusion,ISIC_0014901,0.18245377994194348,0.1812855193396202,0.26960182294222107,0.4198545174452196
resnet18,saliency,ISIC_0014901,0.13356623286143657,0.11602191763426044,0.2093175614768075,0.512577498774703
resnet18,deep_lift,ISIC_0014907,-0.09186948389690527,-0.04550371650140993,0.11429733061182103,-0.4907534761941144
resnet18,gradcam,ISIC_0014907,-0.12276250414496925,-0.18138919255983021,-0.07793004701723086,-0.5208186258986318
resnet18,guided_backprop,ISIC_0014907,0.051224370323077084,-0.08356613361658434,0.08595195264694887,0.7003321791811673
resnet18,integrated_gradients,ISIC_0014907,-0.11622681618071508,-0.03967072885986435,0.11887604399448354,-0.7330654402293826
resnet18,lrp,ISIC_0014907,-0.286007491477128,-0.11940622473713779,0.09570073465869623,-0.6357096088960938
resnet18,occlusion,ISIC_0014907,-0.07282546363385521,0.1304070086369366,0.22985706079713453,-1.4551780520261781
resnet18,saliency,ISIC_0014907,-0.11871559226987545,0.013736235746559747,0.1235324834219438,-0.9729932538144516
resnet18,deep_lift,ISIC_0014910,-0.2888967632517568,-0.1622671664481828,-0.028520481126993014,-0.733731215822812
resnet18,gradcam,ISIC_0014910,0.24017975800281743,-0.0882343991176114,0.010660956488571934,1.931220064122231
resnet18,guided_backprop,ISIC_0014910,0.029783009752595728,-0.08489854518477542,0.08407451427798951,0.3747229525257678
resnet18,integrated_gradients,ISIC_0014910,0.050361611034652816,0.05029087367469073,0.18020964577934986,0.04753859861049051
resnet18,lrp,ISIC_0014910,-0.1074996075727803,0.05055814815395912,0.2731923614459592,-0.885477365118841
resnet18,occlusion,ISIC_0014910,0.5584412390024809,0.2219552976091879,0.28368188372251907,3.109826645985319
resnet18,saliency,ISIC_0014910,0.0442533925354044,0.09366595555153964,0.1879325327724296,-0.10034575409067543
resnet18,deep_lift,ISIC_0014912,-0.11230186510569914,0.07003179233649615,0.21541184641819183,-0.7415571947441914
resnet18,gradcam,ISIC_0014912,0.3393710673455052,0.19458122331453812,0.2774992385797166,1.3998532630088356
resnet18,guided_backprop,ISIC_0014912,0.258134985189738,0.03975721256479836,0.21392634973535885,0.23993826384684655
resnet18,integrated_gradients,ISIC_0014912,0.27859593980514863,0.2649238374846456,0.4002055193708629,0.7795953127868205
resnet18,lrp,ISIC_0014912,-0.20874924069027168,0.07740335328119753,0.298479871119138,-1.42288414920209
resnet18,occlusion,ISIC_0014912,0.3638333644566947,0.22429479992916476,0.3011841963114162,1.603674333893468
resnet18,saliency,ISIC_0014912,-0.02845459402708581,0.08231312675460073,0.18033569154871368,-0.19158599085962094
resnet18,deep_lift,ISIC_0014921,-0.24244274327593418,-0.17650337850086611,-0.0636065734038274,-0.3111045316455799
resnet18,gradcam,ISIC_0014921,0.17587856875613048,-0.05712309556117661,0.03320382279520452,1.4090874184316784
resnet18,guided_backprop,ISIC_0014921,-0.41373115727673093,-0.2908651424250182,-0.1076505593880786,-1.2761125034040486
resnet18,integrated_gradients,ISIC_0014921,-0.08169494196150992,-0.12303487734622551,-0.028217747699567704,0.7037336872130494
resnet18,lrp,ISIC_0014921,0.08338773724968761,-0.06474398360395472,0.1133110220539376,1.956571653812581
resnet18,occlusion,ISIC_0014921,0.07662775769141399,0.18283625192518357,0.2909409718516009,-0.600549680783428
resnet18,saliency,ISIC_0014921,-0.0812679534188951,-0.10645054615015546,-0.02076417112432087,0.6295273473265155
resnet18,deep_lift,ISIC_0014927,-0.12033544966618426,-0.15619769862186259,-0.038121655693798724,0.564343176097518
resnet18,gradcam,ISIC_0014927,-0.15365860681809557,-0.2938036882558679,-0.2303393907723511,0.5352386156482217
resnet18,guided_backprop,ISIC_0014927,-0.2713300976279102,-0.29667660074246693,-0.12871111444098335,-0.46613561116022234
resnet18,integrated_gradients,ISIC_0014927,-0.05787686399105582,-0.09558380458106255,0.0023482275764824525,0.7970017816269344
resnet18,lrp,ISIC_0014927,-0.023989303224534665,0.04515012801802972,0.25067327935956785,-0.16276480990552203
resnet18,occlusion,ISIC_0014927,0.4824539407409386,0.24085236728161513,0.3067573803845266,2.425345411942502
resnet18,saliency,ISIC_0014927,-0.18788459272680413,-0.1334625407318089,-0.03653820958883782,-0.12074482906495221
resnet18,deep_lift,ISIC_0014928,-0.4031627497638017,-0.20445716637939898,-0.06661202267501032,-1.4688564756960656
resnet18,gradcam,ISIC_0014928,0.43729651811894726,0.07634696378520334,0.1894810293809441,2.9419567415787093
resnet18,guided_backprop,ISIC_0014928,0.07682752929700058,-0.010479015490479176,0.17601059748843959,0.6039652020051408
resnet18,integrated_gradients,ISIC_0014928,0.028184839093325365,0.03346777605185634,0.15437533110406404,0.06858292879968451
resnet18,lrp,ISIC_0014928,-0.3285779668771949,-0.1333096521012871,0.0824341210332895,-0.9249720797060903
resnet18,occlusion,ISIC_0014928,0.6164721939285488,0.30188971076968896,0.3823227852457072,3.2140850168454653
resnet18,saliency,ISIC_0014928,0.2639497778892482,0.09290692807171314,0.1818927687731667,1.6559763287879172
resnet18,deep_lift,ISIC_0014932,0.21951996942133942,0.058938490246202076,0.1667387953827029,1.535710005432725
resnet18,gradcam,ISIC_0014932,0.1594622612548478,0.11539261797334201,0.22353113608199857,0.43011765841577376
resnet18,guided_backprop,ISIC_0014932,-0.09041519213174705,-0.10838273028342611,0.07212593114231727,-0.36708600259060936
resnet18,integrated_gradients,ISIC_0014932,0.22597738857931662,0.03988074468078613,0.15239836310224752,1.6269258532883064
resnet18,lrp,ISIC_0014932,-0.2777183450883215,0.028985106578343446,0.23838946575217618,-0.29709002994214384
resnet18,occlusion,ISIC_0014932,0.33889985708156883,0.2258704311741736,0.3160173648905168,1.2262058695116627
resnet18,saliency,ISIC_0014932,-0.36374746433568217,-0.1175462579612519,-0.014971085970925634,-1.5159955344122553
resnet18,deep_lift,ISIC_0014936,-0.051591868878862406,-0.10502586386171804,-0.014094074373651486,0.8948615511187603
resnet18,gradcam,ISIC_0014936,0.1453018061373098,-0.03166004885217411,0.06644688389593978,1.1177752651789645
resnet18,guided_backprop,ISIC_0014936,-0.060630055179247716,-0.1237808306274458,0.05399713345180742,-0.13087657401937391
resnet18,integrated_gradients,ISIC_0014936,-0.38480783101697763,-0.1708497467563507,-0.056296701194313396,-1.459381531930521
resnet18,lrp,ISIC_0014936,0.01004159873243787,0.054163604995323224,0.25040137500045057,0.166926130979184
resnet18,occlusion,ISIC_0014936,0.20524717650249533,0.21170138802380292,0.2962292456534248,0.34788104518931223
resnet18,saliency,ISIC_0014936,0.1817675957983582,0.0804969502717131,0.17440734241463168,1.0649965833079036
resnet18,deep_lift,ISIC_0014938,-0.0642086830885429,-0.10551286734425576,-0.004407741350996961,0.7892056180030659
resnet18,gradcam,ISIC_0014938,0.2527659891408138,0.11984240070673224,0.200139600526448,1.2826942899602785
resnet18,guided_backprop,ISIC_0014938,-0.07370202465103129,-0.10440892654460514,0.07598185417706771,-0.24963187300433864
resnet18,integrated_gradients,ISIC_0014938,-0.18531631507096033,-0.1227747282071575,-0.007561631050274722,-0.09026302548536184
resnet18,lrp,ISIC_0014938,-0.04016209768107343,-0.06831614012254765,0.12991042219947702,0.9828150091206476
resnet18,occlusion,ISIC_0014938,0.13228492882585519,0.16545478074232156,0.26804633972323677,-0.03447405700871354
resnet18,saliency,ISIC_0014938,-0.06354824663799824,-0.04311030385704208,0.06230649103038626,0.41692003623355467
resnet18,deep_lift,ISIC_0014940,-0.36478570967678986,-0.2043838481492426,-0.07640160037431136,-1.1461519149548187
resnet18,gradcam,ISIC_0014940,0.3017346010971642,0.02926983988056156,0.13981668111846626,1.9511272612258146
resnet18,guided_backprop,ISIC_0014940,-0.23093558235501832,-0.2568919533678912,-0.08731299903941395,-0.037331242061579936
resnet18,integrated_gradients,ISIC_0014940,-0.3656657127776603,-0.1530570325804447,-0.0405168398961028,-1.3643245196659548
resnet18,lrp,ISIC_0014940,-0.0016436908184710342,-0.07562378734095883,0.1102137453214788,1.7843759075206416
resnet18,occlusion,ISIC_0014940,0.2768652491442816,0.17770014785548652,0.267957277469523,1.0584744273466962
resnet18,saliency,ISIC_0014940,-0.06589702275408639,-0.09655476177575271,-0.007695535412899628,0.7071716891690862
resnet18,deep_lift,ISIC_0014941,-0.16789203955076723,-0.131456435026638,-0.02395113793827201,0.09263430318086029
resnet18,gradcam,ISIC_0014941,0.089427665835985,-0.14059657742161666,-0.06285511893441154,1.0522425531220594
resnet18,guided_backprop,ISIC_0014941,-0.17370828168771724,-0.13070647161716076,0.051346670862669155,-0.761918180675898
resnet18,integrated_gradients,ISIC_0014941,-0.3166812809227664,-0.14556428460696944,-0.03587637747132928,-0.9554896467350456
resnet18,lrp,ISIC_0014941,-0.21605721280518497,-0.11193418177261487,0.07110632686217426,1.3223902578057296
resnet18,occlusion,ISIC_0014941,0.15754755617683308,0.15244802933146767,0.24163846244499548,0.3464105547160509
resnet18,saliency,ISIC_0014941,0.09342205694355019,0.05357552489040831,0.16800672694395583,0.5135808431665563
resnet18,deep_lift,ISIC_0014942,-0.13680258545091836,-0.1804930256189714,-0.06653179683044858,0.5077496269098769
resnet18,gradcam,ISIC_0014942,0.17566813936241282,-0.0621335705099499,0.054470659779550894,1.4660742313934942
resnet18,guided_backprop,ISIC_0014942,0.07245071549731981,-0.021826032289086306,0.1484758967692526,0.6748876850237722
resnet18,integrated_gradients,ISIC_0014942,-0.10667933496713901,-0.0889434459690898,0.05193040041964163,-0.4202023128906893
resnet18,lrp,ISIC_0014942,-0.24531136713391832,-0.11063243770171456,0.0998740728917168,-0.3385996623352121
resnet18,occlusion,ISIC_0014942,0.03182260993736873,0.062312101244426966,0.1665931544791439,-0.14345460450400868
resnet18,saliency,ISIC_0014942,0.07174314721333619,0.026715966948258434,0.13619278831552095,0.45218881999743465
resnet18,deep_lift,ISIC_0014943,-0.09946936299853885,-0.03902650173850735,0.10222667424026975,-0.5773946436913362
resnet18,gradcam,ISIC_0014943,-0.049890452369568294,-0.040472812152275474,0.046853514373112734,-0.4135485223909693
resnet18,guided_backprop,ISIC_0014943,0.0695519099313374,-0.06759388601412199,0.10697073767912024,0.7062945231163014
resnet18,integrated_gradients,ISIC_0014943,-0.0872007075967267,-0.022502560862476328,0.12351560800362639,-0.5977633219698006
resnet18,lrp,ISIC_0014943,0.19479184651096537,0.10332076503835758,0.30669027824782247,1.3334861996663718
resnet18,occlusion,ISIC_0014943,-0.025612220886867376,0.03137484457564456,0.13816965416450463,-0.46631542721951325
resnet18,saliency,ISIC_0014943,0.06261705784413409,0.04927244327451522,0.160442109917546,0.2708961282818007
resnet18,deep_lift,ISIC_0014944,-0.02352219066899962,-0.08701415057123907,0.0209573349276602,1.0511053976749751
resnet18,gradcam,ISIC_0014944,0.3277433097196427,0.15634048837255973,0.22863152149442942,1.826722455314854
resnet18,guided_backprop,ISIC_0014944,-0.10077944070497305,-0.09309781231557554,0.08754513122302207,-0.21287764639549603
resnet18,integrated_gradients,ISIC_0014944,0.010351604545339859,0.026644420713034172,0.1594227039110557,-0.06879686846697725
resnet18,lrp,ISIC_0014944,0.024054461266766372,-0.06432175525515085,0.1285763362598351,1.549366723566024
resnet18,occlusion,ISIC_0014944,0.02913843596287687,0.039607576303569494,0.11831861355231274,0.5392033346500942
resnet18,saliency,ISIC_0014944,0.16542518343487636,0.0915757053110007,0.179280091918691,0.8979158898264201
resnet18,deep_lift,ISIC_0014947,-0.00011912716302558821,-0.09633835707176314,-0.002484071509192315,1.2550372622051598
resnet18,gradcam,ISIC_0014947,0.2861754775874738,0.10261944476635072,0.18954762466528427,1.5746344726397719
resnet18,guided_backprop,ISIC_0014947,-0.0885564353137087,-0.08001577614219346,0.10749558463275817,-0.4769986955473008
resnet18,integrated_gradients,ISIC_0014947,-0.12530467054869157,-0.04694403107412171,0.08529056051509251,-0.8745259678205343
resnet18,lrp,ISIC_0014947,-0.16195004678608235,-0.10389880601947177,0.09509278550955336,0.29741394333430754
resnet18,occlusion,ISIC_0014947,0.12173631938176054,0.19450509654513048,0.3030356451475906,-0.24509493881262856
resnet18,saliency,ISIC_0014947,0.2983957110596956,0.09597629851098295,0.20474484490911316,1.871339020600391
resnet18,deep_lift,ISIC_0014948,0.24513374753518924,0.21759625303753094,0.34828384352448,0.4786888651326254
resnet18,gradcam,ISIC_0014948,0.1317042245771203,-0.07549458305265055,0.020883361851127484,0.9691515527301113
resnet18,guided_backprop,ISIC_0014948,0.13363631172708432,0.08566266601988375,0.26564297991553254,0.2929211954135091
resnet18,integrated_gradients,ISIC_0014948,0.10738643630023768,0.10913051796647645,0.21807590170389396,0.6281063502471236
resnet18,lrp,ISIC_0014948,-0.04633090035407395,0.265589438462465,0.48565451039403035,-0.11354046928138638
resnet18,occlusion,ISIC_0014948,0.4474287848318515,0.21231222008119494,0.27489604870227907,2.2930403870193583
resnet18,saliency,ISIC_0014948,0.09537260156172607,0.21091606981279684,0.3240631676318673,-0.6365294103164664
resnet18,deep_lift,ISIC_0014949,-0.23381942273885914,-0.19138325528711497,-0.05798817903929938,-0.15336768406648296
resnet18,gradcam,ISIC_0014949,-0.016927316085836662,-0.1242942564344596,-0.016776321034650585,0.1984713418674638
resnet18,guided_backprop,ISIC_0014949,-0.18440744461592365,-0.12352270239020034,0.0615896647473128,-1.0949204085022177
resnet18,integrated_gradients,ISIC_0014949,0.05969354467164177,0.026763979831521647,0.1542706358557279,0.3995178906115802
resnet18,lrp,ISIC_0014949,-0.29114943767990864,-0.1277306575117811,0.0786124349385362,-0.2439918622506003
resnet18,occlusion,ISIC_0014949,0.14521145670146346,0.07639190127141124,0.16818477594345752,0.6420840598734305
resnet18,saliency,ISIC_0014949,0.0659573404800243,0.04958739979405223,0.15139283919943478,0.2478309395887592
resnet18,deep_lift,ISIC_0014952,-0.02146138802589413,0.019556870831391945,0.12959238063376455,-0.11891042797791641
resnet18,gradcam,ISIC_0014952,0.22648930949138926,0.0011251113334043983,0.08324526867520772,1.4673850311332843
resnet18,guided_backprop,ISIC_0014952,-0.2902767435712408,-0.26735745784528087,-0.09256606456845343,-0.39308306365678286
resnet18,integrated_gradients,ISIC_0014952,-0.13640373993935032,-0.10981509380912544,-0.014538385431745028,0.35320820402626424
resnet18,lrp,ISIC_0014952,-0.24561421927076232,-0.12565836610635828,0.07646474041231341,-0.3001454121852169
resnet18,occlusion,ISIC_0014952,0.505818099670071,0.25032436718738155,0.31387793796418567,2.4972129206310543
resnet18,saliency,ISIC_0014952,-0.17804469224093195,-0.13219909606988625,-0.03249653522222006,-0.00830381937731421
resnet18,deep_lift,ISIC_0014955,0.19076071638380282,0.11524190120608778,0.22019868152494598,1.311481436752269
resnet18,gradcam,ISIC_0014955,0.14872340992559316,0.051991118796919575,0.15731886325849728,0.5214454627135112
resnet18,guided_backprop,ISIC_0014955,0.11950785314782326,0.08558304730030027,0.2708314965283369,0.04289840658967377
resnet18,integrated_gradients,ISIC_0014955,0.04321014948836126,0.2047937164467035,0.350570492872923,-1.1119567502390257
resnet18,lrp,ISIC_0014955,0.014485278566778725,0.09369270960862516,0.28890515754630275,0.1598832955698867
resnet18,occlusion,ISIC_0014955,0.395036956523591,0.19023507403751752,0.2765505560377786,2.0685183165502
resnet18,saliency,ISIC_0014955,0.05930062172167468,0.06673038275382204,0.17366484880549024,0.6483402037502412
resnet18,deep_lift,ISIC_0014956,-0.009958655973944247,-0.00624326548769597,0.12300284203119456,0.12459145712720597
resnet18,gradcam,ISIC_0014956,0.12898226434591714,0.06248844714136052,0.18054345458976276,0.6299027815527793
resnet18,guided_backprop,ISIC_0014956,-0.10840332828547079,-0.1279208204307301,0.049661107601567014,-0.41702108027682083
resnet18,integrated_gradients,ISIC_0014956,-0.2815075796129448,0.021025690947571535,0.1451547815041083,-1.3092729580350064
resnet18,lrp,ISIC_0014956,-0.2219202368159004,-0.12553247005368484,0.06462562354017562,0.31941053685689286
resnet18,occlusion,ISIC_0014956,0.316702415735615,0.2500360444640152,0.3208327362042893,1.0583165255310756
resnet18,saliency,ISIC_0014956,-0.14694169569061943,0.012588378621622712,0.13471541053745767,-1.2049464890353438
resnet18,deep_lift,ISIC_0014957,-0.11237509293292261,-0.1580047675104591,-0.05334332009486251,0.6400993151486936
resnet18,gradcam,ISIC_0014957,0.14651884709717672,0.018172556716127164,0.11963143208413339,0.9095950785369797
resnet18,guided_backprop,ISIC_0014957,-0.3436209622558999,-0.28217708569622174,-0.1120239405857031,-0.5771596991469463
resnet18,integrated_gradients,ISIC_0014957,-0.25101638443484536,-0.14824052543257135,-0.04523327863335934,-0.4973574751469907
resnet18,lrp,ISIC_0014957,-8.797521445099822,-0.43417802915829745,-0.29908101397902787,-0.12617389658879774
resnet18,occlusion,ISIC_0014957,0.31612325355224524,0.22312309765401916,0.32144961485322604,1.07017693161991
resnet18,saliency,ISIC_0014957,0.14301265562842935,0.045848115715203266,0.1429773477058645,0.9227680136528597
resnet18,deep_lift,ISIC_0014958,0.3673499081844548,0.2540707148980799,0.3829800783281498,1.328595059740226
resnet18,gradcam,ISIC_0014958,0.38300208652594947,0.21704410935819357,0.3177862999815599,1.6501488692587245
resnet18,guided_backprop,ISIC_0014958,0.06506295843681434,-0.05213400866231753,0.1031066687788942,0.9692505395178491
resnet18,integrated_gradients,ISIC_0014958,0.13029196825356104,0.24683928592718252,0.383289575195755,-0.47045683167443747
resnet18,lrp,ISIC_0014958,0.19145324219994636,0.28389300767876985,0.5000364412057923,-0.026133160445487694
resnet18,occlusion,ISIC_0014958,0.3906743722448658,0.19731057310814612,0.29880411032201787,1.9034692970717366
resnet18,saliency,ISIC_0014958,0.1776239840415373,0.26256660600262766,0.37767268406919374,-0.22197705158123518
resnet18,deep_lift,ISIC_0014959,-0.14744944325656695,-0.11667968191261142,-0.009938317372254197,0.18371518463843273
resnet18,gradcam,ISIC_0014959,0.009180708727480627,0.010827659638112917,0.10991264567044261,-0.0518579333071386
resnet18,guided_backprop,ISIC_0014959,-0.3298484245583969,-0.14674871501180284,0.0501434697960834,-2.0785667873786733
resnet18,integrated_gradients,ISIC_0014959,0.12524819435727247,0.009866174132120351,0.1301940100997362,0.9337451117376214
resnet18,lrp,ISIC_0014959,-0.31080322766501844,-0.14387886196605806,0.06113893626602788,-0.7372287291126803
resnet18,occlusion,ISIC_0014959,0.08299006177959219,0.1311894605001722,0.2378686640229086,-0.1052147337969453
resnet18,saliency,ISIC_0014959,0.13595453114650277,0.06657436981409866,0.16779495431590974,0.7188102098138404
resnet18,deep_lift,ISIC_0014961,0.15598851548206308,0.10942850855702378,0.22844093809518784,1.1201514251294316
resnet18,gradcam,ISIC_0014961,0.19894171725346887,-0.03410585046322164,0.06839260526829731,1.0765073155875242
resnet18,guided_backprop,ISIC_0014961,-0.10440095914010039,-0.05895309423025917,0.12516481096868073,-0.18392447311931417
resnet18,integrated_gradients,ISIC_0014961,0.10034093024936089,0.11009298256969538,0.22700339216247342,0.637335794852959
resnet18,lrp,ISIC_0014961,0.131014333658336,0.1571487846798256,0.3653387976113974,0.8939423454964847
resnet18,occlusion,ISIC_0014961,0.1826373600508276,0.1841818339658775,0.2807713019690662,0.32245101145120963
resnet18,saliency,ISIC_0014961,0.2226114227139034,0.267001749604716,0.3668050778341488,0.23093486391909362
resnet18,deep_lift,ISIC_0014962,-0.3307849014409086,-0.17905687309555585,-0.040347438872573554,-0.9891276231709458
resnet18,gradcam,ISIC_0014962,0.0986086753665704,0.0007727288872531267,0.08714826314501391,0.46030463342592326
resnet18,guided_backprop,ISIC_0014962,0.007196059786247232,-0.06269219322896148,0.11040427941093715,0.19301728912430302
resnet18,integrated_gradients,ISIC_0014962,-0.24693083142757635,-0.15383446766287004,-0.027166008314335705,-0.4780395773987202
resnet18,lrp,ISIC_0014962,-0.3423918510593326,-0.1537279004526683,0.046355136608968575,-0.9829823922008767
resnet18,occlusion,ISIC_0014962,0.31516872093462917,0.21033665774666688,0.28934037507248556,1.218235763442113
resnet18,saliency,ISIC_0014962,0.11148485524011069,0.04090737973295956,0.14858686727426973,0.6842432483380808
resnet18,deep_lift,ISIC_0014963,-0.16285807517989398,0.04869387566622148,0.18472873273875307,-0.9709699280947349
resnet18,gradcam,ISIC_0014963,-0.10681859035019264,-0.09447734388203939,0.037028874866610134,-0.9979327364625995
resnet18,guided_backprop,ISIC_0014963,0.2003831595951718,0.03164600583499134,0.2017084126146674,1.0121623257222818
resnet18,integrated_gradients,ISIC_0014963,-0.043947617392059116,0.1529193000686172,0.3068903315268121,-1.3178050228320513
resnet18,lrp,ISIC_0014963,0.24143365701781047,0.24622745712067073,0.4528903133862931,0.63016658730516
resnet18,occlusion,ISIC_0014963,0.030888272348219614,0.12109817488332088,0.2215275465168322,-0.4717885617530804
resnet18,saliency,ISIC_0014963,0.19601066299623346,0.20593160789713102,0.3109194375606716,0.2967868381817512
resnet18,deep_lift,ISIC_0014964,-0.17066494510288882,-0.13288298839484267,-0.026433417214716183,0.09985495702451601
resnet18,gradcam,ISIC_0014964,0.19876418820510966,0.0659749481025781,0.13846204796880818,0.9209170799833537
resnet18,guided_backprop,ISIC_0014964,-0.17108494059737084,-0.16352463537020695,0.016174164084799898,-0.9126271750326964
resnet18,integrated_gradients,ISIC_0014964,-0.04562122457235721,-0.10095427982186654,-0.008834244023422354,0.901790805152188
resnet18,lrp,ISIC_0014964,-0.4000456243410628,-0.1529654080168089,0.06415299421537206,-1.4991062417227736
resnet18,occlusion,ISIC_0014964,0.34480104541474016,0.2568048241833729,0.3399016077551142,1.1169497392214698
resnet18,saliency,ISIC_0014964,-0.29311690182148353,-0.11425636248347784,-0.019207541510197303,-0.988092614933136
resnet18,deep_lift,ISIC_0014966,0.08497019237725947,0.0007460198329677437,0.14480123187220703,0.6901822170799659
resnet18,gradcam,ISIC_0014966,-0.2123569813195843,-0.07867973039538026,0.0457690724042497,-1.5978910010045917
resnet18,guided_backprop,ISIC_0014966,-0.059530874561842625,-0.10792202612734565,0.06616225662678223,-0.2533498555116559
resnet18,integrated_gradients,ISIC_0014966,-0.03422726910809098,0.0029689307755895837,0.14885173301689517,-0.21437932366995355
resnet18,lrp,ISIC_0014966,0.04529464480665877,0.08484159748212734,0.29893018548487865,0.2229101511321514
resnet18,occlusion,ISIC_0014966,0.3336392156584769,0.12798825237328007,0.22806710368133332,1.8107494463484912
resnet18,saliency,ISIC_0014966,0.07262872808032048,0.05136323301152465,0.15754212092150283,0.31543708197285
resnet18,deep_lift,ISIC_0014968,-0.06299663644493092,-0.018943601382965015,0.13349155315152725,-0.1694550943293958
resnet18,gradcam,ISIC_0014968,-0.17616963359757268,-0.08454957008057146,0.03343912838659563,-0.7759753778853694
resnet18,guided_backprop,ISIC_0014968,0.06285696412418387,-0.032456023541858614,0.1370498987059773,0.8263156454647604
resnet18,integrated_gradients,ISIC_0014968,-0.08927266722374383,0.05399000640537413,0.1838091574251785,-0.6284170256471922
resnet18,lrp,ISIC_0014968,-0.043489551328570804,0.1417619082513533,0.35595189563432206,-0.44179851678299403
resnet18,occlusion,ISIC_0014968,0.2542180208480567,0.24780903247808952,0.34667023366680794,0.3378970648493563
resnet18,saliency,ISIC_0014968,-0.1426734644178424,0.036868563356677125,0.15723889226256735,-1.0210396516645073
resnet18,deep_lift,ISIC_0014969,0.07370523793365719,0.011178958750568896,0.13875542928500237,0.5707310439587349
resnet18,gradcam,ISIC_0014969,0.14274228896343366,0.04517080309057668,0.12846983760636327,0.5771859366087567
resnet18,guided_backprop,ISIC_0014969,-0.12057223723166982,-0.12991912158066826,0.05145327282863404,-0.4675789697127476
resnet18,integrated_gradients,ISIC_0014969,-0.13911120172059893,-0.10996677657927542,-0.00849646316880732,0.2916523756126147
resnet18,lrp,ISIC_0014969,-0.28138013466015627,-0.12087743410464157,0.06862842805381633,-0.368309324247501
resnet18,occlusion,ISIC_0014969,0.2034829281655232,0.21083445824594552,0.2932916775822385,0.33554735106778244
resnet18,saliency,ISIC_0014969,0.07508408252457031,0.07810137258627883,0.17087563389846916,0.29658072503005484
resnet18,deep_lift,ISIC_0014973,-0.04353838244343049,-0.12608185762300872,-0.0070397787235594025,1.018688655825141
resnet18,gradcam,ISIC_0014973,0.1539804580534391,0.08838830312287657,0.18633774567835376,0.5406361385873009
resnet18,guided_backprop,ISIC_0014973,-0.09314111213073797,-0.1147737446225326,0.06485322148977744,-0.2437468401356515
resnet18,integrated_gradients,ISIC_0014973,-0.10172668350190334,-0.11817125115903909,-0.008649091310741298,0.5749869987866977
resnet18,lrp,ISIC_0014973,0.08983358925574277,0.08991713548582977,0.30128619568463083,0.5991419813267259
resnet18,occlusion,ISIC_0014973,0.15116288764911034,0.05374971587745958,0.11249976601030341,1.313298977288562
resnet18,saliency,ISIC_0014973,-0.2808564802866618,-0.12583366405268762,-0.024601556805066444,-0.8827223123675999
resnet18,deep_lift,ISIC_0014974,-0.35544951537529135,-0.16784719028470524,-0.054894822441002626,-1.323965817387421
resnet18,gradcam,ISIC_0014974,0.31074692287503736,0.07256838513397273,0.17903762032100734,1.9063395561325618
resnet18,guided_backprop,ISIC_0014974,-0.06689797325521535,-0.11810909047276977,0.06209027589018968,-0.23913365332055544
resnet18,integrated_gradients,ISIC_0014974,-0.15789913441616163,-0.032620482762306814,0.09691931832519898,-0.9351541230674137
resnet18,lrp,ISIC_0014974,-0.07612647787176974,-0.10691259270339659,0.08365319008053132,0.8591800341914306
resnet18,occlusion,ISIC_0014974,0.4646191523030433,0.29686572511640236,0.38027586007442205,2.1615382284276006
resnet18,saliency,ISIC_0014974,0.06087824728183111,0.07100623315806269,0.1711532493784726,0.15851311866510254
resnet18,deep_lift,ISIC_0014977,-2.0305033097479455,0.05209166165760403,0.18578754998811697,0.6204398235368344
resnet18,gradcam,ISIC_0014977,0.16324751857439404,0.05347947612966322,0.14679881413911963,0.9588763067487673
resnet18,guided_backprop,ISIC_0014977,0.05962818628824685,-0.04470747886057622,0.13676136829022018,0.6231035222165004
resnet18,integrated_gradients,ISIC_0014977,0.3375910144719178,0.0070439691232388685,0.1528162319465712,-0.1257027850728205
resnet18,lrp,ISIC_0014977,-0.08999615933107365,0.02246900979453233,0.2387809921152141,-0.5598027237007009
resnet18,occlusion,ISIC_0014977,0.013299109463605385,-0.01495330000243105,0.0735631177583841,0.7949990880930954
resnet18,saliency,ISIC_0014977,-0.11223983332881735,-0.06754490941068034,0.021616135189877324,0.21158917831354232
resnet18,deep_lift,ISIC_0014982,-0.4874744599934639,0.21151786275530385,0.34597944077527404,-0.5750872378169315
resnet18,gradcam,ISIC_0014982,0.11866275426079761,0.22554091968654585,0.33101434497225196,-0.40046324424977303
resnet18,guided_backprop,ISIC_0014982,0.322520108486512,0.13418973430816336,0.3075342516341774,1.4254392009376249
resnet18,integrated_gradients,ISIC_0014982,0.14868143295790914,0.2541241236927358,0.37381049180822196,-0.1808781249113868
resnet18,lrp,ISIC_0014982,-0.07748093418508104,0.09074667929325074,0.3075348277412711,-0.3880294899897953
resnet18,occlusion,ISIC_0014982,0.2820091047071147,0.13212628138113797,0.20532178517423053,1.4053751753691324
resnet18,saliency,ISIC_0014982,0.011303937603454946,0.2113893051663729,0.33280637759539516,-1.279776087901056
resnet18,deep_lift,ISIC_0014992,0.07057723970033869,0.02113663327417695,0.1486335046934391,0.5126557341153732
resnet18,gradcam,ISIC_0014992,0.2128106138484017,-0.0658599506808254,0.035190215960027665,1.758031468423163
resnet18,guided_backprop,ISIC_0014992,-0.3467908088509943,-0.2697646260808849,-0.08966979762612075,-0.8783408351371143
resnet18,integrated_gradients,ISIC_0014992,-0.3917236363522107,-0.196719337312305,-0.05145285506386015,-1.4162489336327195
resnet18,lrp,ISIC_0014992,-0.047780436681897666,0.05011774017382478,0.26089085794498734,-0.3392173160384574
resnet18,occlusion,ISIC_0014992,0.3372279945660669,0.17881149836790397,0.24397915547694893,1.7031949347178672
resnet18,saliency,ISIC_0014992,-0.14302084669710413,-0.10819286311567682,-0.008974164502685608,0.10471341938458942
resnet18,deep_lift,ISIC_0014994,-0.14954892757913862,-0.04418430859609263,0.129548022730368,-0.924310716776693
resnet18,gradcam,ISIC_0014994,0.23151189809493916,-0.013974491953744159,0.11046149706016657,1.8072478185475656
resnet18,guided_backprop,ISIC_0014994,-0.07004289183325185,-0.08510622414047281,0.09804556133160282,-0.24888172011895254
resnet18,integrated_gradients,ISIC_0014994,0.1126267584274354,0.027156275369579826,0.1817903063236049,0.8640791646173095
resnet18,lrp,ISIC_0014994,-0.377433629117246,-0.15023481911502007,0.0675269953869312,-1.219969582622994
resnet18,occlusion,ISIC_0014994,0.11099805410326415,-0.07676418087457075,0.0047903798560616235,1.9424656787763805
resnet18,saliency,ISIC_0014994,-0.3295191383232499,-0.19553934757950597,-0.06795108303349033,-0.941902577136733
resnet18,deep_lift,ISIC_0014998,-0.029679304541484323,-0.014058685220204512,0.13299121958846447,0.10225913590081864
resnet18,gradcam,ISIC_0014998,0.09035401750774491,-0.007409151772500361,0.0962841675338303,0.5951556164188608
resnet18,guided_backprop,ISIC_0014998,-0.24174707591828729,-0.1492658268420335,0.03876151803723874,-1.3926999768299078
resnet18,integrated_gradients,ISIC_0014998,-0.07676274108166255,0.02085927554810492,0.1619554311675411,-0.06429191863567191
resnet18,lrp,ISIC_0014998,-0.010600972372883277,0.043633698141427035,0.2525889502754919,-0.08138058621961286
resnet18,occlusion,ISIC_0014998,0.32287290153618275,0.1329264325158074,0.21393841420854742,1.839037365798951
resnet18,saliency,ISIC_0014998,0.05024249544994362,0.012562029251224637,0.13057334867502057,0.30361132125972384
resnet18,deep_lift,ISIC_0015002,-0.3935019169773352,-0.22790123032418985,-0.07451581005435376,-1.2581336404823105
resnet18,gradcam,ISIC_0015002,-0.005364847475928355,0.08269510475994683,0.1079018753171198,-0.4776540357866
resnet18,guided_backprop,ISIC_0015002,-0.0310103771925007,-0.2861151824145075,-0.14120180103336277,1.603107008412422
resnet18,integrated_gradients,ISIC_0015002,-0.2892373949063327,-0.14466215083516681,-0.01625604819355516,-0.791360011770643
resnet18,lrp,ISIC_0015002,-0.2687967288530406,-0.17592866664087542,0.017155104921580074,-0.19019091818141495
resnet18,occlusion,ISIC_0015002,0.27054009324213785,0.17213193976013882,0.2502654189189034,0.9858211663075299
resnet18,saliency,ISIC_0015002,-0.3398996721034556,-0.16613815832838932,-0.05920458591367528,-1.1723169852224684
resnet18,deep_lift,ISIC_0015003,0.225406535966697,0.2121956781556143,0.3528230161646248,0.3670289957417681
resnet18,gradcam,ISIC_0015003,0.27409745353683346,0.1739590335550652,0.25698758437060915,0.5387425690423537
resnet18,guided_backprop,ISIC_0015003,-0.07441248099026594,-0.09574766986420546,0.07472909220889089,0.15975201881494436
resnet18,integrated_gradients,ISIC_0015003,0.061195880677232486,0.1177607609721119,0.23417094719671097,0.3044888450960783
resnet18,lrp,ISIC_0015003,0.18033664729111806,0.1672392720949915,0.3515413626509429,1.1432619777976358
resnet18,occlusion,ISIC_0015003,0.16029305044003994,0.12345129766112337,0.22736255819423776,0.3325260477097653
resnet18,saliency,ISIC_0015003,0.21335520283409484,0.24838435471102355,0.3560452452722353,0.11956023002570322
resnet18,deep_lift,ISIC_0015004,0.15709375880249868,0.11748359708894225,0.24936305581457907,1.3641560036044205
resnet18,gradcam,ISIC_0015004,0.11574713714805042,0.07817936492414766,0.17285670260727068,-0.021730577711275602
resnet18,guided_backprop,ISIC_0015004,0.07429354837738639,0.07012634473640407,0.25747842195867504,-0.1796852148579573
resnet18,integrated_gradients,ISIC_0015004,0.08559116440698782,0.24542478036985685,0.4021470976418992,-0.800744913337702
resnet18,lrp,ISIC_0015004,0.15523315222898867,0.16277268724279967,0.36969687617511904,1.0136648974556648
resnet18,occlusion,ISIC_0015004,0.3102433986480179,0.24711091562807844,0.3332011616236083,0.897435446122322
resnet18,saliency,ISIC_0015004,-0.06465067054186986,0.06267252018462331,0.18214835216797046,-0.457798836561877
resnet18,deep_lift,ISIC_0015007,-0.13969083405031868,-0.06106033339767107,0.10703341806376862,-0.7827130984475842
resnet18,gradcam,ISIC_0015007,-0.134170273124654,-0.28536990795106576,-0.1688303128202028,-0.10562052744989914
resnet18,guided_backprop,ISIC_0015007,-0.21449450780167156,-0.14217201303736185,0.04841864779257111,-1.2677231942514882
resnet18,integrated_gradients,ISIC_0015007,0.023597964899000838,0.03607381476178857,0.18344926841096748,0.08851587141266812
resnet18,lrp,ISIC_0015007,-0.07178484424908403,-0.08674052522152323,0.1092394261158206,0.9580337860716904
resnet18,occlusion,ISIC_0015007,0.14149653353371133,0.08959842538706628,0.17739851010016577,0.6867415913777485
resnet18,saliency,ISIC_0015007,0.14151810609317825,0.035647267855028836,0.14054725039786647,0.9421840931758356
resnet18,deep_lift,ISIC_0015008,-0.1644256268081256,-0.11991424813395357,0.0067738272163427714,-0.024400328896336605
resnet18,gradcam,ISIC_0015008,-0.1385809358700894,0.03022174404751366,0.12612356443268052,-1.5828812646702266
resnet18,guided_backprop,ISIC_0015008,0.07313242533981851,-0.04538873700208646,0.12350898614406619,0.5923672897955969
resnet18,integrated_gradients,ISIC_0015008,0.07113856606665042,0.0697105059851405,0.19616325056995462,0.23721378668320364
resnet18,lrp,ISIC_0015008,0.06927081552495833,0.0933024914369761,0.29191747362617765,0.33082427997370883
resnet18,occlusion,ISIC_0015008,0.24654498269978856,0.27171588559695353,0.3559719157461071,0.3226439164261086
resnet18,saliency,ISIC_0015008,0.10651871139009468,0.12005362107642045,0.21219927952642742,0.24092984610383106
resnet18,deep_lift,ISIC_0015009,-0.2179049228393221,-0.13328042952957883,-0.014723767272328079,-0.4469378392456244
resnet18,gradcam,ISIC_0015009,-0.022644607860232927,-0.01847291812502216,0.08402550544541702,-0.4708980384470112
resnet18,guided_backprop,ISIC_0015009,-0.2112744516514493,-0.19089680759082195,-0.012461696716262835,-0.2898877572294047
resnet18,integrated_gradients,ISIC_0015009,-0.19047783452118475,-0.1344222073035424,-0.018245081101308402,-0.16454150348422433
resnet18,lrp,ISIC_0015009,0.26866595311158376,0.133805279670903,0.32768112120236015,1.6740148223046774
resnet18,occlusion,ISIC_0015009,0.07209343986779303,0.1690515576608607,0.2829811339146014,-0.6886730859811305
resnet18,saliency,ISIC_0015009,0.051823267936206,-0.038443897031956234,0.060621092379649244,1.1024005896030609
resnet18,deep_lift,ISIC_0015011,-0.05351281472521565,-0.04588795822499341,0.05781959184891049,0.6638942481559745
resnet18,gradcam,ISIC_0015011,-0.16543372391452052,-0.07006097856279198,0.05123710352364252,-1.4472269084858456
resnet18,guided_backprop,ISIC_0015011,-0.4053137401297307,-0.2652353928985197,-0.08115550065925256,-1.3738661304367334
resnet18,integrated_gradients,ISIC_0015011,-0.069165980609883,-0.09286720249697855,0.020693945163057,0.7545741958540864
resnet18,lrp,ISIC_0015011,-0.12978456372533764,0.049139786914141725,0.27523445660553886,-0.9722956951138756
resnet18,occlusion,ISIC_0015011,0.3080066603421024,0.18211487184133615,0.24761656643692478,1.4218821166833282
resnet18,saliency,ISIC_0015011,0.20332574531224706,-0.032432874538644296,0.03320341855927732,2.514965664336466
resnet18,deep_lift,ISIC_0015013,-0.25871977845439204,-0.14984221991365204,-0.015580469749999545,-0.525341248747537
resnet18,gradcam,ISIC_0015013,0.0103367807507773,-0.034615506385913805,0.06555740244164006,0.03193106183411056
resnet18,guided_backprop,ISIC_0015013,-0.4027896767852144,-0.30715168454720954,-0.1310844607941333,-1.2272046819782938
resnet18,integrated_gradients,ISIC_0015013,0.1918506772881104,0.08149480427066984,0.20071134427899248,1.2694396012986233
resnet18,lrp,ISIC_0015013,-0.4208771742126292,-0.013560831837486348,0.2131540076060949,-2.1270328653564987
resnet18,occlusion,ISIC_0015013,0.09536251428543757,0.06168198131596771,0.1198425477534041,0.9900879739037866
resnet18,saliency,ISIC_0015013,0.04773922436451868,0.09896560588213109,0.19103836274688693,-0.1269843807286978
resnet18,deep_lift,ISIC_0015015,-0.26849190182724764,-0.05124059694484206,0.1059067638992879,-1.8114829026672705
resnet18,gradcam,ISIC_0015015,-0.035337727876132694,-0.135450843261319,-0.02705116329100814,-0.1044059863981246
resnet18,guided_backprop,ISIC_0015015,-0.19398144799821698,-0.24218189949901753,-0.07298478600327482,0.2069273031176101
resnet18,integrated_gradients,ISIC_0015015,-0.3131081765266762,-0.17347430232304017,-0.041175494141826516,-0.705066073228238
resnet18,lrp,ISIC_0015015,-0.14418632054114625,-0.09035465701726007,0.11103453499408676,0.3587803551628667
resnet18,occlusion,ISIC_0015015,-0.029039653891942935,0.13989411906187435,0.23666866338219955,-1.0080366041138478
resnet18,saliency,ISIC_0015015,0.1482133970156477,0.08263383793308272,0.17827748489319542,0.786866727174489
resnet18,deep_lift,ISIC_0015016,-0.21169017693856124,-0.1723195755229941,-0.03275625662002295,-0.06511707190194803
resnet18,gradcam,ISIC_0015016,-0.2886340398235806,-0.1989810632338541,-0.08025405318646886,-1.6155638397126726
resnet18,guided_backprop,ISIC_0015016,-0.13299571036226787,-0.24786258276722578,-0.0889174107047412,0.5894053188796272
resnet18,integrated_gradients,ISIC_0015016,-0.1624197328234451,-0.01015586223138923,0.13570411526153622,-1.2115313763825155
resnet18,lrp,ISIC_0015016,-0.30322917332536314,-0.13836391482582203,0.07011548260949511,-0.5944523928117578
resnet18,occlusion,ISIC_0015016,0.005135636300381558,0.09426824473075494,0.17780231861180465,-0.6200394040912569
resnet18,saliency,ISIC_0015016,-0.10382169377649107,0.04125602832055506,0.1540534719358069,-1.0342198020823847
resnet18,deep_lift,ISIC_0015018,-0.029895815284734742,0.009986801096787873,0.1708239834262545,-0.20301994874815
resnet18,gradcam,ISIC_0015018,-0.22827792092213475,-0.2892332474949741,-0.21275861932968965,-0.0009368320534730884
resnet18,guided_backprop,ISIC_0015018,-0.029607040091141682,-0.08270531515284722,0.0960295371641485,0.006981241663279154
resnet18,integrated_gradients,ISIC_0015018,-0.057752439403955365,0.015072924290179535,0.17884756905666438,-0.4048886095981959
resnet18,lrp,ISIC_0015018,-0.11631212776690834,-0.09371274215994331,0.10771741699503423,0.5697194705447691
resnet18,occlusion,ISIC_0015018,0.04816343277586016,0.14448430353318611,0.247836949084975,-0.5259789979613052
resnet18,saliency,ISIC_0015018,0.13786364707874793,0.08627658127895055,0.1888029121512116,0.667274706587814
resnet18,deep_lift,ISIC_0015019,-0.02012447721167081,-0.10781027101913028,0.001539889697683623,1.1414218968964245
resnet18,gradcam,ISIC_0015019,0.1932111066407926,0.07490029686154559,0.16676221006356054,0.9219268644794689
resnet18,guided_backprop,ISIC_0015019,0.18573417861074099,-0.04592119675678884,0.1185839904729282,1.5022725070572909
resnet18,integrated_gradients,ISIC_0015019,-0.1634687763999107,-0.13545168066417057,-0.025306149424746346,0.13854807988434792
resnet18,lrp,ISIC_0015019,-1.2249176061472735,-0.1951092391940514,-0.012131667946112456,-0.2980368743452129
resnet18,occlusion,ISIC_0015019,0.24056955964755483,0.202403762501467,0.2817646696336194,0.6121495608026075
resnet18,saliency,ISIC_0015019,-0.04764725973231841,0.04378660159661755,0.15365931732442095,-0.6144297751256824
resnet18,deep_lift,ISIC_0015020,-0.11765932537099869,0.05174232416923018,0.17990085733839542,-0.8996828636181345
resnet18,gradcam,ISIC_0015020,0.09151882537706155,-0.004954705077379014,0.07738542680414408,0.12206499826198455
resnet18,guided_backprop,ISIC_0015020,0.04334519476267911,0.0855069679576006,0.27666904969924594,-0.40066721070004846
resnet18,integrated_gradients,ISIC_0015020,0.007280471956356485,0.09573482406456214,0.2135233223183432,-0.1919097700829461
resnet18,lrp,ISIC_0015020,0.28850715058758325,0.31442443996065855,0.5327399437067301,0.6483924401514811
resnet18,occlusion,ISIC_0015020,0.2864938008579253,0.1514519159785052,0.21598390184301514,1.4208172335174123
resnet18,saliency,ISIC_0015020,0.08689809843536517,0.20465636838177537,0.316933594922552,-0.6723643567647899
resnet18,deep_lift,ISIC_0015021,-0.2649412588571008,-0.05185709910410601,0.12405729310444656,-1.848873790231523
resnet18,gradcam,ISIC_0015021,-0.09693060023190662,0.0017632109683966529,0.042931258040199524,0.11314271085111158
resnet18,guided_backprop,ISIC_0015021,0.06289986539706885,-0.08998800381014649,0.0753444569091218,0.6446943891705508
resnet18,integrated_gradients,ISIC_0015021,0.048642866517977876,0.04057859689746819,0.19374004330788996,-0.17018103719320307
resnet18,lrp,ISIC_0015021,-0.3613742291308406,-0.12575770562895794,0.09202912063999684,-1.1544012114702646
resnet18,occlusion,ISIC_0015021,0.2319256783060732,0.2113324514205955,0.29576703122050346,0.48876053226256166
resnet18,saliency,ISIC_0015021,-0.04781263063369819,0.04569315727100027,0.15655145140307958,-0.6331521123061638
resnet18,deep_lift,ISIC_0015023,-0.09947196891839866,-0.0439616629981375,0.08572404069314044,-0.6047350926174796
resnet18,gradcam,ISIC_0015023,0.11814160289153634,-0.1820703502261474,-0.08133450009,1.4642402328129747
resnet18,guided_backprop,ISIC_0015023,0.11930247981082959,-0.061418662545203735,0.1090154067795715,1.1560827942499066
resnet18,integrated_gradients,ISIC_0015023,-0.11937250679645318,-0.09883162546042759,-0.005551117642875728,0.3509043461722626
resnet18,lrp,ISIC_0015023,-0.11093991722934642,-0.09178771437356963,0.10999793249623908,0.5807727765299701
resnet18,occlusion,ISIC_0015023,-0.034109200203461774,0.014429754237548045,0.08602381483805421,0.2479617243912928
resnet18,saliency,ISIC_0015023,0.06429191692791218,0.06975310842036875,0.1622953908462648,0.24621994452597631
resnet18,deep_lift,ISIC_0015026,-0.19698542551979248,-0.11115936741178567,-0.0014293805218659862,-0.1816677830659758
resnet18,gradcam,ISIC_0015026,0.12273188894992504,0.13957392975781435,0.2464412497521084,-0.012301105069620583
resnet18,guided_backprop,ISIC_0015026,-0.10805801517248127,-0.09377511562448843,0.09084015710255101,-0.48498621375059703
resnet18,integrated_gradients,ISIC_0015026,0.1791153384612719,0.04972407182154129,0.1590583033275645,1.416278748930231
resnet18,lrp,ISIC_0015026,-0.034050707170706004,-0.06492327548457107,0.13447693614489156,1.0935826557334776
resnet18,occlusion,ISIC_0015026,0.19920395636830843,0.2015038749075644,0.27946817517973094,0.328466188093534
resnet18,saliency,ISIC_0015026,-0.12235922527449783,-0.08766676809799077,-0.0014584511898596635,0.24671195656550884
resnet18,deep_lift,ISIC_0015030,0.084129098172614,-0.0062690520018193535,0.1349588817621352,0.7013176940251085
resnet18,gradcam,ISIC_0015030,0.18819215619970983,0.24262190046427584,0.26367263019535164,0.4990708708490766
resnet18,guided_backprop,ISIC_0015030,-0.18036081888696728,-0.27654004070084165,-0.11427615313785125,0.3588000034439268
resnet18,integrated_gradients,ISIC_0015030,-0.11780063962739407,-0.06022929740024792,0.11032292842563643,-1.0723451000549364
resnet18,lrp,ISIC_0015030,-0.25538348673820943,-0.14110825462356646,0.06484040911552655,-0.3540771410569351
resnet18,occlusion,ISIC_0015030,0.09256825540380616,0.11811711698639396,0.20648610018461008,0.04245476241652923
resnet18,saliency,ISIC_0015030,0.08301145099240052,0.05791929946589584,0.15796903411171384,0.3725619397621429
resnet18,deep_lift,ISIC_0015031,-0.2588472705493678,-0.048137860906241246,0.12285030226021734,-1.5771494526154504
resnet18,gradcam,ISIC_0015031,-0.08642227993283734,-0.2787133142565298,-0.18132888876762282,0.8302138763531823
resnet18,guided_backprop,ISIC_0015031,0.08744077081869882,0.08817814942911878,0.27329986310683096,-0.2945429090757473
resnet18,integrated_gradients,ISIC_0015031,0.20663800008873562,0.2324387126931945,0.37772750879786493,0.10351135603482332
resnet18,lrp,ISIC_0015031,-0.041289192620303464,0.13357658974443337,0.3525852100503081,-0.39082533006803194
resnet18,occlusion,ISIC_0015031,0.5437457792273334,0.22748127186915443,0.30422818823591696,2.760158799831448
resnet18,saliency,ISIC_0015031,0.19918204813634385,0.20956208133763082,0.3378309475518215,0.12897131687780233
resnet18,deep_lift,ISIC_0015034,0.08617453438601863,-0.03810145018959163,0.08444259832203878,0.8190920548142999
resnet18,gradcam,ISIC_0015034,0.16346731748528395,0.01398679302273138,0.1381160746903369,0.9362303956769794
resnet18,guided_backprop,ISIC_0015034,-0.22407117434497903,-0.25325649356664204,-0.08952055566800149,0.10859432013133263
resnet18,integrated_gradients,ISIC_0015034,-0.07649715898648607,-0.00878492770945166,0.11386471890915971,-0.5871507457124122
resnet18,lrp,ISIC_0015034,-0.10665167630717558,-0.1259650445375058,0.05055773422408766,0.8337338703773748
resnet18,occlusion,ISIC_0015034,-0.07694407750991548,0.012832196256625177,0.10715190299877796,-0.17903987765097207
resnet18,saliency,ISIC_0015034,-0.16325891775929655,-0.12370618339668225,-0.028403537820839018,0.10389873874156388
resnet18,deep_lift,ISIC_0015035,-0.2862045563258116,-0.1349733614150857,-0.034000288143202016,-0.7752314862124609
resnet18,gradcam,ISIC_0015035,0.037798725497667156,-0.12215411892052846,-0.03164917336967258,1.3594375538814607
resnet18,guided_backprop,ISIC_0015035,-0.27281873385280764,-0.26100893495027955,-0.0760499839217233,-0.6471570731143955
resnet18,integrated_gradients,ISIC_0015035,0.024946635851297406,0.025631945683224827,0.1400151619916472,0.12135845024920881
resnet18,lrp,ISIC_0015035,-0.213838198072593,-0.10316119079197068,0.10529176904217405,-0.19233182052686854
resnet18,occlusion,ISIC_0015035,-0.4944180933996824,-0.14733167693829882,-0.04460278720511159,-2.6530002353517754
resnet18,saliency,ISIC_0015035,-0.20266576553724108,-0.130169205363806,-0.03377213398374629,-0.18640834083204022
resnet18,deep_lift,ISIC_0015037,0.0014204641478259277,0.011313745878862805,0.1495505069373011,-0.007574066677522203
resnet18,gradcam,ISIC_0015037,0.07477432605273049,-0.12486414868800524,-0.025517075358704754,0.8321463846766795
resnet18,guided_backprop,ISIC_0015037,-0.0009347748640984697,-0.051391243230515575,0.12803484115013528,-0.017536336822248783
resnet18,integrated_gradients,ISIC_0015037,0.25865119100030687,0.05183063930853655,0.1758375431991764,1.6975291933623764
resnet18,lrp,ISIC_0015037,0.10210539742634774,0.07716955998499436,0.2822078671864964,0.709911655379786
resnet18,occlusion,ISIC_0015037,0.2427373705367899,0.13578365807824472,0.21543525296000277,0.928453194582328
resnet18,saliency,ISIC_0015037,0.22054653831239832,0.0894544547092307,0.181948133460263,1.2445973761509574
resnet18,deep_lift,ISIC_0015040,-0.11168349314632625,0.04738257579350724,0.20261748122341555,-1.051965628638774
resnet18,gradcam,ISIC_0015040,0.280850602799968,0.09026273892781535,0.18298195569325634,1.7095714727660298
resnet18,guided_backprop,ISIC_0015040,-0.09443098216730271,-0.02828425790226386,0.17058293126423607,-0.6964459936729402
resnet18,integrated_gradients,ISIC_0015040,0.021467617252279567,0.006541172485957698,0.15906630073761133,0.028247875642445564
resnet18,lrp,ISIC_0015040,-0.12179517137132989,-0.15740530031848843,0.030431755105825208,0.7138454857334366
resnet18,occlusion,ISIC_0015040,0.07391541761187294,0.060913237674129816,0.15142538802062813,0.15857980057798665
resnet18,saliency,ISIC_0015040,0.2790388214822599,0.10875262040947077,0.20167408444454257,1.656762617813887
resnet18,deep_lift,ISIC_0015041,-0.07521383202187207,-0.13423976682541086,-0.03331505490029785,0.8121206419501914
resnet18,gradcam,ISIC_0015041,0.1055131665302502,0.05992228005088185,0.16774578867001627,0.3398882496783559
resnet18,guided_backprop,ISIC_0015041,-0.1560551189905995,-0.07879200841404735,0.11900889028692112,-0.8982309778905208
resnet18,integrated_gradients,ISIC_0015041,-0.06851626561006326,-0.014029329613653961,0.10491406645015083,-0.49051927703216275
resnet18,lrp,ISIC_0015041,-0.9820796669620273,-0.1335421338593086,0.04217199699459708,1.523293603675899
resnet18,occlusion,ISIC_0015041,0.12788004217126422,0.15056397454445714,0.2547918880454293,0.07636230641105436
resnet18,saliency,ISIC_0015041,-0.2259073678486598,-0.02620911389441383,0.09764159618971541,-1.6463193924463642
resnet18,deep_lift,ISIC_0015046,-0.13282377695366063,-0.04570159163873655,0.09187557036322459,-0.8269288268733797
resnet18,gradcam,ISIC_0015046,-0.0536614597870273,0.05184960885763843,0.14975179964307644,-0.868265649802071
resnet18,guided_backprop,ISIC_0015046,-0.14098581970239912,-0.1214928537969215,0.06108702205185589,-0.7046937397929158
resnet18,integrated_gradients,ISIC_0015046,-0.09291505632981134,0.02728136101016623,0.14772243870835097,-0.7599078544258961
resnet18,lrp,ISIC_0015046,-0.20378582302716833,-0.0908291622475244,0.11852244211365177,-0.11400771226251169
resnet18,occlusion,ISIC_0015046,0.055568863646681316,0.16936504661721474,0.2716466853217922,-0.694387426271565
resnet18,saliency,ISIC_0015046,-0.17429967458871565,-0.11932320068513794,-0.02014808532244532,-0.07135896406654883
resnet18,deep_lift,ISIC_0015050,0.04750705294882307,0.11587729773152906,0.24578503479545677,0.3812642797232749
resnet18,gradcam,ISIC_0015050,0.007208143110398084,0.06364463470456107,0.16352485209374595,-0.7457111216240714
resnet18,guided_backprop,ISIC_0015050,-0.03340626772414071,-0.11502563950959492,0.04898272784613281,0.5321873777315029
resnet18,integrated_gradients,ISIC_0015050,0.3912647559469096,0.26979106806064646,0.3947974282938357,1.4942192759382795
resnet18,lrp,ISIC_0015050,0.1887189320738297,0.2625606090085658,0.47580222464772387,0.1194060849375698
resnet18,occlusion,ISIC_0015050,-0.07612653236521534,0.06677437694510184,0.1805948395145546,-1.3654850503062872
resnet18,saliency,ISIC_0015050,0.24048310724579777,0.19603362070739408,0.3121244603870422,0.5447009773582162
resnet18,deep_lift,ISIC_0015051,0.016355855787832455,0.006722237960925287,0.1400880395141689,0.16256018751870102
resnet18,gradcam,ISIC_0015051,0.2375237222512493,0.09523205587921299,0.17764718829059759,1.1507286823840044
resnet18,guided_backprop,ISIC_0015051,-0.19952391844017753,-0.2677449147804326,-0.09585434404267282,0.10808819054842785
resnet18,integrated_gradients,ISIC_0015051,0.06763844954081649,0.061892435199381785,0.1810028665911184,0.4443788518908183
resnet18,lrp,ISIC_0015051,-0.1862823887323056,-0.1303698780643007,0.0554241910710541,0.4421973262025067
resnet18,occlusion,ISIC_0015051,-0.0003161046632361911,0.1446848992603194,0.2589326437260737,-0.8699617228163029
resnet18,saliency,ISIC_0015051,0.05363496392416981,0.08960523125190327,0.18872663402967685,0.022538702715760615
resnet18,deep_lift,ISIC_0015056,-0.010325630473708365,0.03639656487759673,0.17836964462941768,0.10391082139088076
resnet18,gradcam,ISIC_0015056,0.23068922217603136,0.11368665051466696,0.19329242847880865,0.7394191397596508
resnet18,guided_backprop,ISIC_0015056,-0.19308037591566818,-0.011605891138677967,0.18640544812586654,-1.9879397320183452
resnet18,integrated_gradients,ISIC_0015056,0.07783213733836288,0.18891985078983684,0.3360805439186358,-0.6167879862670466
resnet18,lrp,ISIC_0015056,0.2160583089448646,0.2983342790742504,0.5177278646617816,0.11220195622255959
resnet18,occlusion,ISIC_0015056,-0.03480264863245364,0.11410232052338655,0.22541054312094863,-1.2139279299964798
resnet18,saliency,ISIC_0015056,-0.06484548136412904,0.1833304696326369,0.30354967591851684,-1.6516421386192843
resnet18,deep_lift,ISIC_0015057,-0.20910521133846618,-0.12241640457750269,0.013993319395081569,-0.2352156847051809
resnet18,gradcam,ISIC_0015057,-0.27243403433397356,-0.2798958703297415,-0.18811211693723656,-0.620414778686925
resnet18,guided_backprop,ISIC_0015057,-0.2980596383825159,-0.2871684363642693,-0.11890595689140082,-0.4762970521509656
resnet18,integrated_gradients,ISIC_0015057,-0.03980640952305617,0.015271294326742468,0.16945093934298108,-0.41945865974016094
resnet18,lrp,ISIC_0015057,0.1430069931741962,0.10252073506281977,0.3035780628273094,0.9692383748764642
resnet18,occlusion,ISIC_0015057,0.05012722453021643,0.15144925167001483,0.25559357174166153,-0.48927556171177283
resnet18,saliency,ISIC_0015057,0.0925504490319736,0.05115391208859223,0.16659918983714095,0.43218156275540326
resnet18,deep_lift,ISIC_0015060,0.01058676764098934,-0.023136128057766617,0.1139147393064138,0.18610796661726153
resnet18,gradcam,ISIC_0015060,0.048841628627565296,0.22697751478716288,0.2635489763717493,-0.3771126784366017
resnet18,guided_backprop,ISIC_0015060,5.095057846832861,-0.2823784998614586,-0.10102854160725161,-0.8246083022680695
resnet18,integrated_gradients,ISIC_0015060,-0.020545383943468415,-0.026687145121939208,0.11261215617475197,0.03380878827534294
resnet18,lrp,ISIC_0015060,0.13425535127551902,0.07897666063436015,0.28462523942312634,0.949946744405301
resnet18,occlusion,ISIC_0015060,0.11814399463446089,0.14809211502831152,0.2255998484390956,0.32836913930013445
resnet18,saliency,ISIC_0015060,0.0822331478259006,0.011642784215951385,0.1226531682362686,0.5792180876565372
resnet18,deep_lift,ISIC_0015064,-0.14292862780414498,0.04210259106630949,0.18434822795190117,-0.9432349631519216
resnet18,gradcam,ISIC_0015064,0.11141514155451647,0.1118870053919841,0.2174448087899245,-0.28587977623084293
resnet18,guided_backprop,ISIC_0015064,0.0053862978631825376,0.03891363542184726,0.22500212144201548,-0.712117331459083
resnet18,integrated_gradients,ISIC_0015064,-0.07158503821930311,0.09462973390733413,0.22276601331052176,-0.5815528639740571
resnet18,lrp,ISIC_0015064,0.3235312311931726,0.3047734668703515,0.4879337464558559,1.6409547855957376
resnet18,occlusion,ISIC_0015064,0.18333104338463158,0.189058069742447,0.29273014266624314,0.1731949016344916
resnet18,saliency,ISIC_0015064,0.015120348719929733,0.1075784483871137,0.20826822993735938,0.009529777824578976
resnet18,deep_lift,ISIC_0015071,-0.06452122941662876,0.039763199989348255,0.16531658111472558,-0.3688911995937331
resnet18,gradcam,ISIC_0015071,-0.0017005406001408922,-0.07817253128222391,0.03702822498997849,-0.055339271798108054
resnet18,guided_backprop,ISIC_0015071,0.1634583268036894,-0.04135317564688518,0.11721921313053923,1.669860000965873
resnet18,integrated_gradients,ISIC_0015071,-0.015604592265522048,0.0925347511500216,0.20367948168177702,-0.236688933093462
resnet18,lrp,ISIC_0015071,-0.1867831439872328,0.07310954500422263,0.29849958732237264,-1.2283383788508664
resnet18,occlusion,ISIC_0015071,0.18487362512260969,0.09929243044460627,0.17272875718600111,0.943618924553273
resnet18,saliency,ISIC_0015071,-0.10655962051571193,0.18321307340929732,0.30759768554355993,-2.029261826190067
resnet18,deep_lift,ISIC_0015078,-0.044761717707352704,0.12852317768589175,0.30284570679022993,-1.457556239416875
resnet18,gradcam,ISIC_0015078,0.12956472089884602,0.373450034326861,0.39860302348082033,-0.6272426010782194
resnet18,guided_backprop,ISIC_0015078,0.04903118546931839,-0.03695276701190458,0.12965698386778704,0.7241679591460389
resnet18,integrated_gradients,ISIC_0015078,0.15542519475475386,0.20695806005427933,0.35543243257909296,-0.1989280376870943
resnet18,lrp,ISIC_0015078,-0.12109400518022381,0.08904782734015744,0.30326774126259803,-0.8468868888745169
resnet18,occlusion,ISIC_0015078,0.22959435767050243,0.23426068406075332,0.3340549780638102,0.33109667253177233
resnet18,saliency,ISIC_0015078,-0.010756271487838684,0.045989302121384336,0.16162244339863457,-0.05936406489755364
resnet18,deep_lift,ISIC_0015089,-0.39671624923495247,-0.1979472586603748,-0.060102169470575464,-1.41323508409908
resnet18,gradcam,ISIC_0015089,-0.07139381547233097,-0.16509163046199415,-0.07999086321060815,-0.11504759530146454
resnet18,guided_backprop,ISIC_0015089,-0.03853257960773367,-0.22713735051377074,-0.07038834834251294,1.3386048899431247
resnet18,integrated_gradients,ISIC_0015089,-0.03897300544512142,-0.011108108263144947,0.11446637706050106,-0.2403076753830121
resnet18,lrp,ISIC_0015089,-0.3136186688134668,-0.16185850947478211,0.04631063130906343,-1.1013301011612124
resnet18,occlusion,ISIC_0015089,0.06032304013443064,0.13416326238797951,0.2283434780436476,-0.4200949480043514
resnet18,saliency,ISIC_0015089,-0.1069420037970257,0.03611026337190764,0.14443937277571026,-1.0022681788737278
resnet18,deep_lift,ISIC_0015102,-0.1447876299955612,-0.1277022813515723,-0.016207057836651814,0.23083759151096303
resnet18,gradcam,ISIC_0015102,0.19545175204354587,0.04918848439000059,0.13855955237415885,1.0551638559722236
resnet18,guided_backprop,ISIC_0015102,-0.14543835156909254,-0.27098948280832613,-0.11226337552421223,0.5877577255391488
resnet18,integrated_gradients,ISIC_0015102,0.0451743475582269,0.03353821295603079,0.1444062772688586,0.2174659970677653
resnet18,lrp,ISIC_0015102,0.07747247430304413,0.017095713664887685,0.19997219357925827,0.9197902406292087
resnet18,occlusion,ISIC_0015102,0.1673792529129443,0.192608500918557,0.2832445433464414,0.10252188321013764
resnet18,saliency,ISIC_0015102,0.055825926155595645,0.0901453576459931,0.18608834666753965,0.02996030048390584
resnet18,deep_lift,ISIC_0015115,-0.22076660891535463,0.07721244205873033,0.22379138076741137,-1.566882614548005
resnet18,gradcam,ISIC_0015115,0.572195161151201,0.3672788629001809,0.4442185287229336,2.4070679190008906
resnet18,guided_backprop,ISIC_0015115,0.01631459744807568,-0.05658426601228059,0.11417188782831122,0.6657147702220183
resnet18,integrated_gradients,ISIC_0015115,0.3033417140010662,0.2753560645167908,0.4103575810453002,1.4244890470365321
resnet18,lrp,ISIC_0015115,-0.030758939509555636,0.1352996811472964,0.35521441758811817,-0.33410482734358704
resnet18,occlusion,ISIC_0015115,0.5268313252802572,0.3472989379696504,0.43000617433290683,2.14942653901134
resnet18,saliency,ISIC_0015115,0.20647458430971943,0.2252058594511307,0.339852680334814,0.15365575947103755
resnet18,deep_lift,ISIC_0015118,-0.31036549132813906,-0.1926462478870946,-0.0640187294265026,-0.8160350923604589
resnet18,gradcam,ISIC_0015118,0.40985803117755865,0.23202345056696322,0.2887296424078742,1.835209320120871
resnet18,guided_backprop,ISIC_0015118,0.17243033348139175,0.005073558134272247,0.17894370178792454,1.199158027915296
resnet18,integrated_gradients,ISIC_0015118,-0.17007625555287095,0.0083168769167241,0.1327938124811139,-1.468094396691675
resnet18,lrp,ISIC_0015118,-0.10446306765072569,-0.077475833816418,0.12181117909767751,0.4970073541083149
resnet18,occlusion,ISIC_0015118,0.39163899489065546,0.26980761703012696,0.34957622502676894,1.4299732728607744
resnet18,saliency,ISIC_0015118,0.015446499664817846,0.050745323255205185,0.1549715760459438,-0.14521931233311208
resnet18,deep_lift,ISIC_0015119,0.05020812238602046,0.07091467395226653,0.20042540505485618,0.3748998168706047
resnet18,gradcam,ISIC_0015119,0.09854643195612922,-0.022222135429362997,0.07338452867263835,0.5092245300471694
resnet18,guided_backprop,ISIC_0015119,0.14855585913959093,0.07005989052379112,0.2501554089484415,0.3908652527513994
resnet18,integrated_gradients,ISIC_0015119,0.19041187420465092,0.24983407113752817,0.3815531482588749,-0.11958241260705202
resnet18,lrp,ISIC_0015119,0.2386832133687354,0.2820557208135607,0.4957821663647948,0.41608598310097217
resnet18,occlusion,ISIC_0015119,0.1810212104719484,0.18022763706503983,0.26160238167025257,0.37648053449876545
resnet18,saliency,ISIC_0015119,0.4324291151296148,0.26031928762596657,0.3521084782368017,1.798828574836304
resnet18,deep_lift,ISIC_0015125,-0.2758741913085359,-0.1623913621555376,-0.05169828967235505,-0.647323680996889
resnet18,gradcam,ISIC_0015125,0.22968645666183038,0.20630937310248634,0.29594725245702674,0.7033654086581891
resnet18,guided_backprop,ISIC_0015125,-0.1724651630764651,-0.11928943068045571,0.07069268659210941,-0.8876532259006262
resnet18,integrated_gradients,ISIC_0015125,-0.05501358973598325,-0.03837041806508912,0.0978852402146731,-0.32696102242926783
resnet18,lrp,ISIC_0015125,-0.29401455965596895,-0.1244327893901249,0.08657698432666959,-0.8063212088006595
resnet18,occlusion,ISIC_0015125,0.0571016481705466,0.16389130662776,0.26633773223383894,-0.5765693562562215
resnet18,saliency,ISIC_0015125,0.1313881937527269,0.09604399498318299,0.20049266576085034,0.5589353370655006
resnet18,deep_lift,ISIC_0015127,-0.020502561851049098,0.0687115742619137,0.1850559754873897,-0.22687879084564622
resnet18,gradcam,ISIC_0015127,0.40334173421823655,0.22996956405211066,0.3154357814330293,1.7436894754918628
resnet18,guided_backprop,ISIC_0015127,0.04898854610673419,0.09437794878456394,0.2904863628987705,-0.47744252606605503
resnet18,integrated_gradients,ISIC_0015127,0.14709825208521318,0.23734481859678014,0.3713027088341812,-0.439838787092869
resnet18,lrp,ISIC_0015127,0.05773009151060689,0.10779370535448903,0.3039375897389282,0.442391036190438
resnet18,occlusion,ISIC_0015127,0.4609629371501182,0.2521398119621964,0.34291228931024936,2.15183776175168
resnet18,saliency,ISIC_0015127,0.3342955742822666,0.2586707611449765,0.3649998727752725,1.0373789117455001
resnet18,deep_lift,ISIC_0015129,0.31205585860293533,0.2140917253714639,0.3326549349570484,1.116381459650903
resnet18,gradcam,ISIC_0015129,-0.1341836120775092,-0.038801712562340614,0.0634234548258567,-0.5043859843058338
resnet18,guided_backprop,ISIC_0015129,0.21789548096402686,0.130097697549853,0.3114398593671177,0.6337480008422256
resnet18,integrated_gradients,ISIC_0015129,0.16869493711360561,0.2229982340837156,0.34526272231340205,0.08269867579964393
resnet18,lrp,ISIC_0015129,-0.17600127080163616,0.06127025094534015,0.280587280391457,-1.1148582557316422
resnet18,occlusion,ISIC_0015129,0.11686924253154521,0.09587135128028776,0.21508135498501138,0.18223737450963293
resnet18,saliency,ISIC_0015129,-0.034624223591637145,0.07721907108498188,0.1778504749836416,-0.27119517571583995
resnet18,deep_lift,ISIC_0015130,-0.08787202554938563,-0.1619581777248882,-0.053047403061716396,0.7606490627220284
resnet18,gradcam,ISIC_0015130,0.06616301917029048,0.03223199941391296,0.11498555862458655,0.14314002329996678
resnet18,guided_backprop,ISIC_0015130,-0.031673860328713783,-0.11905785244239192,0.051164783259565395,0.36168275511440895
resnet18,integrated_gradients,ISIC_0015130,-0.007886262505613445,-0.08608227480020611,-0.0030667756029105087,1.3043794328850604
resnet18,lrp,ISIC_0015130,0.17439150033747752,0.09969651580392341,0.30194153068126633,1.1849314798159594
resnet18,occlusion,ISIC_0015130,0.12475079000446614,0.16364411151679575,0.25773946081989846,-0.17764277753253527
resnet18,saliency,ISIC_0015130,0.06758370840547294,0.08409058683936921,0.17312486877505592,0.19313924859877363
resnet18,deep_lift,ISIC_0015132,0.26069860813180895,0.2454083943789471,0.38770486006232235,0.7244486403568108
resnet18,gradcam,ISIC_0015132,0.2906493864823433,0.218916867457488,0.3303490316344344,0.9146202084101417
resnet18,guided_backprop,ISIC_0015132,-0.09258193300326346,0.021327873151821736,0.21608022074039152,-1.2933092514414672
resnet18,integrated_gradients,ISIC_0015132,0.2596706944160075,0.24240446250147266,0.38345433938247553,0.8153967468407409
resnet18,lrp,ISIC_0015132,0.09577987004201773,0.13940185376808104,0.3399584174030859,0.7750751347923107
resnet18,occlusion,ISIC_0015132,0.4467363531396733,0.2726021336947914,0.3470224866724407,1.8623633041763783
resnet18,saliency,ISIC_0015132,0.25320480468620987,0.2547778161663718,0.35942374767107427,0.4178303270818749
resnet18,deep_lift,ISIC_0015133,0.045812031134006656,0.06223046567450916,0.19335202229934761,-0.05331345277413637
resnet18,gradcam,ISIC_0015133,0.2712146641295272,0.07198170186508063,0.1778769244277698,1.1989144965652234
resnet18,guided_backprop,ISIC_0015133,0.11750052183211068,0.08937545471482215,0.2759742864488927,0.04626537732630188
resnet18,integrated_gradients,ISIC_0015133,0.26075673985390335,0.21514542721078148,0.3557636667890987,0.28781550460647176
resnet18,lrp,ISIC_0015133,0.39863532769150745,0.3061892877887914,0.5094573786979444,1.5335639003178563
resnet18,occlusion,ISIC_0015133,0.33559571218422385,0.17961604229449044,0.260715651411361,1.6937492099438847
resnet18,saliency,ISIC_0015133,0.16585072243424093,0.26186945598959815,0.3699720193842723,-0.3066757673532401
resnet18,deep_lift,ISIC_0015136,0.14306089664209043,0.05740890581458024,0.17981485153445845,1.1010808452740175
resnet18,gradcam,ISIC_0015136,0.1038172810556399,0.06898305921867222,0.15519335674510626,0.015855534830711455
resnet18,guided_backprop,ISIC_0015136,-0.17196883297182478,-0.12245056617010358,0.05744217862984991,-0.5170249274432847
resnet18,integrated_gradients,ISIC_0015136,0.12552594913037923,0.18010065768616024,0.3228211412827302,-0.602814450782392
resnet18,lrp,ISIC_0015136,-0.03320307336711108,0.11946689750938433,0.33763007885121277,-0.2378112852453309
resnet18,occlusion,ISIC_0015136,-0.16502572585274325,0.07500386318682095,0.18407106745786633,-1.8947551204374933
resnet18,saliency,ISIC_0015136,0.19142749140172907,0.24532370960435165,0.35025743600047765,-0.0240764658174877
resnet18,deep_lift,ISIC_0015139,0.03955076826075011,-0.09959640717979054,-0.010995496056794408,1.589880465391617
resnet18,gradcam,ISIC_0015139,0.23170180424464226,0.08306555648877902,0.16999285349244156,1.3143992810279221
resnet18,guided_backprop,ISIC_0015139,0.025820193414628278,-0.06511826112129722,0.11420229125294977,0.4100107286341624
resnet18,integrated_gradients,ISIC_0015139,-0.10731754503163249,-0.09690184888883259,0.0028894342511567583,0.4206972766446759
resnet18,lrp,ISIC_0015139,-0.22540014194576494,-0.09841508008934445,0.11164367285458739,-0.3072177498314023
resnet18,occlusion,ISIC_0015139,0.09815761878000884,0.22881211929677894,0.34310002179081117,-0.6330975503117179
resnet18,saliency,ISIC_0015139,-0.243017997705993,-0.14793429798061405,-0.02540351481255698,-0.5028834125724506
resnet18,deep_lift,ISIC_0015140,0.2643274213679231,0.25598357454144044,0.38476540757224803,0.6503492181271529
resnet18,gradcam,ISIC_0015140,0.2567693303505997,0.14069322940656986,0.20104654930138718,1.0264696136472786
resnet18,guided_backprop,ISIC_0015140,0.24738911218578846,0.0796342431816626,0.2494504761453915,0.8673253945797523
resnet18,integrated_gradients,ISIC_0015140,0.3866468985349302,0.26922915055443675,0.3957648987093046,1.5835442376256896
resnet18,lrp,ISIC_0015140,0.030598679101420584,0.1344762334764683,0.3293527289110781,0.23458285501550247
resnet18,occlusion,ISIC_0015140,0.059104940964676694,0.11320649313466714,0.19668506528836263,-0.1826441147982829
resnet18,saliency,ISIC_0015140,0.145775858664941,0.1975444259139801,0.3280042699458354,-0.16810887401616273
resnet18,deep_lift,ISIC_0015142,-0.12655058757980048,0.05782316927927029,0.18645892545781906,-0.8376106938821836
resnet18,gradcam,ISIC_0015142,0.25746500942437656,-0.01585527784161172,0.08785242240881574,1.4929506946597653
resnet18,guided_backprop,ISIC_0015142,0.19278823050684835,0.08331485567946412,0.2608459413171691,0.6884318802242632
resnet18,integrated_gradients,ISIC_0015142,0.10090585205486141,0.22988819832423704,0.3554424512197161,-0.6547452452228243
resnet18,lrp,ISIC_0015142,0.14597141466685057,0.2662419412857751,0.48545594734737096,-0.04652030930076059
resnet18,occlusion,ISIC_0015142,0.30596634887339563,0.15389247153710042,0.23881913447530262,1.6191940310764679
resnet18,saliency,ISIC_0015142,-0.02858973159514719,0.1300367998820549,0.2541346604143938,-0.9993506327510498
resnet18,deep_lift,ISIC_0015146,-0.254165016626017,-0.16814243184692199,-0.055777262383966165,-0.40994355476886873
resnet18,gradcam,ISIC_0015146,0.05741904358871152,-0.1296087298355818,-0.016736146704702495,0.8032688975332298
resnet18,guided_backprop,ISIC_0015146,-0.029806456425694013,-0.11632294782956072,0.05548331075952185,0.12006067234060715
resnet18,integrated_gradients,ISIC_0015146,-0.013152459994161007,0.0013518961675139315,0.12018181186453708,-0.07968211307393072
resnet18,lrp,ISIC_0015146,-0.0491511234246399,0.05507795701122708,0.2591384640527274,0.27483607077144057
resnet18,occlusion,ISIC_0015146,0.07670539676519803,0.14141175341859513,0.25253691589376376,-0.18640261629491808
resnet18,saliency,ISIC_0015146,0.06344927752845786,-0.07450995768595679,0.014256969211721088,1.6149384340320743
resnet18,deep_lift,ISIC_0015149,0.23096598012851025,0.08888572475834705,0.2183835356546882,1.6836691349000499
resnet18,gradcam,ISIC_0015149,0.41621219529802694,0.1537507953778276,0.24281976116744816,2.0968965167215248
resnet18,guided_backprop,ISIC_0015149,-0.1881335644715545,-0.09121360433560222,0.08728815265006497,-0.7992729320995661
resnet18,integrated_gradients,ISIC_0015149,0.15008423816039626,0.2537162503021266,0.39337135925028255,-0.3969729462619021
resnet18,lrp,ISIC_0015149,-0.1339313715154692,0.08599310954954703,0.2959221494320412,-0.9006011747814846
resnet18,occlusion,ISIC_0015149,0.35714502845211554,0.25842554898072656,0.34038308780674836,1.2155032510557904
resnet18,saliency,ISIC_0015149,0.2525487680791463,0.2424724549912297,0.35764529868270617,0.37995914489001187
resnet18,deep_lift,ISIC_0015150,-7.116771745669175,-0.03359723965448471,0.10244036090189301,-0.4553520143563085
resnet18,gradcam,ISIC_0015150,-0.1260892413476328,-0.004602361086650222,0.12074551312188234,-1.2181922331077462
resnet18,guided_backprop,ISIC_0015150,-0.016291982975706557,-0.11706956589966677,0.052261821545421916,0.2543367120439841
resnet18,integrated_gradients,ISIC_0015150,0.0889590111433384,0.02419572711093859,0.14442240815911978,0.03487657097894136
resnet18,lrp,ISIC_0015150,-0.04878927573184084,0.03681811309026163,0.24617373638872467,-0.00926331664726373
resnet18,occlusion,ISIC_0015150,0.13070641650420559,0.11199515108112439,0.20900650664462106,0.29549804213152475
resnet18,saliency,ISIC_0015150,0.11344564175800027,0.1177666920332003,0.20948710315952562,0.35980758160802595
resnet18,deep_lift,ISIC_0015152,-0.2326963294222733,-0.1860629621074478,-0.05842064631360908,-0.1833058355112506
resnet18,gradcam,ISIC_0015152,-0.18919246669825998,-0.2682928261579118,-0.15313592328365294,-0.6714382339934918
resnet18,guided_backprop,ISIC_0015152,-0.37400239562445753,-0.3068217282762792,-0.13022296628416993,-0.8166467830042027
resnet18,integrated_gradients,ISIC_0015152,-0.41378545056794064,-0.18574435582699975,-0.058405559846301996,-1.582375597224434
resnet18,lrp,ISIC_0015152,0.005640453131870824,0.05324918732720167,0.26610904207315533,0.06534060464121481
resnet18,occlusion,ISIC_0015152,0.0809283339985267,0.132658205492732,0.21815413987442767,-0.06342143866335441
resnet18,saliency,ISIC_0015152,0.12390826199900626,0.07345212745878801,0.1676450306626847,0.6750855989686526
resnet18,deep_lift,ISIC_0015155,-0.08316704142622151,-0.14951534354279547,-0.037470576353323744,0.8135604822976104
resnet18,gradcam,ISIC_0015155,0.39506983273256996,0.39549213151789075,0.405402549423046,1.4471142066612523
resnet18,guided_backprop,ISIC_0015155,-0.17591900509142241,-0.11283823482076433,0.0768556645823754,-1.0511075443763962
resnet18,integrated_gradients,ISIC_0015155,-0.012245686397886747,0.04484265252309382,0.1544279285821575,-0.28934222673083876
resnet18,lrp,ISIC_0015155,-0.3384259739870562,-0.12168339718107873,0.09650292008460121,-1.0436648112892275
resnet18,occlusion,ISIC_0015155,0.48303257130678356,0.2635079656698596,0.3280853703815043,2.316725420840012
resnet18,saliency,ISIC_0015155,0.005879905426331953,0.05528297353269983,0.15443501050157477,-0.19768069980805733
resnet18,deep_lift,ISIC_0015156,-0.026575080475929446,0.08171139775583286,0.23129344434037438,-0.149867010355077
resnet18,gradcam,ISIC_0015156,0.4842303883950871,0.24424139107724568,0.31835167145887416,2.1369472866073607
resnet18,guided_backprop,ISIC_0015156,-0.3639453012706738,-0.12835568053042526,0.04580146493954345,-0.33946537931375204
resnet18,integrated_gradients,ISIC_0015156,-0.012689900330218586,0.10096037184844499,0.24423361092708698,-0.03351600578069272
resnet18,lrp,ISIC_0015156,-0.08939978206510027,0.1139761633862882,0.3176971247688353,-0.16094184298508138
resnet18,occlusion,ISIC_0015156,0.4399631390901546,0.2956518883116226,0.3647686369531106,1.6979609188703408
resnet18,saliency,ISIC_0015156,-0.028668504158411427,0.07463407234258594,0.1870110007289026,-0.18937846623187912
resnet18,deep_lift,ISIC_0015157,-0.06731598159469639,0.003160328867637815,0.14773109556131767,-0.4458719721748905
resnet18,gradcam,ISIC_0015157,-0.08533793396867737,-0.12763435971744197,-0.013202386989212207,-0.34211914949934674
resnet18,guided_backprop,ISIC_0015157,-0.1442939519020712,-0.11225864385087402,0.07294657179170048,-0.922351792099601
resnet18,integrated_gradients,ISIC_0015157,-0.0335371729316047,0.013308507299207276,0.15732522656057152,-0.22238838342570225
resnet18,lrp,ISIC_0015157,-0.09464370672633686,0.04671763986642552,0.268362870770231,-0.6570646964774245
resnet18,occlusion,ISIC_0015157,0.08772859807708247,0.08804417681495547,0.1883469298497314,0.26750344557798145
resnet18,saliency,ISIC_0015157,-0.22999520340910468,-0.11406456034133822,-0.015962369781732048,-0.5317319192467193
resnet18,deep_lift,ISIC_0015160,-0.13768750730666565,-0.14497126476902467,-0.03753726521693002,0.45867832820786797
resnet18,gradcam,ISIC_0015160,-0.08789400015104656,-0.1536005080019961,-0.041854558977184896,-0.36126402907615923
resnet18,guided_backprop,ISIC_0015160,-0.09171752506679072,-0.12017028386463642,0.06018226318575355,-0.2999628829338522
resnet18,integrated_gradients,ISIC_0015160,-0.3663752743495757,-0.1620235049875105,-0.04967884466492294,-1.368581070799868
resnet18,lrp,ISIC_0015160,-0.19396980889069834,0.031053001061927744,0.25877957063592383,-1.4301161477664492
resnet18,occlusion,ISIC_0015160,0.3113862423557141,0.12294499349819994,0.20097902648377772,1.6772169852573984
resnet18,saliency,ISIC_0015160,-0.12126881962329834,-0.02071713098620414,0.11242421660484658,-0.8878187008018139
resnet18,deep_lift,ISIC_0015161,0.04038177174058187,-0.02260761315463686,0.10582092849912403,0.41144001436626204
resnet18,gradcam,ISIC_0015161,0.11922887867389324,0.26439393909307873,0.2901790240786563,-0.1629473689721843
resnet18,guided_backprop,ISIC_0015161,-0.1277280102618955,-0.2214996799086562,-0.06108434624085896,0.6192374322187962
resnet18,integrated_gradients,ISIC_0015161,-0.16742065883136778,-0.1237522146712463,-0.016577889782525685,-0.0928488466079281
resnet18,lrp,ISIC_0015161,-0.19816363610935045,-0.09537742111974938,0.11394730047605993,-0.08143555072057496
resnet18,occlusion,ISIC_0015161,0.1330714236557817,0.1831114592671059,0.2856668326048808,-0.16025825275138925
resnet18,saliency,ISIC_0015161,-0.21175229691019345,-0.11658056789402647,-0.02189060013679663,-0.3502497811306982
resnet18,deep_lift,ISIC_0015163,-0.14008167431606444,0.009954223328395717,0.16311963526652504,-0.8753560257032502
resnet18,gradcam,ISIC_0015163,-0.055734187924060735,0.05480164351666199,0.1802996569617035,-0.23651578075316484
resnet18,guided_backprop,ISIC_0015163,-0.03800442771081527,-0.031128071027968225,0.14782350853504925,-0.07807294419812057
resnet18,integrated_gradients,ISIC_0015163,0.1404534413868258,0.24587208153157064,0.37653563810830687,-0.4580728391460067
resnet18,lrp,ISIC_0015163,0.056116399448095024,0.1389444973137229,0.34091293238014975,0.32205560097561386
resnet18,occlusion,ISIC_0015163,0.1285644863500023,0.09052569968042434,0.18162492724091955,0.8457096616675777
resnet18,saliency,ISIC_0015163,0.15995717574371082,0.20755085607872953,0.3338171100184793,-0.12716765536250063
resnet18,deep_lift,ISIC_0015167,0.2653592181372637,0.20709289021570784,0.33682937928980805,0.8129186185727855
resnet18,gradcam,ISIC_0015167,0.015620928467856062,0.15325767676599594,0.2679313274570307,-1.0348604731953095
resnet18,guided_backprop,ISIC_0015167,0.2720708298000947,0.08104412633660073,0.24473918332647496,1.2137857706579454
resnet18,integrated_gradients,ISIC_0015167,0.2188109362476614,0.2337048924306686,0.3578863295058732,0.3355005112353919
resnet18,lrp,ISIC_0015167,0.17664191865003845,0.2593240111848955,0.47763708489549495,0.03872762661287618
resnet18,occlusion,ISIC_0015167,0.25350720524669124,0.18400132027365085,0.26601053912246114,0.83682684971061
resnet18,saliency,ISIC_0015167,0.018274153869668595,0.17959574970107384,0.300645449202458,-1.0702527817367788
resnet18,deep_lift,ISIC_0015171,-0.2645744122683477,-0.15324153540243302,-0.012310211200687647,-0.5917925701207681
resnet18,gradcam,ISIC_0015171,0.2937345700688945,0.18412284159026904,0.26317932824695456,1.109830800265275
resnet18,guided_backprop,ISIC_0015171,-0.2949751270716595,-0.24965754348217356,-0.07459423816633107,-0.6350218892436966
resnet18,integrated_gradients,ISIC_0015171,0.14770190450776505,0.06811480766091685,0.18824550685547595,0.9221596623224378
resnet18,lrp,ISIC_0015171,0.03250396447330198,0.08499750886070276,0.3012542796908847,0.12809525399102573
resnet18,occlusion,ISIC_0015171,-0.09900217315929544,0.13208602696404406,0.2265239156880179,-1.6223227291361213
resnet18,saliency,ISIC_0015171,0.04203236726761915,0.05924149449384139,0.15594241705055567,0.03326849408840272
resnet18,deep_lift,ISIC_0015173,-0.10060048150992065,-0.13083059617131446,-0.025043146947472953,0.5554929820760278
resnet18,gradcam,ISIC_0015173,0.13672748703784354,0.020153388364080177,0.10564576363148764,0.8025861868508143
resnet18,guided_backprop,ISIC_0015173,-0.002642731154207053,-0.10589695566016039,0.06671905977097167,0.2994695590212294
resnet18,integrated_gradients,ISIC_0015173,0.046450172264826596,0.03856464339946585,0.15051803875364478,0.22602087056740516
resnet18,lrp,ISIC_0015173,-0.21222101198677382,-0.11159608950545544,0.08430155199432347,-0.0438854755559977
resnet18,occlusion,ISIC_0015173,0.13209393904403594,0.17168411620203416,0.26513652151326833,-0.1359296259186552
resnet18,saliency,ISIC_0015173,0.025870968971979037,0.044019687067669615,0.1679978987278054,-0.045356681596398815
resnet18,deep_lift,ISIC_0015174,-0.13492024151765858,-0.035802242689635534,0.09645803003754713,-0.8900432201491378
resnet18,gradcam,ISIC_0015174,0.3637660628653122,0.12982541842625914,0.22457299379095916,2.2280609276230736
resnet18,guided_backprop,ISIC_0015174,-0.05852273694354729,-0.20449071592325857,-0.038482653032397326,1.0840187431201591
resnet18,integrated_gradients,ISIC_0015174,-0.2746881711406099,-0.1573454372887311,-0.0415977082509861,-0.6212005310375398
resnet18,lrp,ISIC_0015174,-0.132117785143823,-0.08566623327307604,0.11893475303391225,0.47532722015351553
resnet18,occlusion,ISIC_0015174,0.3952192762587543,0.19268299291700777,0.2693982464040815,2.004372492872333
resnet18,saliency,ISIC_0015174,0.1558979796810707,0.08462437152585432,0.17946454892318012,0.8904380343187832
resnet18,deep_lift,ISIC_0015175,0.13857031104692452,-0.015936920255846355,0.11273119557427672,1.0995427337060006
resnet18,gradcam,ISIC_0015175,0.38903166559967994,0.11192663926394004,0.20723063931581723,2.275057946261919
resnet18,guided_backprop,ISIC_0015175,-0.2817042669246694,-0.28362900853807493,-0.11354840965556115,-0.3673284307746744
resnet18,integrated_gradients,ISIC_0015175,-0.1791877037052019,-0.11818536045161149,-0.017243195222401878,-0.08741351787160498
resnet18,lrp,ISIC_0015175,-0.18368572417655066,-0.09518716727372623,0.11361055797660902,0.046472668182249245
resnet18,occlusion,ISIC_0015175,0.20090890882320103,0.19540200354987444,0.2779995622436976,0.4716104749810451
resnet18,saliency,ISIC_0015175,0.29985803175268083,0.09597469387515488,0.18544731175848955,1.9258598699356373
resnet18,deep_lift,ISIC_0015176,0.0616257598376812,0.006381555220120387,0.13990726579479493,0.45722772453804694
resnet18,gradcam,ISIC_0015176,0.16972703119530633,-0.13148704741004127,-0.02751657086093297,1.5969212882683326
resnet18,guided_backprop,ISIC_0015176,-0.22094998524338932,-0.2546161460245966,-0.0861625989942434,0.014211762506954662
resnet18,integrated_gradients,ISIC_0015176,-0.0072200638122108295,0.017996205594461474,0.15391941288127353,-0.07328646342006431
resnet18,lrp,ISIC_0015176,0.03711044733376962,0.041323836539695936,0.24210358725837575,0.2725706150206342
resnet18,occlusion,ISIC_0015176,0.11402010891366035,0.0894149819346887,0.17910762448797554,0.32508188348831574
resnet18,saliency,ISIC_0015176,-0.021967548587613246,0.06341084251996854,0.16688473694042863,-0.5296246336492103
resnet18,deep_lift,ISIC_0015179,-0.14329007124728763,-0.10957448638613983,-0.010239117382119826,0.28547399003171375
resnet18,gradcam,ISIC_0015179,0.07722827916361236,0.1597190723597024,0.27175678496171873,-0.16724384278946508
resnet18,guided_backprop,ISIC_0015179,-0.1425007635002553,-0.22018733296577783,-0.049040656229514444,0.5660489092681437
resnet18,integrated_gradients,ISIC_0015179,0.06811582449022115,0.019873956229744208,0.1344141419920188,0.37233280920076867
resnet18,lrp,ISIC_0015179,-0.19399619194093234,0.029078460370306973,0.25835658610008555,-1.3863105585732207
resnet18,occlusion,ISIC_0015179,0.3916107498357174,0.2519096033346544,0.3259620953358203,1.7475906282794413
resnet18,saliency,ISIC_0015179,0.24794350520163605,0.07998272203671297,0.16801066089816957,1.5985797343771047
resnet18,deep_lift,ISIC_0015180,0.010719600524627755,0.11717793960299616,0.280232914650684,-0.6912328485336715
resnet18,gradcam,ISIC_0015180,0.4862284072092664,0.23460170566870842,0.30859596204677686,1.8852380774718627
resnet18,guided_backprop,ISIC_0015180,-0.15532660612001692,-0.11512738925563584,0.06506118775027293,-0.3715329243991331
resnet18,integrated_gradients,ISIC_0015180,0.05521535196939138,0.1694999275081125,0.32495498872119555,-0.5410156276940253
resnet18,lrp,ISIC_0015180,-0.11879683454036233,0.2098390636733044,0.42277579279155536,-0.5851717851553926
resnet18,occlusion,ISIC_0015180,-0.20500758525662438,-0.12425863551123757,-0.047250089022242626,-0.3656357268890619
resnet18,saliency,ISIC_0015180,0.09954976815316084,0.17108951691312604,0.2760090968492598,-0.24297334187231398
resnet18,deep_lift,ISIC_0015184,0.19158133967835286,-0.08045274234183795,-0.001562628623048882,2.6799818869876666
resnet18,gradcam,ISIC_0015184,0.3780196478740397,0.3566621864921733,0.36550241381590304,1.4536022539221072
resnet18,guided_backprop,ISIC_0015184,-0.26226708599267107,-0.27605050147547505,-0.11038095731309835,0.42492979664879477
resnet18,integrated_gradients,ISIC_0015184,-0.017708265192728168,-0.07674907636955365,0.004169814518782085,1.0224623184005606
resnet18,lrp,ISIC_0015184,-0.17041743456929404,-0.11223841016288151,0.08696895559988414,0.33953073444589665
resnet18,occlusion,ISIC_0015184,-0.0923788443525435,0.011801576156898376,0.08893628685809987,-0.2222959709110656
resnet18,saliency,ISIC_0015184,-0.15899581428925777,-0.11110534245759436,-0.02701966698169311,0.09022741856630918
resnet18,deep_lift,ISIC_0015185,0.17827842608391536,0.21035163106763455,0.34499566017350264,-0.03927909408255841
resnet18,gradcam,ISIC_0015185,0.34045783967748094,0.06948505583633234,0.16635594507939985,1.9265096048990045
resnet18,guided_backprop,ISIC_0015185,0.04212923912487387,0.10477862564028087,0.30516439156973096,-0.5163885497332017
resnet18,integrated_gradients,ISIC_0015185,0.11467565225226363,0.22299409735889392,0.36041118510536274,-0.615976115715812
resnet18,lrp,ISIC_0015185,0.079973139661486,0.11211583305727335,0.31785942778253,0.7626800807885036
resnet18,occlusion,ISIC_0015185,0.1353614367158572,0.18974404194237843,0.2670584082146855,-0.040861693801374666
resnet18,saliency,ISIC_0015185,0.1472102324636364,0.2508328067551195,0.35088660424422474,-0.37568747740026043
resnet18,deep_lift,ISIC_0015193,-0.007720659502776851,-0.005128349651338605,0.14164620983818396,-0.08194676381170472
resnet18,gradcam,ISIC_0015193,0.19104935901436793,0.03723032542586999,0.13745223951692678,0.9622570633335819
resnet18,guided_backprop,ISIC_0015193,-0.38898575062443763,-0.30431685789701785,-0.12837681813563492,-1.089536600599994
resnet18,integrated_gradients,ISIC_0015193,-0.1373590132675933,-0.020396427928497603,0.12987310893124135,-1.0805749569964058
resnet18,lrp,ISIC_0015193,-0.33756108350140696,-0.13747555198951453,0.06337684801161834,-1.0421536527501607
resnet18,occlusion,ISIC_0015193,0.1305806547639435,0.10873023378280236,0.21142899684098207,0.28586770103535153
resnet18,saliency,ISIC_0015193,0.08031448216501484,0.070817859497821,0.18655488793058553,0.1782202103994379
resnet18,deep_lift,ISIC_0015201,-0.2590947736926796,-0.15894174259588237,-0.04284083705270882,-0.6267469515723906
resnet18,gradcam,ISIC_0015201,0.14428508660223727,0.14219770541060955,0.2291019540087687,0.41041541166728407
resnet18,guided_backprop,ISIC_0015201,-0.4043583147704392,-0.2891314060112021,-0.11019239108857204,-1.2680311266441862
resnet18,integrated_gradients,ISIC_0015201,-0.24050385645284653,-0.1690592115380913,-0.04617954493034663,-0.7092391415291195
resnet18,lrp,ISIC_0015201,-0.12765822662648602,-0.09708644212033202,0.10284776495455478,0.5405636874143479
resnet18,occlusion,ISIC_0015201,0.020085622324571523,0.053142671960712075,0.14749259714261137,0.389341959386246
resnet18,saliency,ISIC_0015201,-0.12470098477638292,-0.08385911863466625,0.027443793116871784,0.11773566053302166
resnet18,deep_lift,ISIC_0015202,0.23210855214906065,0.09617378801308263,0.1838981856104747,1.427596993649118
resnet18,gradcam,ISIC_0015202,0.06850142144963628,-0.019243579903529665,0.08815710577382299,0.5720095835466171
resnet18,guided_backprop,ISIC_0015202,0.00046563415720646153,-0.06704026988332225,0.11530071475677832,0.2463098078326751
resnet18,integrated_gradients,ISIC_0015202,-0.34635536177792353,-0.16496799017705524,-0.054209618317649894,-1.1083277514871315
resnet18,lrp,ISIC_0015202,0.23934934654179132,0.0734268686101755,0.263903353963488,1.7689590134834612
resnet18,occlusion,ISIC_0015202,0.11407368582234101,0.07605174602562091,0.16781879417175427,0.39031065840239026
resnet18,saliency,ISIC_0015202,0.1718532914240402,0.09828462810099757,0.18480827370109512,0.9675724153127194
resnet18,deep_lift,ISIC_0015203,-0.2954530316293825,-0.1763598679197301,-0.034902184430241345,-0.7350543590957713
resnet18,gradcam,ISIC_0015203,0.01986824148341008,0.01393473371353695,0.10201575119637603,-0.2824634499960979
resnet18,guided_backprop,ISIC_0015203,0.023176813049871806,-0.17301949309468387,-0.013951124596304121,1.5911358086780354
resnet18,integrated_gradients,ISIC_0015203,-0.16145619402266265,0.0009397431846507238,0.14292723140432653,-1.2873942541987817
resnet18,lrp,ISIC_0015203,0.0265674979737253,-0.04324767759552396,0.14450163351616818,1.458966980033923
resnet18,occlusion,ISIC_0015203,0.2398336817853757,0.19694197495640867,0.2921210045491227,0.5196870160968854
resnet18,saliency,ISIC_0015203,-0.21861681310031553,0.01487052999312689,0.13643596127354982,-1.855120333582535
resnet18,deep_lift,ISIC_0015206,-0.2093474675229744,-0.15602809619346894,-0.03725659561138717,-0.1055652647959618
resnet18,gradcam,ISIC_0015206,-0.0923800594290216,-0.13113326906941095,-0.012428569244433285,-0.456983149652561
resnet18,guided_backprop,ISIC_0015206,-0.3405440736085172,-0.27562484504189133,-0.1022432446125705,-0.518302393680457
resnet18,integrated_gradients,ISIC_0015206,0.10038078853438491,0.07453483096480293,0.18402988264550113,0.5396338079155634
resnet18,lrp,ISIC_0015206,-0.09367283675653287,-0.09739012676452505,0.09773919647909518,0.7349952055455091
resnet18,occlusion,ISIC_0015206,-0.21663726165757022,-0.04550454479192115,0.0533113649839968,-1.0100839609633587
resnet18,saliency,ISIC_0015206,0.18007475424427366,0.10938078597102031,0.2079560794035234,0.8850007377728243
resnet18,deep_lift,ISIC_0015207,0.0337968517031866,0.00455620581034151,0.14446387188251586,0.3071983400727224
resnet18,gradcam,ISIC_0015207,0.021366241073104007,-0.004020026151213668,0.12867662782820025,-0.2678236916885513
resnet18,guided_backprop,ISIC_0015207,-0.23398861513179176,-0.2403551361434214,-0.07151326017980683,-0.03645512327112058
resnet18,integrated_gradients,ISIC_0015207,0.014956277158347088,0.04196591715205002,0.17158271470557518,0.07319440868899794
resnet18,lrp,ISIC_0015207,-0.2820232850098411,-0.15159861880863942,0.04758305073892377,-0.4279644274448001
resnet18,occlusion,ISIC_0015207,0.18855250569954385,0.17975916110375015,0.2658728430939304,0.27873764097318426
resnet18,saliency,ISIC_0015207,0.11072743344718393,-0.06482221828869905,0.013954987977843081,1.9655700298627032
resnet18,deep_lift,ISIC_0015208,0.02177316479580368,-0.14134968534218634,-0.027214284975445185,1.6078298707994128
resnet18,gradcam,ISIC_0015208,0.20431222131971155,0.05178774326146514,0.16649305733392294,1.1016699955528422
resnet18,guided_backprop,ISIC_0015208,-0.10274074512650737,-0.12843492661044237,0.050595853463817106,-0.6948173032310838
resnet18,integrated_gradients,ISIC_0015208,-0.14499639467588674,-0.00551151638917729,0.12484261196898978,-1.0849353846268486
resnet18,lrp,ISIC_0015208,-0.08289440136559056,0.053156095412527755,0.25994335308308697,0.32781949429051266
resnet18,occlusion,ISIC_0015208,0.4570150898714292,0.24869717636907654,0.3124301219146193,2.1686104169972977
resnet18,saliency,ISIC_0015208,0.0871325670908861,0.09699273540877426,0.18812109119323614,0.2650237669145555
resnet18,deep_lift,ISIC_0015212,0.1408242623743937,0.03584193300435207,0.1500406161144562,0.9977248045777549
resnet18,gradcam,ISIC_0015212,0.19469615680403538,-0.07898664059356748,0.020608348598591904,1.7298137938136404
resnet18,guided_backprop,ISIC_0015212,-0.28113752244719925,-0.24841248968845733,-0.06717360067790662,-0.38112882882668087
resnet18,integrated_gradients,ISIC_0015212,0.09919032714333999,0.02852843236259667,0.1479977879712954,0.6704483064855188
resnet18,lrp,ISIC_0015212,-0.12759092836031366,-0.09186078839143577,0.11160208474671028,0.4740142737123044
resnet18,occlusion,ISIC_0015212,-0.13757323138054137,-0.03205707774237839,0.10409605779994552,-1.0609168965188278
resnet18,saliency,ISIC_0015212,0.059503051017532976,0.040586434291410727,0.14124754189492303,0.29955825953132553
resnet18,deep_lift,ISIC_0015215,-0.3798985571505881,-0.18282470356954786,-0.06528314862455217,-1.379898242168045
resnet18,gradcam,ISIC_0015215,0.03802535105102571,-0.008677319515297656,0.09438607209899647,0.1409059481497909
resnet18,guided_backprop,ISIC_0015215,-0.1618362903898481,-0.11442132988959208,0.07576554902762414,-0.8207465056732063
resnet18,integrated_gradients,ISIC_0015215,0.08459627573514356,-0.011401193556719013,0.11400504494305143,1.0696334583768723
resnet18,lrp,ISIC_0015215,-0.36531090867391774,-0.14664217657940076,0.06327399986759388,-1.1680854789384647
resnet18,occlusion,ISIC_0015215,-0.03399294053020617,0.11065418753923043,0.2243390391339689,-1.14807011193551
resnet18,saliency,ISIC_0015215,0.18587088773376406,0.08087735295687298,0.19243714956127236,1.1199074167345977
resnet18,deep_lift,ISIC_0015216,-0.12588166494655623,-0.007407792901781457,0.140436872601696,-0.958787695684563
resnet18,gradcam,ISIC_0015216,-0.08984870379534889,-0.17735775163466147,-0.047793332574349326,-0.3328476056934254
resnet18,guided_backprop,ISIC_0015216,-0.056824142771547,-0.07168641229486071,0.10726515806000665,-0.28702918576520386
resnet18,integrated_gradients,ISIC_0015216,0.0018210825251437786,0.043059106046904605,0.17079992296179963,-0.15876908299423773
resnet18,lrp,ISIC_0015216,-0.3824755772928286,-0.1553431379038652,0.059383214253682606,-1.3134720252753183
resnet18,occlusion,ISIC_0015216,0.25323335334709834,0.18670586847934473,0.2688854149226725,0.8345326818282996
resnet18,saliency,ISIC_0015216,0.1358271852640884,0.10480816082936471,0.197811166917932,0.5077656675399382
resnet18,deep_lift,ISIC_0015217,-0.3032676899879804,-0.21601726260201146,-0.08718504711430324,-0.6182394545804958
resnet18,gradcam,ISIC_0015217,0.27306128452087647,-0.0656568468629348,0.05786920079441346,2.2634967664989096
resnet18,guided_backprop,ISIC_0015217,0.07871246787209776,-0.05699568080710214,0.12186361515849778,0.7098008021036394
resnet18,integrated_gradients,ISIC_0015217,-0.27711418787238057,-0.15390377793341692,-0.040984545192448416,-0.6663526386969767
resnet18,lrp,ISIC_0015217,-0.2896455720229103,-0.10209265071687082,0.09416589803231792,-0.7466149425528306
resnet18,occlusion,ISIC_0015217,0.4035935876266418,0.16039246182726463,0.2324132393298947,2.2957039664378343
resnet18,saliency,ISIC_0015217,0.2682365846851356,0.06329855404874948,0.1683705476362672,1.8239026437374177
resnet18,deep_lift,ISIC_0015218,-0.19478822357035075,-0.07647091217886634,0.07500002270118891,-1.1875468777136573
resnet18,gradcam,ISIC_0015218,0.0750696643328473,-0.07269928717318942,0.045569819373327415,0.6756672357925045
resnet18,guided_backprop,ISIC_0015218,-0.19954938392024135,-0.23666868274032699,-0.06462439918288042,0.19697799796866056
resnet18,integrated_gradients,ISIC_0015218,0.029826323771529297,0.009304463033091678,0.1373492910697268,0.20378330981033346
resnet18,lrp,ISIC_0015218,-0.3470013601207202,-0.1709072382144616,0.036973208022480136,-0.9717450661994355
resnet18,occlusion,ISIC_0015218,-0.024776948361988255,0.09622284639428823,0.2117285416462787,-0.7499168674910254
resnet18,saliency,ISIC_0015218,0.13882357367781398,0.043722273916655036,0.1617529232889353,0.8806738821673789
resnet18,deep_lift,ISIC_0015223,0.07274188892014764,-0.0287062641142798,0.10026999245864282,0.6941750220920944
resnet18,gradcam,ISIC_0015223,0.2581859532939818,-0.007955115483262864,0.10188098202395553,1.9062942368803442
resnet18,guided_backprop,ISIC_0015223,-0.31222205420079335,-0.26325854439611945,-0.08103957935519135,-0.5420823594083874
resnet18,integrated_gradients,ISIC_0015223,-0.11039541256294894,-0.06801897845116316,0.07561473569330161,-0.4963299505488562
resnet18,lrp,ISIC_0015223,-0.11263230836719632,-0.10511486761879656,0.08961054545643478,0.7570498792676458
resnet18,occlusion,ISIC_0015223,-0.14606786007663508,-0.06307303899628824,0.029247206414306566,-0.19174010613245762
resnet18,saliency,ISIC_0015223,0.073115245148719,-0.044390658180962744,0.025787876618606962,1.635360720215464
resnet18,deep_lift,ISIC_0015224,0.16130523763884164,0.06590794184456122,0.17943430302951513,1.007021691386561
resnet18,gradcam,ISIC_0015224,0.0048089514225358445,-0.018363030328444472,0.08507577962261437,-0.10430126761944086
resnet18,guided_backprop,ISIC_0015224,-0.18227037969593132,-0.22019662532308906,-0.04907468687607372,0.24000979074557627
resnet18,integrated_gradients,ISIC_0015224,0.17205957911884356,0.035482876594012065,0.15493482000603645,1.266893851935912
resnet18,lrp,ISIC_0015224,-0.01441770349736549,0.020768107332034078,0.2256939260948289,0.05518965863519584
resnet18,occlusion,ISIC_0015224,0.13927525547908495,0.1988228481958247,0.29651725853766636,-0.15787915599411823
resnet18,saliency,ISIC_0015224,0.16232192017196262,0.06979877149851187,0.16658008976267574,0.9723728571038348
resnet18,deep_lift,ISIC_0015226,-0.23104932969196962,-0.1728145698511978,-0.02481472419830717,-0.25742995971489696
resnet18,gradcam,ISIC_0015226,0.3013331196409846,0.041334963991072206,0.1614936648520495,1.9588425061322374
resnet18,guided_backprop,ISIC_0015226,-0.27366646155933616,-0.21662253404120135,-0.03596986975474404,-0.45230691839087717
resnet18,integrated_gradients,ISIC_0015226,0.1502093320939973,0.030286500486985488,0.17071688231798693,1.0554388722764685
resnet18,lrp,ISIC_0015226,-0.17178844161425266,-0.09749462522362738,0.10949752459815011,0.14591658778836195
resnet18,occlusion,ISIC_0015226,0.08985974978209932,-0.0021132336846275707,0.07443630899790118,1.2713759259802015
resnet18,saliency,ISIC_0015226,-0.3472212727742037,-0.1558569469966095,-0.050642269396803385,-1.232732438136902
resnet18,deep_lift,ISIC_0015229,-0.029482001696631677,0.14550435002421397,0.30535583014516543,-1.2003252371822712
resnet18,gradcam,ISIC_0015229,0.13706907128104404,0.12282507673595913,0.22399400785665188,0.05764972628668381
resnet18,guided_backprop,ISIC_0015229,0.13534577721820268,0.04226214084251484,0.21447965468625504,0.3682829078939063
resnet18,integrated_gradients,ISIC_0015229,-0.08813368535633538,0.15969641257415612,0.32385773579835947,-1.7656937613612063
resnet18,lrp,ISIC_0015229,0.3521469190362309,0.30767032324684196,0.5181603885628517,1.141607348046945
resnet18,occlusion,ISIC_0015229,0.41042770769492354,0.3092604702127629,0.38080123394317766,1.4493782610930759
resnet18,saliency,ISIC_0015229,0.09854033526518054,0.16098424637184755,0.26343428181962014,-0.16163320010377558
resnet18,deep_lift,ISIC_0015232,0.02169912097116773,0.0790474309234582,0.21127775200859636,0.2172699167636812
resnet18,gradcam,ISIC_0015232,0.23340700327186567,0.010271861623005954,0.1353055352392701,1.2023092663398685
resnet18,guided_backprop,ISIC_0015232,0.21152142175380736,0.11909962343847028,0.2981285288346674,0.5666740764263626
resnet18,integrated_gradients,ISIC_0015232,-0.021330702504635726,0.0823290092727341,0.2091635714337447,-0.16211327111665427
resnet18,lrp,ISIC_0015232,-0.03621080764235317,0.2267102164669138,0.4514975541914744,-1.234920284668287
resnet18,occlusion,ISIC_0015232,0.2163973614028186,0.13832634028796384,0.23158184986635116,0.7920522633482613
resnet18,saliency,ISIC_0015232,0.3835961861190837,0.28849647477927665,0.3866692096550831,1.2967623399380448
resnet18,deep_lift,ISIC_0015237,0.011980699413618519,0.06507059878481494,0.19549835374914906,-0.6359077017327595
resnet18,gradcam,ISIC_0015237,0.4483484797405709,0.24132792777635437,0.33357197334096306,2.0607243592583475
resnet18,guided_backprop,ISIC_0015237,0.055381074651843304,0.061846619400490736,0.24927190697960144,-0.3395414679530012
resnet18,integrated_gradients,ISIC_0015237,0.1314650003846999,0.22504282017965657,0.36600613069422755,-1.043862546342323
resnet18,lrp,ISIC_0015237,-0.2066810844302555,0.07161206304064675,0.29253057363071255,-1.273195255434346
resnet18,occlusion,ISIC_0015237,0.3582886911745526,0.15816325714743765,0.24001037165283184,1.9647350822711949
resnet18,saliency,ISIC_0015237,0.26412508153208963,0.2811657081349209,0.3856050190429432,0.4220465977488506
resnet18,deep_lift,ISIC_0015241,-0.014737129665766542,-0.1346228541286039,-0.020305810892128674,1.3160564152636043
resnet18,gradcam,ISIC_0015241,0.22128966324227828,0.2624938897595623,0.2816833730106671,0.6740149912656148
resnet18,guided_backprop,ISIC_0015241,-0.17257305488493518,-0.21938322299812818,-0.05617884809595689,0.27425049832831794
resnet18,integrated_gradients,ISIC_0015241,-0.15985078563934801,-0.14198383332634107,-0.023074470466723736,0.18304006194923414
resnet18,lrp,ISIC_0015241,-0.13878702928081202,-0.1432228045144695,0.04197715403929691,0.6146333539770901
resnet18,occlusion,ISIC_0015241,0.09665062494881382,0.024687884843005343,0.1229916736328078,0.4647247810972811
resnet18,saliency,ISIC_0015241,-0.24796981602475596,-0.10868925135998793,-0.004022816259644259,-0.6347317267683162
resnet18,deep_lift,ISIC_0015244,0.047539274685107304,0.19522943279201024,0.3416829142134348,-0.8972533342851226
resnet18,gradcam,ISIC_0015244,0.3891726364342037,0.24642473909322218,0.3415856618606025,1.4167695087272685
resnet18,guided_backprop,ISIC_0015244,0.060064633256221495,0.024991779044184783,0.2061228407184704,-0.16317117750295337
resnet18,integrated_gradients,ISIC_0015244,0.3823278284973052,0.2725954309387416,0.39168134348745215,1.4839765286312228
resnet18,lrp,ISIC_0015244,-0.027680752169329123,0.1245803859003668,0.32928341803312394,0.41564409057655616
resnet18,occlusion,ISIC_0015244,0.32669488839000604,0.27465947253129924,0.3574487664256104,0.9344384366659513
resnet18,saliency,ISIC_0015244,0.1438057171270998,0.22563188509811993,0.33776190432432324,-0.2787436636632816
resnet18,deep_lift,ISIC_0015245,-0.07638325666641044,0.00035752199175963483,0.13758602288960142,-0.5663870147419229
resnet18,gradcam,ISIC_0015245,0.29749134919436443,0.07935859667511641,0.17524213267932578,1.5501311877942152
resnet18,guided_backprop,ISIC_0015245,-0.0812783866097078,-0.1067266501717566,0.06874867750451379,-0.3539182255211995
resnet18,integrated_gradients,ISIC_0015245,-0.05023514504299494,0.028505688296165073,0.16053374422245115,-0.2119742876038481
resnet18,lrp,ISIC_0015245,-0.9883023254210778,-0.08872786683441071,0.08544036191899063,1.856883491016168
resnet18,occlusion,ISIC_0015245,0.0787478156418644,0.17876392634115457,0.2694220094273311,-0.5680087880347562
resnet18,saliency,ISIC_0015245,-0.14316911114952163,-0.08251459568222463,0.009643231770700816,-0.018285047392617684
resnet18,deep_lift,ISIC_0015250,-0.06818800162926274,0.024499800578015023,0.16138830689252193,-0.39639688489868474
resnet18,gradcam,ISIC_0015250,0.050505697499341855,-0.07043717629836514,0.03569472033062647,0.9228195941175541
resnet18,guided_backprop,ISIC_0015250,-0.03669336609882942,0.017352031882470753,0.20918369804320103,-0.07323310894516769
resnet18,integrated_gradients,ISIC_0015250,-0.08118362577051753,0.04266850180521674,0.1809103277752866,-0.5170395965696608
resnet18,lrp,ISIC_0015250,0.014060011296167668,0.1302259145495974,0.3437354771717977,0.043926594578178345
resnet18,occlusion,ISIC_0015250,0.35987861203380295,0.2811911976446951,0.38958874179751596,1.053415486926157
resnet18,saliency,ISIC_0015250,0.18329330509419775,0.06274018419410661,0.17369278324222104,1.3796778474888405
resnet18,deep_lift,ISIC_0015251,-0.10710212821357852,-0.09460616174493322,0.02674489235304536,0.44366453699304126
resnet18,gradcam,ISIC_0015251,-0.19235867119017017,-0.17311460091960545,-0.07206183050387326,-0.15191870533037655
resnet18,guided_backprop,ISIC_0015251,-0.3667983865487499,-0.2683084495475352,-0.0905298023537731,-1.128707699948055
resnet18,integrated_gradients,ISIC_0015251,-0.2871313861971289,-0.1347503202109796,0.0002513974673351112,-0.7935352762464769
resnet18,lrp,ISIC_0015251,-0.28479785537881996,-0.1204274377775159,0.09142398763984247,-0.6344400138974645
resnet18,occlusion,ISIC_0015251,-0.05430073901556261,-0.01777613996343275,0.05630261834811013,0.20632126247274507
resnet18,saliency,ISIC_0015251,-0.1591174059625798,-0.08003371243716143,0.010012745759835991,-0.12670809727430865
resnet18,deep_lift,ISIC_0015254,0.027209092517911804,-0.08019294375822758,0.01688531434023639,1.4264859564026542
resnet18,gradcam,ISIC_0015254,0.1414900332486928,0.14178127798847973,0.24073812588908625,0.2758688130466401
resnet18,guided_backprop,ISIC_0015254,0.06141432188624647,-0.17643061950731462,-0.02424854449265886,1.953466807990937
resnet18,integrated_gradients,ISIC_0015254,0.17208494432808782,0.05789031684892654,0.16880898904673428,1.1936127403617511
resnet18,lrp,ISIC_0015254,-0.030379534924987493,-0.06393565879682547,0.13032123635441167,1.243654139398888
resnet18,occlusion,ISIC_0015254,-0.0779266511792489,0.1275235237093234,0.2224512788722402,-1.4817792604658242
resnet18,saliency,ISIC_0015254,-0.13617749685737204,-0.15429974314657993,-0.0505773996240275,0.36381881247401615
resnet18,deep_lift,ISIC_0015255,-0.18850172412310862,-0.14723805118532166,-0.004256266118339353,-0.009679404963411676
resnet18,gradcam,ISIC_0015255,-0.12085032473332498,-0.22863296900309277,-0.12290770104506174,-0.40045099016249563
resnet18,guided_backprop,ISIC_0015255,-0.2591990728024408,-0.22142879225754644,-0.04959788658043731,-0.028372593031935102
resnet18,integrated_gradients,ISIC_0015255,-0.21881216504578505,-0.1341804417541768,-0.012054362047382545,-0.3118700692244818
resnet18,lrp,ISIC_0015255,0.0011630468395120116,0.10104163458864002,0.3186094604904054,-0.22515549646478641
resnet18,occlusion,ISIC_0015255,0.2945273984499696,0.23010227000868552,0.2946231033300993,0.829905824699295
resnet18,saliency,ISIC_0015255,-0.10706019369113079,0.059411677374469465,0.16702876213296738,-1.173085504331121
resnet18,deep_lift,ISIC_0015258,-0.37995670925514335,-0.191308920466814,-0.05249752277002762,-1.3299193359944914
resnet18,gradcam,ISIC_0015258,-0.048158616072154756,-0.099144537552781,0.015676643785374537,-0.1670352400604267
resnet18,guided_backprop,ISIC_0015258,-0.16251674378053116,-0.11729311814939491,0.06855245800030578,-1.0372255418551017
resnet18,integrated_gradients,ISIC_0015258,-0.11498473704656995,-0.12473882277587284,-0.01367823137161714,0.44275376909996145
resnet18,lrp,ISIC_0015258,-0.0872035740958967,0.06196004646793549,0.28628474303124624,-0.7198824275429445
resnet18,occlusion,ISIC_0015258,0.23679563502976747,0.22854938829809404,0.30936234771940213,0.5159125186931356
resnet18,saliency,ISIC_0015258,0.12445909364761931,0.08764932184083193,0.17770366018036188,0.5789908950895003
resnet18,deep_lift,ISIC_0015264,-0.07899909899905815,-0.104895462711228,-0.005292402902054171,0.6603114631152228
resnet18,gradcam,ISIC_0015264,-0.168063480026812,-0.08355592829387758,0.06327452896727179,-1.1504054845589804
resnet18,guided_backprop,ISIC_0015264,0.004952964502064319,-0.045866606919809406,0.13875718332224213,0.24547196815730862
resnet18,integrated_gradients,ISIC_0015264,0.06664125498637179,-0.046477637733579984,0.034039279902413115,1.5843491313973068
resnet18,lrp,ISIC_0015264,-0.2818030042815101,-0.0972441633413597,0.1105280620287801,-0.18899602541070049
resnet18,occlusion,ISIC_0015264,-0.08367345289435443,0.10002762398268815,0.20856383481489404,-1.4675153836140034
resnet18,saliency,ISIC_0015264,-0.21671206149259467,-0.09741500332589646,0.005562305017128737,-0.48701460807089103
resnet18,deep_lift,ISIC_0015270,0.028274760237773644,-0.014792213957389224,0.1098922569766767,0.33995715283090433
resnet18,gradcam,ISIC_0015270,-0.03005229924943904,0.0485882967810503,0.1709962052723299,-0.5577495826834735
resnet18,guided_backprop,ISIC_0015270,-0.15724159825916817,-0.22813557107670562,-0.06074551604499344,0.45149203649459435
resnet18,integrated_gradients,ISIC_0015270,0.14132290281216137,0.04695108008374449,0.15905306353616463,0.9161241516472103
resnet18,lrp,ISIC_0015270,-0.14472850409271318,-0.10507978694960007,0.09494508030656014,0.37235120523933274
resnet18,occlusion,ISIC_0015270,0.29506881068445306,0.19128960329420627,0.26708628072011487,1.0940940477163925
resnet18,saliency,ISIC_0015270,0.058444183136501064,0.06671393623431879,0.17567613563028162,0.13288403800081428
resnet18,deep_lift,ISIC_0015273,0.04123135976256409,-0.030659960868782893,0.10217918440832534,0.47446973219708816
resnet18,gradcam,ISIC_0015273,-0.1418711883515538,-0.12494106611275928,0.024337850349002405,-0.7176683435497498
resnet18,guided_backprop,ISIC_0015273,-0.12688402083316716,-0.10027355717403334,0.08979755349170891,-0.5720667692872443
resnet18,integrated_gradients,ISIC_0015273,-0.028813077288030634,-0.05258675194793579,0.08866526305661919,0.042869567743155784
resnet18,lrp,ISIC_0015273,-0.11187118773046478,-0.10808588290120323,0.08331742019632,0.932255777996333
resnet18,occlusion,ISIC_0015273,0.20063039183719375,0.10405642016072757,0.19291136523508526,0.9446846425475194
resnet18,saliency,ISIC_0015273,-0.1778145978887431,-0.02213530635052986,0.10809221861970794,-1.2522283033960184
resnet18,deep_lift,ISIC_0015274,0.01680527221490753,0.016959115045021053,0.14830499320986038,0.05231867655340616
resnet18,gradcam,ISIC_0015274,0.028227919965742636,0.03799635142809111,0.12104026670717859,-0.1726383841987926
resnet18,guided_backprop,ISIC_0015274,-0.04371435905212679,-0.08067463891973753,0.09946097703653548,-0.2548044246160452
resnet18,integrated_gradients,ISIC_0015274,-0.2050244853095795,-0.03563682473996192,0.10981938476749388,-1.3758030514242625
resnet18,lrp,ISIC_0015274,-0.06365591887702693,0.05720448069271569,0.2766253613988255,-0.5749419180568603
resnet18,occlusion,ISIC_0015274,0.13226010700574745,0.16280376935187105,0.2513052978403925,-0.004723379496057021
resnet18,saliency,ISIC_0015274,0.09212697569883578,0.04209145258279024,0.15084713305471514,0.41921098406373414
resnet18,deep_lift,ISIC_0015276,-0.025013020866299716,-0.004331923630279846,0.13932233175346156,-0.16763756870075203
resnet18,gradcam,ISIC_0015276,0.22011864447923493,0.10650567016504983,0.20529286475727612,1.0546833526375305
resnet18,guided_backprop,ISIC_0015276,-0.17425755463827775,-0.1806664799607409,0.003953710975381879,0.21703227393486674
resnet18,integrated_gradients,ISIC_0015276,-0.11284318527871216,-0.051376948177352104,0.10648332966483898,-0.7633709608624367
resnet18,lrp,ISIC_0015276,-0.21342843392749103,-0.10099720789556878,0.10781531092099837,-0.15901990418455206
resnet18,occlusion,ISIC_0015276,0.10472500649307505,0.10505271266141698,0.1996708031253275,0.11301059926783856
resnet18,saliency,ISIC_0015276,0.23893428435224073,0.07205546114956388,0.16306223986436563,1.5826540721031908
resnet18,deep_lift,ISIC_0015279,-0.21197461800645437,-0.011082639419094297,0.15303112653446443,-1.5127403002299635
resnet18,gradcam,ISIC_0015279,-0.2008361365741829,-0.1989710965690271,-0.09061972443568674,-0.2248561806930702
resnet18,guided_backprop,ISIC_0015279,-0.41484722376273525,-0.28804737691393506,-0.10708344212220276,-1.37278252326398
resnet18,integrated_gradients,ISIC_0015279,-0.26177314434847476,-0.01706985487846041,0.15090897824326624,-1.612792925223156
resnet18,lrp,ISIC_0015279,-0.1174580839875063,0.038316759943775126,0.2610976095355057,-0.8418531125650771
resnet18,occlusion,ISIC_0015279,0.3801314417652945,0.178185344210915,0.25325756585546405,1.8998102444999512
resnet18,saliency,ISIC_0015279,0.2585828323605121,0.13256681742255053,0.21522667673112017,1.4392715908038614
resnet18,deep_lift,ISIC_0015283,-0.0279029519774968,-0.12023902727155933,-0.019044882027361012,1.17371138705648
resnet18,gradcam,ISIC_0015283,0.17655383895628696,-0.08066636421789085,0.008522618279355116,1.527816107263614
resnet18,guided_backprop,ISIC_0015283,-0.11683407250792473,-0.13946682709661337,0.037261588577609264,-0.2822595431764175
resnet18,integrated_gradients,ISIC_0015283,-0.06396190832464947,-0.10381018749526301,-0.01241991178426847,0.7463923415416107
resnet18,lrp,ISIC_0015283,-0.24192870246094036,-0.13125806717769956,0.0615411095531221,0.011929593418436552
resnet18,occlusion,ISIC_0015283,0.3764258808679605,0.2163468569316672,0.30362382497894885,1.5651755098736932
resnet18,saliency,ISIC_0015283,-0.035613643606430344,0.03764967665710343,0.13816481704437292,-0.41187203802720246
resnet18,deep_lift,ISIC_0015291,-0.0738071361483301,-0.04085828122752625,0.10290439078778386,-0.3778717759112409
resnet18,gradcam,ISIC_0015291,-0.000975811928291255,-0.3227958809444912,-0.2568224279791991,1.8465278033621382
resnet18,guided_backprop,ISIC_0015291,-0.11605864045302383,-0.1200453387784591,0.06300954762585267,-0.513798792991364
resnet18,integrated_gradients,ISIC_0015291,-0.15617695311870786,-0.03787032181234106,0.10228610541642008,-1.1143635603153332
resnet18,lrp,ISIC_0015291,-0.16952667145530376,-0.10668696346353695,0.08272301477150919,0.8395130887551945
resnet18,occlusion,ISIC_0015291,0.35407744620485987,0.16546872695288334,0.25098047739333695,1.8166240140477516
resnet18,saliency,ISIC_0015291,0.0264846169459715,-0.09443075577736626,-0.0055292826188546385,1.4206646984553435
resnet18,deep_lift,ISIC_0015293,-0.20636712893966758,-0.021355950831690333,0.10468960390812537,-1.5093889415284953
resnet18,gradcam,ISIC_0015293,0.12724035991786056,-0.03647538316485143,0.0841116000614116,0.9073158183034256
resnet18,guided_backprop,ISIC_0015293,-0.4944136141539424,-0.2582425334619439,-0.08278278214242428,-0.08004095508712934
resnet18,integrated_gradients,ISIC_0015293,-0.1476283490754868,-0.10979514175323501,-0.014121879048032448,0.1399886357989067
resnet18,lrp,ISIC_0015293,-0.47967725595921845,-0.15309981315248727,0.029453831770209445,-0.3087821286765265
resnet18,occlusion,ISIC_0015293,0.06320331440906808,0.15677831038554638,0.25552274270702047,-0.6554786419110095
resnet18,saliency,ISIC_0015293,-0.014787582197368134,-0.06428928249264716,0.021435409712083138,0.9792059866180861
resnet18,deep_lift,ISIC_0015298,-0.1570814122380747,-0.07181457625922863,0.06140925676208819,-0.9227579957128956
resnet18,gradcam,ISIC_0015298,0.3268433938846875,0.02635907173174084,0.14101260368166607,2.2388507260088693
resnet18,guided_backprop,ISIC_0015298,-0.2327119816288947,-0.10550734521904401,0.0913109349548313,-1.386668461404547
resnet18,integrated_gradients,ISIC_0015298,-0.1472378667439067,-0.04260496440753904,0.08289431023704537,-0.9804596602478443
resnet18,lrp,ISIC_0015298,-0.36149117546934456,-0.13730727933465883,0.055319479007365106,-0.10588292442947243
resnet18,occlusion,ISIC_0015298,0.17000439338015347,0.18732998318515662,0.30058029944247877,0.24673577898822063
resnet18,saliency,ISIC_0015298,-0.11896259525746633,-0.13884679262202793,-0.035322688754165076,0.4702497346179236
resnet18,deep_lift,ISIC_0015309,-0.18992487193329272,0.00188660341489242,0.16933944233010517,-1.1987109177138158
resnet18,gradcam,ISIC_0015309,0.08022540953836639,-0.06018199226745123,0.02607627270968048,1.0501576289976835
resnet18,guided_backprop,ISIC_0015309,0.0074400682566344006,-0.0062785254166157845,0.17437649582245268,0.33696095395339176
resnet18,integrated_gradients,ISIC_0015309,0.04038627748786245,0.20668759419932878,0.3713038434284128,-1.0289236511548445
resnet18,lrp,ISIC_0015309,0.3825177871308976,0.3279636211463218,0.5309980103552054,1.3816594914226366
resnet18,occlusion,ISIC_0015309,0.42187317396685525,0.17752582064844757,0.235331892513727,2.7991796300800513
resnet18,saliency,ISIC_0015309,0.2010770612499163,0.08624660651311954,0.20259908592684694,1.4661011844224445
resnet18,deep_lift,ISIC_0015310,0.13242401177732493,0.0316302429563563,0.16094503027069956,0.9702608606893197
resnet18,gradcam,ISIC_0015310,-0.13797259679693277,-0.09612969265691627,0.023659722108848057,-0.9341895385623261
resnet18,guided_backprop,ISIC_0015310,-0.2646684193718817,-0.27113805531601054,-0.10263170355612544,-0.2016302130081983
resnet18,integrated_gradients,ISIC_0015310,0.034447474395649304,0.0047823844279017355,0.14535187721574772,0.44897684781183206
resnet18,lrp,ISIC_0015310,-0.09161547916444353,-0.08526517780343643,0.11528538077910595,0.7087426571949608
resnet18,occlusion,ISIC_0015310,0.08770605950240555,0.09117809769661692,0.18912500202190938,0.005110773849398783
resnet18,saliency,ISIC_0015310,0.013910120382225508,0.010241117259558232,0.12878085016436086,0.012510616233505188
resnet18,deep_lift,ISIC_0015311,-0.14145301200514065,-0.14898512085308363,-0.03507843480448048,0.40040122843094933
resnet18,gradcam,ISIC_0015311,0.12874994470096948,-0.0018083776410192556,0.08464182404875993,0.7925700954354389
resnet18,guided_backprop,ISIC_0015311,0.197308168081534,-0.03870440772817805,0.11683477189837749,1.9636696027993288
resnet18,integrated_gradients,ISIC_0015311,-0.045296150908924845,-0.12311194275038453,-0.0163804640103083,0.034213843999683254
resnet18,lrp,ISIC_0015311,0.12655101744872074,0.05864038219696054,0.2539792335943061,0.9436168971130422
resnet18,occlusion,ISIC_0015311,0.16023532815586317,0.19895837271761316,0.28464352559152895,-0.04445472785064599
resnet18,saliency,ISIC_0015311,-0.16558312825023466,-0.09294193327250526,-0.005851900225090822,-0.06967275991579329
resnet18,deep_lift,ISIC_0015312,-0.29977172408943664,-0.15932843998789206,-0.04462289052039995,-0.8344035219594805
resnet18,gradcam,ISIC_0015312,0.12632419128881417,0.1054663601291595,0.19315371022490133,0.32934907868344115
resnet18,guided_backprop,ISIC_0015312,-0.019219986660650955,-0.10113597391963358,0.07226105403581584,0.1748966395552506
resnet18,integrated_gradients,ISIC_0015312,-0.13565984845403684,-0.05279337763600497,0.08350727791851795,-0.8246617909118046
resnet18,lrp,ISIC_0015312,-0.15741001166978114,-0.10672131997219142,0.07255419601250226,0.40425291763995597
resnet18,occlusion,ISIC_0015312,0.2622688299123247,0.17890265349976603,0.2728897806397636,1.000816293146114
resnet18,saliency,ISIC_0015312,-0.07922521827758522,-0.024978998676859935,0.10925625977067696,-0.5574539341933504
resnet18,deep_lift,ISIC_0015330,-0.16522860927938274,-0.14189383042630077,-0.039422225391987226,0.14736573050860435
resnet18,gradcam,ISIC_0015330,0.05825580438895248,-0.0023443498908021043,0.11801535588023165,0.3527933241613935
resnet18,guided_backprop,ISIC_0015330,-0.3383941564112378,-0.27525786239967714,-0.09615659379168977,-0.5721423212511382
resnet18,integrated_gradients,ISIC_0015330,-0.1170709806871234,-0.11787103784910984,-0.023610794824334713,0.37820132439463405
resnet18,lrp,ISIC_0015330,-0.22733669569274714,-0.12048770301902959,0.08531088720211107,-0.17540360396648522
resnet18,occlusion,ISIC_0015330,0.2605095581964608,0.17459860526269216,0.2767055916539327,0.9800723595331716
resnet18,saliency,ISIC_0015330,0.15547739712618966,0.0635572080384313,0.16872503242145886,0.9363965861453075
resnet18,deep_lift,ISIC_0015331,-0.10825242789000833,-0.014936471533107492,0.12227247439848467,-0.7735571783654125
resnet18,gradcam,ISIC_0015331,-0.03643308757972784,-0.17755928470558952,-0.07122270483108235,0.23486276102853954
resnet18,guided_backprop,ISIC_0015331,0.18186843672935846,-0.056240756559693655,0.10611940726250887,1.5016658253835296
resnet18,integrated_gradients,ISIC_0015331,-0.07531422517256975,0.02072133695797348,0.15465549468013312,-1.2622994338505993
resnet18,lrp,ISIC_0015331,-0.06342185950807935,0.04741344820075722,0.2671748089110167,-0.43455733510700245
resnet18,occlusion,ISIC_0015331,0.41671816144116797,0.20178857511104084,0.27059896704687564,2.189689116770698
resnet18,saliency,ISIC_0015331,0.2380727237889118,0.0977178181484475,0.18804425642740957,1.4377419467803378
resnet18,deep_lift,ISIC_0015347,-0.01753923854412062,0.03167888860364754,0.14221453025690156,-0.30996269519678676
resnet18,gradcam,ISIC_0015347,0.11289310466927106,-0.06313782137227662,0.03377405180229874,1.0017697863605275
resnet18,guided_backprop,ISIC_0015347,-0.1416930130081209,-0.09703375953770042,0.09454378323379772,-0.6645418960485159
resnet18,integrated_gradients,ISIC_0015347,0.029071041613480023,0.028827761653526802,0.14686693490554736,-0.09720723189049162
resnet18,lrp,ISIC_0015347,0.05513562060928938,-0.04701795714418536,0.14692382506738946,1.7262893871254161
resnet18,occlusion,ISIC_0015347,0.023590553868527847,0.12512246939185628,0.2300399164602739,-0.5537753824169925
resnet18,saliency,ISIC_0015347,-0.009342020663392481,0.07714392054745856,0.19124191358448273,-0.4684520212544759
resnet18,deep_lift,ISIC_0015353,-0.027322008654502013,0.03639573883088568,0.15289191449451162,0.042609686429310546
resnet18,gradcam,ISIC_0015353,-0.10992207425535913,-0.1425989311870923,-0.06660939117497154,0.15561885828978106
resnet18,guided_backprop,ISIC_0015353,0.006440947967372569,-0.09631004565350831,0.06657001151114833,0.7542956017141403
resnet18,integrated_gradients,ISIC_0015353,0.14057213143504227,0.09325229741579315,0.19693199567916495,1.2328568275581195
resnet18,lrp,ISIC_0015353,0.03505434563078138,0.1328790590254719,0.3474040496251555,0.2238527021323786
resnet18,occlusion,ISIC_0015353,0.1997085737726481,0.08162851308171735,0.15836482446122957,1.679611272908752
resnet18,saliency,ISIC_0015353,0.1352637383566642,0.06670027134376626,0.17574748916503155,1.164093926168832
resnet18,deep_lift,ISIC_0015355,-0.35566663872939186,-0.17540563863559835,-0.06205882514443887,-1.1863258816499718
resnet18,gradcam,ISIC_0015355,-0.351867717074186,-0.43734255444716247,-0.3297929343108928,-0.3382954270394061
resnet18,guided_backprop,ISIC_0015355,-0.29413062257149275,-0.2920533409510261,-0.11774445582821232,-0.35087187731327296
resnet18,integrated_gradients,ISIC_0015355,0.18609872488687498,0.04159867809188436,0.1425615302498363,1.4585097326312888
resnet18,lrp,ISIC_0015355,-0.35157685705987424,-0.15359192149177553,0.05959472465987367,-1.0479668009365486
resnet18,occlusion,ISIC_0015355,0.07956545875947565,0.07608533963663451,0.16984990171415307,0.04256084524507447
resnet18,saliency,ISIC_0015355,-0.14472823183583516,-0.12536137444800718,-0.03563847764429981,0.24058455514335172
resnet18,deep_lift,ISIC_0015357,-0.0073175036980271885,-0.03541224205175485,0.10070843003339774,0.09785992602213742
resnet18,gradcam,ISIC_0015357,0.13729417296616597,-0.03499298437353461,0.0918724753497092,1.0841968000768976
resnet18,guided_backprop,ISIC_0015357,-0.08535526811784641,-0.09500869552289484,0.09014641309719813,-0.44446000913064415
resnet18,integrated_gradients,ISIC_0015357,-0.1025974893244587,-0.13548811079019288,-0.02763594306142621,0.5786287584859273
resnet18,lrp,ISIC_0015357,-0.15486989009665514,-0.09835233175359719,0.10580713261842171,0.28147701087793425
resnet18,occlusion,ISIC_0015357,0.5074422255908075,0.2348709378696346,0.30483180946667204,3.000334855583597
resnet18,saliency,ISIC_0015357,0.33493054834201935,0.09434344522192509,0.1800695498357728,2.201980413539166
resnet18,deep_lift,ISIC_0015360,-0.1758483495688223,0.04605916906006039,0.16973915387232538,-1.3537202916918698
resnet18,gradcam,ISIC_0015360,0.21416169445256375,0.11712745262278092,0.22519463687367197,0.6788794166851898
resnet18,guided_backprop,ISIC_0015360,0.30177158466433884,0.17175363637632815,0.35555194271085605,1.0175628301911115
resnet18,integrated_gradients,ISIC_0015360,-0.045309897676516143,0.1765473049067712,0.3169687590152855,-1.5902002046421286
resnet18,lrp,ISIC_0015360,-0.034118107311052824,0.07855070760091065,0.2729906129254175,0.13219287468155438
resnet18,occlusion,ISIC_0015360,0.15469173327004257,0.11854156052384827,0.20538370937859718,0.5940804767906003
resnet18,saliency,ISIC_0015360,0.08216065816865838,0.0807877485557411,0.18901153493458112,0.6595663788304134
resnet18,deep_lift,ISIC_0015363,0.1676284095113035,0.24451737038634044,0.3945631028699003,-0.14411671281584418
resnet18,gradcam,ISIC_0015363,0.11099452816453996,0.09075956538786542,0.1839078577423756,0.0763464372189536
resnet18,guided_backprop,ISIC_0015363,-0.12578673191608933,-0.1435366028050063,0.030583574430285476,0.037715974933754774
resnet18,integrated_gradients,ISIC_0015363,0.32587972700864326,0.2713614945205155,0.4136876467185329,0.8846074143680543
resnet18,lrp,ISIC_0015363,0.21270335027714146,0.2822306326127431,0.500402998400061,0.11468607736531498
resnet18,occlusion,ISIC_0015363,-0.00913848351723082,0.031132667009092226,0.15712575264598472,-0.412892824368099
resnet18,saliency,ISIC_0015363,0.28079301032605175,0.26142193190420204,0.36257970645327686,0.7219276376910347
resnet18,deep_lift,ISIC_0015364,-0.3026376545494675,-0.15026003508610125,-0.037645321301112526,-0.8315537161927485
resnet18,gradcam,ISIC_0015364,-0.05054172801607336,-0.0241702265170619,0.09889740904152586,-0.5016401146662268
resnet18,guided_backprop,ISIC_0015364,0.19032919797220807,-0.06599416392834317,0.09310215849551856,1.6603374719855006
resnet18,integrated_gradients,ISIC_0015364,2.037840275253863e-06,-0.00020325589065327192,0.12008803968989969,0.0077913223649351835
resnet18,lrp,ISIC_0015364,-0.40007196033412024,-0.1024409653748642,0.07730265999869959,0.42878756817849384
resnet18,occlusion,ISIC_0015364,0.23687754020525267,0.1841886211001926,0.26936530875572806,0.6633375965514371
resnet18,saliency,ISIC_0015364,-0.17441065400075934,0.01584538500767879,0.1394153385321178,-1.4174285460634597
resnet18,deep_lift,ISIC_0015368,-0.23202242375958665,-0.13557635940891602,-0.009352923964648378,-0.4508304946734118
resnet18,gradcam,ISIC_0015368,0.13368882730564133,0.09412160362133774,0.18305092420401728,0.31086803670571966
resnet18,guided_backprop,ISIC_0015368,-0.07604906030236773,-0.11233883946008372,0.058182509168583085,-0.21550163109887657
resnet18,integrated_gradients,ISIC_0015368,-0.3717132782834817,-0.12282454013693347,-0.0032970941274190115,-1.5284210000195246
resnet18,lrp,ISIC_0015368,-0.210315626669569,0.04386831539151744,0.2600332031796674,-0.9312528510186461
resnet18,occlusion,ISIC_0015368,-0.009252766374604923,0.07155883414029224,0.14619679060766763,0.032348844963576394
resnet18,saliency,ISIC_0015368,-0.13014190161030126,-0.06790469778691155,0.016952754239276988,0.038273420370587695
resnet18,deep_lift,ISIC_0015369,-0.1597085446066971,-0.1293714500549102,0.011101249817911942,0.19558316381283472
resnet18,gradcam,ISIC_0015369,0.41178719945509645,0.09839383220333346,0.167253241709481,2.6591197655353893
resnet18,guided_backprop,ISIC_0015369,-0.16764770627000436,-0.23643294217840838,-0.07053871671643093,0.34508010669520145
resnet18,integrated_gradients,ISIC_0015369,-0.10876291075793368,-0.10561539486752235,0.027447566540586475,0.47887047010976685
resnet18,lrp,ISIC_0015369,-0.08621725248142244,-0.06976711947076587,0.1329383923165337,0.7027522272495706
resnet18,occlusion,ISIC_0015369,-0.14598219632403872,0.028446846899883582,0.12267982479734024,-0.6813766267435525
resnet18,saliency,ISIC_0015369,0.1477952819053978,-0.02511066489263369,0.05060528292897983,2.018489439938018
resnet18,deep_lift,ISIC_0015383,-0.1316747847207635,-0.0810701843461246,0.001282629955170566,0.1601871730821224
resnet18,gradcam,ISIC_0015383,0.08243537482605154,-0.10365837488640318,-0.03902952436646423,1.6237140301791917
resnet18,guided_backprop,ISIC_0015383,-0.1925909024440132,-0.1076860155848421,0.08277921850310326,-1.122884653082894
resnet18,integrated_gradients,ISIC_0015383,-0.026543956950676528,-0.14202348948060273,-0.043691892526240346,0.5836023675249892
resnet18,lrp,ISIC_0015383,-0.15275436091090264,-0.07936902851648439,0.12890239020568467,0.2123566538867825
resnet18,occlusion,ISIC_0015383,-0.05522620501943309,0.08744032816327649,0.20222172443251835,-1.1250684447338168
resnet18,saliency,ISIC_0015383,0.18937871248187754,0.09023511722657361,0.1766821202750543,1.073144984856572
resnet18,deep_lift,ISIC_0015386,0.1569862386598833,0.06945019940588573,0.17254293338450535,0.9603252705772246
resnet18,gradcam,ISIC_0015386,0.2670062053943381,0.08909843159478605,0.16583316368576956,1.557360562612393
resnet18,guided_backprop,ISIC_0015386,0.08283312971727261,-0.06071552571581437,0.10910907087345009,0.7565909025777559
resnet18,integrated_gradients,ISIC_0015386,-0.07440416422521763,-0.013933882537638534,0.11654416751311464,-0.5030915233490804
resnet18,lrp,ISIC_0015386,-0.1636644947182972,-0.0981794653349525,0.09848800650537703,0.2038175675871738
resnet18,occlusion,ISIC_0015386,0.33806460475444977,0.20178365902063472,0.28491117359989016,1.4603598314724648
resnet18,saliency,ISIC_0015386,0.08819998500383974,0.05526020244986172,0.16713252103551016,0.4235092169835681
resnet18,deep_lift,ISIC_0015390,0.05436690692517745,0.2227679134524999,0.361176769771518,-1.067282939582266
resnet18,gradcam,ISIC_0015390,0.1276026050116533,0.1597770991172099,0.2759775966605079,-0.20870924418867495
resnet18,guided_backprop,ISIC_0015390,0.12505754766919955,0.09320497714439384,0.2736632473420548,-0.004582941990954322
resnet18,integrated_gradients,ISIC_0015390,0.27953461282255987,0.25530440027595575,0.3784829389486268,0.5375274764075754
resnet18,lrp,ISIC_0015390,-0.11750442474749397,0.09959437715378495,0.31827615538390364,-0.9063396058323085
resnet18,occlusion,ISIC_0015390,0.4462433480658895,0.3380122811793316,0.41345227011964497,1.5072996047400886
resnet18,saliency,ISIC_0015390,0.03655454691417978,0.1946265094853392,0.32749518029175473,-1.1184482560743914
resnet18,deep_lift,ISIC_0015395,-0.20416115622898898,-0.16700647639660235,-0.05809381561905953,-0.04475111426938188
resnet18,gradcam,ISIC_0015395,0.2215171518390387,-0.10796077760012224,-0.002372372973312099,1.9282083612900125
resnet18,guided_backprop,ISIC_0015395,-0.059880395387995465,-0.11514304228682605,0.06387379658363153,-0.2638016676848623
resnet18,integrated_gradients,ISIC_0015395,-0.06191030373305211,0.018502778782553762,0.1269938301549673,-0.5140504937329556
resnet18,lrp,ISIC_0015395,-0.23388225166844404,-0.12243284997961462,0.08449305378723708,-0.2183720839591354
resnet18,occlusion,ISIC_0015395,0.26617535082684757,0.1715463472550757,0.2573758154503557,1.0152767124391293
resnet18,saliency,ISIC_0015395,0.2608760395412459,0.10592904109479288,0.19108651524020676,1.5782381880193763
resnet18,deep_lift,ISIC_0015403,0.42121130868234713,0.27237218520075807,0.4096087294436033,1.6837241143086612
resnet18,gradcam,ISIC_0015403,-0.0723946589847015,-0.07535552376703593,0.014469328150948804,0.09497804644910804
resnet18,guided_backprop,ISIC_0015403,0.030985081610665734,-0.038689600273304724,0.13571093126702144,0.6864614468423321
resnet18,integrated_gradients,ISIC_0015403,0.042583046003004464,0.1170765961157779,0.25435554516223,0.20660784711242425
resnet18,lrp,ISIC_0015403,0.12271513574969573,0.28221858408036393,0.5023107282112844,-0.5003435070080524
resnet18,occlusion,ISIC_0015403,0.00038111717277211437,0.01208562004648914,0.0938323653643669,0.4167234937923602
resnet18,saliency,ISIC_0015403,-0.14577582403661796,0.056403017666300646,0.1703375662472495,-1.0241461671428127
resnet18,deep_lift,ISIC_0015404,0.052081162013711574,0.03588288086009995,0.14854282857611822,0.28290072114939935
resnet18,gradcam,ISIC_0015404,0.059826283612869006,0.08346200670108751,0.17252895061163714,-0.062413607069225926
resnet18,guided_backprop,ISIC_0015404,0.019099834559870736,-0.11427035009575322,0.05353798936085708,0.5845600945116496
resnet18,integrated_gradients,ISIC_0015404,0.019250657228911856,0.05059410134675109,0.16141886640769113,0.024553676425262256
resnet18,lrp,ISIC_0015404,-0.2911771568118235,-0.1391246212537981,0.0711623857208242,-0.6365316762790774
resnet18,occlusion,ISIC_0015404,0.23384426499345554,0.1971995039246059,0.28136016034895567,0.570238733766227
resnet18,saliency,ISIC_0015404,-0.08510660392426972,-0.010990238131452402,0.1157507772605883,-0.646891299552379
resnet18,deep_lift,ISIC_0015411,0.08708925543580373,0.0011552603495109343,0.11486768461257839,0.6844134936868705
resnet18,gradcam,ISIC_0015411,0.1428554487927325,-0.057793091217379196,0.05520296428699243,1.2251443256590682
resnet18,guided_backprop,ISIC_0015411,-0.05959420888244714,-0.09691012892837396,0.07984870532368872,-0.14599072352562378
resnet18,integrated_gradients,ISIC_0015411,0.05198922974437548,-0.0011887075499212346,0.12608444343279743,0.4249136367575442
resnet18,lrp,ISIC_0015411,-0.27192488969572465,-0.1499406569468396,0.03812563394820366,-0.1456014699089638
resnet18,occlusion,ISIC_0015411,0.4441467076371054,0.2055551831020059,0.28033331147268453,2.217266597312056
resnet18,saliency,ISIC_0015411,-0.15428101048817666,-0.13721186698377444,-0.03181142788181009,0.17305986815206206
resnet18,deep_lift,ISIC_0015412,-0.2684731708775911,0.05175868828002066,0.19020817522111347,-1.971129867281434
resnet18,gradcam,ISIC_0015412,0.3465299597460572,0.19226744395687514,0.28177866505408317,0.9824040350597508
resnet18,guided_backprop,ISIC_0015412,0.061880717968276704,0.09276598575217142,0.2853587879873568,-0.4312701389257788
resnet18,integrated_gradients,ISIC_0015412,0.2568145898978506,0.2571961536933482,0.37845368473873126,0.4006456244246502
resnet18,lrp,ISIC_0015412,0.05134238801789551,0.14358107414716303,0.35570802712934574,0.371586472673464
resnet18,occlusion,ISIC_0015412,0.23910129693878027,0.18711116411091666,0.2827738351368002,0.8935040606230673
resnet18,saliency,ISIC_0015412,0.11086007153579355,0.24296689958632944,0.3597951395721623,-0.6660724345309651
resnet18,deep_lift,ISIC_0015416,0.3503568015155405,0.15219546643625598,0.2529760200875709,2.3038404418674974
resnet18,gradcam,ISIC_0015416,0.5620672005635711,0.2768983936547924,0.35860793567491794,2.989413869888751
resnet18,guided_backprop,ISIC_0015416,-0.07723783775800844,-0.10004987848035314,0.06931737278257058,0.06483510863338261
resnet18,integrated_gradients,ISIC_0015416,-0.09934417796048745,0.02644708431354244,0.16502763030217163,-0.6530547178539295
resnet18,lrp,ISIC_0015416,-0.03973929741609707,0.08865340058317017,0.29530175013806986,-0.12631122584913498
resnet18,occlusion,ISIC_0015416,0.2999152208924454,0.21583754395607377,0.2873420241306813,1.1018517496064715
resnet18,saliency,ISIC_0015416,0.3214969161948465,0.263721499289813,0.3647332440227176,0.9515419820833494
resnet18,deep_lift,ISIC_0015417,-0.0598809892512074,-0.11405564384089209,-0.006398450217916896,0.8877119024061281
resnet18,gradcam,ISIC_0015417,-0.1377764059985251,-0.14163473958176967,-0.04944475299330798,0.01273671215663034
resnet18,guided_backprop,ISIC_0015417,0.18957914591685765,-0.03019012027998743,0.13746060891860556,1.4740953812523836
resnet18,integrated_gradients,ISIC_0015417,-0.06594861910312419,-0.011367516099235635,0.12048001206571554,-0.3808805866596011
resnet18,lrp,ISIC_0015417,-0.10430686272209094,-0.12270764721678834,0.06662938663952922,0.7432743173584669
resnet18,occlusion,ISIC_0015417,0.1370750196441295,0.04873296328848262,0.10500453279349921,1.2458602328923496
resnet18,saliency,ISIC_0015417,-0.13180712241736695,0.014917687195587856,0.1236519726957144,-1.0975838686595036
resnet18,deep_lift,ISIC_0015418,-0.2251781239391615,-0.15894059655671783,-0.04930697363951689,-0.24202718322108802
resnet18,gradcam,ISIC_0015418,-0.19965228818672964,-0.21471066402893807,-0.1471895266234566,-0.06230785966277803
resnet18,guided_backprop,ISIC_0015418,-0.013529324579834063,-0.12043515562512783,0.05253536886680288,0.1765757476651987
resnet18,integrated_gradients,ISIC_0015418,0.25092540799511487,0.1221604037188704,0.2041986377014427,1.4002224956532168
resnet18,lrp,ISIC_0015418,-0.110475632153936,-0.09765641625022364,0.10280771621213007,0.5820877504114113
resnet18,occlusion,ISIC_0015418,0.05459319808661401,-0.04469562297343341,0.026276417142880808,1.246922969356845
resnet18,saliency,ISIC_0015418,0.255160538869838,0.08282154892408673,0.17043338823372808,1.6674814557916058
resnet18,deep_lift,ISIC_0015419,0.09223487167899756,0.09206947600893618,0.23038582732399365,0.6212711336620471
resnet18,gradcam,ISIC_0015419,0.23124797552643864,0.17946798460508254,0.2808341712185818,0.41106857538986563
resnet18,guided_backprop,ISIC_0015419,0.18714323164850238,0.14976863069794358,0.3387623957036976,0.26268961671828256
resnet18,integrated_gradients,ISIC_0015419,0.32696265361331706,0.3094936084283047,0.43884160206602524,0.7629944532854637
resnet18,lrp,ISIC_0015419,0.3410015652336047,0.2949529305128492,0.49187799323817477,1.1582436877523405
resnet18,occlusion,ISIC_0015419,0.24340690198725143,0.2666044675690642,0.3749394313346263,0.20750251474484843
resnet18,saliency,ISIC_0015419,0.29785659459199076,0.2916409869173106,0.40221999313719586,0.5742579551319497
resnet18,deep_lift,ISIC_0015436,-0.32525632961844664,-0.20021229438532057,-0.07357783299974503,-0.8018578587632067
resnet18,gradcam,ISIC_0015436,0.5474254402548412,0.26857657523743117,0.33450577875159754,2.799180345647192
resnet18,guided_backprop,ISIC_0015436,-0.19718432487170542,-0.13959291933778883,0.04621701374685711,-1.0201338629261125
resnet18,integrated_gradients,ISIC_0015436,-0.1541018356967083,-0.1168197909603278,-0.016481105910249923,0.779185590968419
resnet18,lrp,ISIC_0015436,-0.252401622248638,0.05117692583527159,0.2531274248694382,0.3382626898427379
resnet18,occlusion,ISIC_0015436,0.41999445558670756,0.18087959317625665,0.26001897060467694,2.186774134763606
resnet18,saliency,ISIC_0015436,0.08655840944780153,0.03666670656863748,0.15834114637444466,0.4634037845257427
resnet18,deep_lift,ISIC_0015440,-0.048972780680712244,-0.03349193509685286,0.12655856978246605,-0.21366661879824198
resnet18,gradcam,ISIC_0015440,0.11822788760873446,-0.07436197749833158,0.03090854796859081,1.0072656997813938
resnet18,guided_backprop,ISIC_0015440,0.02579814808117234,-0.07760870816741332,0.09761008729734671,0.42720413735825996
resnet18,integrated_gradients,ISIC_0015440,0.10611032876794413,0.01948339636046083,0.15943516945928543,0.7567355067706857
resnet18,lrp,ISIC_0015440,0.0026444733038012264,-0.059003644546459455,0.13559983520590277,1.3720231872669608
resnet18,occlusion,ISIC_0015440,0.31827242049562354,0.17317173180032278,0.2528419801744125,1.5476443534593867
resnet18,saliency,ISIC_0015440,0.13677179249943525,0.02378470416607503,0.1337040975982612,0.9471797655350561
resnet18,deep_lift,ISIC_0015447,0.1668327984068509,0.08718777640804938,0.2092323082772225,1.0062933632989535
resnet18,gradcam,ISIC_0015447,0.20977708873112935,-0.004662608652687439,0.09904012627932836,1.3580922876577477
resnet18,guided_backprop,ISIC_0015447,0.018214845147612766,-0.02862207656774505,0.15200741531333578,0.1665855657433602
resnet18,integrated_gradients,ISIC_0015447,-0.06148803058377825,0.04073691470279698,0.18003544546234407,-0.5911411655007397
resnet18,lrp,ISIC_0015447,-0.0911713369679701,0.06252803120088528,0.261713641612969,0.8153328228428766
resnet18,occlusion,ISIC_0015447,0.3073979047816861,0.20317378128594948,0.28848264812626756,1.1903353235981113
resnet18,saliency,ISIC_0015447,-0.05171993060659221,0.03500034786673495,0.14304526490984476,-0.5728051153148158
resnet18,deep_lift,ISIC_0015455,-0.07581908481583573,-0.12060354235539231,-0.021025882637970988,0.7260193102297101
resnet18,gradcam,ISIC_0015455,-0.012099462471660577,-0.0652149332132071,0.012660019356353825,0.7526516458399582
resnet18,guided_backprop,ISIC_0015455,-0.15284300830255004,-0.24166090385375183,-0.07261406572415889,0.578851299866552
resnet18,integrated_gradients,ISIC_0015455,-0.052487872971087285,0.006664421167186287,0.12212831475427269,-0.49040022454919946
resnet18,lrp,ISIC_0015455,-0.1130359673693739,0.01739746507044866,0.23309780017102671,-0.704170004276831
resnet18,occlusion,ISIC_0015455,0.3646750040633549,0.05740043908878261,0.11073913915821079,3.075238754170707
resnet18,saliency,ISIC_0015455,0.07495527428658647,0.04766705759659378,0.14217052409805106,0.4057569205076195
resnet18,deep_lift,ISIC_0015464,-0.2398565524135913,-0.04625624180214305,0.13122270221200694,-1.4381017577907047
resnet18,gradcam,ISIC_0015464,0.1499155071805448,0.12290017149663476,0.24346789636863467,0.020316769845496654
resnet18,guided_backprop,ISIC_0015464,-0.11605375603651472,-0.06548298933835547,0.112380067789494,-0.46485892012078495
resnet18,integrated_gradients,ISIC_0015464,0.24481145253734482,0.26801359824844956,0.3967898073927733,0.2621795664237563
resnet18,lrp,ISIC_0015464,-0.024982634904004732,0.1458687425398982,0.3674608327938935,-0.33948645872909244
resnet18,occlusion,ISIC_0015464,0.3610361594566784,0.20459255337400842,0.3101794629269341,-0.4741827003279461
resnet18,saliency,ISIC_0015464,0.1162420699201142,0.2485927298668466,0.36876917211995647,-0.7004241891892878
resnet18,deep_lift,ISIC_0015466,-0.32276013089762284,-0.18630403042417212,-0.04206267428833465,-0.8756113042805432
resnet18,gradcam,ISIC_0015466,-0.5242036155431202,-0.3857440928327761,-0.2976608011376938,-1.900053179544074
resnet18,guided_backprop,ISIC_0015466,-0.3105372331879689,-0.2655866069894064,-0.08642267656640434,-0.5313359720957688
resnet18,integrated_gradients,ISIC_0015466,0.13546463446289703,0.025683382054827817,0.15570013702292218,0.9684686035253156
resnet18,lrp,ISIC_0015466,-0.12435286785820655,0.03203058424295126,0.2527496223577361,-0.8514185159432701
resnet18,occlusion,ISIC_0015466,0.16821160389761616,0.12224814402707916,0.2208399434682354,0.5948401109405957
resnet18,saliency,ISIC_0015466,0.03219146922841808,0.03828374247133388,0.1441504474078119,0.08024252885977914
resnet18,deep_lift,ISIC_0015468,-0.2949687381244471,-0.1558226970401527,-0.036960286599409,-0.8419872217732827
resnet18,gradcam,ISIC_0015468,-0.03621105042346838,-0.04019301120267194,0.07284653878563344,-0.2661803619356172
resnet18,guided_backprop,ISIC_0015468,-0.18338316035875596,-0.20703890514236734,-0.030409364543065778,0.10094249981654085
resnet18,integrated_gradients,ISIC_0015468,0.18767694734167945,0.06772285566464117,0.16764870530691842,1.1856155620020603
resnet18,lrp,ISIC_0015468,-0.2232242013702479,-0.10833168444301534,0.10043046839759066,-0.2178962467185027
resnet18,occlusion,ISIC_0015468,0.09173364446392238,0.1514968577867376,0.2498668040618801,-0.06983934543681386
resnet18,saliency,ISIC_0015468,-0.17589824585332475,-0.13092088207326544,-0.03284629271523908,-0.011657723559807176
resnet18,deep_lift,ISIC_0015476,-0.025049186386414124,-0.05114641878445892,0.09276989172990996,0.01132696569340892
resnet18,gradcam,ISIC_0015476,0.03481443170102487,-0.17248415622955152,-0.07449348406966891,0.8246765792993707
resnet18,guided_backprop,ISIC_0015476,-0.2416854683450782,-0.16745904023631575,0.012807529387879232,-1.3268668458352773
resnet18,integrated_gradients,ISIC_0015476,0.003961191358517596,-0.017594367439801962,0.12832605531611732,0.1778837894899683
resnet18,lrp,ISIC_0015476,-0.05025406924174729,-0.06375913074067745,0.12823514836650513,1.1805291915078102
resnet18,occlusion,ISIC_0015476,0.06347705775435748,0.10001092927209004,0.19583452810334098,-0.12314926137128338
resnet18,saliency,ISIC_0015476,0.16761277405959712,0.032918428614925964,0.1578049523373525,1.2108791369341572
resnet18,deep_lift,ISIC_0015481,-0.14659932403473194,0.05221982144823874,0.2141329332547928,-0.9305982859770816
resnet18,gradcam,ISIC_0015481,0.3319071524614009,0.184263551283762,0.29365843376450174,1.207803033059314
resnet18,guided_backprop,ISIC_0015481,-0.14002148976669024,-0.05701349658632206,0.13305296053636217,-0.5681653183466908
resnet18,integrated_gradients,ISIC_0015481,0.09921711000588389,0.22360147545815093,0.38653950542548143,-0.5467690260241999
resnet18,lrp,ISIC_0015481,-0.2333671673531987,0.08960921807419386,0.3192535067259315,-1.7181902404482365
resnet18,occlusion,ISIC_0015481,0.1894454479384009,0.1535690163199933,0.2409334164261175,0.6853120671232686
resnet18,saliency,ISIC_0015481,-0.10366343129864122,0.03943211860527584,0.1466811092513251,-0.5896873119634902
resnet18,deep_lift,ISIC_0015482,-0.3887787419918624,-0.006877560845949335,0.1515060701239266,-2.631857373058131
resnet18,gradcam,ISIC_0015482,0.38646486856996887,0.25111303378057326,0.32697220685041184,1.5232166802083198
resnet18,guided_backprop,ISIC_0015482,-0.13834406806153388,-0.14862586475813086,0.02224577232327474,-0.23996579827409806
resnet18,integrated_gradients,ISIC_0015482,-0.10753415244901639,0.08618603072642994,0.21402871898013054,-0.7524958310951635
resnet18,lrp,ISIC_0015482,0.13953525441560205,0.14250814907270062,0.34383785297071173,0.9575365265397963
resnet18,occlusion,ISIC_0015482,0.30116387619624896,0.21648256612234726,0.29634843218267093,1.0824069281366946
resnet18,saliency,ISIC_0015482,0.296790258931713,0.25653217166618547,0.3531289869056982,0.7779885664039328
resnet18,deep_lift,ISIC_0015485,0.012215247916177754,-0.005054851286635569,0.13007358468310268,-0.09878999186653156
resnet18,gradcam,ISIC_0015485,0.33250453603672425,0.0679911709876139,0.14184355201421198,1.8747600278368466
resnet18,guided_backprop,ISIC_0015485,0.04548728036288409,-0.0689183102527557,0.10542368260607027,0.5322120051672479
resnet18,integrated_gradients,ISIC_0015485,-0.23759827428597785,-0.15508937903809242,-0.03382171563217242,-0.41518714132689627
resnet18,lrp,ISIC_0015485,-0.1285038270392798,0.03613968013041815,0.2557715058180931,-0.9085003800735524
resnet18,occlusion,ISIC_0015485,0.48639804229667194,0.2580459542898692,0.3265640780369759,2.308046545518022
resnet18,saliency,ISIC_0015485,0.10216555207468796,0.07932131089935886,0.18389086034099492,0.32903738956325745
resnet18,deep_lift,ISIC_0015510,-0.12781461821615003,-0.020270350627388762,0.11334175409716353,-0.8674389908632711
resnet18,gradcam,ISIC_0015510,-0.3460391533942274,-0.21729763139160166,-0.10833088677124733,-1.1288068059969822
resnet18,guided_backprop,ISIC_0015510,-0.17771876700768663,-0.2113261803908274,-0.03396006480666856,0.35250894585372944
resnet18,integrated_gradients,ISIC_0015510,0.014890404881172294,-0.010489882849923223,0.12509189405679585,0.1831096955765715
resnet18,lrp,ISIC_0015510,-0.27294761632895703,-0.14079970800346556,0.05935915176929397,-0.4364509940978421
resnet18,occlusion,ISIC_0015510,0.46911183239258397,0.21481936827593712,0.2798120424305126,2.4844493495500055
resnet18,saliency,ISIC_0015510,-0.12648463712957664,-0.10784595197010484,-0.007236818772052211,0.28548502169179274
resnet18,deep_lift,ISIC_0015526,-0.018947496689043015,-0.006724873064028412,0.11058321162510128,-0.12662324293759147
resnet18,gradcam,ISIC_0015526,0.010081480675946414,-0.05906571694012958,0.06350984512262015,0.05285384623608701
resnet18,guided_backprop,ISIC_0015526,-0.22877035769450527,-0.12147860198798162,0.07166875442607924,-1.3435106989956456
resnet18,integrated_gradients,ISIC_0015526,-0.2530978266967087,-0.1340443037459423,-0.028236605729967643,-0.6129252355826634
resnet18,lrp,ISIC_0015526,-0.24276993256752033,-0.12102128458117635,0.0756621929116176,-0.21177819239211568
resnet18,occlusion,ISIC_0015526,0.1654775267023838,0.22294405484186908,0.31191858635194797,0.10003987149968185
resnet18,saliency,ISIC_0015526,-0.23438647427994946,0.0010717065773037113,0.12596589854108875,-1.7976068632054787
resnet18,deep_lift,ISIC_0015537,-0.039709965357524975,0.11384765901318177,0.24897362754708807,-0.9876530181866285
resnet18,gradcam,ISIC_0015537,-0.013424502519841106,-0.07913596038288091,-0.01759521119818863,0.643174584195206
resnet18,guided_backprop,ISIC_0015537,-0.06316255012358239,-0.027676819502036393,0.1556829815859829,-0.728640373033935
resnet18,integrated_gradients,ISIC_0015537,0.04681311810589755,0.13601757902933512,0.27842042845627,-0.5027940859411064
resnet18,lrp,ISIC_0015537,-0.11353195194167326,0.027283505238717674,0.2278340467074035,-0.3116640753339755
resnet18,occlusion,ISIC_0015537,0.4613359797484885,0.21864047092813804,0.2996212873455442,2.451319068000129
resnet18,saliency,ISIC_0015537,0.08887500782221623,0.13641284639870765,0.2657624391557135,-0.11742774304797268
resnet18,deep_lift,ISIC_0015544,-0.018146545340590563,0.012750711652720171,0.14249945527722022,0.07610869749042197
resnet18,gradcam,ISIC_0015544,0.24577839003593424,0.18455616255595303,0.2514515452755748,0.609929036705151
resnet18,guided_backprop,ISIC_0015544,0.03391535497380163,0.06900269327316998,0.2613249020505202,-0.4253845097511412
resnet18,integrated_gradients,ISIC_0015544,-0.130770039938147,0.04485429369161665,0.18566805269503284,-0.9624740590688696
resnet18,lrp,ISIC_0015544,-0.03835633258239331,0.1005540838870295,0.31353151691102316,-0.21473257531486847
resnet18,occlusion,ISIC_0015544,0.34936043894102264,0.2294787952892011,0.3202060475009464,1.4723170776476149
resnet18,saliency,ISIC_0015544,0.3931169936064693,0.185764805422937,0.315310558295281,2.082347605625495
resnet18,deep_lift,ISIC_0015559,0.080628337605956,0.08815021251105831,0.20506794165455355,0.5429994779598374
resnet18,gradcam,ISIC_0015559,-0.05033994938034058,-0.09903245435525378,-0.05258468306867441,0.3067068647085445
resnet18,guided_backprop,ISIC_0015559,0.09657891525310097,0.0851782973429903,0.2695046641049613,-0.17717075664998397
resnet18,integrated_gradients,ISIC_0015559,0.012534092378106222,0.09439364753094352,0.23229194988712162,-0.06457432913369937
resnet18,lrp,ISIC_0015559,0.24746548084815853,0.18266582425477731,0.38327568018352504,1.669219091330568
resnet18,occlusion,ISIC_0015559,0.25193552344442627,0.18079651246722395,0.2772250850685881,0.989997156507567
resnet18,saliency,ISIC_0015559,0.232569997707626,0.23375323826968528,0.3822577367191234,0.4640277888873581
resnet18,deep_lift,ISIC_0015563,0.1459112636814132,-0.11922691882785733,-0.02421580898099523,2.4579669252556453
resnet18,gradcam,ISIC_0015563,0.13739450519418916,0.0505651489880041,0.15980582393683562,0.7673025252534764
resnet18,guided_backprop,ISIC_0015563,-0.3288302372489257,-0.2759341838855188,-0.09861321855209638,-0.6812062025029776
resnet18,integrated_gradients,ISIC_0015563,0.010570693571786135,-0.019381008346706186,0.11017039196620325,0.07884479516627053
resnet18,lrp,ISIC_0015563,-0.269928302619993,-0.124280169715505,0.08722918773326471,-0.5222449897315757
resnet18,occlusion,ISIC_0015563,-0.019521064273056145,0.10082824939194207,0.19437194202014144,-0.10309160882263323
resnet18,saliency,ISIC_0015563,-0.006675785314583467,0.040814313452622125,0.1542107650196083,-0.22773644278620953
resnet18,deep_lift,ISIC_0015566,-0.0880564224023779,0.05774989009830849,0.18214806578297293,-0.5600462550507744
resnet18,gradcam,ISIC_0015566,0.32885661785619097,0.17150387648658702,0.23181087782923174,1.295421963423123
resnet18,guided_backprop,ISIC_0015566,0.11059019722386888,-0.015868821189030418,0.1536484037267213,1.215629906439619
resnet18,integrated_gradients,ISIC_0015566,-0.1569316465591209,0.21302109606963127,0.3571640830361534,-0.9320714001965235
resnet18,lrp,ISIC_0015566,0.06306276083190746,0.13518296142562408,0.3380139341382558,0.4025424438370258
resnet18,occlusion,ISIC_0015566,0.3363122847839484,0.15335962732272032,0.2556563009333484,1.7994834380308444
resnet18,saliency,ISIC_0015566,0.06327774739918382,0.16123680757072636,0.3074272669938728,-0.5380555053265013
resnet18,deep_lift,ISIC_0015568,-0.25608023294362847,-0.04204841919188269,0.1017551466415407,-1.8211995888650372
resnet18,gradcam,ISIC_0015568,0.2959658213714302,0.20002765010649892,0.28517376647157905,1.2548774522104986
resnet18,guided_backprop,ISIC_0015568,-0.02835958478542713,-0.09419720164082172,0.08482597265079772,0.19070384565215193
resnet18,integrated_gradients,ISIC_0015568,-0.3910115318396223,-0.16360556377285518,-0.031717134489310225,-1.4806271973699847
resnet18,lrp,ISIC_0015568,-0.0761858603574617,-0.07337035421876303,0.1268724216201145,0.7696851253082053
resnet18,occlusion,ISIC_0015568,0.3420594126090789,0.25031567582477376,0.3468644036618754,1.3274072182873733
resnet18,saliency,ISIC_0015568,0.0691366439488157,0.05252555707604815,0.18945329463687252,0.2699888487785296
resnet18,deep_lift,ISIC_0015582,-0.19885159775062974,-0.17954252258905634,-0.0689022455352569,0.039474581807604284
resnet18,gradcam,ISIC_0015582,0.18097642791685617,0.040309599638066164,0.13172625683340106,1.0610000215682893
resnet18,guided_backprop,ISIC_0015582,0.17802851023190436,-0.050380481976228055,0.113183281464296,1.5946221710466355
resnet18,integrated_gradients,ISIC_0015582,0.08048829903785237,0.021906617220718606,0.12915691593210016,0.6075296208226251
resnet18,lrp,ISIC_0015582,-0.33717897730154817,0.03538752732471846,0.2340795700263782,0.4817540864238764
resnet18,occlusion,ISIC_0015582,0.06940409105485085,0.06719464316205896,0.17676115193280661,0.014355710763338974
resnet18,saliency,ISIC_0015582,0.10467989157888696,-0.0008733407068430417,0.12453100010072343,0.7876537913981942
resnet18,deep_lift,ISIC_0015593,-0.2700492990154804,-0.1362521349633696,-0.015940901937597732,-0.6590118739272969
resnet18,gradcam,ISIC_0015593,0.20382306313950105,-0.060942156274345564,0.020324861565683285,1.6081512797065853
resnet18,guided_backprop,ISIC_0015593,-0.21009682141397476,-0.13111342216399166,0.05689962638497421,-1.1815773781071208
resnet18,integrated_gradients,ISIC_0015593,-0.11139802223078937,-0.15214996394830171,-0.024181434696829734,0.4490721375026785
resnet18,lrp,ISIC_0015593,-0.020275123492876395,0.049833653538075874,0.2545081257755502,-0.12050003801855903
resnet18,occlusion,ISIC_0015593,0.21355517238149654,0.14398202129115997,0.24182077539061442,0.7391943920470102
resnet18,saliency,ISIC_0015593,0.10990607516197422,0.05347563081027984,0.16840402016339379,0.6279288895963362
resnet18,deep_lift,ISIC_0015603,-0.20571328578750467,-0.0036892154258752535,0.15536523336316035,-1.5379691701557563
resnet18,gradcam,ISIC_0015603,0.2797381335616338,0.028513645202910092,0.11491082840036716,1.81617320674938
resnet18,guided_backprop,ISIC_0015603,-0.05452576675858713,-0.07391630042064412,0.10934210362640685,-0.24901863196512447
resnet18,integrated_gradients,ISIC_0015603,-0.057889486237430274,-0.02154617320213557,0.1410623366218616,-0.4269224126120748
resnet18,lrp,ISIC_0015603,-0.044949627665400005,-0.07832309998622607,0.11927305038919614,1.0722295359617826
resnet18,occlusion,ISIC_0015603,0.3474744558380797,0.13763246552336228,0.19949401185155866,2.0493003298638897
resnet18,saliency,ISIC_0015603,-0.014642777459085368,0.08888969230809692,0.18706931213465247,-0.5189566009384519
resnet18,deep_lift,ISIC_0015607,0.26498760573419644,0.22515748328676136,0.3776134091788173,0.5824674780405159
resnet18,gradcam,ISIC_0015607,0.01905065382884386,-0.23917323738085294,-0.13857005002956005,1.2837299541346336
resnet18,guided_backprop,ISIC_0015607,0.17213579569426363,0.0991115539827101,0.2780806842250526,0.29026432443697275
resnet18,integrated_gradients,ISIC_0015607,0.016288047738857853,0.0831795206840834,0.22474941975453308,0.08074242704550387
resnet18,lrp,ISIC_0015607,0.18131269054403626,0.16338827432745662,0.36024940481335216,1.1923317559194726
resnet18,occlusion,ISIC_0015607,0.22524218089484785,0.20711605159003174,0.29512003008272625,0.4490881185021448
resnet18,saliency,ISIC_0015607,0.19528860799891548,0.24295313929269477,0.35478430489245083,-0.059515783765852356
resnet18,deep_lift,ISIC_0015614,-0.04734764311775896,0.06815866442837357,0.17971423288269345,-0.27479927869431153
resnet18,gradcam,ISIC_0015614,0.0375597640152154,-0.06977292977818988,0.006853449620926194,1.0030872647269606
resnet18,guided_backprop,ISIC_0015614,0.09318806714207115,0.04738318818688086,0.22700764005566648,0.01980807242009415
resnet18,integrated_gradients,ISIC_0015614,0.13700533695851438,0.1760649289109808,0.3101596329075352,-0.1385467531036085
resnet18,lrp,ISIC_0015614,-0.011380842086033174,0.11073336484546088,0.3141043059437495,-0.08549254061442023
resnet18,occlusion,ISIC_0015614,-0.086483033035603,-0.05173230589912802,0.054282967058006226,0.19210480685161682
resnet18,saliency,ISIC_0015614,-0.14348897652955941,0.04594416208122331,0.16692397581523838,-0.9102536388284116
resnet18,deep_lift,ISIC_0015617,-0.19938502785840226,-0.16382345655651573,-0.03283136988033365,-0.036600677826658885
resnet18,gradcam,ISIC_0015617,-0.1373685934633254,-0.18928757965556,-0.06918577413239181,-0.5173289242167105
resnet18,guided_backprop,ISIC_0015617,0.021274704446641254,-0.15847601331211633,-0.006153986510819064,1.415039148120898
resnet18,integrated_gradients,ISIC_0015617,-0.024873296840739013,0.025994452527485803,0.160731409659362,-0.30968192454012156
resnet18,lrp,ISIC_0015617,-0.363697869569573,-0.14377446584503561,0.06285845550593297,-1.0406424942110948
resnet18,occlusion,ISIC_0015617,0.4695219044966548,0.19066781424614032,0.24976354140232884,2.4959213219428613
resnet18,saliency,ISIC_0015617,0.20011789827205853,0.10326310893227701,0.19344654081765075,1.0475223144812489
resnet18,deep_lift,ISIC_0015625,0.04822442683337148,0.0021767757272479656,0.12887795455595955,0.3322965295495225
resnet18,gradcam,ISIC_0015625,0.14626818390470098,-0.08121686817457928,0.019942661628350622,1.2986044482794876
resnet18,guided_backprop,ISIC_0015625,-0.22501739125977974,-0.282664104167844,-0.11795618871205239,0.07682662003919859
resnet18,integrated_gradients,ISIC_0015625,0.1355493943638377,0.04702066763813813,0.16064304733124737,0.8835865385812652
resnet18,lrp,ISIC_0015625,-0.34673893165558134,-0.1262421568455032,0.09343256714225096,-1.0865260903796758
resnet18,occlusion,ISIC_0015625,0.2824991398540399,0.1577188692302251,0.23824469504982657,1.2188132261243134
resnet18,saliency,ISIC_0015625,0.052923637929687885,0.09390805787339068,0.20337335547752977,-0.07851658091744051
resnet18,deep_lift,ISIC_0015631,-0.16334669020132764,-0.15075898387716807,-0.04454973467483772,0.21097225508508516
resnet18,gradcam,ISIC_0015631,0.17229936096920165,0.1013126797276915,0.20347045256218496,0.7987998229586556
resnet18,guided_backprop,ISIC_0015631,-0.17950153207609842,-0.12954397793930453,0.05811306710556262,-0.941355287535614
resnet18,integrated_gradients,ISIC_0015631,-0.24926603722117402,-0.1272948313544118,-0.02788574050234381,-0.4225251630892055
resnet18,lrp,ISIC_0015631,-0.29658764753583505,-0.12179726007408563,0.09109360731226768,-0.7776519516950289
resnet18,occlusion,ISIC_0015631,0.24826779823947595,0.20843827392024328,0.305086311990964,0.6809004168117011
resnet18,saliency,ISIC_0015631,0.24445882134638794,0.10837829423097539,0.1914319393424071,1.457458087457468
resnet18,deep_lift,ISIC_0015636,0.13981705683770282,0.1007576801029829,0.24927331690819024,0.2713035245069962
resnet18,gradcam,ISIC_0015636,0.3283978926024988,0.20156943840088792,0.262612448426105,1.2804400149460389
resnet18,guided_backprop,ISIC_0015636,-0.08183532273518125,-0.008246876775807724,0.18086577386336083,-1.0168941326985266
resnet18,integrated_gradients,ISIC_0015636,0.09319689799519813,0.17945064546984038,0.31996890250919874,-0.4142644473148118
resnet18,lrp,ISIC_0015636,0.030955263427244844,0.20683542016726558,0.425723245803908,-0.9046970810924068
resnet18,occlusion,ISIC_0015636,0.07807239129685829,0.16303549085457128,0.27768144599926087,-0.3678069662997318
resnet18,saliency,ISIC_0015636,0.10333433492895068,0.17956510218878768,0.3149296425732174,-0.2994541445124161
resnet18,deep_lift,ISIC_0015638,-0.14479232513071805,-0.15070973633333903,-0.02847647356865589,0.356175094466323
resnet18,gradcam,ISIC_0015638,-0.009018015367679138,0.013051419479918336,0.09022824986910712,0.5143496604281842
resnet18,guided_backprop,ISIC_0015638,-0.07682003950163868,-0.20818811582704838,-0.04516545670011297,0.9560183912211121
resnet18,integrated_gradients,ISIC_0015638,-0.16990685209017325,-0.1565004209441559,-0.028443773908644592,0.2221042138251217
resnet18,lrp,ISIC_0015638,-0.4303463445463935,-0.15657416006956695,0.0651165324914499,-1.6151037300414774
resnet18,occlusion,ISIC_0015638,-0.1432052559472393,-0.0624897440205663,0.04650171943511664,-0.12368179985395836
resnet18,saliency,ISIC_0015638,-0.051171879148821535,-0.013344195444691762,0.09980784638792682,0.41126869566676216
resnet18,deep_lift,ISIC_0015641,-0.15613630145240234,-0.14914451705405055,-0.04353702232922198,0.4825751997173401
resnet18,gradcam,ISIC_0015641,0.07013680729027921,0.07045938530789067,0.15341573798278899,0.07506708516421357
resnet18,guided_backprop,ISIC_0015641,-0.21094325004241568,-0.2531252009201122,-0.08332911139724183,0.1544549585208301
resnet18,integrated_gradients,ISIC_0015641,0.02681972864739872,-0.08345912672261044,0.002900434419397103,1.3013572350681175
resnet18,lrp,ISIC_0015641,-0.1906148019960789,-0.09501220759111889,0.11396352893477406,-0.023079179521398267
resnet18,occlusion,ISIC_0015641,0.19206514935260605,0.06210047894040417,0.14043547884460433,1.6472941141526058
resnet18,saliency,ISIC_0015641,0.03622786831493747,0.028098481408935217,0.1283679381785874,0.18681669114675567
resnet18,deep_lift,ISIC_0015645,-0.06971540316647395,-0.11287736037863896,-0.01006896934455816,0.7190597042234154
resnet18,gradcam,ISIC_0015645,-0.06479044824583549,-0.13838482037438685,-0.0036833456122235854,-0.05445301953340694
resnet18,guided_backprop,ISIC_0015645,0.05498443637866938,-0.04509116744415364,0.13501823039244346,0.7490977220071974
resnet18,integrated_gradients,ISIC_0015645,0.002032972760724711,-0.09328907469734747,0.00742748993040894,1.1275401328975094
resnet18,lrp,ISIC_0015645,-0.16478521651029573,0.026703451489985798,0.25330636583460464,-1.1324068242796954
resnet18,occlusion,ISIC_0015645,0.059948186810091245,0.09991639068355446,0.20199672177982797,-0.15709264335341677
resnet18,saliency,ISIC_0015645,0.12440577310438101,0.08528452257705907,0.1829209987334644,0.6084493631202562
resnet18,deep_lift,ISIC_0015936,-0.1942392912429891,-0.12612685823499806,0.007931392804839297,-0.1837824628572673
resnet18,gradcam,ISIC_0015936,0.2526349162172502,0.10171309226364272,0.1790163129088961,1.381987936740022
resnet18,guided_backprop,ISIC_0015936,0.07498663862245768,-0.04458087631906202,0.13402603776241845,0.745246957072414
resnet18,integrated_gradients,ISIC_0015936,-0.2874012807678065,-0.14414230183489404,0.005434317227647338,-0.8273377734940456
resnet18,lrp,ISIC_0015936,-0.26699713202396336,-0.11541201807491,0.08819259764151244,-0.5152693430952203
resnet18,occlusion,ISIC_0015936,-0.2684130683354957,-0.06770269721852024,0.03742067497576908,-1.2103056098712284
resnet18,saliency,ISIC_0015936,0.13373735029662245,0.08039326670487888,0.17775306876615501,0.6778340327238458
resnet18,deep_lift,ISIC_0015937,-0.2150022852798372,-0.1785944161364607,-0.05383029607269951,-0.1549730291303871
resnet18,gradcam,ISIC_0015937,0.18932899566279848,-0.1100409465651668,0.011482856781821349,1.8988200188390036
resnet18,guided_backprop,ISIC_0015937,-0.16278217319292612,-0.04125236696789073,0.1602018839854682,-0.9776656687180539
resnet18,integrated_gradients,ISIC_0015937,-0.20004918654748163,-0.1320224986685535,-0.018635378971715497,-0.23212795286430826
resnet18,lrp,ISIC_0015937,-0.06223250429101549,-0.10157546142799498,0.08427644640859124,1.0051545381952087
resnet18,occlusion,ISIC_0015937,-0.04144768110763523,-0.00529083505950614,0.09752731921023008,-0.3081717797211713
resnet18,saliency,ISIC_0015937,-0.02904363949748267,-0.11433934811888209,-0.001724265085400892,0.987021530185337
resnet18,deep_lift,ISIC_0015938,-0.15136504425841268,-0.028842182449048227,0.0728129273289486,-0.39058251428509916
resnet18,gradcam,ISIC_0015938,-0.1555093430328268,-0.12255366656052784,0.0165600336641983,-0.8048808914084801
resnet18,guided_backprop,ISIC_0015938,0.09136306416433783,0.027385632960936598,0.2220245037147773,0.6563193140396397
resnet18,integrated_gradients,ISIC_0015938,-0.11878403259749468,-0.10405572641157194,0.019865309062417846,0.23865830803233226
resnet18,lrp,ISIC_0015938,-0.36404907186013036,-0.16095302321563884,0.04862074325912333,-1.1394054286951352
resnet18,occlusion,ISIC_0015938,0.2559256485038989,0.10704915546359478,0.2009220463786793,1.4910011319860919
resnet18,saliency,ISIC_0015938,-0.3738844978541376,-0.1500748148262349,-0.0249648783543486,-1.4755930632769745
resnet18,deep_lift,ISIC_0015939,-0.09586791422201281,-0.02864183864901629,0.06599600617008684,0.12065960949084015
resnet18,gradcam,ISIC_0015939,0.28813144221192416,0.1418509234213082,0.22849211108186035,1.7639010271524425
resnet18,guided_backprop,ISIC_0015939,0.10709687983056038,-0.0036443587943829742,0.1893244883076406,0.2573818676400113
resnet18,integrated_gradients,ISIC_0015939,-0.086179905976487,-0.0711038561207669,0.036510019849915865,0.13818922296350095
resnet18,lrp,ISIC_0015939,-0.2863349623885534,-0.11363505146668279,0.10140950768068346,-0.691815320185854
resnet18,occlusion,ISIC_0015939,-0.0868310677810631,-0.07728473862925722,0.015917034319229362,0.3417357247733506
resnet18,saliency,ISIC_0015939,0.2493522270735082,0.1139403740304931,0.2088648633844511,1.4393833385389336
resnet18,deep_lift,ISIC_0015940,-0.1177929030960726,0.025934851765600037,0.1254336453549541,-0.27982256001902783
resnet18,gradcam,ISIC_0015940,0.11286231935089358,0.022336670500360426,0.12380627824684518,0.7124745187232685
resnet18,guided_backprop,ISIC_0015940,0.008580468794683629,-0.0030357837376076948,0.18969720932610182,-0.08141714722818547
resnet18,integrated_gradients,ISIC_0015940,0.18191399838618827,0.08483818496948568,0.19075884941489224,0.9566413520473149
resnet18,lrp,ISIC_0015940,-0.06466496464304107,-0.1280388370985194,0.059513992236268826,1.0591069886986977
resnet18,occlusion,ISIC_0015940,-0.0052003055534424825,-0.05912690284075464,0.017544758460564316,0.8874389731727091
resnet18,saliency,ISIC_0015940,0.13961792205492124,0.12787311449694902,0.228108047022166,0.4993570977051855
resnet18,deep_lift,ISIC_0015941,-0.20787247957616287,-0.1307918573488576,-0.024229116955009844,-0.2796811162476339
resnet18,gradcam,ISIC_0015941,-0.026824827607187303,-0.09264223562040254,0.021556740889851822,0.0839776253478678
resnet18,guided_backprop,ISIC_0015941,0.07544091379084525,-0.009928771602074383,0.17778191562058082,0.5977405430825015
resnet18,integrated_gradients,ISIC_0015941,0.09614779866873606,-0.014792920267227377,0.10823477766292347,0.7659463466308745
resnet18,lrp,ISIC_0015941,-0.14451888542839925,-0.11071279810870673,0.08014196325952035,0.40193170728280275
resnet18,occlusion,ISIC_0015941,-0.23805418341313514,-0.13728002580877427,-0.03718698432283533,-0.5342837509301229
resnet18,saliency,ISIC_0015941,-0.2766685804143125,-0.13759314093148048,-0.02105709792444256,-0.822874840870758
resnet18,deep_lift,ISIC_0015942,0.021234529787055197,0.0011879780195423696,0.1074523307664259,0.7798111159102074
resnet18,gradcam,ISIC_0015942,0.1041308908745273,0.02206961084173544,0.13757919608807348,0.661568654950087
resnet18,guided_backprop,ISIC_0015942,0.20221721883328436,0.03593675704152916,0.2195698649200992,1.4468011460373829
resnet18,integrated_gradients,ISIC_0015942,-0.16016973565460482,-0.06549459499621299,0.04664167979058642,-0.3403156817834785
resnet18,lrp,ISIC_0015942,-0.09559920949461803,-0.08477650636099043,0.11712856416375882,0.6989035493856124
resnet18,occlusion,ISIC_0015942,0.15357819343724388,0.09055018532672846,0.1935584036898039,0.6389281106318516
resnet18,saliency,ISIC_0015942,-0.2076472743916252,-0.13826330735612405,-0.030322279691930704,-0.25027655427477835
resnet18,deep_lift,ISIC_0015943,0.27800808073762917,0.07079848406461807,0.22122242310292184,1.653961172459718
resnet18,gradcam,ISIC_0015943,0.3672541950709711,0.08837920666895294,0.20651695782259732,2.312561774173144
resnet18,guided_backprop,ISIC_0015943,-0.12567915107469843,-0.03653745398122054,0.16192320598668147,-0.816794368726884
resnet18,integrated_gradients,ISIC_0015943,0.21667154090277863,0.034864696230760696,0.1814150364075277,1.156324775204509
resnet18,lrp,ISIC_0015943,-0.2698565996676105,-0.11526671863712493,0.07077318326095654,0.22277258334943395
resnet18,occlusion,ISIC_0015943,-0.11311260573008207,-0.03794308608114715,0.058515454013063,-0.15677680990687887
resnet18,saliency,ISIC_0015943,0.11713374132731123,-0.06718334915590389,0.025370371161930402,1.971522475119064
resnet18,deep_lift,ISIC_0015944,-0.02074771748615943,0.0583258563311048,0.20272137877375082,-0.4041802577599204
resnet18,gradcam,ISIC_0015944,0.28696497938119914,0.15212557294841933,0.24943028695546618,1.2880437506397695
resnet18,guided_backprop,ISIC_0015944,0.025144936197926706,-0.04912579775867672,0.11964333159854243,0.2932716742357551
resnet18,integrated_gradients,ISIC_0015944,0.2189431156986791,0.04188339557395884,0.18704787542750187,1.652251444039226
resnet18,lrp,ISIC_0015944,-0.43008474742197933,-0.13582263136379935,0.08009345606185093,-1.265251386826606
resnet18,occlusion,ISIC_0015944,0.36341502061936676,0.133001141388239,0.210985049933672,2.038651498204729
resnet18,saliency,ISIC_0015944,-0.0527470686099976,-0.09353183226293513,0.019186579620686355,0.6482322127426552
resnet18,deep_lift,ISIC_0015945,-0.31420902033323983,-0.09665117032513683,0.03775936814808356,-1.364865965468761
resnet18,gradcam,ISIC_0015945,0.1989007885204287,0.10058151601264781,0.19547524505232786,0.959955799410464
resnet18,guided_backprop,ISIC_0015945,-0.016838232446757893,-0.04609648976794601,0.14155889971126767,0.01573209204519005
resnet18,integrated_gradients,ISIC_0015945,-0.4815072090684483,-0.1816302440864061,-0.03033432250570324,-2.3295748599778934
resnet18,lrp,ISIC_0015945,-0.2647012962873523,-0.11094324067292122,0.10029088278399059,-0.4234767779398759
resnet18,occlusion,ISIC_0015945,-0.05831681243770188,-0.01757900550891058,0.06448665456830505,0.2803690744224112
resnet18,saliency,ISIC_0015945,-0.08944321711829767,-0.06277147316032089,0.020614693383666775,0.3446473078365262
resnet18,deep_lift,ISIC_0015946,0.13377603015178008,0.10230527035451084,0.234938130445619,0.5202001969976509
resnet18,gradcam,ISIC_0015946,0.13121433827140208,0.014551749916764983,0.13598898564130807,0.691901068981497
resnet18,guided_backprop,ISIC_0015946,0.08190152646869639,-0.02283880657892394,0.15429617420238773,0.6772141726885846
resnet18,integrated_gradients,ISIC_0015946,0.01744905206174338,-0.008307033035784039,0.14443313481271425,0.058329906395722934
resnet18,lrp,ISIC_0015946,-0.24505295440456207,-0.1334380274302003,0.061638493398314974,-0.26547236788091194
resnet18,occlusion,ISIC_0015946,0.23146895676617119,0.12991101243123593,0.20839736937712786,1.0686642226853726
resnet18,saliency,ISIC_0015946,-0.1967391660398134,-0.10849477184902472,-0.007361416283358816,-0.3667113733773796
resnet18,deep_lift,ISIC_0015947,0.10753627367042926,0.07191014737766242,0.19256657201383168,0.39299650984810763
resnet18,gradcam,ISIC_0015947,0.07124406645214516,-0.04414584386576542,0.05721382845446845,0.6617012137628229
resnet18,guided_backprop,ISIC_0015947,-0.05433402351210639,-0.058517629836968066,0.13341323055622514,-0.13299772373022567
resnet18,integrated_gradients,ISIC_0015947,0.2084881913211594,0.1303167860836829,0.24625383382909133,0.9062908876361748
resnet18,lrp,ISIC_0015947,-0.44218420318943785,-0.16099411398552704,0.05161691750396569,-1.7087696797853535
resnet18,occlusion,ISIC_0015947,-0.022366767707537528,-0.17326621083403548,-0.10234502141297204,1.287081193574912
resnet18,saliency,ISIC_0015947,-0.03061388055627818,0.03398574084844661,0.1478271242644865,-0.399069587798199
resnet18,deep_lift,ISIC_0015948,-0.04843159079705942,-0.07564608096956467,0.027909574761189153,0.6126096704738033
resnet18,gradcam,ISIC_0015948,0.3348665051690186,0.04379581732312822,0.1320048066293346,2.4201415691760575
resnet18,guided_backprop,ISIC_0015948,-0.22932959029585515,-0.07215722131850152,0.13578257195009535,-1.4355235693843014
resnet18,integrated_gradients,ISIC_0015948,-0.32364017534083617,-0.1396053894474182,-0.014998747242003223,-1.276992054680634
resnet18,lrp,ISIC_0015948,-0.2957973670937457,-0.14260498912452232,0.04732287871898242,-0.5574468381525429
resnet18,occlusion,ISIC_0015948,0.23179537846372855,0.0583218500528693,0.14076045170083423,1.4567598131897515
resnet18,saliency,ISIC_0015948,0.17516698853578785,0.10884127372016544,0.20098828268091248,0.86721364684468
resnet18,deep_lift,ISIC_0015949,-0.05327894455512804,-0.1054719563224177,-0.006130545838569097,0.789291724582279
resnet18,gradcam,ISIC_0015949,-0.18823955972725642,-0.2548866891211818,-0.15627530036299517,-0.6006457456720101
resnet18,guided_backprop,ISIC_0015949,0.06851347131806813,0.01333671534283786,0.1992518658705522,0.5569950171340556
resnet18,integrated_gradients,ISIC_0015949,-0.1031530758807468,-0.08389360811220768,0.020872083729662583,0.1469034145053934
resnet18,lrp,ISIC_0015949,-0.2619314913310944,-0.12289868262338993,0.08393243494327282,-0.45406062437519906
resnet18,occlusion,ISIC_0015949,0.09049103639405741,-0.05765343414022502,0.013767572253754492,1.64379272487406
resnet18,saliency,ISIC_0015949,-0.23989303234053058,-0.1344799101043824,-0.027936014368693945,-0.5739500823698473
resnet18,deep_lift,ISIC_0015950,0.051393056291507005,-0.03440103101831153,0.07012273011558535,1.2910853880306896
resnet18,gradcam,ISIC_0015950,0.28829909249459496,0.19763883660549503,0.2900105548016954,1.4000103299961255
resnet18,guided_backprop,ISIC_0015950,0.0023007369168735825,-0.024157689293876076,0.1653493409054779,0.060932375635037075
resnet18,integrated_gradients,ISIC_0015950,0.04923106149894205,0.0025666397821659964,0.15404711248454703,0.13032440961711178
resnet18,lrp,ISIC_0015950,-0.31464466020948156,-0.12295168063669165,0.08663984682021303,-0.9372284925764701
resnet18,occlusion,ISIC_0015950,0.18679649601273535,0.10056343702999336,0.1938285762498248,0.8786803121145789
resnet18,saliency,ISIC_0015950,0.02318358704157514,-0.026745426749498005,0.06597730940898762,0.9541839752264271
resnet18,deep_lift,ISIC_0015951,0.10788095509832392,0.024958386122072667,0.18440967145548642,0.5947829251999684
resnet18,gradcam,ISIC_0015951,0.4721419865143914,0.5664434095124151,0.5767100807103942,1.3625260609200682
resnet18,guided_backprop,ISIC_0015951,-0.08604271254237898,-0.022912193573124916,0.167957769575791,-0.6693404892911865
resnet18,integrated_gradients,ISIC_0015951,-0.03523746302741392,0.055852570300238186,0.20519448537120547,-0.6076318872930897
resnet18,lrp,ISIC_0015951,-0.2386695717928157,-0.1051619215548744,0.09961107797810599,-0.33075185861605344
resnet18,occlusion,ISIC_0015951,-0.12303772774021644,-0.10705959782604806,-0.02901779336258928,0.14826527294217165
resnet18,saliency,ISIC_0015951,-0.04182665720638028,-0.0837404818211274,0.01430319533757594,0.7715204357618151
resnet18,deep_lift,ISIC_0015952,0.13436415196500284,0.1376181342638473,0.30689778986723043,-0.6492542811413453
resnet18,gradcam,ISIC_0015952,0.30548927162473677,0.13008184943053472,0.22865550930326292,1.8289351081737675
resnet18,guided_backprop,ISIC_0015952,0.08449546242159184,0.08097150572514136,0.2764832816483032,0.04765273902318853
resnet18,integrated_gradients,ISIC_0015952,0.3298654552081825,0.17693157095254666,0.3444774241312082,1.195410125756927
resnet18,lrp,ISIC_0015952,-0.24123998200894572,0.08873457006514855,0.31978645809387335,-1.7838158569721883
resnet18,occlusion,ISIC_0015952,0.5460140610752138,0.3513549970240652,0.4464074517193323,2.3360767415367936
resnet18,saliency,ISIC_0015952,0.0917249815844046,0.06711433829162788,0.170289095078756,0.887837722961626
resnet18,deep_lift,ISIC_0015953,0.041355992182463414,0.042074696161677784,0.19246286621982234,0.44841864581182417
resnet18,gradcam,ISIC_0015953,0.07793430006862037,-0.18861754814230314,-0.09329887736593068,1.5467335557510096
resnet18,guided_backprop,ISIC_0015953,-0.00740830410304638,-0.021245877438167627,0.15069619995175249,0.3053834232826099
resnet18,integrated_gradients,ISIC_0015953,0.17625775048314982,0.18034650371530456,0.3502861665941005,0.1534496612269903
resnet18,lrp,ISIC_0015953,-0.15538282755835983,0.07232832778574437,0.2909025938710173,-0.9145088780892348
resnet18,occlusion,ISIC_0015953,0.46166953902177593,0.2466010159487338,0.33776381187548193,2.1070425432034545
resnet18,saliency,ISIC_0015953,-0.030978914946610907,0.1816680177272999,0.3170982795535161,-1.5167700165804103
resnet18,deep_lift,ISIC_0015954,-0.19029754462083973,-0.1891000728262249,-0.056064627469803334,0.05187241236099264
resnet18,gradcam,ISIC_0015954,0.011342348336506276,-0.022010121858219513,0.09632012241306964,0.05374267007019814
resnet18,guided_backprop,ISIC_0015954,0.13376731939680464,0.02043287686753832,0.2051856947229709,0.9682347323316367
resnet18,integrated_gradients,ISIC_0015954,-0.10960167961412923,-0.10657147168674952,-0.004137768688174569,0.3822064729399318
resnet18,lrp,ISIC_0015954,-0.21495543462725708,-0.11342694232251226,0.08161673115090046,-0.21681171527152696
resnet18,occlusion,ISIC_0015954,-0.12162174308997423,-0.0770193980950008,0.015181981810267838,-0.07960923703298867
resnet18,saliency,ISIC_0015954,-0.19664368668771126,-0.07025690275610959,0.02951323191204069,-0.44436969859448255
resnet18,deep_lift,ISIC_0015955,0.13678979112428727,0.06431452101599995,0.1754987256521716,0.6669279546777567
resnet18,gradcam,ISIC_0015955,0.09560343224689763,-0.03498962701233758,0.07488599796228204,0.5207536285500574
resnet18,guided_backprop,ISIC_0015955,0.029099593558135985,-0.034698145782504776,0.15089860800348354,0.3581028621575162
resnet18,integrated_gradients,ISIC_0015955,-0.12635587419970293,-0.05839555561231004,0.04543433321908742,-0.1049113631447667
resnet18,lrp,ISIC_0015955,-0.3409760337372252,-0.15097859542171227,0.04712460529806143,-0.9442249502904888
resnet18,occlusion,ISIC_0015955,-0.01268144348704092,-0.011492464187121004,0.061651965955876034,0.5137513866683213
resnet18,saliency,ISIC_0015955,-0.1013296537105191,0.018015521838793375,0.1378683455712557,-0.8874508992917138
resnet18,deep_lift,ISIC_0015956,-0.019736077239972782,-0.061137500879374716,0.02397177652004969,0.9178150964302705
resnet18,gradcam,ISIC_0015956,0.22680827169404044,0.00027186186229356563,0.08579332992585813,1.6035773745459612
resnet18,guided_backprop,ISIC_0015956,0.10660304273428015,-0.016665707476817122,0.16175960381836665,0.8079032084866122
resnet18,integrated_gradients,ISIC_0015956,-0.21194604340084608,-0.030739128310833797,0.09819568934127024,-1.5023922452920964
resnet18,lrp,ISIC_0015956,-0.21681176197137766,-0.09860082951164155,0.10998572203518635,-0.19539188377165037
resnet18,occlusion,ISIC_0015956,-0.18770157803137483,-0.06585788906450785,0.029044148068258092,-0.5932919218020196
resnet18,saliency,ISIC_0015956,0.101108235806904,0.07853957751464806,0.17547500750784611,0.46111128630009274
resnet18,deep_lift,ISIC_0015957,-0.0114297145269055,0.039096738753009994,0.17365150830928297,-0.0038028435990621356
resnet18,gradcam,ISIC_0015957,0.13425485302830856,-0.03428031065280604,0.09653044904395823,0.5909097391614562
resnet18,guided_backprop,ISIC_0015957,-0.22127543670674737,-0.04655715734799654,0.1517797954111279,-1.27147646316341
resnet18,integrated_gradients,ISIC_0015957,0.3756036668593775,0.3174353662058777,0.41320494314181533,1.0453709618740186
resnet18,lrp,ISIC_0015957,-0.24008053308179486,0.052154682425569684,0.2535764035721504,-0.6195989128858237
resnet18,occlusion,ISIC_0015957,0.3411506816601924,0.17981683986668262,0.27297595839356004,1.3641150970162348
resnet18,saliency,ISIC_0015957,-0.06602850100065165,0.04740425553402966,0.1685915527197596,-0.4625161533035317
resnet18,deep_lift,ISIC_0015958,-0.3483529450190142,-0.12803893294512245,-0.01017798605109644,-0.9338243607984066
resnet18,gradcam,ISIC_0015958,0.007575738611333855,-0.09037999292575938,0.005311682662601437,1.120809150592532
resnet18,guided_backprop,ISIC_0015958,-0.2821278619157617,-0.25246650652518937,-0.0738944344470377,-0.29165449249873815
resnet18,integrated_gradients,ISIC_0015958,-0.2976328068919044,0.04884319345398328,0.1750129985919387,-0.26186084089335937
resnet18,lrp,ISIC_0015958,-0.12450171551511853,-0.09927478271054047,0.09820221488784879,0.4927098367556208
resnet18,occlusion,ISIC_0015958,-0.15458384378794052,-0.08416761434013456,-0.015403846061915697,-0.08291153466240204
resnet18,saliency,ISIC_0015958,0.13782640733538107,-0.012284765152988566,0.07571246845538737,1.9973829523073376
resnet18,deep_lift,ISIC_0015959,-0.17451831356399675,-0.13713560228053706,-0.02352725285642492,0.0017331143286128273
resnet18,gradcam,ISIC_0015959,0.13503615674323452,-0.0003437695394825975,0.10942804444873125,0.6899593179157708
resnet18,guided_backprop,ISIC_0015959,-0.10061614281188781,-0.06062800867974822,0.13253064578469145,-0.5287323810558856
resnet18,integrated_gradients,ISIC_0015959,-0.10206703005123227,-0.10442309353636381,0.009472068572321678,0.42260954038116233
resnet18,lrp,ISIC_0015959,-0.1965324350854134,-0.10691101155384738,0.09984421858914,-0.02468558861873293
resnet18,occlusion,ISIC_0015959,0.04902614985063924,0.15487111649824994,0.2542939332978021,0.4449564636495061
resnet18,saliency,ISIC_0015959,0.11072234639953356,0.07755601970971553,0.19579929743842717,0.4190686458334145
resnet18,deep_lift,ISIC_0015960,-0.11743003572168947,-0.049800255843960285,0.04366864100474835,0.019503479340717868
resnet18,gradcam,ISIC_0015960,0.103339508265818,-0.08565889884851166,0.026388432638559625,1.0856777855348825
resnet18,guided_backprop,ISIC_0015960,-0.031246116415177716,-0.029223812888572315,0.1650084704150981,-0.11889571412859448
resnet18,integrated_gradients,ISIC_0015960,0.0769750081807274,-0.041837867007588375,0.042770962455687365,1.5727163949202698
resnet18,lrp,ISIC_0015960,-0.27995545529826993,-0.14060861153384693,0.06628276595590646,-0.5540214182520564
resnet18,occlusion,ISIC_0015960,0.23835621753364425,0.005139755866097234,0.08009417774273814,2.4732013496720557
resnet18,saliency,ISIC_0015960,-0.009418579456411069,-0.06638648267454866,0.026119211520726625,0.9869379280911158
resnet18,deep_lift,ISIC_0015961,-0.10577130582918258,-0.11225246365860451,-0.002268097048315484,0.41772358831678413
resnet18,gradcam,ISIC_0015961,0.5189244236040341,0.25228476297116836,0.318695283948797,2.941147196620681
resnet18,guided_backprop,ISIC_0015961,-0.03917464434091488,-0.044024507316841995,0.1473908329746978,-0.10542012392767654
resnet18,integrated_gradients,ISIC_0015961,-0.20770522293247543,-0.14006469823074488,-0.029631582567800564,-0.34988236721946514
resnet18,lrp,ISIC_0015961,-0.15324536705241415,-0.10978493431464312,0.08785246208686251,0.3083350781056405
resnet18,occlusion,ISIC_0015961,0.42550270118905636,0.16282915703080167,0.2575215907597312,2.4165286706848197
resnet18,saliency,ISIC_0015961,0.23720423527477544,-0.043008425919189276,0.037019481790049207,2.8089669189023243
resnet18,deep_lift,ISIC_0015962,-0.0925650247566301,-0.04139379264775753,0.05982909644437967,0.22409996039464006
resnet18,gradcam,ISIC_0015962,0.3874096901606371,0.09214840157543765,0.1886482577991422,2.5287627528904477
resnet18,guided_backprop,ISIC_0015962,0.023509310647314503,-0.02826278211686702,0.16195170267120063,0.35918333872403035
resnet18,integrated_gradients,ISIC_0015962,0.006816756860005839,-0.10242651395714493,0.0065254864362647704,1.2021970415600356
resnet18,lrp,ISIC_0015962,-0.12446248727028711,-0.09774802937720788,0.10273728155393583,0.49664757291324474
resnet18,occlusion,ISIC_0015962,0.3387113079791988,0.2280322593391397,0.3196662624062508,1.3429022284040335
resnet18,saliency,ISIC_0015962,-0.048559945539236364,-0.12959055344519993,-0.01756732039235378,0.9497470415425698
resnet18,deep_lift,ISIC_0015963,-0.1864120586742743,-0.09329148422876521,0.006744692803257085,-0.21833998779136438
resnet18,gradcam,ISIC_0015963,0.32666081386511325,-0.002843502680325729,0.08008935920694807,2.512123193132921
resnet18,guided_backprop,ISIC_0015963,-0.0730751639927706,-0.0602665079590423,0.1344433990403093,-0.19767724123354538
resnet18,integrated_gradients,ISIC_0015963,0.041884049395136694,0.03690209540786859,0.15515370022538325,0.20877151343752715
resnet18,lrp,ISIC_0015963,-0.3968904386361592,-0.10137933095473896,0.0929414191369822,0.20186782602171527
resnet18,occlusion,ISIC_0015963,0.05135858963749812,0.0424679997231899,0.14248565596684423,0.12700310473553547
resnet18,saliency,ISIC_0015963,-0.006845855119961971,-0.06340944875804896,0.028098552697067205,1.022229639818782
resnet18,deep_lift,ISIC_0015964,-0.14317616506472142,-0.027905580191687717,0.12407864202271157,-1.1306691887407332
resnet18,gradcam,ISIC_0015964,-0.1855774125548861,0.017710166727326334,0.1472987930955797,-1.5532715734504932
resnet18,guided_backprop,ISIC_0015964,-0.003444885535352925,-0.0357361140169184,0.15361814077624697,0.12528805428443734
resnet18,integrated_gradients,ISIC_0015964,0.010293207782611427,-0.03979121327332752,0.11238964505095635,0.08185202570386203
resnet18,lrp,ISIC_0015964,-0.14573999892100276,-0.11183687859409547,0.07402676943208551,0.6232773454009923
resnet18,occlusion,ISIC_0015964,-0.04214621550749936,0.01420661887326526,0.11073381860276386,-0.5064789585605377
resnet18,saliency,ISIC_0015964,-0.3542423742354814,-0.14861756899121706,-0.04009239845099766,-1.3438719411402937
resnet18,deep_lift,ISIC_0015965,-0.14829286036296985,-0.08987961690349723,0.011496876869905099,0.005570625897789386
resnet18,gradcam,ISIC_0015965,-0.029939967875412695,-0.05264716465904354,0.07515512882676739,-0.2313752060480392
resnet18,guided_backprop,ISIC_0015965,0.06361631562090339,-0.00581531071158831,0.18517289859667044,0.5947695083160884
resnet18,integrated_gradients,ISIC_0015965,-0.013361807104314227,0.01453069197583993,0.13301108996940975,-0.2883583517282614
resnet18,lrp,ISIC_0015965,-0.19216238455574874,-0.07525949770012444,0.13636460619069155,-0.17082507743474643
resnet18,occlusion,ISIC_0015965,-0.20876031062706682,-0.09098402961819341,0.006928730964275446,-0.6899942614444541
resnet18,saliency,ISIC_0015965,-0.15142981534504021,-0.10888909920213016,-0.012921147876192923,0.091901636967465
resnet18,deep_lift,ISIC_0015966,-0.14606045003181312,-0.02803126487629932,0.06960397866371518,-0.24058951939038745
resnet18,gradcam,ISIC_0015966,0.29404133981912994,0.05867578578265409,0.14854561372348973,1.9338704055486122
resnet18,guided_backprop,ISIC_0015966,-0.04893636414952297,-0.08603330417954605,0.09894404149261501,0.039874486939299986
resnet18,integrated_gradients,ISIC_0015966,0.054954101725813415,0.029189307307522346,0.14911858031827005,0.2023444682753811
resnet18,lrp,ISIC_0015966,-0.3359740207215371,-0.12897637755209548,0.056476356739457084,0.38734776321219805
resnet18,occlusion,ISIC_0015966,0.46329099758811604,0.21163889233676067,0.3006426816182435,2.456540084377941
resnet18,saliency,ISIC_0015966,0.19395226917491884,0.06768674846300314,0.18239956946275018,1.245139895304475
resnet18,deep_lift,ISIC_0015967,0.029750288256543772,-0.10225756705387133,0.0019353007320372208,1.4892844864165766
resnet18,gradcam,ISIC_0015967,0.044800673762051074,-0.11805768970420158,-0.026462141677648203,0.6611418787815091
resnet18,guided_backprop,ISIC_0015967,-0.06092018496478325,-0.07007987735469878,0.1156837661574242,-0.25196997372753144
resnet18,integrated_gradients,ISIC_0015967,0.2220872520528559,0.059518181856607774,0.17007930346689634,1.4372015743282411
resnet18,lrp,ISIC_0015967,-0.2568757551749287,-0.12424160451676995,0.08419842308423058,-0.4050822897708297
resnet18,occlusion,ISIC_0015967,0.22467717538782273,0.14923197593105797,0.2387950433896194,0.8671692220513881
resnet18,saliency,ISIC_0015967,0.12149823284921153,0.03331579060009348,0.15618092462995706,0.8177451189339262
resnet18,deep_lift,ISIC_0015968,0.010692151960864722,-0.0035893087853600685,0.15115647524409373,0.03941051618707688
resnet18,gradcam,ISIC_0015968,0.21536945527108964,0.0642882966243947,0.17706302643062638,1.1466656921615346
resnet18,guided_backprop,ISIC_0015968,-0.2920754220208708,-0.2287929656633309,-0.04886139838448032,-0.5735184164924779
resnet18,integrated_gradients,ISIC_0015968,-0.05735892749963439,0.007965092285656717,0.1651589894945339,-0.6507453441698892
resnet18,lrp,ISIC_0015968,-0.2701003839550552,-0.07961778388308191,0.13832450878707045,-0.7826361153494101
resnet18,occlusion,ISIC_0015968,0.056381549696468615,0.02600863410450712,0.13419179328200861,0.0056309352566939405
resnet18,saliency,ISIC_0015968,0.08918376552369923,0.08269597428194993,0.19607994915100257,0.18041972961979824
resnet18,deep_lift,ISIC_0015969,0.05734559512900964,0.10021400324910146,0.21111493271577517,0.3960297393251294
resnet18,gradcam,ISIC_0015969,-0.003164475791594323,-0.06869408429657019,0.008933776025080132,0.39500233398818496
resnet18,guided_backprop,ISIC_0015969,0.23659103832337913,0.10858900693057354,0.2863579036118805,0.981799082673245
resnet18,integrated_gradients,ISIC_0015969,-0.06928417394083114,0.14332388258745335,0.2895455447224975,-1.4200538426399305
resnet18,lrp,ISIC_0015969,-0.06812187691648358,0.09029171083454536,0.306398355175582,-0.40659574408780425
resnet18,occlusion,ISIC_0015969,0.1777607183992633,0.21029207247223405,0.31267275305278464,0.12633142571319889
resnet18,saliency,ISIC_0015969,0.018340612178352277,0.0953875375647808,0.1895323929008404,0.10046356178496646
resnet18,deep_lift,ISIC_0015971,0.06332151084684626,0.013038054325617946,0.1351465370880304,0.2919249768777617
resnet18,gradcam,ISIC_0015971,0.05132944353501315,-0.030190618687752895,0.09552594682842284,0.25444383840794266
resnet18,guided_backprop,ISIC_0015971,-0.10672330841073163,-0.021670244155606866,0.17338242127273898,-0.7240879348875182
resnet18,integrated_gradients,ISIC_0015971,0.09671359277476152,0.053241067160923736,0.16419761609127212,0.43952656129732987
resnet18,lrp,ISIC_0015971,-0.09712411484690084,0.019417868019222326,0.23275692900114067,-0.5546057384526838
resnet18,occlusion,ISIC_0015971,-0.27029640120155635,-0.12960074999007645,-0.02439683484168873,-0.9636596345591115
resnet18,saliency,ISIC_0015971,-0.19720949589195902,-0.09952792831467688,-0.006304698371083571,-0.3074745788041649
resnet18,deep_lift,ISIC_0015972,-0.06969671010175707,0.014965088921771653,0.15258336419669194,-0.3784026969140258
resnet18,gradcam,ISIC_0015972,-0.1504656036286493,-0.22180054325638107,-0.12160737671562517,-0.13394833976842943
resnet18,guided_backprop,ISIC_0015972,0.17176040659339045,0.13624282969947207,0.32050565857904023,0.19554069192152945
resnet18,integrated_gradients,ISIC_0015972,0.2596742451226332,0.16255093997209366,0.3084004732754422,0.7420759212902946
resnet18,lrp,ISIC_0015972,0.23317238278375899,0.1907309671706824,0.39514279309859396,1.5117720186279846
resnet18,occlusion,ISIC_0015972,0.4230497972472583,0.2570302115713294,0.34856971844497475,1.6427203282531708
resnet18,saliency,ISIC_0015972,0.12482407308871422,0.19446559034096872,0.32956204734328715,-0.3934467804711246
resnet18,deep_lift,ISIC_0015973,-0.1577374008664238,0.031340163328959676,0.16961031555394857,-1.1123588989718587
resnet18,gradcam,ISIC_0015973,-0.06061082315183057,0.004953722249314651,0.1576240670905345,-1.0919294571170663
resnet18,guided_backprop,ISIC_0015973,0.10180446385068848,0.13530512524300273,0.32540181887803454,-0.2427447181709968
resnet18,integrated_gradients,ISIC_0015973,-0.1371958058536477,0.1945149636415367,0.3341642044606185,-2.448190608462856
resnet18,lrp,ISIC_0015973,0.012966355637334915,0.14452587189513635,0.36030000709824295,-0.033279171691823685
resnet18,occlusion,ISIC_0015973,0.4031667636534239,0.23802819023049854,0.32235820432064566,1.5553170221209633
resnet18,saliency,ISIC_0015973,-0.23276003072896195,0.038980848593870326,0.16497040233883745,-1.7133782899522818
resnet18,deep_lift,ISIC_0015974,-0.0472658912611764,-0.12895883101276026,-0.02620019449051037,1.0167523311435622
resnet18,gradcam,ISIC_0015974,-0.060006358717596554,-0.3160129206057438,-0.21832001917179586,1.443861596225142
resnet18,guided_backprop,ISIC_0015974,-0.39057680286173246,-0.2720540592968168,-0.085424273671292,-1.0045257932012892
resnet18,integrated_gradients,ISIC_0015974,-0.18763180868599041,-0.09898343780319305,-0.006900150637022591,0.07691091533908741
resnet18,lrp,ISIC_0015974,-0.29046676969723983,-0.1292741426212509,0.07100788521449727,-0.6652449407638346
resnet18,occlusion,ISIC_0015974,0.4053355735251558,0.17058845168833195,0.2504126961025866,2.2506947933146666
resnet18,saliency,ISIC_0015974,-0.024964198632387302,-0.1018038863058664,-0.015239772627889895,1.0393384923591376
resnet18,deep_lift,ISIC_0015975,-0.11089062495883814,-0.07345281683304537,0.024324006754668188,0.23078331276184316
resnet18,gradcam,ISIC_0015975,0.029957523321167953,0.037622046136425655,0.1427134447304869,0.024452882085112374
resnet18,guided_backprop,ISIC_0015975,-0.007872446254262902,-0.15414751293667275,0.014391720749590796,1.3437648445916326
resnet18,integrated_gradients,ISIC_0015975,-0.2293112610837526,-0.180918691416956,-0.05487318213517862,-0.2161713870345233
resnet18,lrp,ISIC_0015975,-0.21121704895010854,-0.1169474771183282,0.07290727525864216,0.675058049633752
resnet18,occlusion,ISIC_0015975,-0.07989994745961793,0.04311747678034382,0.14695481776367209,-1.1484470965572442
resnet18,saliency,ISIC_0015975,-0.06396626079879424,0.038097402945629806,0.1510005508776566,-0.6674117376951758
resnet18,deep_lift,ISIC_0015976,-0.09484156786478606,-0.060306191853925224,0.04928313892049838,0.21014708691116069
resnet18,gradcam,ISIC_0015976,0.19445230090635748,0.19072010616241447,0.2798915241749899,0.5799211920024501
resnet18,guided_backprop,ISIC_0015976,-0.05068967172142473,-0.017525602029866676,0.18102360008508037,-0.24206075524608606
resnet18,integrated_gradients,ISIC_0015976,-0.12729096755699662,-0.07837966663810879,0.02186444571954368,0.10961346663086616
resnet18,lrp,ISIC_0015976,-0.18631452892684142,-0.1101429512734228,0.0916282137104518,0.17007802534030117
resnet18,occlusion,ISIC_0015976,0.07684786157338568,0.09267966299100369,0.20101440602369386,-0.07004624124006964
resnet18,saliency,ISIC_0015976,-0.3919882675059054,-0.15535376847700658,-0.035641623156319045,-1.5880452741991964
resnet18,deep_lift,ISIC_0015978,-0.03524804845488843,0.05041661451706288,0.1835490410182989,-0.23080315484233677
resnet18,gradcam,ISIC_0015978,0.12584795767177856,0.2928681787565857,0.3135412776711605,0.29259626830122965
resnet18,guided_backprop,ISIC_0015978,-0.11603979307534457,-0.048209624957483044,0.1359384995763237,-0.4622646910843202
resnet18,integrated_gradients,ISIC_0015978,-0.21753740172415753,0.05660769866976107,0.18998387923808366,-1.6661500238659372
resnet18,lrp,ISIC_0015978,0.19292152282739933,0.13964251670226235,0.3274982856350506,1.3684857811090216
resnet18,occlusion,ISIC_0015978,0.2902140077612895,0.12851723611424615,0.1947389316774901,1.970770056271067
resnet18,saliency,ISIC_0015978,0.37014980584770696,0.27945725214642986,0.3867470761827786,1.1600615860722039
resnet18,deep_lift,ISIC_0015979,0.03415762196100371,0.011650502642420103,0.12562843132185142,0.8029950142102901
resnet18,gradcam,ISIC_0015979,0.45952417503252374,0.20014177013154097,0.2887978651598941,2.5973634590612735
resnet18,guided_backprop,ISIC_0015979,-0.024914587643303884,-0.031783601007112784,0.15025549124212872,-0.11450077529128132
resnet18,integrated_gradients,ISIC_0015979,-0.08206731106076065,-0.07065853456338016,0.0499616544501887,0.2334064924521914
resnet18,lrp,ISIC_0015979,-0.15263161030307995,-0.06705734769847248,0.13732129333689874,0.06727260610465476
resnet18,occlusion,ISIC_0015979,0.32484912523318205,0.10638812172406899,0.176992756205134,2.657483024963205
resnet18,saliency,ISIC_0015979,0.07256281801947778,-0.06903331230560841,0.04309271701790714,1.5780318661605972
resnet18,deep_lift,ISIC_0015980,-0.1282518952355921,-0.11891903117441308,-0.0006084273792785475,0.16532828446260345
resnet18,gradcam,ISIC_0015980,0.26316182129683574,0.03781791148670606,0.13973939830218138,1.8493156529406416
resnet18,guided_backprop,ISIC_0015980,0.1642598322060878,0.020558219272172884,0.1997322321292484,1.151072393133715
resnet18,integrated_gradients,ISIC_0015980,-0.02425580260221619,-0.012761688578304703,0.11241532965258208,-0.0816434378824728
resnet18,lrp,ISIC_0015980,-0.22659963093501598,-0.11822452119302394,0.08832091237895007,-0.08937262144048194
resnet18,occlusion,ISIC_0015980,-0.19151728196227277,-0.026423542339475255,0.09405009819905809,-1.49199290804251
resnet18,saliency,ISIC_0015980,-0.18207836115845416,-0.12847714585198075,-0.017833406915001303,-0.07610588739863178
resnet18,deep_lift,ISIC_0015981,-0.28283272838213264,-0.06659611495308757,0.05050517651271735,-1.290596536412693
resnet18,gradcam,ISIC_0015981,0.37968759071590924,0.22981391334701706,0.3160994586242114,1.9092711154450694
resnet18,guided_backprop,ISIC_0015981,-0.1725525083055718,-0.029191865986732138,0.1745549427398358,-1.3484322505252528
resnet18,integrated_gradients,ISIC_0015981,-0.17532318795205573,-0.03674394224320772,0.06981110165655505,-0.6786321286076308
resnet18,lrp,ISIC_0015981,-0.10066806229135376,-0.08915518155074253,0.11003725610917903,0.5969800144735818
resnet18,occlusion,ISIC_0015981,0.16168221437751257,0.1037375931156589,0.19850883789774873,0.4214577456230012
resnet18,saliency,ISIC_0015981,0.2686538143629915,0.08936666335968574,0.18871652191894853,1.6224762182877097
resnet18,deep_lift,ISIC_0015982,0.06633280084193732,0.09992012543784021,0.20796522446002022,0.026709989552616088
resnet18,gradcam,ISIC_0015982,0.027834885815151172,0.005343243627760179,0.1264750659907345,0.19382450848912625
resnet18,guided_backprop,ISIC_0015982,0.07314810046782905,-0.0025006907590763394,0.1867261698371284,0.5969936102492471
resnet18,integrated_gradients,ISIC_0015982,-0.17989395945386497,-0.0943908008262519,0.014544405750294061,-0.3119629736915272
resnet18,lrp,ISIC_0015982,-0.436236585213667,-0.15618794880238368,0.0662185673326505,-1.686416554935128
resnet18,occlusion,ISIC_0015982,0.20401639878668557,0.054410974132380455,0.1463325331019961,1.209381216387185
resnet18,saliency,ISIC_0015982,0.14507544208213435,0.06752707578393559,0.17143087440880117,0.7956374336128141
resnet18,deep_lift,ISIC_0015983,-0.08912628977483217,0.03398428809614441,0.16680368450258568,-0.5898378195853272
resnet18,gradcam,ISIC_0015983,0.36695638108122874,0.032614213031847236,0.1442154144782491,2.0861286623946973
resnet18,guided_backprop,ISIC_0015983,0.39291918132419446,0.19098496020095018,0.3674933613916934,1.6837731306577695
resnet18,integrated_gradients,ISIC_0015983,0.39998123080189407,0.27903714919380096,0.38641588872196303,1.3898965040355082
resnet18,lrp,ISIC_0015983,0.432366637618096,0.35098559861960843,0.5607172415388033,1.52977199078036
resnet18,occlusion,ISIC_0015983,0.3809515390630914,0.24992422308546905,0.33299685212804164,1.324362241583132
resnet18,saliency,ISIC_0015983,0.45537096974062813,0.31675974895807135,0.4135406677190612,1.6735129712169659
resnet18,deep_lift,ISIC_0015984,-0.03832215435587728,-0.10605234549863964,0.0027524080982021153,0.8536395767160823
resnet18,gradcam,ISIC_0015984,0.16269391075014536,-0.03184399702663358,0.09097027832711715,1.091455393886636
resnet18,guided_backprop,ISIC_0015984,0.06668649606045435,-0.04198698686994804,0.13641716436271492,0.7004601464380861
resnet18,integrated_gradients,ISIC_0015984,-0.07594695071987398,-0.08968479722869332,0.010349134401035274,0.47001103334604744
resnet18,lrp,ISIC_0015984,0.02310020896220807,-0.047869469386335094,0.14655331415780273,1.4384682474277146
resnet18,occlusion,ISIC_0015984,0.1578666299435476,0.04425374003032107,0.12289398055310512,0.8663750021562796
resnet18,saliency,ISIC_0015984,-0.16356202821970856,-0.11925709281067248,-0.011945838690706303,0.017897124283609418
resnet18,deep_lift,ISIC_0015985,-0.3162577277491169,-0.189980939933535,-0.04960489497915103,-0.9929624071062636
resnet18,gradcam,ISIC_0015985,-0.23862969081038518,-0.2587295759520089,-0.13301661251145996,-0.17774115310667424
resnet18,guided_backprop,ISIC_0015985,-0.12280594466320904,-0.03153008632540937,0.17424729214166282,-0.7532861750015956
resnet18,integrated_gradients,ISIC_0015985,-0.3076141556749114,-0.06858561331597252,0.09117354016862746,-2.224166572723328
resnet18,lrp,ISIC_0015985,-0.09805817426321785,-0.07751870751344304,0.1257130306378581,0.6406759430025631
resnet18,occlusion,ISIC_0015985,-0.32590815749394747,-0.1020866715788834,0.005219518293129654,-1.59403170889472
resnet18,saliency,ISIC_0015985,0.08571130798223744,0.029371342859486057,0.14798613218927337,0.4165814835303133
resnet18,deep_lift,ISIC_0015986,0.03417138645084149,-0.007058091791910053,0.0999055955855641,0.8516433232865059
resnet18,gradcam,ISIC_0015986,0.27517327457704743,0.010402443929047505,0.12594378845867127,2.0475767671453524
resnet18,guided_backprop,ISIC_0015986,0.049330722605667926,0.0035304713967984364,0.19882079583195586,0.037727103493550886
resnet18,integrated_gradients,ISIC_0015986,-0.07784428685656246,-0.03439099473100337,0.07814032554878553,0.22509583605446634
resnet18,lrp,ISIC_0015986,-0.2255984253693394,-0.10048660989938353,0.11041986641310032,-0.2838739222754681
resnet18,occlusion,ISIC_0015986,0.32287976726651624,0.11906790781037753,0.1977998891561932,1.8232775958403897
resnet18,saliency,ISIC_0015986,0.010240312904959394,0.07538123169615767,0.18468143330473555,-0.2737682955216659
resnet18,deep_lift,ISIC_0015987,0.0004023487599283648,-0.01156443986925456,0.09739373182341694,0.6113081731068366
resnet18,gradcam,ISIC_0015987,0.31316965780977235,0.03934985610717869,0.15259403627581486,2.223937591238441
resnet18,guided_backprop,ISIC_0015987,-0.008289140112776124,-0.008364392888505753,0.18923285053882874,-0.20086826817264677
resnet18,integrated_gradients,ISIC_0015987,-0.15572130085833755,-0.07846121932215754,0.03934067986878936,-0.24010660101659562
resnet18,lrp,ISIC_0015987,-0.0012816257343670825,-0.06176678437951258,0.11894772343632547,1.4232036499302225
resnet18,occlusion,ISIC_0015987,0.3808224053106852,0.16003000481362406,0.23798810409882193,2.1344826348538803
resnet18,saliency,ISIC_0015987,-0.04477378889501773,0.05146213815613091,0.1721723414006469,-0.602649393295369
resnet18,deep_lift,ISIC_0015988,0.20521548604628728,-0.007666809319483335,0.12499377286161976,1.1280312504781171
resnet18,gradcam,ISIC_0015988,0.3745445427726595,0.16561645312681517,0.2796348091208613,1.9195057529912036
resnet18,guided_backprop,ISIC_0015988,-0.13308858395445264,-0.04031543465263781,0.15151108460091137,-0.8746019968291876
resnet18,integrated_gradients,ISIC_0015988,-0.0054530914538575065,0.06082817906817274,0.1800719492388435,0.9055150935949288
resnet18,lrp,ISIC_0015988,-0.22230985202528689,-0.09066856383002427,0.10586654926301554,-0.3226844652307241
resnet18,occlusion,ISIC_0015988,0.3533455906203638,0.21541333429587525,0.2966274183521027,1.5468866871190279
resnet18,saliency,ISIC_0015988,0.027097934743311743,0.04184765304447747,0.1541635860016314,-0.04408710523233026
resnet18,deep_lift,ISIC_0015989,0.03839635607267199,-0.06602446326068129,0.04662108975761665,1.2769624779055024
resnet18,gradcam,ISIC_0015989,0.32202479778501003,-0.014428120333685991,0.10062589480204186,2.467237574602641
resnet18,guided_backprop,ISIC_0015989,-0.03078709788381715,-0.027442734071692516,0.16783675744992116,-0.07859956434423909
resnet18,integrated_gradients,ISIC_0015989,0.08525057240416012,0.0022555643426221063,0.14158606586312186,0.41921724527621096
resnet18,lrp,ISIC_0015989,-0.4377907266808294,-0.15679564312728694,0.05150370387366801,-1.0592826604316345
resnet18,occlusion,ISIC_0015989,0.33293994552378253,0.15011665311601413,0.24671173132819016,1.6638074955710642
resnet18,saliency,ISIC_0015989,0.10763621531047922,0.06978225988883967,0.18024860653804622,0.46534726487872363
resnet18,deep_lift,ISIC_0015990,-0.11218226954589226,-0.038821939596315753,0.11398316801651538,-0.7902682352063712
resnet18,gradcam,ISIC_0015990,0.3056336306931699,0.08408721525945825,0.16738506512661702,2.0290650452264916
resnet18,guided_backprop,ISIC_0015990,0.029293546619822343,-0.008939872680937154,0.1740977701412863,0.22113417312058886
resnet18,integrated_gradients,ISIC_0015990,-0.1795682489007176,-0.06194032470286953,0.10526630920545188,-1.2313339814224291
resnet18,lrp,ISIC_0015990,-0.17391060972148192,-0.09540411608957897,0.09140650909829397,0.07577185171296326
resnet18,occlusion,ISIC_0015990,0.06707791672265576,0.06941157443989532,0.1892005113118708,0.06835500575785876
resnet18,saliency,ISIC_0015990,0.025248701814445516,0.053951038396419786,0.17096712758946303,-0.13107447305660533
resnet18,deep_lift,ISIC_0015991,-0.02655577446024834,0.006342171835312649,0.1342336153085996,-0.2808174964969825
resnet18,gradcam,ISIC_0015991,-0.18520584368117976,-0.11821760074772014,0.00360864082556815,-0.28113324049762783
resnet18,guided_backprop,ISIC_0015991,0.12133656493558295,-0.03829945239762899,0.13524038727524573,1.091504529496935
resnet18,integrated_gradients,ISIC_0015991,0.14709279485257953,0.00874750441079812,0.13960718628618016,0.9832761921425541
resnet18,lrp,ISIC_0015991,-0.13593732590657837,-0.10414541881158236,0.09007874542950578,0.5551138507528727
resnet18,occlusion,ISIC_0015991,0.07834371335973668,0.06838924925679729,0.17257192839486052,0.10987629593225315
resnet18,saliency,ISIC_0015991,-0.16456386377016954,-0.09646525933924939,0.010245903207710669,-0.08598614031854528
resnet18,deep_lift,ISIC_0015992,0.05302558677123025,-0.09304853082046649,0.004387324968221225,1.5636438384099391
resnet18,gradcam,ISIC_0015992,0.10877662762409342,-0.018120744561001385,0.09782085341359421,0.780005809802957
resnet18,guided_backprop,ISIC_0015992,-0.02817404097363413,-0.009110628894743627,0.1916473554615454,-0.09040935151172345
resnet18,integrated_gradients,ISIC_0015992,0.11646217809158996,0.020828945703462935,0.14734885528343067,0.6416758884504994
resnet18,lrp,ISIC_0015992,-0.19109684956661693,-0.09757123138742303,0.11091946692230316,-0.016194970812141645
resnet18,occlusion,ISIC_0015992,-0.03437636120892088,0.0088504871989307,0.09748072068740027,0.18344306041804612
resnet18,saliency,ISIC_0015992,0.016711980959594933,0.021588862099469867,0.13854753294795927,-0.0318120168049719
resnet18,deep_lift,ISIC_0015993,0.1962081073317562,0.07403698562136986,0.18169987975289748,1.1638977415112068
resnet18,gradcam,ISIC_0015993,0.19496248969510574,0.08227115396287893,0.18890668556848245,0.9750698892861188
resnet18,guided_backprop,ISIC_0015993,0.05108893817764303,0.0015466430834407835,0.19261986902425324,0.4026651337862853
resnet18,integrated_gradients,ISIC_0015993,-0.07962935738036572,0.014119508570381927,0.13889066987214235,-0.7826425554536728
resnet18,lrp,ISIC_0015993,-1.2186924863933728,-0.17281945027471352,0.021583020954759634,-0.8217271904389504
resnet18,occlusion,ISIC_0015993,0.21328307421727175,0.09873601998281827,0.20422204630307947,0.9852445980842545
resnet18,saliency,ISIC_0015993,-0.03510039261349037,-0.1061779788204133,-0.007085408187854051,0.951041263976944
resnet18,deep_lift,ISIC_0015994,-0.2226817595378522,-0.15004385622314,-0.02100039154279585,-0.331292439775232
resnet18,gradcam,ISIC_0015994,0.41234972493681465,0.12402103172744604,0.22570983380245366,2.6316911229592077
resnet18,guided_backprop,ISIC_0015994,0.09353772345421012,0.02066970400384148,0.21476400326220613,0.7485733305545678
resnet18,integrated_gradients,ISIC_0015994,-0.16131244275835935,-0.09454633471094721,0.019547300537328362,-0.20016520854967973
resnet18,lrp,ISIC_0015994,-0.2798396309748857,-0.14208392364219943,0.05190186382290084,-0.5305828973112262
resnet18,occlusion,ISIC_0015994,0.20157001585627504,0.11662133213332358,0.20735063391455968,0.9267711943885216
resnet18,saliency,ISIC_0015994,-0.0913879149148446,-0.08051027251819834,0.025014856119653026,0.3159602211829844
resnet18,deep_lift,ISIC_0015995,-0.18266002498391226,-0.08026852192014312,0.03210538344598106,-0.1579715088781598
resnet18,gradcam,ISIC_0015995,0.24804007824606983,0.06762441036798114,0.1661950177185754,1.3279894514171755
resnet18,guided_backprop,ISIC_0015995,0.026816808276712786,-0.03654806315246639,0.1463076419674017,0.2996439486963734
resnet18,integrated_gradients,ISIC_0015995,-0.21850386305626857,-0.09423667238729315,0.03318221413476164,-0.49193201527414393
resnet18,lrp,ISIC_0015995,-0.3220778186313011,-0.13254164071814462,0.07817137918892718,-0.7966644513508907
resnet18,occlusion,ISIC_0015995,-0.10642132415837964,0.07097701977628375,0.19681292322069216,-1.4968894147222076
resnet18,saliency,ISIC_0015995,-0.21976228300601777,-0.08695256191908188,0.017280726595374704,-0.6444339227314919
resnet18,deep_lift,ISIC_0015996,-0.0298182313818671,0.018336758521437124,0.13029473806525796,0.1987243246668474
resnet18,gradcam,ISIC_0015996,0.06952053100588317,-0.11344076173705822,-0.011345704485252074,1.9064784954189646
resnet18,guided_backprop,ISIC_0015996,-0.014043613304288152,-0.005595689217333419,0.19019267373658896,-0.1185198624881662
resnet18,integrated_gradients,ISIC_0015996,-0.2569181736305044,-0.09269847837658593,0.03730072408452215,-1.064553527986885
resnet18,lrp,ISIC_0015996,-0.4127100305993781,-0.18196978391253177,0.027035984407605747,-1.364755887390349
resnet18,occlusion,ISIC_0015996,-0.008387405799019027,-0.06153298449123946,0.018071546976899902,0.9949036214966336
resnet18,saliency,ISIC_0015996,0.20244376331762756,0.0766018445970932,0.19268434001967338,1.1630889121203185
resnet18,deep_lift,ISIC_0015997,-0.06565114867062832,-0.012230549556863412,0.12776469172861363,-0.5455692584523424
resnet18,gradcam,ISIC_0015997,0.2543255732361225,0.05344116189785469,0.17355538508798948,1.4768877627561083
resnet18,guided_backprop,ISIC_0015997,0.13076907563681506,0.01803712868710004,0.2062888159513346,1.0005927976759685
resnet18,integrated_gradients,ISIC_0015997,0.04421970181578483,-0.06604863818759113,0.082529473084711,0.4482738925424067
resnet18,lrp,ISIC_0015997,-0.09107098738813366,-0.0937144303315208,0.09864948755025568,0.770459488215171
resnet18,occlusion,ISIC_0015997,-0.08949333734998151,0.08500957480290713,0.19641135226351267,-1.3104854865541993
resnet18,saliency,ISIC_0015997,0.15566417686909298,-0.08676033653600855,0.007825703843354013,2.2978444662767705
resnet18,deep_lift,ISIC_0015998,0.014033084332925116,-0.015611250282346913,0.15408820231691012,0.1900218654445261
resnet18,gradcam,ISIC_0015998,0.3960968232275639,0.08919877282334261,0.19350376076115747,2.457187911162268
resnet18,guided_backprop,ISIC_0015998,-0.04656605706566186,-0.015172174300396565,0.17932325198917085,-0.3896148289890699
resnet18,integrated_gradients,ISIC_0015998,-0.14721062853793873,-0.059881602341083195,0.12426722354691398,-0.8974130250185938
resnet18,lrp,ISIC_0015998,-0.420310352273922,-0.11261271977357959,0.09399634521053431,-0.5325544040438681
resnet18,occlusion,ISIC_0015998,-0.11311063859801451,-0.05467942701817149,0.035029341189270376,0.04709193563847311
resnet18,saliency,ISIC_0015998,0.010058416229367406,-0.08374383222135347,0.019225030681073032,1.1631492582824814
resnet18,deep_lift,ISIC_0015999,0.1566065269189297,0.045162550100176606,0.2126644814418932,1.007825273285087
resnet18,gradcam,ISIC_0015999,0.0077720948246139425,-0.022468753021045725,0.106898135641885,0.02977021119116669
resnet18,guided_backprop,ISIC_0015999,-0.13430616139458346,-0.1594805917600807,0.02460071687081699,0.4547708843925145
resnet18,integrated_gradients,ISIC_0015999,0.17646137686472987,0.015642690648026106,0.18284520081621375,1.3062053217046568
resnet18,lrp,ISIC_0015999,-0.4777790425264631,0.048755896925940144,0.23678904061729641,1.2503186932210102
resnet18,occlusion,ISIC_0015999,-0.16199051868000175,-0.06771008184229818,0.02029779787341891,-0.3067347420117179
resnet18,saliency,ISIC_0015999,-0.32749336826754216,-0.12860955567059681,-0.017211993232783943,-1.2742616889957321
resnet18,deep_lift,ISIC_0016000,0.05516910349485353,-0.02279874623607147,0.12074690832167273,0.5087864836961324
resnet18,gradcam,ISIC_0016000,0.14833628373607352,-0.050002956313288556,0.02350882956060044,1.742855124206305
resnet18,guided_backprop,ISIC_0016000,-0.06922385937043923,-0.1833651757975439,-0.017962066558122148,0.9448787401343184
resnet18,integrated_gradients,ISIC_0016000,0.08488492328393596,0.07658907795502827,0.1996731783717789,0.4873559634120988
resnet18,lrp,ISIC_0016000,-0.04687199507890931,-0.06418961515063125,0.12865278854266,1.087528122898438
resnet18,occlusion,ISIC_0016000,0.010968272712143156,0.024498762371944517,0.09986246314206004,0.4047842858722038
resnet18,saliency,ISIC_0016000,0.19579698826792835,0.06727024772696273,0.1628202126360158,1.1952424445237224
resnet18,deep_lift,ISIC_0016001,0.10825612877928148,0.13458312725845162,0.26596079871233536,0.021726684951495014
resnet18,gradcam,ISIC_0016001,-0.14248368661669183,-0.06992436686411982,0.02613059206651922,-0.9625895635314283
resnet18,guided_backprop,ISIC_0016001,0.07944905907562003,-0.04614225124605592,0.1302244811651671,0.7426443201220516
resnet18,integrated_gradients,ISIC_0016001,-0.003599276222576578,-0.07946773876898769,0.039475377456535336,0.9904677015328922
resnet18,lrp,ISIC_0016001,-0.2913033452397386,-0.12143829112987291,0.09016884230540312,-0.6877332481729772
resnet18,occlusion,ISIC_0016001,0.3720206315309971,0.12429561375918147,0.20344564898702308,2.1460275950950445
resnet18,saliency,ISIC_0016001,-0.24758154303582833,-0.11283371726578757,-0.0026788387668628226,-0.7330651420764074
resnet18,deep_lift,ISIC_0016002,0.12471275581594315,0.008500492953528444,0.1591014765638711,0.802162451842583
resnet18,gradcam,ISIC_0016002,0.2842386469239641,-0.014060521187569454,0.11446841308661218,2.131070333684299
resnet18,guided_backprop,ISIC_0016002,0.2357309847867502,0.034978718520036846,0.20740818976954997,1.6313330313052479
resnet18,integrated_gradients,ISIC_0016002,-0.14495680632644947,-0.04923645007054473,0.12107307629226456,-1.0170013485083778
resnet18,lrp,ISIC_0016002,-0.20045932150620183,-0.11670417085980421,0.08831942945556676,2.815682158730216e-06
resnet18,occlusion,ISIC_0016002,0.07365438752782394,-0.05807988854377401,0.011763237335667273,1.502831007210274
resnet18,saliency,ISIC_0016002,0.03550926738785718,0.06584666788508513,0.17603150969078374,-0.023078952179754947
resnet18,deep_lift,ISIC_0016003,-0.18883942619575458,-0.07080857787869936,0.04252131260931583,-0.42577294344711886
resnet18,gradcam,ISIC_0016003,0.10007187851715903,-0.004965398311026619,0.10123857310733449,0.7988351242709084
resnet18,guided_backprop,ISIC_0016003,0.018330695801228914,-0.03119863456776224,0.15718419704420075,0.2225292159834973
resnet18,integrated_gradients,ISIC_0016003,-0.33182023199147687,-0.15905872606016444,-0.023612769302613794,-1.0724960847215346
resnet18,lrp,ISIC_0016003,-0.18952799232331038,-0.07820888237234917,0.12411221654826249,0.603695790976828
resnet18,occlusion,ISIC_0016003,0.20424387607382158,0.063490120739472,0.1695896896649478,1.1080569093245385
resnet18,saliency,ISIC_0016003,-0.19064193550498226,-0.10280789564762985,-0.003942668839821879,-0.24303977035516952
resnet18,deep_lift,ISIC_0016004,-0.04003189748617883,-0.058185066250578614,0.06000195994722727,0.6032975778632665
resnet18,gradcam,ISIC_0016004,0.3738992163658863,0.21593864894734022,0.31339649805890163,1.907601578045623
resnet18,guided_backprop,ISIC_0016004,0.032082884291327114,-0.016463940257843996,0.17247472211159745,0.3104245639705349
resnet18,integrated_gradients,ISIC_0016004,0.009320871267013907,0.04899435581239766,0.18911636979769653,-0.25976312600635165
resnet18,lrp,ISIC_0016004,-0.2092437194591099,-0.09478639271786349,0.11173315687888627,-0.22881560747963423
resnet18,occlusion,ISIC_0016004,0.3761125833311308,0.21969434606078633,0.30048835861670103,1.7290461095333176
resnet18,saliency,ISIC_0016004,0.3148207020873998,0.13331858504148425,0.22239771930662458,1.8203751362582525
resnet18,deep_lift,ISIC_0016005,0.13415618533532297,0.03139666609634383,0.15311001920489925,0.8593791407482113
resnet18,gradcam,ISIC_0016005,0.5360111147894983,0.17881560806995286,0.2808794813465096,3.4301748441336475
resnet18,guided_backprop,ISIC_0016005,-0.16653994519579332,-0.0831259318740028,0.11071436541502831,-1.0193236024009436
resnet18,integrated_gradients,ISIC_0016005,0.13317156075815467,0.03761668267670889,0.1552321789816578,0.810487598474898
resnet18,lrp,ISIC_0016005,-0.20239217074544982,-0.10788733902947455,0.09877750763623586,-0.050659067648030534
resnet18,occlusion,ISIC_0016005,0.13253495765469178,0.11278950639100958,0.19865199113648488,0.3315069906561244
resnet18,saliency,ISIC_0016005,0.14723999164557097,-0.05634825977163343,0.0325700505445754,2.2256165502719014
resnet18,deep_lift,ISIC_0016006,0.10413587129153537,0.04609378807549904,0.18983966269219518,0.8839965585526413
resnet18,gradcam,ISIC_0016006,0.03240760664640487,0.017055652580926235,0.14452642793710863,0.06449760691937838
resnet18,guided_backprop,ISIC_0016006,-0.06666900249280883,-0.06878750100405905,0.11613811874651943,-0.35538910359332787
resnet18,integrated_gradients,ISIC_0016006,-0.17099949623931654,-0.13555018674682012,0.006788761510311765,0.05669786545980864
resnet18,lrp,ISIC_0016006,-0.13894474386254924,-0.08220807740701915,0.11347738277260654,0.2712505725386158
resnet18,occlusion,ISIC_0016006,0.34634546687851336,0.19140335053186258,0.27178630523026703,1.59416241915901
resnet18,saliency,ISIC_0016006,0.2027675344041525,0.07486317807185033,0.19534401143295335,1.2278664623218558
resnet18,deep_lift,ISIC_0016007,0.06576786312602788,0.028655829766615494,0.19355523863846144,0.5383227100227981
resnet18,gradcam,ISIC_0016007,0.15814466448785688,0.12696256299532355,0.24467637328351002,0.4691569145182395
resnet18,guided_backprop,ISIC_0016007,0.09336161348539859,-0.009869207165949932,0.17098971819051673,0.7390029778369873
resnet18,integrated_gradients,ISIC_0016007,-0.05157586031782864,-0.03295173005535443,0.14415756700305457,-0.2170206459688373
resnet18,lrp,ISIC_0016007,-0.2873027233785331,-0.12916005500418654,0.07469929018691394,-0.2922185979276533
resnet18,occlusion,ISIC_0016007,0.06486572062679125,0.08983462079871028,0.1958826714407655,-0.15246107540740575
resnet18,saliency,ISIC_0016007,-0.04151007798641093,0.019114312879611683,0.1467994787543992,-0.5114768372517735
resnet18,deep_lift,ISIC_0016008,0.015929508908343878,0.19551790840339803,0.31752640328635257,-1.0950131937080732
resnet18,gradcam,ISIC_0016008,0.18916436743378376,0.08125219522289295,0.1728738205814769,0.6767891854378573
resnet18,guided_backprop,ISIC_0016008,-0.006267806562156607,-0.027328253536744285,0.153531858444232,0.40243892512406676
resnet18,integrated_gradients,ISIC_0016008,0.1762844727237169,0.184526064953731,0.30923713661553354,0.02659734363170575
resnet18,lrp,ISIC_0016008,0.10089282260890131,0.10104663013929027,0.29931748310015566,0.7686637724766558
resnet18,occlusion,ISIC_0016008,0.2718733781012038,0.25015893144253304,0.3385233637377582,0.909922092720085
resnet18,saliency,ISIC_0016008,0.212379987102397,0.23314523455992162,0.3545222128218646,0.21280251184576754
resnet18,deep_lift,ISIC_0016009,-0.0942574493580168,-0.11248581020506504,0.005534633937204834,0.46634938684337834
resnet18,gradcam,ISIC_0016009,-0.0882170888548618,-0.16027556199786727,-0.05540631012037771,-0.13753683443865417
resnet18,guided_backprop,ISIC_0016009,-0.00787211456175284,-0.029201054094066287,0.15832062743712647,-0.0015749660709247278
resnet18,integrated_gradients,ISIC_0016009,-0.1744086441002949,0.021976898857607903,0.1525054707244058,-1.4540574738845107
resnet18,lrp,ISIC_0016009,-0.299909012761289,-0.1297077187301413,0.06336811066581217,-0.2708879588902824
resnet18,occlusion,ISIC_0016009,0.00607317815348749,0.01311677825781748,0.104210619009836,-0.06214945471401182
resnet18,saliency,ISIC_0016009,-0.009183635820579617,-0.08022712015592312,0.022205027939869167,1.0903428062447016
resnet18,deep_lift,ISIC_0016011,0.09926968060453965,0.013771443351737286,0.1519287911879026,0.9438963260813181
resnet18,gradcam,ISIC_0016011,-0.019209591172074703,-0.08838590948187781,0.026029954316223312,0.5071150977482397
resnet18,guided_backprop,ISIC_0016011,-0.19587394480560558,-0.05108598579452885,0.14040491485054565,-1.03714241680564
resnet18,integrated_gradients,ISIC_0016011,-0.030349218248164087,0.06082377336254909,0.18788437408687936,-0.1993597781027079
resnet18,lrp,ISIC_0016011,-0.11159237885311414,0.1065725847090771,0.3283840523143877,-0.8311042803980623
resnet18,occlusion,ISIC_0016011,0.2377504830807142,0.27592459674305864,0.3612833605041171,0.1273389293390546
resnet18,saliency,ISIC_0016011,0.0660084191870467,0.033691912528918344,0.15388410911085088,0.62530305634451
resnet18,deep_lift,ISIC_0016012,-0.10139932771904522,0.05551553130023535,0.2130097516807163,-1.1048584434687083
resnet18,gradcam,ISIC_0016012,0.3208398261139215,-0.062345575545717326,0.03462451192972312,2.682948151306478
resnet18,guided_backprop,ISIC_0016012,-0.02612801893187875,0.0017164396329890817,0.19470026883537164,-0.36255181140626985
resnet18,integrated_gradients,ISIC_0016012,-0.08038873133394797,-0.14925006696293805,0.0015056225513614837,0.8164977065166459
resnet18,lrp,ISIC_0016012,-0.11027853800824183,-0.09764175167625332,0.09372596064368961,0.6332103117669052
resnet18,occlusion,ISIC_0016012,0.061791828850395615,0.016511834856279745,0.10213763448518919,0.4126147072729125
resnet18,saliency,ISIC_0016012,0.22246945481952812,-0.011076034899217007,0.06797196165510191,2.4563516516976684
resnet18,deep_lift,ISIC_0016013,-0.08435356069139825,-0.10904932820135915,0.01935773052327168,0.6310484045443563
resnet18,gradcam,ISIC_0016013,-0.14649240135017425,-0.19618327828218793,-0.09373494473153395,0.24692871377841635
resnet18,guided_backprop,ISIC_0016013,0.04885912359831309,-0.05652457237099798,0.11740112054353846,0.5053366152516868
resnet18,integrated_gradients,ISIC_0016013,0.16950837553494816,0.07844695315292581,0.2083388558868676,1.1587701066452012
resnet18,lrp,ISIC_0016013,-0.1413164048324446,-0.0644266752146407,0.14471648838757778,0.2079077791762714
resnet18,occlusion,ISIC_0016013,-0.09795094743401303,-0.05213684148065831,0.026202048471562194,0.08648581488953817
resnet18,saliency,ISIC_0016013,-0.19153592615322673,-0.09752897489826953,0.006690385959823025,-0.40051360228726973
resnet18,deep_lift,ISIC_0016014,-0.4463052290311248,-0.15633377258831258,-0.03742548617624433,-2.0746943765378956
resnet18,gradcam,ISIC_0016014,0.1177621638710103,0.023736481733653964,0.14037332825253898,0.828657875606659
resnet18,guided_backprop,ISIC_0016014,0.02366737682777218,-0.11311032283406898,0.046907224322577004,2.318904561304523
resnet18,integrated_gradients,ISIC_0016014,-0.2548079171311905,-0.06894603471410295,0.030419977879803946,-1.0362474808355382
resnet18,lrp,ISIC_0016014,-1.570116074546617,-0.15810695848901843,0.04028329291668813,-0.16054923514745198
resnet18,occlusion,ISIC_0016014,0.022530270075994795,0.02051850438317697,0.10930534401368018,0.002579176038133163
resnet18,saliency,ISIC_0016014,-0.07894852825051586,-0.07836621757194497,0.011165595508812605,0.5227690234006358
resnet18,deep_lift,ISIC_0016015,0.03913128261534923,0.02515615947698396,0.15858514519795394,0.15189355612692534
resnet18,gradcam,ISIC_0016015,0.17497297091451924,-0.12420312819145671,-0.03573551813854113,1.7832568797744446
resnet18,guided_backprop,ISIC_0016015,-0.04224102729107168,-0.03160156197703752,0.15901592897619307,-0.3089981405069959
resnet18,integrated_gradients,ISIC_0016015,0.17046011873256514,0.0005982506039863831,0.13166843000968986,1.225951962438056
resnet18,lrp,ISIC_0016015,-0.3267199987157431,-0.12807502959295686,0.08187130296326837,-0.8437411364646872
resnet18,occlusion,ISIC_0016015,0.11675057807613393,0.06225234838639558,0.1661090345590244,0.5022599150708932
resnet18,saliency,ISIC_0016015,0.0644398960938624,-0.09922052900431712,0.010529272836059029,1.7060879726659912
resnet18,deep_lift,ISIC_0016016,-0.25007502106600926,-0.1493260394093108,-0.00780249622560458,-0.5321880932986435
resnet18,gradcam,ISIC_0016016,0.04199050192038576,0.07293597885055958,0.18158841332778403,-0.0831092548078491
resnet18,guided_backprop,ISIC_0016016,0.02842103196407784,-0.04079407740727743,0.14074279660563294,0.2952189113162233
resnet18,integrated_gradients,ISIC_0016016,-0.26269432490001743,-0.12504815300659117,0.014103884250429941,-0.677086443954046
resnet18,lrp,ISIC_0016016,-0.3340083779917279,-0.14378095493125484,0.05824027513374871,-0.789040918299613
resnet18,occlusion,ISIC_0016016,0.07795376542168217,0.10266607480464836,0.20820650284725875,-0.0468093835177818
resnet18,saliency,ISIC_0016016,0.2522796002209969,0.1513863390447498,0.24257819423388371,1.2007713932942317
resnet18,deep_lift,ISIC_0016017,-0.3002442096462831,-0.17281749723246123,-0.03454386977143803,-0.9280245102347093
resnet18,gradcam,ISIC_0016017,0.2540288727141936,0.11336910132429416,0.227118278376041,1.5079796320457277
resnet18,guided_backprop,ISIC_0016017,-0.19946808956874018,-0.06411634293115423,0.13950098599521804,-1.2398987237855452
resnet18,integrated_gradients,ISIC_0016017,-0.16879640643379384,-0.12119004928356857,-0.011105251667205792,-0.12065829016392532
resnet18,lrp,ISIC_0016017,-0.3029857261646216,-0.1499774407738837,0.042659928498439394,-0.32750604606777584
resnet18,occlusion,ISIC_0016017,0.37713204274722717,0.147161114245647,0.2261113014726361,2.005996114713613
resnet18,saliency,ISIC_0016017,-0.1871423967869555,-0.12256316025713725,-0.020836277071435365,-0.14930773500435907
resnet18,deep_lift,ISIC_0016018,-0.026935918518798355,-0.027256490830731863,0.12661545885734873,-0.09067335851736223
resnet18,gradcam,ISIC_0016018,0.034002876920731985,-0.1744772749461955,-0.06322631158043322,0.7603571709593924
resnet18,guided_backprop,ISIC_0016018,-0.20230828082820443,-0.19431175499530548,-0.015426890046589621,-0.00833942536463899
resnet18,integrated_gradients,ISIC_0016018,-0.001069587230629681,-0.08039969311199467,0.08129440424629934,0.27358153249805517
resnet18,lrp,ISIC_0016018,-0.19893872356462333,-0.09646268553220459,0.11369990486717131,-0.05935494514342688
resnet18,occlusion,ISIC_0016018,0.6401323676589483,0.18780174438175296,0.26235140700387793,4.020746000776565
resnet18,saliency,ISIC_0016018,0.06516511065820223,-0.10612105628237486,0.007708669693837309,1.7714048219689145
resnet18,deep_lift,ISIC_0016019,0.04877561201399644,0.15326565073467388,0.3190613197705144,-0.8071595553360839
resnet18,gradcam,ISIC_0016019,0.42446213791867454,0.024597866238639365,0.10365152613926702,3.39434281958448
resnet18,guided_backprop,ISIC_0016019,-0.24419026879054978,-0.0821471657667228,0.09937896954833077,-1.3124092888108227
resnet18,integrated_gradients,ISIC_0016019,0.01960031662979955,0.13949185984649204,0.3093749234036336,-0.9674147520194789
resnet18,lrp,ISIC_0016019,-0.023943209603599885,0.11628759432945245,0.327769727767269,-0.18020491040122893
resnet18,occlusion,ISIC_0016019,0.6276586429069853,0.35157255185598535,0.4375108775262571,2.926840624262824
resnet18,saliency,ISIC_0016019,0.06252180680168982,0.1345931336424409,0.28316866647442446,-0.6299958649116099
resnet18,deep_lift,ISIC_0016022,-0.11447837526409634,0.02424354573375041,0.17193275874948089,-0.7840398791868406
resnet18,gradcam,ISIC_0016022,0.046935924985200286,0.1449156588202698,0.24012622668670197,-0.35547049935553393
resnet18,guided_backprop,ISIC_0016022,0.3383799831224303,0.04267094821784193,0.2078243200213122,2.4453953646905697
resnet18,integrated_gradients,ISIC_0016022,0.04800081520827938,0.0036838494091267497,0.16523569110285327,-0.12019352930631826
resnet18,lrp,ISIC_0016022,-0.23014838377604444,-0.10286044961283777,0.10784536753984414,-0.3071254118550091
resnet18,occlusion,ISIC_0016022,0.03530659660710078,0.06287120584020635,0.16818661211028846,-0.3069978918275531
resnet18,saliency,ISIC_0016022,-0.18403013272591995,-0.06172430827925042,0.03507603558010469,-0.43531944392669075
resnet18,deep_lift,ISIC_0016023,0.17556435992061423,0.09422019912906975,0.21251927975745263,0.8773482838829607
resnet18,gradcam,ISIC_0016023,0.22942080010933033,0.34774759590973636,0.36444708823455374,0.9168143757845986
resnet18,guided_backprop,ISIC_0016023,-0.1526895099047386,-0.22520982077898935,-0.05418039989334006,0.5649967870495626
resnet18,integrated_gradients,ISIC_0016023,-0.12442667784180718,-0.12724137796773619,-0.008719956483958935,0.23503683764305913
resnet18,lrp,ISIC_0016023,-0.021723277982304185,-0.06905112455131555,0.12256901339738621,1.2328401309915136
resnet18,occlusion,ISIC_0016023,-0.194252005340407,0.053289547611930686,0.17448346619638452,-2.1445759478898103
resnet18,saliency,ISIC_0016023,-0.039779432049910544,-0.060101936499518914,0.030848646300522187,0.6978140387839518
resnet18,deep_lift,ISIC_0016024,-0.15701943268368482,-0.09755530194672167,0.015767702085542214,-0.14867626191071676
resnet18,gradcam,ISIC_0016024,0.4143405321899873,0.09191379913546416,0.19990348591867585,2.7082265146261393
resnet18,guided_backprop,ISIC_0016024,-0.008082124943494659,-0.043974236912302754,0.14398481262497057,0.17607389657748737
resnet18,integrated_gradients,ISIC_0016024,0.1676858075348576,-0.0418240004591622,0.055870779776045,2.1569292604771024
resnet18,lrp,ISIC_0016024,-0.04402979852576856,-0.08764759036484172,0.09346179855535584,1.0830205269594786
resnet18,occlusion,ISIC_0016024,-0.0788876911105349,-0.054357598560568855,0.05325818559400211,0.19484726263965854
resnet18,saliency,ISIC_0016024,0.12192485255248801,-0.08319142077110901,0.02098478740690309,2.0756525209387218
resnet18,deep_lift,ISIC_0016025,0.1342882895828475,0.032515024449146356,0.1606409338646636,0.7864265341220311
resnet18,gradcam,ISIC_0016025,0.07143680004784167,0.09039582001181598,0.1910017113924012,-0.015194486825394198
resnet18,guided_backprop,ISIC_0016025,-0.23558465337927764,-0.23509523832379634,-0.0611947658039024,-0.1826599765365591
resnet18,integrated_gradients,ISIC_0016025,-0.06607550482826818,-0.008329018779569245,0.1377152349645241,-0.39082726806237017
resnet18,lrp,ISIC_0016025,-0.28214942768367685,-0.12452086202265242,0.08727012182241128,-0.6341772218651996
resnet18,occlusion,ISIC_0016025,0.26712482517614217,0.17775023166653026,0.27709457761704415,0.9709063022498459
resnet18,saliency,ISIC_0016025,-0.33296990533424786,-0.10931593349537667,-0.0021472211478550155,-1.3940881770820366
resnet18,deep_lift,ISIC_0016026,-0.0005665859006196888,0.09296946929461299,0.2400764762884995,-0.5040982666848496
resnet18,gradcam,ISIC_0016026,0.44140817793504,0.23143695593549496,0.3173948780286812,2.4061350579723553
resnet18,guided_backprop,ISIC_0016026,-0.15417255687803844,-0.055848104437032,0.14386319652650692,-1.0159846468632394
resnet18,integrated_gradients,ISIC_0016026,-0.0045574989949848125,0.013921830714764636,0.1715859519912742,-0.31223241453513745
resnet18,lrp,ISIC_0016026,0.04721148896641306,0.051893595926728334,0.2558772619273562,0.19206020316653982
resnet18,occlusion,ISIC_0016026,0.21337437428771847,-0.04375993136606985,0.023802687101955804,2.5275093177830703
resnet18,saliency,ISIC_0016026,0.05797582893154442,-0.031008891007066997,0.04926461992676032,1.3639913039009677
resnet18,deep_lift,ISIC_0016027,-0.06566902518867918,0.07481461840169058,0.21623988301916142,-0.8204019600951651
resnet18,gradcam,ISIC_0016027,0.4487949209431112,0.15987433291381029,0.2546801398023092,2.6100659684130187
resnet18,guided_backprop,ISIC_0016027,0.10474813590914908,-0.024280049320125608,0.14632052087892222,0.8619872637133165
resnet18,integrated_gradients,ISIC_0016027,-0.06358147576047786,-0.02149131724937483,0.13890726455594887,-0.6281040246539182
resnet18,lrp,ISIC_0016027,-0.08337533672282571,-0.10266623144547012,0.09205836026359747,0.8416987289545627
resnet18,occlusion,ISIC_0016027,0.5088183191377054,0.23652477085641263,0.30103095436826643,2.73725015635799
resnet18,saliency,ISIC_0016027,-0.06651736953634055,-0.0878343897888544,0.022124280601227057,0.6200067265251846
resnet18,deep_lift,ISIC_0016028,-0.04648291256521303,0.001971279662775009,0.13855807811941317,-0.16012135581286568
resnet18,gradcam,ISIC_0016028,0.05628478198550572,0.28706669106143656,0.3147945005359016,-0.16934200490593568
resnet18,guided_backprop,ISIC_0016028,0.143377808541941,0.15052077781697223,0.34500489684137914,-0.06788335756652612
resnet18,integrated_gradients,ISIC_0016028,0.22835569685807022,0.23045927506533975,0.36212899153635186,0.25388548733144717
resnet18,lrp,ISIC_0016028,0.07161563784976488,0.1642204244402685,0.37870764964040243,0.39713180216704264
resnet18,occlusion,ISIC_0016028,0.2051311564640505,0.10296112851155707,0.17958193634551056,1.3728020820991478
resnet18,saliency,ISIC_0016028,-0.027083137623435425,0.04166170731736326,0.1709243780840283,-0.14384260587817346
resnet18,deep_lift,ISIC_0016029,-0.060390038433174996,0.023941663507659448,0.15511996326380448,-0.34856533608249574
resnet18,gradcam,ISIC_0016029,-0.1228796000646421,-0.04142603965421237,0.08758608287812136,-0.5961791755824263
resnet18,guided_backprop,ISIC_0016029,-0.06735145820638713,0.027859097201240073,0.22482685057558052,-0.31471316654927345
resnet18,integrated_gradients,ISIC_0016029,0.009568105317241511,0.20398285543902467,0.33908001327512777,-1.3446771926954804
resnet18,lrp,ISIC_0016029,-0.11120261156848556,0.11182383668442276,0.33341134306009734,-0.8415633675038612
resnet18,occlusion,ISIC_0016029,0.10441784497431941,0.18417495452095806,0.27682472175098854,-0.6114891519627308
resnet18,saliency,ISIC_0016029,0.3374913143743941,0.26541064798561576,0.37985774842419917,0.9596859113373909
resnet18,deep_lift,ISIC_0016030,-0.08071193572634705,-0.0038234120529011648,0.10361950903216686,-0.1725738191720319
resnet18,gradcam,ISIC_0016030,0.09759620536771214,0.20451834964240384,0.30183171561624467,-0.05514357536597951
resnet18,guided_backprop,ISIC_0016030,-0.05861670364836749,-0.06377308363345782,0.12341494940920737,-0.2529225724830201
resnet18,integrated_gradients,ISIC_0016030,-0.07492919499231149,0.089392860255711,0.2132671999593491,-1.3772170120934422
resnet18,lrp,ISIC_0016030,-0.23159724581863794,-0.10803871271728022,0.10254759850145993,-0.2930256682159889
resnet18,occlusion,ISIC_0016030,0.137903391989566,0.11489763959357006,0.20924591068532528,0.3893418401250559
resnet18,saliency,ISIC_0016030,-0.17481012731021034,-0.10380071320143036,0.011879954620595592,-0.1656384530026143
resnet18,deep_lift,ISIC_0016031,0.2156014528806927,0.1549052987112187,0.25962734303435486,0.7155294537368787
resnet18,gradcam,ISIC_0016031,0.142783810899404,-0.09133318001675303,0.016046837650638513,1.2443578996813465
resnet18,guided_backprop,ISIC_0016031,-0.0360009095826626,-0.033782782973401856,0.16015679439830277,-0.11234793937300008
resnet18,integrated_gradients,ISIC_0016031,0.3018109211046194,0.14199935289754512,0.25328567845619504,1.3343483388092106
resnet18,lrp,ISIC_0016031,-0.10387428273964346,-0.0897482992101622,0.10358319359855725,1.1196010347373708
resnet18,occlusion,ISIC_0016031,-0.0405938263143839,0.09457624092908609,0.2289373535656563,-0.9277138348346414
resnet18,saliency,ISIC_0016031,0.2461238274045542,0.14744575891426004,0.2519620234131307,1.22756234628724
resnet18,deep_lift,ISIC_0016033,-0.07793263895680673,-0.044758777935775325,0.049065833349208825,0.32370068983110184
resnet18,gradcam,ISIC_0016033,0.15902705177095114,0.07462712416362971,0.1802362856286563,0.6347694729349652
resnet18,guided_backprop,ISIC_0016033,-0.32165323057014233,-0.2615403607239559,-0.08159660968304676,-0.6450272471519676
resnet18,integrated_gradients,ISIC_0016033,-0.25865524339031376,-0.10322026475954635,0.01250236395189724,-0.583746971717919
resnet18,lrp,ISIC_0016033,-0.138632394692295,-0.07866864631161881,0.12869434699821042,0.3511263210622352
resnet18,occlusion,ISIC_0016033,0.025564248170923745,0.15452932979714282,0.2612630492342269,-0.8024237531099724
resnet18,saliency,ISIC_0016033,0.23092510866373026,0.10036675346827775,0.19997854954142838,1.357579822324122
resnet18,deep_lift,ISIC_0016034,0.08234404517943236,0.07346059730430472,0.1635275957118387,0.7692089750069488
resnet18,gradcam,ISIC_0016034,0.039609631143907253,0.20460712234803408,0.3105438651666239,-0.506385577048732
resnet18,guided_backprop,ISIC_0016034,-0.09218192082022209,-0.15495420478381325,0.020019025487196553,0.6041416489358131
resnet18,integrated_gradients,ISIC_0016034,0.01587341293023811,-0.013787687183118307,0.10140467992341902,0.7091855336241943
resnet18,lrp,ISIC_0016034,-0.3834957482824416,-0.15238595311059336,0.04005482798085189,0.021956510581992647
resnet18,occlusion,ISIC_0016034,0.24549865957591288,0.006542317098667291,0.06794850843010267,2.542712734290069
resnet18,saliency,ISIC_0016034,-0.22278752670864943,-0.11999967530991966,-0.0013039136766373428,-0.48260295775932266
resnet18,deep_lift,ISIC_0016035,0.21738394288144472,0.19568886017884934,0.32807131082886754,0.28046907493026485
resnet18,gradcam,ISIC_0016035,0.015727451824509676,-0.13048165537626788,-0.022164317408685522,0.8144468314620287
resnet18,guided_backprop,ISIC_0016035,0.35173990034029773,0.19167230786452735,0.36979809955041276,1.4019814789451974
resnet18,integrated_gradients,ISIC_0016035,0.007368022333600323,0.09240810723863983,0.2040638573716714,-0.06969553880309177
resnet18,lrp,ISIC_0016035,0.23864504939589018,0.30769363134777933,0.5311545411658474,0.11553124415004526
resnet18,occlusion,ISIC_0016035,0.1974660132287986,0.08318767070055882,0.16854446130522505,1.3770747334937175
resnet18,saliency,ISIC_0016035,0.3744907899316181,0.2766341324792505,0.3851718869311136,1.1967627861744226
resnet18,deep_lift,ISIC_0016036,-0.001736692216276395,-0.0464297735272571,0.06919720331640151,0.8271338964896626
resnet18,gradcam,ISIC_0016036,-0.06071729372136754,-0.20024540687143244,-0.09854224051158145,0.6964951292832392
resnet18,guided_backprop,ISIC_0016036,-0.10103410580283155,-0.17090890824743937,0.005626720250189093,0.7251524006392693
resnet18,integrated_gradients,ISIC_0016036,-0.1931624788105461,-0.11622632196121614,0.023099436282328845,-0.4721458086478619
resnet18,lrp,ISIC_0016036,-0.8129471748659957,-0.13031371935978406,0.06506587411596618,-0.08028286895731188
resnet18,occlusion,ISIC_0016036,0.10260361259527925,0.15228095481415543,0.24181140462488723,-0.2108700035222705
resnet18,saliency,ISIC_0016036,-0.01606983772328622,0.03349342725710364,0.14371922549750135,-0.3393816579583399
resnet18,deep_lift,ISIC_0016037,-0.12667630198627514,0.025189641571176143,0.14245484066024544,-0.7378021369144198
resnet18,gradcam,ISIC_0016037,0.38744959754783315,0.2538014150357518,0.3528231296192534,1.1791273954800163
resnet18,guided_backprop,ISIC_0016037,0.14565259484310453,0.12216888431963631,0.31334562878302896,0.17440854822734042
resnet18,integrated_gradients,ISIC_0016037,-0.26158827474782526,-0.034816578439896224,0.09537186544308666,-1.5571537637088542
resnet18,lrp,ISIC_0016037,0.10297724083290184,0.1517024587778338,0.36161975759427323,0.5903295334718845
resnet18,occlusion,ISIC_0016037,0.22357288042463053,0.12424826045509942,0.23492738267275506,0.9222905514785122
resnet18,saliency,ISIC_0016037,0.33810288027638186,0.2594283850710517,0.3769358667607438,1.0556853851562926
resnet18,deep_lift,ISIC_0016038,-0.132909639660742,-0.09595862566012327,0.017635683166804573,0.14949463219680906
resnet18,gradcam,ISIC_0016038,0.29992269422973233,0.03161414919841139,0.15651963463738514,2.1409795074427986
resnet18,guided_backprop,ISIC_0016038,0.03453754869659651,-0.017528113641326993,0.17432074385665175,0.33820460964318577
resnet18,integrated_gradients,ISIC_0016038,-0.1766780680711458,-0.10172492097830987,0.0020277673857556247,-0.14891296555765965
resnet18,lrp,ISIC_0016038,-0.2395468643042244,-0.13185341468012843,0.0680853492826339,-0.24042493894812475
resnet18,occlusion,ISIC_0016038,0.25069515625959105,0.16023362755846815,0.2562479609195022,1.0022464733371392
resnet18,saliency,ISIC_0016038,0.04091121093088396,-0.08202829279586685,0.00874854885455423,1.481541930697634
resnet18,deep_lift,ISIC_0016040,-0.14516837439768684,-0.10440850052064334,0.024044458279650367,-0.03014613736983837
resnet18,gradcam,ISIC_0016040,0.12527684948419238,-0.0790636689875036,0.03777077222367844,1.1013855576145835
resnet18,guided_backprop,ISIC_0016040,-0.15765091205173137,-0.16034634235605497,0.01609185911945402,0.17510718027862723
resnet18,integrated_gradients,ISIC_0016040,0.005074284477249101,0.004302392399138049,0.14646588609719258,-0.12583497119433693
resnet18,lrp,ISIC_0016040,-0.2076813209087496,-0.0954040080872412,0.11485475696112696,-0.12829999563903602
resnet18,occlusion,ISIC_0016040,-0.09523049967079025,-0.026149773486872533,0.05873087855149504,-0.006218882208745915
resnet18,saliency,ISIC_0016040,0.041680816440859185,-0.04920664091268377,0.03619642681943688,1.268012998943299
resnet18,deep_lift,ISIC_0016041,0.1863243998843181,0.13882520521183087,0.24682538494056597,1.1752582046913704
resnet18,gradcam,ISIC_0016041,0.10996564337631315,-0.11109473447013964,-0.028387613810440835,1.572710074077197
resnet18,guided_backprop,ISIC_0016041,0.12398996109974302,0.11959494367965325,0.30713015547889877,-0.10188790563150414
resnet18,integrated_gradients,ISIC_0016041,-0.07944512192217992,0.023702853449412968,0.15503344218042425,-0.46895127841130346
resnet18,lrp,ISIC_0016041,-0.0998162374270888,0.10003376981997936,0.3061119879560857,-0.489221745099765
resnet18,occlusion,ISIC_0016041,0.32240928636440974,0.29945021976812913,0.38371563830615824,0.7077313819339696
resnet18,saliency,ISIC_0016041,-0.05138068677039433,0.1832383873121015,0.31761365152873433,-1.7103371296061218
resnet18,deep_lift,ISIC_0016042,0.08811552153528372,0.12684553183766217,0.241739663066216,-0.14273656269404278
resnet18,gradcam,ISIC_0016042,0.44555460000933006,0.24497266237502788,0.3277341360134832,2.3348359481155603
resnet18,guided_backprop,ISIC_0016042,-0.2127949297781036,-0.046654657956341855,0.16370120768727486,-1.451147858630971
resnet18,integrated_gradients,ISIC_0016042,0.18181226312480617,0.05690897504129215,0.17815238296174898,0.8659312312681204
resnet18,lrp,ISIC_0016042,-0.6987636508316245,-0.17689580600535287,0.044418389719289575,-1.9151592789199958
resnet18,occlusion,ISIC_0016042,0.2673301056906265,0.1433351250320248,0.22784005036335658,1.2980913866399113
resnet18,saliency,ISIC_0016042,0.013639341616281052,-0.009360977542940194,0.07337483242078069,0.834027133643697
resnet18,deep_lift,ISIC_0016043,-0.2126221303703688,-0.1254888919182132,0.002544096384346281,-0.43121176057325145
resnet18,gradcam,ISIC_0016043,-0.026186495427646884,-0.14713013914863618,-0.03281509660086994,0.06619222643785698
resnet18,guided_backprop,ISIC_0016043,-0.06306519080275957,-0.1523101670962817,0.018252440993558113,0.9047153876850792
resnet18,integrated_gradients,ISIC_0016043,0.15268594529119928,0.018729012486231735,0.16526364598755686,0.22586322218181393
resnet18,lrp,ISIC_0016043,-0.21235817139424107,-0.10163978809497684,0.10877799794388368,-0.17413107216105114
resnet18,occlusion,ISIC_0016043,0.19865390737816624,0.156960905853165,0.24554030300538662,0.5988781755743452
resnet18,saliency,ISIC_0016043,-0.29371463893383964,-0.20181996027286064,-0.07448046030207538,-0.6818058477665258
resnet18,deep_lift,ISIC_0016044,-0.2881122999377104,-0.1292356233859495,-0.0004480871118759357,-0.9884721040398605
resnet18,gradcam,ISIC_0016044,0.2632997668465507,0.0894096342598054,0.19594898636135138,1.5368045846349623
resnet18,guided_backprop,ISIC_0016044,-0.009434932055804148,-0.0503095144386436,0.13198702011264485,0.007639324909949751
resnet18,integrated_gradients,ISIC_0016044,-0.07025167744206713,-0.032152965062584686,0.11271504085377754,-0.5465847674855796
resnet18,lrp,ISIC_0016044,-0.2033304990505401,-0.09514831191723103,0.11012356271302724,-0.18314468382820154
resnet18,occlusion,ISIC_0016044,0.10357435149616377,0.12801393566003114,0.2268822139207158,0.05536308304008301
resnet18,saliency,ISIC_0016044,0.08704199520345751,0.038003325770182055,0.1493132608039925,0.48797439231307965
resnet18,deep_lift,ISIC_0016045,-0.03438607293314356,-0.0737104779563048,0.032509394686889195,0.736729084356985
resnet18,gradcam,ISIC_0016045,0.19698389445070527,0.17255917851218625,0.2846006279827446,0.5794188638699783
resnet18,guided_backprop,ISIC_0016045,-0.10479562937787922,-0.04139673022905817,0.15749694749957224,-0.584136955809368
resnet18,integrated_gradients,ISIC_0016045,-0.20574719651712237,-0.09942772709383602,0.012237010286620022,-0.5085382415290526
resnet18,lrp,ISIC_0016045,-0.25190991225111947,-0.11145392051959793,0.0983086549711038,-0.4667603907195726
resnet18,occlusion,ISIC_0016045,-0.009605413316162171,0.003409170611959405,0.08107386408340875,0.3651288072007731
resnet18,saliency,ISIC_0016045,-0.282429911376422,-0.12575094539409618,-0.014933474169641782,-0.9318507073643436
resnet18,deep_lift,ISIC_0016046,0.007088410687881318,-0.05532759653267989,0.03953987704885777,1.015966280639973
resnet18,gradcam,ISIC_0016046,-0.05241985951227858,0.008833613893206093,0.1478773179372853,-0.5134224046755811
resnet18,guided_backprop,ISIC_0016046,0.017913686396271992,-0.0012612177296825908,0.1941847296914504,0.16903004744807426
resnet18,integrated_gradients,ISIC_0016046,-0.24372288122931182,-0.11455155290950043,-0.0036741158712097198,-0.7226213204029341
resnet18,lrp,ISIC_0016046,-0.044890583318663344,-0.10692660780113317,0.0804637782318557,1.1428264359315898
resnet18,occlusion,ISIC_0016046,-0.06262584954751008,0.09075347879495332,0.19994767337440955,-1.1564371192455316
resnet18,saliency,ISIC_0016046,-0.17246714098437568,-0.07506465069368834,0.02129661069431224,-0.30200663213236445
resnet18,deep_lift,ISIC_0016048,-0.16272025899561923,-0.09553864759824057,0.04882515578425245,-0.3715206703118564
resnet18,gradcam,ISIC_0016048,0.1344638913365238,0.0017520822961753484,0.13352437388103913,1.0035969870532149
resnet18,guided_backprop,ISIC_0016048,0.0029111915087005245,-0.001710579707776587,0.19629466785477076,0.10892056657052608
resnet18,integrated_gradients,ISIC_0016048,-0.1926665049211366,-0.09806611301449777,0.042260542674973124,-0.5796001408788471
resnet18,lrp,ISIC_0016048,-0.39370864589838656,-0.16326262370273867,0.04507707620954335,-1.297440339803453
resnet18,occlusion,ISIC_0016048,0.4754984569198635,0.17023974356629398,0.25773976914210517,2.8717095154181163
resnet18,saliency,ISIC_0016048,0.05375534489700615,-0.09662582287107156,0.021807383601729232,1.5244075031909234
resnet18,deep_lift,ISIC_0016049,0.008973725721414912,0.07774793300249266,0.1813623568889676,0.17230039798620422
resnet18,gradcam,ISIC_0016049,0.16388639476713526,-0.059718189037336916,0.02472150165979742,1.6018728936178308
resnet18,guided_backprop,ISIC_0016049,-0.019596446465516632,0.004513083517760131,0.1948966277665064,0.1979822070041411
resnet18,integrated_gradients,ISIC_0016049,0.39563156553301104,0.18838895290234245,0.3106805840352351,1.9301624558889081
resnet18,lrp,ISIC_0016049,0.1708174638309675,0.14427197804581496,0.3430909015533283,1.2159395084889768
resnet18,occlusion,ISIC_0016049,0.502278604382791,0.20545875749582815,0.28458041718111904,2.7327125065991393
resnet18,saliency,ISIC_0016049,0.28703512922103247,0.25198489777143823,0.35809139647536126,0.8189851967880198
resnet18,deep_lift,ISIC_0016050,-0.17697213927562014,0.046135857001906456,0.19852398903266907,-1.719736461777177
resnet18,gradcam,ISIC_0016050,-0.07162344225512082,-0.14911312355062414,-0.029068402484394462,0.7435689521284743
resnet18,guided_backprop,ISIC_0016050,0.11082048109001301,0.03140343085014012,0.22443790255482893,0.7978320184014362
resnet18,integrated_gradients,ISIC_0016050,-0.03890001684442667,-0.005553655057713931,0.14760653723898248,-0.43444039951016256
resnet18,lrp,ISIC_0016050,-0.31071698123009456,-0.12800557691997247,0.07374493831828291,-0.7879316699709998
resnet18,occlusion,ISIC_0016050,0.16831797328641965,0.10542490680399118,0.21349367798518765,0.5640216479291555
resnet18,saliency,ISIC_0016050,-0.11957605169525395,-0.0862145182383416,0.01014380217485481,0.25336726764540257
resnet18,deep_lift,ISIC_0016051,-0.34632892728634185,-0.16344282490926265,-0.030726418856232472,-1.311804276793722
resnet18,gradcam,ISIC_0016051,-0.1659782187557313,-0.13313697019383258,0.00979225534580746,-0.9346194751524399
resnet18,guided_backprop,ISIC_0016051,-0.10123832601571703,-0.01195519500196489,0.19443816506264858,-0.6503587590223564
resnet18,integrated_gradients,ISIC_0016051,-0.12281995413448016,-0.00682214876737203,0.1350476679085781,-1.1363516266628302
resnet18,lrp,ISIC_0016051,-0.2775824053907347,-0.1140975153949112,0.10092332181768573,-0.5992403718085141
resnet18,occlusion,ISIC_0016051,0.023635792397547716,0.04159996517052437,0.15117873049429417,-0.24434888553064998
resnet18,saliency,ISIC_0016051,-0.3017591175726718,-0.11867339674840606,-0.01850447343248994,-1.0401644953613927
resnet18,deep_lift,ISIC_0016052,0.09031494877249385,0.10314505105785075,0.22077156827218364,0.029237283246167367
resnet18,gradcam,ISIC_0016052,0.40495696116200947,0.2706110698605574,0.3396163334170881,1.9038546299767733
resnet18,guided_backprop,ISIC_0016052,-0.12511509361848128,-0.05520855135327534,0.14112184473576458,-0.748551326865004
resnet18,integrated_gradients,ISIC_0016052,0.010420504055684295,0.06354524434405186,0.19537760637269236,-0.578182542743372
resnet18,lrp,ISIC_0016052,0.06653841089065214,0.06256262755243448,0.2679301272283601,0.5004433286241201
resnet18,occlusion,ISIC_0016052,-0.2443543048614589,0.05171361522368908,0.18775393768693302,-2.3597612983126868
resnet18,saliency,ISIC_0016052,0.1639123214308805,0.07686839476567237,0.190659266406109,0.8905031509285477
resnet18,deep_lift,ISIC_0016053,0.11688010715123817,0.05176355453811358,0.2207209038311149,0.528883127200103
resnet18,gradcam,ISIC_0016053,-0.150604574522732,-0.19785593960509668,-0.07426066238717655,0.18905802632187577
resnet18,guided_backprop,ISIC_0016053,-0.19125698806240557,-0.14475263440805716,0.04569580572661072,-0.10801790843836957
resnet18,integrated_gradients,ISIC_0016053,-0.003974106608290104,0.03348718842274832,0.20646124149326894,-0.34975162713987823
resnet18,lrp,ISIC_0016053,-0.21229699166328728,-0.10997421099524131,0.08901670344283726,0.38992344713361027
resnet18,occlusion,ISIC_0016053,-0.10862030254288184,-0.05375594433768114,0.05131438897405825,-0.060760863136102926
resnet18,saliency,ISIC_0016053,-0.15807740011615593,-0.06980656936411438,0.041126201244188254,-0.291940957877228
resnet18,deep_lift,ISIC_0016054,-0.00732448321907925,0.03794648143423029,0.1688460864648131,0.013663839330763872
resnet18,gradcam,ISIC_0016054,0.21515975848991525,0.13412279117252046,0.26562649986809445,0.5467219774847266
resnet18,guided_backprop,ISIC_0016054,0.19373629947620521,0.19803549064108594,0.39242225602404895,0.1797048333237191
resnet18,integrated_gradients,ISIC_0016054,0.0030579910040008504,0.043066735531145116,0.1678072446560345,0.0661547933318316
resnet18,lrp,ISIC_0016054,-0.20786324115201688,0.05311733774045585,0.26460402386657644,-1.4241373457870885
resnet18,occlusion,ISIC_0016054,0.22498575406523355,0.26144129354184137,0.35613806430053363,0.08713395473448983
resnet18,saliency,ISIC_0016054,0.09604092575689933,0.11141349233894474,0.21409584649133662,0.535675946432119
resnet18,deep_lift,ISIC_0016055,-0.13786304005393157,-0.0018068910940732851,0.14392420640543424,-1.1170229655921575
resnet18,gradcam,ISIC_0016055,0.29342573229814,-0.09086846758445088,-0.02698477072873328,2.479567511996684
resnet18,guided_backprop,ISIC_0016055,-0.3400228411150283,-0.29293804158997266,-0.12150570220453095,-0.740326657785302
resnet18,integrated_gradients,ISIC_0016055,-0.2572082068159317,-0.0544333487420631,0.1085135761170166,-1.8097908249029053
resnet18,lrp,ISIC_0016055,0.1430529567957992,0.07946687518284372,0.27209158180989507,0.9889124759841037
resnet18,occlusion,ISIC_0016055,0.5058503569633835,0.24779613285219118,0.31939982602293465,2.607452001649602
resnet18,saliency,ISIC_0016055,0.17031446714404763,0.0075627433313312864,0.12981757970549293,1.2367157618844211
resnet18,deep_lift,ISIC_0016056,-0.20325919699151998,-0.05250497308353493,0.12146881239897422,-1.764460958439706
resnet18,gradcam,ISIC_0016056,0.4259083617764088,0.2390126790437368,0.33918282653493254,1.9535678222189055
resnet18,guided_backprop,ISIC_0016056,0.13116417306379896,0.04098359547517024,0.22827905973438337,0.7430270292809071
resnet18,integrated_gradients,ISIC_0016056,-0.07471576118728465,-0.0851845483166469,0.08118645238711589,-0.63648552219853
resnet18,lrp,ISIC_0016056,-0.29020825899371866,-0.1312938956311445,0.07406568070312868,-0.7284749577633417
resnet18,occlusion,ISIC_0016056,0.28230350640433416,0.188637719863321,0.2763379880413183,1.106073953517652
resnet18,saliency,ISIC_0016056,0.023944807372253116,-0.014173406511973177,0.08719776198862877,0.7864959441346374
resnet18,deep_lift,ISIC_0016057,0.08234390364120454,0.1249844942293378,0.22811875098687037,0.04839086888985361
resnet18,gradcam,ISIC_0016057,0.017998234118209895,0.05919714147534194,0.16444919143116962,-0.25104197259249017
resnet18,guided_backprop,ISIC_0016057,0.09447153177534025,-0.006451759304949249,0.18036975451325146,0.8168488114601399
resnet18,integrated_gradients,ISIC_0016057,0.15157942240415292,0.029391804658035637,0.15418496321916397,0.9466966384541816
resnet18,lrp,ISIC_0016057,-0.12927925365789134,-0.11095262113237028,0.07851555038196785,0.6020834989486032
resnet18,occlusion,ISIC_0016057,-0.12489561401978952,0.06553823251864836,0.18819337270972755,-1.5884597068346051
resnet18,saliency,ISIC_0016057,-0.11655710617502732,-0.09249741182199275,0.006560406310693589,0.3016631300897358
resnet18,deep_lift,ISIC_0016058,0.03214163446293528,0.04748950443557223,0.19785162986550586,0.36056760335688837
resnet18,gradcam,ISIC_0016058,-0.17117931923143276,-0.17126605751737675,-0.04035014557641975,-0.32776028110965466
resnet18,guided_backprop,ISIC_0016058,0.08785705858922388,0.06768173733323414,0.2471268283130898,-0.19938553851975718
resnet18,integrated_gradients,ISIC_0016058,-0.07260083092144988,0.049383487558543875,0.19270618857520633,-0.4642825009739973
resnet18,lrp,ISIC_0016058,-0.15289756949429356,0.057784871204162876,0.27279004334136925,-0.9285923127605158
resnet18,occlusion,ISIC_0016058,0.3067985359317973,0.2159001905942231,0.30746066452930304,1.0322660652670597
resnet18,saliency,ISIC_0016058,0.07163117594172816,0.06818217482061653,0.17790265005567574,0.5555951292853014
resnet18,deep_lift,ISIC_0016059,0.031450643973751906,0.11770775742109763,0.24955180613931785,-0.5535102051609258
resnet18,gradcam,ISIC_0016059,0.09864064644373757,0.09977572081028105,0.1992386946898796,0.42535710949272815
resnet18,guided_backprop,ISIC_0016059,0.00429433160848525,0.021114746002209514,0.2236586243274137,0.017470532597185482
resnet18,integrated_gradients,ISIC_0016059,-0.0029254330442065623,0.04134931702350577,0.19010486906821109,-0.5711955662939617
resnet18,lrp,ISIC_0016059,-0.3266953415909013,-0.11473780249943231,0.1045396251245003,-1.0036171421943323
resnet18,occlusion,ISIC_0016059,0.1433152757490524,0.08186702582086522,0.17813780798182677,0.6918385164873179
resnet18,saliency,ISIC_0016059,0.09812820212231219,0.05775303707855975,0.1755495927289819,0.4124171809268998
resnet18,deep_lift,ISIC_0016060,-0.19653468518201192,-0.047796137727474965,0.11745828304919946,-0.9566954369970005
resnet18,gradcam,ISIC_0016060,-0.2862843843182585,-0.13028382332392638,0.012942584957488791,-2.047877305344267
resnet18,guided_backprop,ISIC_0016060,-0.01723041264720996,-0.04841938492424954,0.13287102948181642,0.024660821423781478
resnet18,integrated_gradients,ISIC_0016060,-0.011393407565175729,-0.023910113219897246,0.13043096577498517,-0.15789527116242297
resnet18,lrp,ISIC_0016060,-0.3270322696603479,-0.13740716997175803,0.06991880238360824,-0.8305772055686562
resnet18,occlusion,ISIC_0016060,-0.09387827776225069,-0.005527377406800533,0.08326573137070917,-0.27219726786519716
resnet18,saliency,ISIC_0016060,-0.021380545336245716,-0.018484284128571667,0.06698712789982371,0.551193675805483
resnet18,deep_lift,ISIC_0016061,0.008555525389896679,0.03839130003831416,0.18052942375188008,-0.29432481017445206
resnet18,gradcam,ISIC_0016061,-0.42625059078287947,-0.32591329228536553,-0.19378348151083666,-1.3295186183959387
resnet18,guided_backprop,ISIC_0016061,-0.1608248655652463,-0.040824216246625605,0.16228105080494862,-1.0170033759486086
resnet18,integrated_gradients,ISIC_0016061,-0.1618227231108548,-0.020346653785222303,0.13531459168012813,-1.373009715831017
resnet18,lrp,ISIC_0016061,-0.06295543615528294,-0.08030215626458188,0.10657243808678636,0.9241942582246135
resnet18,occlusion,ISIC_0016061,0.25464981105300966,0.049156575441388635,0.13299869765388045,2.33174302841292
resnet18,saliency,ISIC_0016061,-0.0847409085367783,-0.11268452793164907,-0.007004103541294266,0.6070626536330022
resnet18,deep_lift,ISIC_0016062,-0.011129715142332247,0.08183505178806709,0.2218784302792996,-0.6287133897044552
resnet18,gradcam,ISIC_0016062,0.12534238539215614,0.002830821548932004,0.12603342493787695,0.7627864617700241
resnet18,guided_backprop,ISIC_0016062,-0.12923540421485957,-0.020663488390310226,0.18638024086730487,-0.8748046215910754
resnet18,integrated_gradients,ISIC_0016062,0.03262388810093616,0.0591597342369299,0.2083915747599075,-0.3134353425285309
resnet18,lrp,ISIC_0016062,-0.2915146700164908,-0.10644585241274765,0.11110542612185673,-0.7555470690118824
resnet18,occlusion,ISIC_0016062,-0.3685148656575917,-0.09977320846748623,0.015847445085502756,-1.9492774009070188
resnet18,saliency,ISIC_0016062,0.020444630191776374,0.053021790408810776,0.16973496015619544,-0.1349093315301674
resnet18,deep_lift,ISIC_0016063,0.11318844996466766,0.018289906797108093,0.12196192010889105,1.3913200055998909
resnet18,gradcam,ISIC_0016063,0.42672666436621887,0.2549669416988576,0.3354985033840818,2.300214663167735
resnet18,guided_backprop,ISIC_0016063,-0.04982383770051465,-0.014593019027793022,0.18559005035267706,-0.2721178697279244
resnet18,integrated_gradients,ISIC_0016063,-0.19598614393509045,-0.09504228774850729,0.02820360825424313,-0.5694760584558858
resnet18,lrp,ISIC_0016063,-0.10636248551001867,-0.128890513235073,0.040211468201297076,0.712339038011377
resnet18,occlusion,ISIC_0016063,-0.02282399961183749,-0.04481624515112573,0.0543586277692698,0.577894944383577
resnet18,saliency,ISIC_0016063,-0.11138514604143793,-0.0972890734967024,0.0008283867365753234,0.35567541989533014
resnet18,deep_lift,ISIC_0016064,0.043074607446911925,0.05014613907300137,0.2076669122017589,0.11361842883055422
resnet18,gradcam,ISIC_0016064,0.24445929652457668,0.18223597941935563,0.2794008007593775,1.0384773073058189
resnet18,guided_backprop,ISIC_0016064,0.12320530622701639,0.006462773266085197,0.18862031462277495,0.8546897907556233
resnet18,integrated_gradients,ISIC_0016064,-0.1793336991250451,-0.05301346848516031,0.13184924168467962,-1.2152721228694827
resnet18,lrp,ISIC_0016064,-0.3770960146379152,-0.1372346363904961,0.08055294900951256,-1.3240875830624574
resnet18,occlusion,ISIC_0016064,-0.30431401910259037,-0.08235849132997168,0.027796421521257594,-1.4259383090179654
resnet18,saliency,ISIC_0016064,0.012917094654792056,-0.0015963372944068292,0.10500311014818264,0.8805570658317291
resnet18,deep_lift,ISIC_0016065,-0.09119735747664091,-0.02481592656007192,0.15516682811188148,-0.6500517210885839
resnet18,gradcam,ISIC_0016065,0.24209505990041214,0.16355225205387297,0.2885661289073553,1.000697270478449
resnet18,guided_backprop,ISIC_0016065,-0.27040540311580524,-0.05449320286047434,0.15619508761758308,-1.9375732269771448
resnet18,integrated_gradients,ISIC_0016065,-0.04924328120450992,-0.03617503061734616,0.13067047746597543,-0.32420987548200075
resnet18,lrp,ISIC_0016065,-0.44496286991701456,-0.14872297435717285,0.06342011391030004,-1.6628882303181933
resnet18,occlusion,ISIC_0016065,0.1052999597256664,0.01414264967468635,0.1074636448638176,1.2751711748310193
resnet18,saliency,ISIC_0016065,-0.2589962379948658,-0.12925291920363038,-0.003305301638664996,-0.8198497211546596
resnet18,deep_lift,ISIC_0016066,0.0963753059769087,0.194045699759308,0.3605726555519881,-0.5117773754506881
resnet18,gradcam,ISIC_0016066,0.3218108178295831,0.1558669523487905,0.25747735012645745,1.3722502605728075
resnet18,guided_backprop,ISIC_0016066,-0.026403484579193094,0.07145032281233987,0.27301723508306225,-0.8846753932463803
resnet18,integrated_gradients,ISIC_0016066,0.3155522222255821,0.19514265309097062,0.3678061496898382,1.2285940748423236
resnet18,lrp,ISIC_0016066,0.07537812513862951,0.12929082328681274,0.3341667821057305,0.7581198310341388
resnet18,occlusion,ISIC_0016066,0.5921969654878178,0.24334773179599614,0.3127981909167401,3.4488640267032955
resnet18,saliency,ISIC_0016066,0.23702871481448765,0.2210190804867839,0.3310480593031614,0.5571599553598885
resnet18,deep_lift,ISIC_0016068,0.1844316723480743,0.10181011377615434,0.1967944639709355,1.444127906462513
resnet18,gradcam,ISIC_0016068,0.24238774984597003,0.0919853640640302,0.19843088762287125,1.1386169929677448
resnet18,guided_backprop,ISIC_0016068,0.4134217052255886,0.20740445983772485,0.38769072927040477,1.8809480139435462
resnet18,integrated_gradients,ISIC_0016068,0.16700991367263474,0.23050852999772653,0.3405651733936502,0.006879961892817241
resnet18,lrp,ISIC_0016068,0.03255885682286107,0.12071318611521331,0.3315862561523074,0.23095469109193886
resnet18,occlusion,ISIC_0016068,0.48550228728289196,0.23536977060311462,0.30161244493503625,2.505349396060718
resnet18,saliency,ISIC_0016068,0.2909311011022832,0.26565924750495334,0.36835199071912617,0.6819991701555901
resnet18,deep_lift,ISIC_0016069,-0.002187165167675422,-0.08563632952647181,0.022055538657885572,1.0570193215669514
resnet18,gradcam,ISIC_0016069,0.2490309267710833,0.053277597557147706,0.1493205765222131,1.6285332556077399
resnet18,guided_backprop,ISIC_0016069,0.06736546212436231,-0.001367690416083608,0.18909334715499312,0.5775384130559361
resnet18,integrated_gradients,ISIC_0016069,-0.14660513808489384,-0.04070982717535016,0.10696047723489316,-1.1261607579734436
resnet18,lrp,ISIC_0016069,-0.3036165802643973,-0.12677292717785754,0.08783765525256156,-0.7335944828684243
resnet18,occlusion,ISIC_0016069,0.04612855871306954,0.07810304177218885,0.17636687677928184,-0.15085037849759733
resnet18,saliency,ISIC_0016069,-0.2541591917513771,-0.14151246979060203,-0.032571046912049734,-0.6461157440335131
resnet18,deep_lift,ISIC_0016070,0.14305571432270892,0.09067959881817345,0.23786316713796127,0.7123749952601761
resnet18,gradcam,ISIC_0016070,-0.04290148315753011,-0.053929419399513207,0.04615990267129759,-0.17287471515451683
resnet18,guided_backprop,ISIC_0016070,-0.09294650777998473,-0.04912603862341046,0.1449370252152453,-0.5880110363068052
resnet18,integrated_gradients,ISIC_0016070,0.1387061984094246,-0.012790191481965947,0.13951870814165446,1.0563694673423933
resnet18,lrp,ISIC_0016070,-0.1686511178487052,-0.12469731632983738,0.07075216420275827,0.2503342170601651
resnet18,occlusion,ISIC_0016070,0.06513948195716733,0.02159050966749676,0.14006991664777482,0.36376064282857146
resnet18,saliency,ISIC_0016070,-0.06372704084044822,0.021847683759264734,0.15004054140362852,-0.5800679428968009
resnet18,deep_lift,ISIC_0016071,0.01369521235859053,-0.0847772891354135,0.03716127660093605,1.0821426453395537
resnet18,gradcam,ISIC_0016071,0.5519583451140344,0.1847157546797638,0.25422645467376404,3.5618310881829442
resnet18,guided_backprop,ISIC_0016071,0.10251772131167569,-0.0067266748957932184,0.17646636170819222,0.7734405409215479
resnet18,integrated_gradients,ISIC_0016071,-0.026202193020318235,-0.07171227607919226,0.049273780457122614,0.5955807825613725
resnet18,lrp,ISIC_0016071,-0.2082753814303894,-0.10250442906484696,0.10492107318380645,-0.146388936639186
resnet18,occlusion,ISIC_0016071,0.09764485526070901,0.029957328591549988,0.1207909426249644,0.5282557537098689
resnet18,saliency,ISIC_0016071,-0.01240668703794555,-0.08106736985196868,0.01553042426606699,0.9843971876983861
resnet18,deep_lift,ISIC_0016072,0.11116921272157906,0.08387362806662169,0.21353426076189502,0.9230963397090551
resnet18,gradcam,ISIC_0016072,0.2570953161564945,0.18068927673381988,0.3097261316532125,0.7256238401235193
resnet18,guided_backprop,ISIC_0016072,0.015848962722644282,0.07187897818334402,0.271001250751358,-0.49669515812807336
resnet18,integrated_gradients,ISIC_0016072,0.04196790234113678,0.03927187045371843,0.18462922766417172,0.6363563026991159
resnet18,lrp,ISIC_0016072,0.040621610444107566,0.1338345828434928,0.34580536570367854,0.24251688457506362
resnet18,occlusion,ISIC_0016072,0.2973621799236933,0.22009947192876045,0.3153883718012149,0.8894972424211091
resnet18,saliency,ISIC_0016072,0.23928855536942595,0.1571740702279615,0.2621036847947118,0.9479604492850937
squeezenet,deep_lift,ISIC_0012086,-0.115338074537057,0.019995675787093617,0.09942533922018779,0.43410741473601766
squeezenet,gradcam,ISIC_0012086,0.060545434295180854,0.11452484257178785,0.16446990373312198,1.1663935456749033
squeezenet,guided_backprop,ISIC_0012086,-0.2098277507787248,-0.0213927561506978,0.06551677982379836,-0.3221923322418185
squeezenet,integrated_gradients,ISIC_0012086,-0.18580983626225425,0.00138176126031048,0.07108542501615556,-0.13960253724553728
squeezenet,lrp,ISIC_0012086,-0.15793169932281967,0.03375252841272398,0.10354366163407697,-0.09276995028058994
squeezenet,occlusion,ISIC_0012086,0.17453475582597786,0.11995005803954024,0.1376081276846551,0.8515692235279102
squeezenet,saliency,ISIC_0012086,-0.07177909687661542,0.08075504568545157,0.14136279362666954,0.20070050720047994
squeezenet,deep_lift,ISIC_0012092,-0.2106587717981004,-0.024328928240393528,0.05863906590545204,-0.15640748904261179
squeezenet,gradcam,ISIC_0012092,0.4725660887120818,0.2800002343782518,0.34056448904614445,2.9846261156639633
squeezenet,guided_backprop,ISIC_0012092,-0.13581189990251516,-0.010054413115157321,0.07305269869204013,0.1906566627737931
squeezenet,integrated_gradients,ISIC_0012092,-0.22674846954876646,-0.009737543648264999,0.0774425604168811,-0.3049347862000438
squeezenet,lrp,ISIC_0012092,-0.19160019600248546,0.001503125240497552,0.08518808996561969,-0.10480337394833943
squeezenet,occlusion,ISIC_0012092,0.4031724347946257,0.22572794888231854,0.2722917482237128,2.567355470605991
squeezenet,saliency,ISIC_0012092,0.1354196491428373,0.09270632573722336,0.15727049490749992,1.47990609920236
squeezenet,deep_lift,ISIC_0012095,-0.37635650633972256,-0.20354893187849885,-0.13882359384542337,0.29098959696904825
squeezenet,gradcam,ISIC_0012095,0.2906828770472726,0.2074429386304361,0.2699828922221242,1.8651740741216851
squeezenet,guided_backprop,ISIC_0012095,-0.13463549384011378,-0.004497949694500728,0.08045315217286722,0.318485082006753
squeezenet,integrated_gradients,ISIC_0012095,-0.27573710960216474,-0.15227764607627978,-0.08967091911432352,0.8792675223699422
squeezenet,lrp,ISIC_0012095,-0.25873136942424996,-0.11189423885642905,-0.049404382851065534,0.6847564081570034
squeezenet,occlusion,ISIC_0012095,0.21093105710229829,0.20840532446147242,0.26583185415236865,0.8683320628849416
squeezenet,saliency,ISIC_0012095,0.07835646865713128,0.10255534769830772,0.17074033360925212,1.1759870489365436
squeezenet,deep_lift,ISIC_0012134,-0.1424079034647665,-0.008544968531471133,0.05932480358006311,0.3109400860938807
squeezenet,gradcam,ISIC_0012134,-0.23155809204846325,-0.05608089803482848,0.007249767309416468,0.38119642185365377
squeezenet,guided_backprop,ISIC_0012134,-0.041721281125350576,0.06093750535885892,0.11929361759484815,-0.26306677782358
squeezenet,integrated_gradients,ISIC_0012134,-0.14343148664483935,-0.0006293942247915951,0.07071610957898905,0.15659691259305902
squeezenet,lrp,ISIC_0012134,-0.1738764683737183,0.014567440250652921,0.0792577892691255,-0.21078433921160053
squeezenet,occlusion,ISIC_0012134,0.06045226530652138,0.07591371326383069,0.08968225593061534,0.46854630510117856
squeezenet,saliency,ISIC_0012134,-0.23035580213472995,-0.01997981523170521,0.05278489264508793,-0.5925495079773362
squeezenet,deep_lift,ISIC_0012136,-0.13355057155102876,0.07102502201472977,0.13477464536366435,-0.13217938165234425
squeezenet,gradcam,ISIC_0012136,0.011333207699879902,0.03513050675710435,0.09218140264797414,1.687581426621411
squeezenet,guided_backprop,ISIC_0012136,-0.16869999268992625,-0.03564254523069296,0.05423582956309541,0.1456645488028678
squeezenet,integrated_gradients,ISIC_0012136,-0.001431577987863187,0.07274367533622028,0.11792503490218015,-0.043252186946190214
squeezenet,lrp,ISIC_0012136,-0.11176907694299927,-0.006726718309675287,0.04180649567773489,0.2730771008212644
squeezenet,occlusion,ISIC_0012136,0.09430803113024983,0.08021773641041742,0.10201687104301599,1.4493029029302797
squeezenet,saliency,ISIC_0012136,-0.0539778580068349,0.04245307303675828,0.0948526066287144,0.5110438202695066
squeezenet,deep_lift,ISIC_0012147,-0.16201718250143826,-0.0459890681191623,0.016365395674730315,0.42669745706063666
squeezenet,gradcam,ISIC_0012147,0.20755186942209458,0.21495163719968663,0.2710597592078796,1.2978632713481693
squeezenet,guided_backprop,ISIC_0012147,-0.13051914979335094,-0.06195085409572082,0.010218488700207373,0.7840591903717876
squeezenet,integrated_gradients,ISIC_0012147,-0.3103167829656111,-0.09466115328665574,-0.01591893595166439,-0.5131678332632745
squeezenet,lrp,ISIC_0012147,-0.23216078268228346,-0.11487359005185543,-0.04915591392107829,0.1841106237629262
squeezenet,occlusion,ISIC_0012147,0.3055132073039215,0.21600479574320428,0.25287052540107957,1.5278774255964824
squeezenet,saliency,ISIC_0012147,-0.15245407931087548,-0.03616577510954739,0.02377629690584663,0.09275533273941856
squeezenet,deep_lift,ISIC_0012149,-0.08691487164556423,0.06567926450933226,0.14409142762209984,0.38123206813826555
squeezenet,gradcam,ISIC_0012149,0.093263026381983,0.17402084905991122,0.21868081841344023,0.7021338436811954
squeezenet,guided_backprop,ISIC_0012149,0.034356832262567416,0.14353940237398302,0.21618840928326616,-0.22145135249876666
squeezenet,integrated_gradients,ISIC_0012149,-0.05437539839962739,0.051063821880244754,0.12419698704835783,-0.1816056204949341
squeezenet,lrp,ISIC_0012149,-0.07125239230070547,0.08534798994739524,0.1534392635272168,-0.5689229087427411
squeezenet,occlusion,ISIC_0012149,0.24153185836597424,0.1976931344167517,0.22443590973565186,1.0718379839739862
squeezenet,saliency,ISIC_0012149,0.14300767697952127,0.15904189376486996,0.20589299054832993,0.5834436957133851
squeezenet,deep_lift,ISIC_0012152,-0.40935853435847325,-0.17728825111050497,-0.10085829897591668,-0.19933995849054234
squeezenet,gradcam,ISIC_0012152,0.4897054423647263,0.29905796148658953,0.36562667021561956,2.7511311548447006
squeezenet,guided_backprop,ISIC_0012152,-0.15366914113768543,-0.0027723559758921846,0.08449459116570703,0.08874235058589836
squeezenet,integrated_gradients,ISIC_0012152,-0.2062759260664689,-0.06869086173002342,-0.0016890301613831844,0.7557433645272723
squeezenet,lrp,ISIC_0012152,-0.10384249470853318,0.014724245622063042,0.08025509247137745,0.3279812082647983
squeezenet,occlusion,ISIC_0012152,0.3571632586178924,0.20585255938688912,0.2384213396622563,2.0660171847783335
squeezenet,saliency,ISIC_0012152,0.14504831731473597,0.12656017182022336,0.1922212078156083,1.5204435083423389
squeezenet,deep_lift,ISIC_0012178,-0.23897449548167612,-0.029816495783349134,0.04852929696979036,-0.4086982081873024
squeezenet,gradcam,ISIC_0012178,-0.13428254158836514,0.06598785370747219,0.12584468633445925,0.24527779806692504
squeezenet,guided_backprop,ISIC_0012178,0.07718621950952596,0.10277738518726995,0.18027792761520836,0.5339547461537508
squeezenet,integrated_gradients,ISIC_0012178,-0.048247224258920536,0.06616625379346455,0.11809882549480219,-0.42834931248392555
squeezenet,lrp,ISIC_0012178,-0.07456486211044128,0.04445711183318004,0.1012669716830396,-0.509394126337268
squeezenet,occlusion,ISIC_0012178,-0.014058749693423854,0.00781650285151646,0.029692285149061245,0.8558427477827536
squeezenet,saliency,ISIC_0012178,0.14262972623019618,0.13864951929723396,0.1922742411358216,0.6950670868220973
squeezenet,deep_lift,ISIC_0012199,-0.09835466102107399,-0.04132155036405735,0.02350841436562356,0.18915880442898855
squeezenet,gradcam,ISIC_0012199,0.07259688644888243,0.11398179774359832,0.18779315051721407,1.3918954591313428
squeezenet,guided_backprop,ISIC_0012199,-0.06659231281905277,0.011099172679059932,0.09585908428699945,0.2544235429621471
squeezenet,integrated_gradients,ISIC_0012199,-0.09489781806090201,-0.00675330203762163,0.06251304008650554,0.06107652906278512
squeezenet,lrp,ISIC_0012199,-0.07801675449299184,0.003824708075364227,0.06534207601230525,0.03691902961692743
squeezenet,occlusion,ISIC_0012199,-0.09692936642052782,-0.03232188193600158,0.0076525580751300865,0.5413266396053789
squeezenet,saliency,ISIC_0012199,-0.1381812904184854,-0.01929799957230907,0.05043948310174303,0.7377612244051337
squeezenet,deep_lift,ISIC_0012207,-0.101505072682648,0.09521819812744985,0.17271769990137756,0.09298822424124467
squeezenet,gradcam,ISIC_0012207,-0.12490121705675412,0.1030806460543004,0.17745605708687856,0.1307317413390216
squeezenet,guided_backprop,ISIC_0012207,-0.15643390446134753,0.023732607801425828,0.10498256500726533,-0.14437238014455156
squeezenet,integrated_gradients,ISIC_0012207,-0.21317532696558725,0.01484977756223368,0.09205073082698687,-0.4825747117376166
squeezenet,lrp,ISIC_0012207,-0.1725142399574096,0.006694956000369213,0.07877767116845417,-0.14102272845429142
squeezenet,occlusion,ISIC_0012207,0.1653131495541989,0.09306138123763745,0.10659904956925983,0.9954531616482207
squeezenet,saliency,ISIC_0012207,0.05636335916348656,0.08039113447077965,0.1270816422228617,1.2187869164038452
squeezenet,deep_lift,ISIC_0012215,-0.2781696707191827,-0.07181916220397314,0.0026383739915137837,-0.5633687193582227
squeezenet,gradcam,ISIC_0012215,-0.1266252819021423,0.012159934107210066,0.06432176646668283,0.4583835237135539
squeezenet,guided_backprop,ISIC_0012215,0.052165937507426964,0.0632168711323497,0.1405428059635953,0.4569348484490083
squeezenet,integrated_gradients,ISIC_0012215,-0.010938640407484653,0.07849300749846139,0.11550432135874299,-0.17485218824954785
squeezenet,lrp,ISIC_0012215,-0.046255885504495955,0.06046294742945831,0.10163537428217163,-0.4177921872036383
squeezenet,occlusion,ISIC_0012215,0.09749543535202485,0.06247697556837432,0.07293595802489874,0.4422376251919405
squeezenet,saliency,ISIC_0012215,0.02154908403699784,0.13199307649525216,0.17110671915677897,-0.31836836149002834
squeezenet,deep_lift,ISIC_0012216,-0.13414972582084567,0.0884885986662915,0.1453348290584806,-0.013450385233360219
squeezenet,gradcam,ISIC_0012216,-0.11345525153097279,0.016922011031138755,0.06633653791441388,0.777621903669112
squeezenet,guided_backprop,ISIC_0012216,-0.2554716478270383,-0.09878371525344781,-0.01682050752334437,-0.09392178688011349
squeezenet,integrated_gradients,ISIC_0012216,-0.33028754042128344,-0.10862885125604584,-0.03894589521478938,-0.6712078891692084
squeezenet,lrp,ISIC_0012216,-0.2598215060554602,-0.056798135630775064,0.002288311353764965,-0.4305662329574222
squeezenet,occlusion,ISIC_0012216,0.18685219133652045,0.1473514553627192,0.15993171943628778,0.8026479401348321
squeezenet,saliency,ISIC_0012216,-0.12354159120691302,0.02291912480247119,0.07655019667001912,0.21951298960496787
squeezenet,deep_lift,ISIC_0012223,-0.23018792885387476,-0.0025126916865826883,0.0769217344637488,-0.5084245327416512
squeezenet,gradcam,ISIC_0012223,0.05792205678905323,0.0673784079633242,0.11954580778201467,1.4183828833598213
squeezenet,guided_backprop,ISIC_0012223,-0.0003325289122681839,0.05629152971837717,0.13839867107861248,0.02653395581865496
squeezenet,integrated_gradients,ISIC_0012223,0.028113818717789892,0.037177352049037035,0.10482723939272316,0.4219186567961678
squeezenet,lrp,ISIC_0012223,0.048324283725402636,0.10807900046251757,0.15792390798161648,0.16330920323760323
squeezenet,occlusion,ISIC_0012223,-0.0658975506963254,-0.0304614310169475,-0.009982958990364558,0.5594791711660883
squeezenet,saliency,ISIC_0012223,0.1733614816479966,0.17810008185892745,0.2117117348405942,0.6694793557667904
squeezenet,deep_lift,ISIC_0012240,-0.29637452714949336,-0.0343481436661546,0.038606421857002735,-0.7978128678321682
squeezenet,gradcam,ISIC_0012240,-0.12136683092016383,0.04710397203510605,0.10151988027994246,0.34957835058022224
squeezenet,guided_backprop,ISIC_0012240,-0.07573728526859551,-0.01915663434114318,0.0631177301360589,0.806615411911108
squeezenet,integrated_gradients,ISIC_0012240,-0.27701194917284205,-0.05581568302761328,0.014889187011474715,-0.6058063722150858
squeezenet,lrp,ISIC_0012240,-0.10234461130716391,0.011855495954378632,0.07250905075550637,0.40280854806466454
squeezenet,occlusion,ISIC_0012240,0.14004455768089152,0.12879595030652735,0.144798842413851,0.4038223606382119
squeezenet,saliency,ISIC_0012240,0.18168325687363324,0.1661646812595808,0.20860825178826034,0.905145772476607
squeezenet,deep_lift,ISIC_0012248,-0.08531920411549582,0.05462843721471883,0.12049677587768177,0.4936896848861296
squeezenet,gradcam,ISIC_0012248,-0.2556908043742857,0.002574968220320138,0.07267359956303276,-0.6096055041375161
squeezenet,guided_backprop,ISIC_0012248,-0.14396165440463887,-0.0394872511586907,0.04376715336573509,0.36373992704663316
squeezenet,integrated_gradients,ISIC_0012248,-0.2571830189513104,-0.036002459940863,0.03494605931811937,-0.5410998295868472
squeezenet,lrp,ISIC_0012248,-0.2605575763188004,-0.02375178517034098,0.047166824779317655,-0.6497308744665717
squeezenet,occlusion,ISIC_0012248,-0.03313646244972497,0.0014473501908698733,0.023660757107700707,0.711090989323405
squeezenet,saliency,ISIC_0012248,0.0774035226363585,0.12840960538331014,0.17062896480183556,0.2706420529288792
squeezenet,deep_lift,ISIC_0012258,-0.3012163871819091,-0.08131496454877625,-0.00829644857959007,-0.5868083312992326
squeezenet,gradcam,ISIC_0012258,0.04165268293903287,0.11841433502065424,0.18376993998739546,1.3161292628713066
squeezenet,guided_backprop,ISIC_0012258,0.0016959550037241803,0.06211593641655124,0.13950711381946845,0.2612291074408349
squeezenet,integrated_gradients,ISIC_0012258,0.004122669631094255,0.0417274755242926,0.0945968791792683,0.26174473296269335
squeezenet,lrp,ISIC_0012258,0.11236812453167151,0.09548198885226936,0.1282096079842257,0.8121788700623345
squeezenet,occlusion,ISIC_0012258,0.036890104240650146,0.04680881258062318,0.07750479055658469,1.014607196274122
squeezenet,saliency,ISIC_0012258,0.18029120523997064,0.17877712737529852,0.21783700790966706,0.8513050819944556
squeezenet,deep_lift,ISIC_0012265,-0.05994684168660461,-0.009127150456811076,0.056264784551032954,0.8711999585190409
squeezenet,gradcam,ISIC_0012265,-0.11379967361835158,0.06088943870864144,0.1098446887769019,-0.6186577920213878
squeezenet,guided_backprop,ISIC_0012265,-0.07405270839577559,0.05041104337220899,0.1306797182533388,-0.5562251379782294
squeezenet,integrated_gradients,ISIC_0012265,-0.11301222953264049,-0.011890272015564434,0.056445030160347624,0.42569518465117256
squeezenet,lrp,ISIC_0012265,-0.0035430005668962076,0.07322791538751283,0.12875947342682795,-0.061837002978700505
squeezenet,occlusion,ISIC_0012265,0.10940047347923704,0.11715075713540128,0.14738956180316495,0.37706815712448893
squeezenet,saliency,ISIC_0012265,-0.003851583565936184,0.14116291227659122,0.1897365480579677,-0.5433517002715662
squeezenet,deep_lift,ISIC_0012266,-0.2574113308111142,-0.04940508901529118,0.024756980744454794,-0.4255333292704791
squeezenet,gradcam,ISIC_0012266,0.01691050674433044,0.09601993156255807,0.14528678488624844,0.6769375256832292
squeezenet,guided_backprop,ISIC_0012266,-0.10685905530840747,0.037699845751313944,0.12758561370479585,-0.5562467528887339
squeezenet,integrated_gradients,ISIC_0012266,-0.09284471492715496,0.0269663422098867,0.09150021467271108,-0.5436083315395058
squeezenet,lrp,ISIC_0012266,-0.043921460233749605,0.09514528793377755,0.13948939944099217,-0.5312828134964127
squeezenet,occlusion,ISIC_0012266,-0.21280257516522508,-0.04710292268020674,-0.01572332879189005,-0.35936389682637954
squeezenet,saliency,ISIC_0012266,0.17700307595452214,0.17524884100218846,0.22069981764938007,0.8518101381914318
squeezenet,deep_lift,ISIC_0012272,-0.14817435129149925,0.025281434638677207,0.09902361560235755,0.009082129740714642
squeezenet,gradcam,ISIC_0012272,-0.1434831370217428,0.06344648731014524,0.1409466095665964,0.0056280349860734335
squeezenet,guided_backprop,ISIC_0012272,-0.3321556887608841,-0.04042888584013441,0.0563573455689824,-1.1001813596705345
squeezenet,integrated_gradients,ISIC_0012272,-0.08771306089254528,0.021806791639802245,0.08234864784031355,0.5064325538791686
squeezenet,lrp,ISIC_0012272,-0.12514429812934827,-0.0018274083205193701,0.060115597754108595,0.2995765414745653
squeezenet,occlusion,ISIC_0012272,0.35824813992313603,0.23870326162673586,0.2562977109253578,1.47635143558128
squeezenet,saliency,ISIC_0012272,-0.023560435555610732,0.1004346646553819,0.15725867929594925,-0.4041100221251301
squeezenet,deep_lift,ISIC_0012273,-0.253989140186556,-0.0008362776246546725,0.08394806414313796,-0.6894370254381633
squeezenet,gradcam,ISIC_0012273,-0.15376356659770832,-0.018286740519477856,0.04411362453319778,0.26560286626371354
squeezenet,guided_backprop,ISIC_0012273,-0.08982881729973419,-0.011144296102130932,0.06297116176105258,0.5304021341173968
squeezenet,integrated_gradients,ISIC_0012273,-0.24876076454170004,-0.03965579961910351,0.03844453136758284,-0.5446565081572112
squeezenet,lrp,ISIC_0012273,-0.19490500626164173,-0.023315508158851594,0.049417689203758546,-0.200083071786601
squeezenet,occlusion,ISIC_0012273,-0.16927533898658487,-0.09757360589458389,-0.07729611793247397,0.4219392092788676
squeezenet,saliency,ISIC_0012273,-0.16588319200075033,0.037595960163400985,0.09437943963002576,-0.36812801032715087
squeezenet,deep_lift,ISIC_0012314,0.01320041986715092,0.06305311199908992,0.12836683125941323,1.309345844517026
squeezenet,gradcam,ISIC_0012314,-0.17495765930636267,0.049170909710884586,0.11047883125749526,-0.35231102479962223
squeezenet,guided_backprop,ISIC_0012314,-0.3215816441515324,-0.04149815176852879,0.052473659333973945,-1.131003928966515
squeezenet,integrated_gradients,ISIC_0012314,-0.010178558192876547,0.0842006335935123,0.15224575024864007,-0.011140034080236321
squeezenet,lrp,ISIC_0012314,0.03171780692609153,0.06564470454208746,0.13437684761153287,0.38559267483763376
squeezenet,occlusion,ISIC_0012314,0.1041652716546669,0.08961457366723084,0.10794381704005009,0.70604035408276
squeezenet,saliency,ISIC_0012314,0.1121813179631774,0.11974809030863194,0.17340286090756302,0.60884476919408
squeezenet,deep_lift,ISIC_0012323,-0.21979024478374287,-0.012086042423131957,0.06066695764222761,-0.4348935380404363
squeezenet,gradcam,ISIC_0012323,-0.09588713511942569,-0.038844098754867655,0.006032113934993495,0.9562206336647702
squeezenet,guided_backprop,ISIC_0012323,-0.010209101837564525,0.057673085059564776,0.13883182561884147,-0.0326064542711245
squeezenet,integrated_gradients,ISIC_0012323,-0.02877440231160138,0.06491582434764202,0.10948664298222457,-0.2888804762822632
squeezenet,lrp,ISIC_0012323,-0.2325553030871828,-0.02735444145829557,0.03515783444798592,-0.4971096766241334
squeezenet,occlusion,ISIC_0012323,0.24346803677547907,0.1760964463176781,0.19363503109360533,1.1672633443277833
squeezenet,saliency,ISIC_0012323,-0.1480216919229251,0.01149912195425749,0.07748288513464352,-0.11926343767464172
squeezenet,deep_lift,ISIC_0012330,-0.24305838145049757,-0.047348661743520364,0.030277648150273263,-0.33258980026790463
squeezenet,gradcam,ISIC_0012330,-0.27955614153962927,-0.10019246394839101,-0.043894997574446995,-0.0474170321637258
squeezenet,guided_backprop,ISIC_0012330,0.0861012024789193,0.09096763302907449,0.1621523276455971,0.55151132898704
squeezenet,integrated_gradients,ISIC_0012330,-0.10982943689585611,0.01082490398697245,0.07893699807333376,-0.49208508918241833
squeezenet,lrp,ISIC_0012330,-0.2571855985311159,-0.046171826495458146,0.0214483460976605,-0.48129214156498207
squeezenet,occlusion,ISIC_0012330,0.02492371425786585,0.06113813979684919,0.08073603786614277,0.29592977635347095
squeezenet,saliency,ISIC_0012330,-0.00984629363583797,0.13067270708260179,0.17678341731922986,-0.48511629549397944
squeezenet,deep_lift,ISIC_0012356,-0.17003338753230632,-0.00404926347814941,0.06912007184804475,0.1653793621323174
squeezenet,gradcam,ISIC_0012356,-0.16452291417217835,0.10534792672652488,0.1825692756281157,-0.16483351237119434
squeezenet,guided_backprop,ISIC_0012356,-0.18853286952298504,-0.04605100703780113,0.02658042830935634,0.11275888830131153
squeezenet,integrated_gradients,ISIC_0012356,-0.3075330551616541,-0.04413120642483624,0.028713541280734067,-0.8820766547558221
squeezenet,lrp,ISIC_0012356,-0.29513807186742824,-0.03182045174816344,0.029891644436579833,-0.8790326159188314
squeezenet,occlusion,ISIC_0012356,-0.14143944254347277,-0.019213621492488835,0.01103540996782997,-0.10929114226526918
squeezenet,saliency,ISIC_0012356,0.10234002331282586,0.06872550072182786,0.10760339656689345,1.6701759283490043
squeezenet,deep_lift,ISIC_0012357,-0.14821602225978917,-0.11238019567678993,-0.043602546134855084,0.8468199514293164
squeezenet,gradcam,ISIC_0012357,0.34971361804790835,0.27728857909278604,0.33322908997847217,1.728103155792414
squeezenet,guided_backprop,ISIC_0012357,0.08065037454951396,0.07829833999038902,0.1595257552398532,0.9303165189363831
squeezenet,integrated_gradients,ISIC_0012357,-0.17613072353734174,-0.10123593670434303,-0.033506395119602496,0.754590740265756
squeezenet,lrp,ISIC_0012357,-0.17665640537458,-0.08467523021005673,-0.015294444881499905,0.5878555553954578
squeezenet,occlusion,ISIC_0012357,0.15112843523184877,0.13515245591096456,0.15756478842578928,1.5551465036055123
squeezenet,saliency,ISIC_0012357,0.161709867105224,0.10589265931822595,0.16861813914047546,1.4337536492094756
squeezenet,deep_lift,ISIC_0012358,-0.2135477025572455,-0.025687295528959927,0.03558950567851923,-0.24852400958801635
squeezenet,gradcam,ISIC_0012358,-0.19235170089285905,0.01959881865388297,0.07772569064943685,0.0671487161140015
squeezenet,guided_backprop,ISIC_0012358,0.01816780053733333,0.0957760480440171,0.17608108240090614,0.026047082249255078
squeezenet,integrated_gradients,ISIC_0012358,-0.07713372782340627,-0.008131456872365262,0.042142924686932856,0.680544944340117
squeezenet,lrp,ISIC_0012358,0.014341985067755079,0.02242534688719384,0.06377420676734574,1.1855078674821828
squeezenet,occlusion,ISIC_0012358,-0.11149846844411493,0.004407336137748286,0.03761344992291238,0.07853188817111821
squeezenet,saliency,ISIC_0012358,0.0643436785020783,0.07775772017242298,0.12698650551760907,1.275250118332706
squeezenet,deep_lift,ISIC_0012364,-0.12060865488686455,0.005810363763608683,0.06335297727948179,0.28354360833691933
squeezenet,gradcam,ISIC_0012364,-0.16553662296917768,0.07827867215845989,0.15653011062608363,-0.37809574462405304
squeezenet,guided_backprop,ISIC_0012364,-0.06445819182818358,0.014302804690441215,0.09865949818979855,0.7023408339258577
squeezenet,integrated_gradients,ISIC_0012364,-0.06607338585709834,-0.005787753160248885,0.05091469503182674,0.7234062128074273
squeezenet,lrp,ISIC_0012364,-0.07878158933253146,0.01553128064613731,0.06231029695945551,0.48675085898886494
squeezenet,occlusion,ISIC_0012364,-0.1711597334242459,0.013353988574912119,0.04441358607455063,-0.46985668157393695
squeezenet,saliency,ISIC_0012364,0.15853200869313028,0.16475123483474824,0.20519702445565205,0.6613442361617021
squeezenet,deep_lift,ISIC_0012369,-0.554923967972569,-0.22285362989299037,-0.13616629602080416,-0.7546666489006126
squeezenet,gradcam,ISIC_0012369,0.06917899057957551,0.027031715145028553,0.08671195450490168,2.160279003509037
squeezenet,guided_backprop,ISIC_0012369,-0.33240051938931436,-0.17972452275186918,-0.09755510666547941,0.7699478777311602
squeezenet,integrated_gradients,ISIC_0012369,-0.4744560625512607,-0.1951712394439834,-0.1113400565257404,-0.21629813802182862
squeezenet,lrp,ISIC_0012369,-0.43951231981297345,-0.17112315659051147,-0.090917637632099,-0.1263406356345772
squeezenet,occlusion,ISIC_0012369,0.20699390449477498,0.114463309562017,0.15633688851630237,2.333750603462129
squeezenet,saliency,ISIC_0012369,-0.18139246866587252,-0.06443961567415547,0.005901821267128323,1.039569706884224
squeezenet,deep_lift,ISIC_0012372,-0.15496996136762817,-0.015267013472907263,0.05165865769100178,0.08681005085767285
squeezenet,gradcam,ISIC_0012372,-0.17059783168040615,-0.02396402550767374,0.031659139785511735,0.44320791486094674
squeezenet,guided_backprop,ISIC_0012372,-0.11513341521002493,0.039709747798355885,0.1265685317020305,0.15998446364758512
squeezenet,integrated_gradients,ISIC_0012372,-0.21712091961269628,-0.03068273305951942,0.028066169879872302,-0.4528076095122063
squeezenet,lrp,ISIC_0012372,-0.10619859992624575,0.011423036360836964,0.058869072457911654,0.2313932954448292
squeezenet,occlusion,ISIC_0012372,-0.024378703739283306,0.03408073781659104,0.06499351779030324,0.5391516667124382
squeezenet,saliency,ISIC_0012372,-0.007076349409797977,0.09130672713783353,0.13711255088407218,0.5753859867962564
squeezenet,deep_lift,ISIC_0012375,0.01545627833376599,0.06519140141170364,0.12080354229725558,0.25597236120612415
squeezenet,gradcam,ISIC_0012375,-0.12995208199418853,0.04846809944240211,0.09942351789249834,-0.43592841599286514
squeezenet,guided_backprop,ISIC_0012375,-0.12654151420692922,0.021246964068265914,0.10994610802696918,-0.5737799989457667
squeezenet,integrated_gradients,ISIC_0012375,0.016810353645785765,0.04645264363047006,0.09966175167430293,0.3031374880738682
squeezenet,lrp,ISIC_0012375,0.05353521823927204,0.08298341864814031,0.11981529295410004,0.3405699885907492
squeezenet,occlusion,ISIC_0012375,-0.04296237869505245,0.01153506903523761,0.03295934498601231,-0.1482456530417849
squeezenet,saliency,ISIC_0012375,-0.07184845891108427,0.07243231123453445,0.13281454817801294,-0.6266556752624929
squeezenet,deep_lift,ISIC_0012387,-0.15073839372953463,-0.03639128648609399,0.04062322848746008,0.3356638435315106
squeezenet,gradcam,ISIC_0012387,-0.1508189942994102,0.020130418333056864,0.08031154793243084,0.27925528336369637
squeezenet,guided_backprop,ISIC_0012387,0.04106180345857134,0.07874891225768352,0.15910993344414626,0.3453564456624988
squeezenet,integrated_gradients,ISIC_0012387,-0.21090862225190424,-0.048502685643088815,0.029184262606590808,-0.18547870105609904
squeezenet,lrp,ISIC_0012387,-0.18769253718787327,-0.058196982942046005,0.004248275455553805,0.05633320564401069
squeezenet,occlusion,ISIC_0012387,-0.05540229701212726,0.0041160105330435804,0.027374075852628514,0.7431916226327115
squeezenet,saliency,ISIC_0012387,-0.1302495904181853,0.02955879134500022,0.09008570046741007,-0.042914238736337346
squeezenet,deep_lift,ISIC_0012388,-0.26617860829452,0.01997062767466489,0.10025160580198982,-0.8433666214395173
squeezenet,gradcam,ISIC_0012388,-0.16922230334988259,0.090710637986811,0.1660551019453847,-0.047403953311098465
squeezenet,guided_backprop,ISIC_0012388,-0.22092082212532477,-0.04272493292654203,0.05019386545526396,-0.249588195893672
squeezenet,integrated_gradients,ISIC_0012388,-0.2135819938084657,-0.05590704334520579,0.007541248787449681,-0.07539976857382172
squeezenet,lrp,ISIC_0012388,-0.17796061489455325,-0.039416616772503105,0.021517610601601265,0.1614086847549076
squeezenet,occlusion,ISIC_0012388,0.08760233811248878,0.14614541284052313,0.17574853677646382,0.20011657489788268
squeezenet,saliency,ISIC_0012388,-0.0799309676364255,0.0345379043721593,0.09155028550084737,0.4788018474267652
squeezenet,deep_lift,ISIC_0012395,-0.12059884744414742,-0.01725016607962951,0.055089908799113185,-0.0700848910522581
squeezenet,gradcam,ISIC_0012395,0.2164757499814442,0.1084425818536534,0.1679665954122726,2.619667071029431
squeezenet,guided_backprop,ISIC_0012395,-0.12802327418771883,0.08588191066919265,0.1736720770812087,0.6169718290020313
squeezenet,integrated_gradients,ISIC_0012395,-0.08703440259718838,0.04820924529223507,0.12793405868616875,-0.062369274729305514
squeezenet,lrp,ISIC_0012395,-0.14306734832505408,0.037900981924891525,0.11954621250615974,-0.4532103062855389
squeezenet,occlusion,ISIC_0012395,0.17408124182353418,0.11303163714156259,0.15048486680627596,1.8319348845604109
squeezenet,saliency,ISIC_0012395,0.14443952526639683,0.13896095995203633,0.20510782924851348,1.3246981461041476
squeezenet,deep_lift,ISIC_0012414,-0.16637328663545622,-0.014597335312435254,0.04944312527190234,0.07299064483575145
squeezenet,gradcam,ISIC_0012414,0.06736160572296558,0.1767067846118755,0.23286467485254353,0.1948316743263539
squeezenet,guided_backprop,ISIC_0012414,-0.030663371629612378,0.08696238888696257,0.17422259200304324,-0.25179764273709526
squeezenet,integrated_gradients,ISIC_0012414,0.07099274020560259,0.11256661591369406,0.15757501872722918,0.37761856799808324
squeezenet,lrp,ISIC_0012414,0.023717341288792795,0.09135937390204608,0.13860215471080461,0.02640630420206287
squeezenet,occlusion,ISIC_0012414,-0.0018589599093671492,0.08083305189333288,0.11262848853352096,-0.4070541194776183
squeezenet,saliency,ISIC_0012414,0.07301931304376481,0.13176972571944195,0.1887636218958,0.1541050064954145
squeezenet,deep_lift,ISIC_0012425,-0.021932900259383346,0.07933261832706956,0.165770825772315,-0.028872634182087187
squeezenet,gradcam,ISIC_0012425,-0.014712291689707974,0.0845993217969545,0.12704894794521024,-0.012409906637807288
squeezenet,guided_backprop,ISIC_0012425,-0.03004823703173682,0.06005806121172778,0.1411570471277816,-0.21813243794395276
squeezenet,integrated_gradients,ISIC_0012425,0.02773785918974787,0.06084806548171892,0.13892401358156012,0.5039265065010924
squeezenet,lrp,ISIC_0012425,0.023166666805679685,0.036903267371313046,0.11034567825347945,0.5114589364575186
squeezenet,occlusion,ISIC_0012425,-0.07847973958534858,0.02500788852453086,0.055921409492529106,0.21976863171598612
squeezenet,saliency,ISIC_0012425,0.25590283162528893,0.17785662938290236,0.21514684619081598,1.3605328834271637
squeezenet,deep_lift,ISIC_0012428,-0.07039433754159546,-0.005598300180449521,0.05016456186511155,0.23619068819587646
squeezenet,gradcam,ISIC_0012428,0.11651674035815725,0.12625138456498755,0.18104327966313963,1.72612381615726
squeezenet,guided_backprop,ISIC_0012428,-0.12575746268475393,0.04674180369755976,0.13132541658478783,-0.14900525228653394
squeezenet,integrated_gradients,ISIC_0012428,-0.07969924030444221,-0.010267342927549829,0.05473273751360897,0.1939720236907783
squeezenet,lrp,ISIC_0012428,-0.10058167682909593,0.004395608026349288,0.06027137766113677,0.09178954007086068
squeezenet,occlusion,ISIC_0012428,0.14013579756554914,0.06032327652862541,0.07179451689190003,2.1476912123400083
squeezenet,saliency,ISIC_0012428,0.04377353443161347,0.0735821126354629,0.128310357001205,1.0411246615646574
squeezenet,deep_lift,ISIC_0012432,-0.1410338066125188,0.01459368348811241,0.10725546208530852,0.2189717192740359
squeezenet,gradcam,ISIC_0012432,0.0065188696244872476,0.02799034964635039,0.0756020371195873,1.399685179793657
squeezenet,guided_backprop,ISIC_0012432,-0.01655230008776942,0.07759497841102038,0.1565410768773215,-0.26077938907829473
squeezenet,integrated_gradients,ISIC_0012432,-0.058542055154659954,0.08610737475017577,0.1666059962765586,-0.39806902099351915
squeezenet,lrp,ISIC_0012432,-0.0732891432608662,0.07658572299163291,0.14752325262902488,-0.5126640959421935
squeezenet,occlusion,ISIC_0012432,-0.01931127926482941,-0.004636759828368308,0.019254055202445972,1.0090164080835125
squeezenet,saliency,ISIC_0012432,-0.11462707298464035,0.04118526282354485,0.09623039814501202,-0.015156556133294799
squeezenet,deep_lift,ISIC_0012447,-0.16698930696501407,0.01576064965597645,0.08243219170955192,-0.009490970964506943
squeezenet,gradcam,ISIC_0012447,-0.005682292234446756,0.09173653479713785,0.13967530290524735,1.0325538732888568
squeezenet,guided_backprop,ISIC_0012447,-0.08004252325551897,0.06120877888315509,0.14324726666181578,-0.5598745774865557
squeezenet,integrated_gradients,ISIC_0012447,-0.05713723399193753,0.0035701929289725055,0.0537030986946938,0.8129638210326237
squeezenet,lrp,ISIC_0012447,-0.10992770377866168,0.007358438822355209,0.058099182844768754,0.3814473379927143
squeezenet,occlusion,ISIC_0012447,0.20079161346919475,0.17793878100245186,0.20638119826118154,0.7678887461043472
squeezenet,saliency,ISIC_0012447,0.04926463998383067,0.13433210736228723,0.1811648209653696,0.03054804390456662
squeezenet,deep_lift,ISIC_0012448,-0.1834777339379989,0.051269832377055374,0.13439469167187376,-0.4124559786962418
squeezenet,gradcam,ISIC_0012448,-0.07051907693037947,0.03663725127252222,0.09818573119236008,0.718262596816171
squeezenet,guided_backprop,ISIC_0012448,-0.1743170152309535,-0.01841716237257525,0.0780548050603746,-0.07601492801089531
squeezenet,integrated_gradients,ISIC_0012448,-0.23755091571272632,-0.050863684763081216,0.03502102116581422,-0.399752163083877
squeezenet,lrp,ISIC_0012448,-0.11433715210456613,0.018126818601392133,0.07029149618644423,0.23411915547210427
squeezenet,occlusion,ISIC_0012448,0.035996781592161395,0.05874782196485952,0.08712128877972787,1.0094851951933705
squeezenet,saliency,ISIC_0012448,-0.012796866668595232,0.098364936101887,0.13776929654387574,0.4875311938935215
squeezenet,deep_lift,ISIC_0012484,0.059143136765736064,0.0811930631178946,0.13934698331484538,0.6792816810451701
squeezenet,gradcam,ISIC_0012484,-0.09827067857667245,-0.052186881663509335,-0.008491982368257345,0.9433966904396183
squeezenet,guided_backprop,ISIC_0012484,-0.02124626122594662,0.07407376054091538,0.14594653363369126,-0.08402764402639114
squeezenet,integrated_gradients,ISIC_0012484,0.08690709584767163,0.08325332414597938,0.14455920655746102,0.7546940522108794
squeezenet,lrp,ISIC_0012484,0.10500637408446,0.07383163159817668,0.13276709360054953,0.9478882688424671
squeezenet,occlusion,ISIC_0012484,-0.2102236163479579,-0.14536562422604912,-0.1328922588752177,0.3094779656222922
squeezenet,saliency,ISIC_0012484,0.20470307784316993,0.1127948423576075,0.16622425375044517,1.5090022599515316
squeezenet,deep_lift,ISIC_0012493,-0.2591247859061319,-0.06589528770525714,0.015267606444326853,-0.49257380597247097
squeezenet,gradcam,ISIC_0012493,0.4508791578611536,0.27192026877770487,0.326705143827997,2.5506505885174646
squeezenet,guided_backprop,ISIC_0012493,-0.22886722214755348,-0.04287208256566076,0.03751160582179942,-0.3352993575236971
squeezenet,integrated_gradients,ISIC_0012493,-0.2531399573505472,-0.09192396569730157,-0.018528543932537934,-0.28712296424559286
squeezenet,lrp,ISIC_0012493,-0.2555931305508958,-0.05742311019480553,0.020976167013600826,-0.6281791234632079
squeezenet,occlusion,ISIC_0012493,0.4376015246538294,0.29493676524812806,0.3518078114052876,2.3809814543119834
squeezenet,saliency,ISIC_0012493,0.19997501931875253,0.10220692335175664,0.16686994066305877,2.150478583273617
squeezenet,deep_lift,ISIC_0012510,-0.04633035972052201,0.011814631518609847,0.07201092775858224,0.3877387790026465
squeezenet,gradcam,ISIC_0012510,0.07060550563263372,0.12034194327126377,0.17476076969373414,0.4890976521025962
squeezenet,guided_backprop,ISIC_0012510,0.0050812456464488075,0.012489412988375099,0.089899819479382,0.6095573285319003
squeezenet,integrated_gradients,ISIC_0012510,0.05603034265432818,0.03875381956096526,0.09293390653732465,0.9911687933026835
squeezenet,lrp,ISIC_0012510,-0.02647019690559907,0.011216530914387558,0.07251017731732312,0.5168362865657566
squeezenet,occlusion,ISIC_0012510,-0.059458198936899395,0.050594298047384446,0.07356937899326409,0.2513580907095803
squeezenet,saliency,ISIC_0012510,-0.05424269252771191,0.025246285175449152,0.08693248354817783,0.3474133425273783
squeezenet,deep_lift,ISIC_0012522,0.002965401018268603,0.09837265850285952,0.18348607077165965,0.04148076260059752
squeezenet,gradcam,ISIC_0012522,0.07025498003971876,0.15161258661943547,0.21308254593085368,0.3594822293025318
squeezenet,guided_backprop,ISIC_0012522,0.1661639542040426,0.13578297992094876,0.2104100064385183,1.0307674558888167
squeezenet,integrated_gradients,ISIC_0012522,-0.0324414967991192,0.05701162378929371,0.13677308991560214,-0.0858164518889916
squeezenet,lrp,ISIC_0012522,0.06356491797877722,0.0928075544065305,0.16274873348787475,0.48679313628839394
squeezenet,occlusion,ISIC_0012522,0.004086792749445459,-0.04016992673085086,-0.025375643949926575,0.5740859415180102
squeezenet,saliency,ISIC_0012522,0.08247901846289442,0.11732392369875112,0.1825227794570122,0.404912521471914
squeezenet,deep_lift,ISIC_0012537,-0.4331526924120369,-0.17338675687256885,-0.08478206188339729,-0.7323745688947464
squeezenet,gradcam,ISIC_0012537,0.3645933976966449,0.24288592650920204,0.3020020606921105,2.414910709049976
squeezenet,guided_backprop,ISIC_0012537,-0.12378705432145311,0.0446107573101066,0.1394754214515944,-0.3865370632494757
squeezenet,integrated_gradients,ISIC_0012537,-0.33067595135793015,-0.1281128660263387,-0.04584944096974726,-0.13684328401330476
squeezenet,lrp,ISIC_0012537,-0.3145755473734894,-0.09032044045900905,-0.004422168640801867,-0.14671986933167222
squeezenet,occlusion,ISIC_0012537,0.3073272865563222,0.1567579073298043,0.19975989221435642,2.7909433287840892
squeezenet,saliency,ISIC_0012537,-0.13623430489724814,-0.013949902602020217,0.06869523800624364,0.9949651775669991
squeezenet,deep_lift,ISIC_0012548,-0.2443536891008252,-0.05231662505305454,0.021170042107855544,-0.3187686769596613
squeezenet,gradcam,ISIC_0012548,-0.09424058258186863,0.007913448080590003,0.06576385399802619,0.8179771613937883
squeezenet,guided_backprop,ISIC_0012548,-0.11319834169781491,0.05511338537508543,0.14898770196217936,-0.8202185909776705
squeezenet,integrated_gradients,ISIC_0012548,-0.16955031463292833,-0.037763010690907345,0.0233579382958004,0.1469819592804005
squeezenet,lrp,ISIC_0012548,-0.04298787721325727,0.0469963233556362,0.1131768258639146,-0.21412441073389973
squeezenet,occlusion,ISIC_0012548,0.01913237970566606,0.028841170922479446,0.041868698220539485,0.14610921147447678
squeezenet,saliency,ISIC_0012548,-0.026591175688381433,0.0958932278922688,0.1633251307899856,-0.3189057667818785
squeezenet,deep_lift,ISIC_0012551,-0.3982421070014217,-0.019271753857087282,0.09202587838150705,-1.6644653422645808
squeezenet,gradcam,ISIC_0012551,-0.18519869394516944,0.015143023220806223,0.09561151668263568,0.01496145179969486
squeezenet,guided_backprop,ISIC_0012551,-0.14654127011821477,0.11240095751070127,0.19752517624414595,0.5409051854859813
squeezenet,integrated_gradients,ISIC_0012551,-0.32536293235339925,-0.02548551751898688,0.07089729340548448,-1.0500544771674836
squeezenet,lrp,ISIC_0012551,-0.13983689908719601,0.06036755590754585,0.1499099294362165,-0.9368903092942111
squeezenet,occlusion,ISIC_0012551,0.02447572714291733,0.014517250606576139,0.04038870887603789,1.1093508443318705
squeezenet,saliency,ISIC_0012551,-0.17268555377932396,0.09021350296850283,0.16581864054412343,-1.556152219746481
squeezenet,deep_lift,ISIC_0012654,-0.28741954138711734,-0.07044366112397504,0.010192803935015312,-0.4101982463408776
squeezenet,gradcam,ISIC_0012654,0.4260175420451966,0.26569077779534744,0.31516034256830827,2.747564328257032
squeezenet,guided_backprop,ISIC_0012654,-0.18514551397758147,-0.034551689311098796,0.052014539584893056,-0.12191779447890462
squeezenet,integrated_gradients,ISIC_0012654,-0.31910098871269016,-0.05730878626352899,0.030100676578965164,-0.8220043489397627
squeezenet,lrp,ISIC_0012654,-0.3669152607787781,-0.08381482078750266,0.0034934486678655286,-0.9862934952852163
squeezenet,occlusion,ISIC_0012654,0.24008551986215948,0.0438607343051305,0.05815881258667768,1.9920852518049796
squeezenet,saliency,ISIC_0012654,-0.09003056207462684,-0.04852480232060227,0.021875966021021574,1.4266787592823573
squeezenet,deep_lift,ISIC_0012656,-0.4127313956515411,-0.24089860335313554,-0.17997067363124716,0.1561659515765837
squeezenet,gradcam,ISIC_0012656,0.19473786331342652,0.043140001352938245,0.07816855286159957,2.097540223716428
squeezenet,guided_backprop,ISIC_0012656,-0.15837392029416458,-0.02297886796148177,0.061640879227682216,-0.00020113029130339638
squeezenet,integrated_gradients,ISIC_0012656,-0.3208054194204875,-0.17927647634667745,-0.11186615213976012,0.554277158281028
squeezenet,lrp,ISIC_0012656,-0.2175598964062751,-0.1364249844486737,-0.06670856696177674,1.0442117836808913
squeezenet,occlusion,ISIC_0012656,0.10731945133026612,0.08536444266474706,0.11856496036406856,0.7136000774431284
squeezenet,saliency,ISIC_0012656,0.009422017115339729,0.024481675906220152,0.10592680122098763,1.4818197881262865
squeezenet,deep_lift,ISIC_0012705,-0.11060294983724679,-0.013847780497719104,0.05746391605405793,0.22148296888481003
squeezenet,gradcam,ISIC_0012705,0.1686344673097463,0.08830887231995661,0.14200142752231257,1.4765120453569613
squeezenet,guided_backprop,ISIC_0012705,-0.09508256771650338,0.07495527733474648,0.17375422658034595,-0.14780621092059462
squeezenet,integrated_gradients,ISIC_0012705,-0.2218082263348925,-0.09039486399812582,-0.01706379348828917,0.6949492672421266
squeezenet,lrp,ISIC_0012705,-0.260653857175913,-0.07253078542540342,0.009847612890729805,0.23761349883869984
squeezenet,occlusion,ISIC_0012705,0.03730467011097333,0.008861598571050696,0.0250733927276596,1.3358206661536167
squeezenet,saliency,ISIC_0012705,-0.08256248064823689,0.009509595897151413,0.08958327397754083,1.16416523157909
squeezenet,deep_lift,ISIC_0012708,-0.03855274380604296,-0.03711422481460413,0.021037586529596152,1.348480409329817
squeezenet,gradcam,ISIC_0012708,0.3714890741229706,0.23979199434438264,0.296071144765886,2.4065537252109626
squeezenet,guided_backprop,ISIC_0012708,-0.2483043717392139,-0.07936419710815057,0.0016420547768812245,0.16835791511756754
squeezenet,integrated_gradients,ISIC_0012708,-0.15381622220931374,-0.024107338668167007,0.05150385737872011,0.4290225253575391
squeezenet,lrp,ISIC_0012708,-0.27360665365919007,-0.1181892897271849,-0.04239472783467508,0.8054367032152201
squeezenet,occlusion,ISIC_0012708,0.3258231507358388,0.20306111316172673,0.25579059164472645,1.8022491862860874
squeezenet,saliency,ISIC_0012708,0.020445015695667795,-0.005053465271825302,0.07012898306977097,1.964334051385373
squeezenet,deep_lift,ISIC_0012722,-0.1521312336896909,-0.04242299119547342,0.018125806508041038,0.6681513942820962
squeezenet,gradcam,ISIC_0012722,0.22397548726870237,0.20374473736463752,0.2574789708993492,2.3676553857251776
squeezenet,guided_backprop,ISIC_0012722,-0.1866275307933075,-0.0175619873711406,0.06029011215941791,0.22750759397405576
squeezenet,integrated_gradients,ISIC_0012722,-0.1952156499583252,-0.04871410387577632,0.015219084037291273,0.3360495414599721
squeezenet,lrp,ISIC_0012722,-0.2955295325339461,-0.10625379762109699,-0.03646557080627873,-0.2505981434281375
squeezenet,occlusion,ISIC_0012722,0.09484826773538371,0.052607565011616994,0.08867948276271365,1.6425278933327558
squeezenet,saliency,ISIC_0012722,0.008020649560131887,0.021427026115619478,0.07518712507451589,1.1131578528742307
squeezenet,deep_lift,ISIC_0012757,-0.1793246016357501,-0.06453056644160704,0.009269363951259465,0.10841091167041239
squeezenet,gradcam,ISIC_0012757,0.03277435647623312,0.07229653447375393,0.10799178904803532,0.5771005620954498
squeezenet,guided_backprop,ISIC_0012757,0.12332952522480796,0.10451286802136017,0.1797472949066027,0.8622528509878116
squeezenet,integrated_gradients,ISIC_0012757,0.05928749674470899,0.027524532936005455,0.08878943244521931,0.6383257486211164
squeezenet,lrp,ISIC_0012757,0.10036823306440602,0.07978406093271488,0.12297344089750879,0.6076029376324306
squeezenet,occlusion,ISIC_0012757,0.23064452893303852,0.14365164403704722,0.16014113569159816,1.1002100085858135
squeezenet,saliency,ISIC_0012757,0.059330405835035606,0.1380811573300213,0.19048781888256283,0.03076067600722537
squeezenet,deep_lift,ISIC_0012758,-0.5032450895682731,-0.22444777727652301,-0.15510577416287114,-0.6577458298234318
squeezenet,gradcam,ISIC_0012758,0.32374914652794334,0.23990395987865715,0.29676289777681825,2.178472456857939
squeezenet,guided_backprop,ISIC_0012758,-0.1300323871663799,0.020677608130509624,0.11233092379704201,0.074117720456229
squeezenet,integrated_gradients,ISIC_0012758,-0.3187012184616435,-0.07415978508724165,0.002603492252452892,-0.9550632467958546
squeezenet,lrp,ISIC_0012758,-0.4539245166938568,-0.16903035446199144,-0.09131311751836892,-0.6649052010787257
squeezenet,occlusion,ISIC_0012758,0.3788855494445208,0.2592062943688236,0.30876419790753035,1.960828625797714
squeezenet,saliency,ISIC_0012758,0.19339415729622572,0.11285429176176917,0.18017613119868597,1.6521458690693407
squeezenet,deep_lift,ISIC_0012786,0.08702199129603007,0.12084992229508619,0.16743278744034104,0.46876256411254863
squeezenet,gradcam,ISIC_0012786,0.06275858806595408,0.15509550723655965,0.20584880364956906,0.4608394171721712
squeezenet,guided_backprop,ISIC_0012786,-0.01667537642779385,0.14135621410544727,0.221147364417851,-0.41820177143997905
squeezenet,integrated_gradients,ISIC_0012786,-0.06822117204902736,0.008891700570570059,0.05608450112214277,0.6155014289206563
squeezenet,lrp,ISIC_0012786,0.06593303247856158,0.10088408255047888,0.13659683625848007,0.3106718780264162
squeezenet,occlusion,ISIC_0012786,0.22235950097397236,0.17526300610876416,0.19308364136100933,1.083758643752697
squeezenet,saliency,ISIC_0012786,0.09926217292647303,0.1375749536567747,0.19027935082777422,0.3368236117041264
squeezenet,deep_lift,ISIC_0012803,-0.10840619167857272,-0.00827077651258553,0.05643748018466787,0.48676269223648017
squeezenet,gradcam,ISIC_0012803,0.023005543065077252,0.20734688377263358,0.2788392768217722,-0.268289617957152
squeezenet,guided_backprop,ISIC_0012803,-0.07734207763374457,0.08722123265315752,0.18812848881351824,-0.6270552213878536
squeezenet,integrated_gradients,ISIC_0012803,0.022546299636883465,0.05351200705080724,0.11072079302092501,0.26330164763924924
squeezenet,lrp,ISIC_0012803,-0.05977692788426687,0.001349750758493257,0.05201054017551137,0.5741258008783985
squeezenet,occlusion,ISIC_0012803,0.0331429742732123,0.09577872939413141,0.13089195218185598,-0.213640694681617
squeezenet,saliency,ISIC_0012803,0.0631052407625189,0.12666019047313012,0.18492570054213112,0.1096486858569122
squeezenet,deep_lift,ISIC_0012836,-0.15534915948570577,-0.04069413646786304,0.033960619480716214,0.31402526653171325
squeezenet,gradcam,ISIC_0012836,0.45782985108015123,0.3037240995225379,0.37304023231302874,2.865626288308873
squeezenet,guided_backprop,ISIC_0012836,-0.22171090315951286,-0.007439413094703536,0.08717146736490093,-0.3414092699208323
squeezenet,integrated_gradients,ISIC_0012836,-0.20204613858074189,-0.05054482900838715,0.023536304204065012,0.06843694188292247
squeezenet,lrp,ISIC_0012836,-0.13629302519592382,-0.028435403079035273,0.03804771518935596,0.5035389035296718
squeezenet,occlusion,ISIC_0012836,0.4152649974517644,0.22865173371376998,0.2737827640045576,2.4686329205142092
squeezenet,saliency,ISIC_0012836,0.0128518852305322,0.022662188303890444,0.08627768364818404,1.7648668213709446
squeezenet,deep_lift,ISIC_0012837,-0.023783716091545674,0.03448916671013688,0.1038783779367318,0.9197078475898587
squeezenet,gradcam,ISIC_0012837,0.09672064237768704,0.0898437668790882,0.1271309429034905,1.2735635691462852
squeezenet,guided_backprop,ISIC_0012837,0.008969477785537167,0.16343770104053323,0.22119500378583168,-0.484557055478976
squeezenet,integrated_gradients,ISIC_0012837,0.09864630679223207,0.08903760388502173,0.13501796944666786,0.6483533085940418
squeezenet,lrp,ISIC_0012837,-0.15518161644891537,-0.001188127221409782,0.0516841720864455,-0.030756096577033307
squeezenet,occlusion,ISIC_0012837,0.2096596043662459,0.17449435008764422,0.1866509359989034,0.6463063399338179
squeezenet,saliency,ISIC_0012837,-0.16321701305127378,0.06075748897077581,0.11661903886092782,-0.5731001916926775
squeezenet,deep_lift,ISIC_0012848,-0.1354251840743745,-0.026868176503526707,0.031902618849689465,0.08202384107515352
squeezenet,gradcam,ISIC_0012848,0.48088912126608374,0.27571244396537997,0.3170820222819969,2.8183545523062676
squeezenet,guided_backprop,ISIC_0012848,-0.06300473014666351,0.01778337773058057,0.09319917005384447,0.4623583225781364
squeezenet,integrated_gradients,ISIC_0012848,-0.19068955510042812,-0.01516989358577737,0.04646438777023577,-0.38736125077764727
squeezenet,lrp,ISIC_0012848,-0.20999217332237294,-0.026605998682157954,0.031438177510492,-0.512541806838356
squeezenet,occlusion,ISIC_0012848,0.2688911550694146,0.1561062340733618,0.18706917028457049,2.56892082975182
squeezenet,saliency,ISIC_0012848,-0.03989611222110719,0.03683590803530947,0.08835063074815122,0.715977790869514
squeezenet,deep_lift,ISIC_0012852,-0.01936232064222951,0.003982924841837818,0.07340648245872407,1.072635097910865
squeezenet,gradcam,ISIC_0012852,0.046215455782602076,0.014488911087610438,0.051322725999781174,1.5248387355339559
squeezenet,guided_backprop,ISIC_0012852,-0.14186792099089154,-0.010712067974832214,0.06608385218055664,0.05004792396768637
squeezenet,integrated_gradients,ISIC_0012852,-0.1583576154340851,-0.02517376353734628,0.042643908857298025,0.029157447263426218
squeezenet,lrp,ISIC_0012852,0.02671409268335136,0.07645132899990803,0.1306595995948816,0.1435066297079606
squeezenet,occlusion,ISIC_0012852,-0.1655349718912511,0.003234127703021543,0.04130292626575214,-0.41013296198406557
squeezenet,saliency,ISIC_0012852,0.18312159467145153,0.15278698010517267,0.2004791469253065,0.9424965576411485
squeezenet,deep_lift,ISIC_0012903,-0.18579540571043937,-0.09237755868159069,-0.0404696049612283,0.4028133473075054
squeezenet,gradcam,ISIC_0012903,0.24324716315507958,0.2235376972894706,0.2810144642555569,1.3743220239949483
squeezenet,guided_backprop,ISIC_0012903,-0.07788991374332238,-0.012721205570745131,0.06003753097835365,0.82485905581491
squeezenet,integrated_gradients,ISIC_0012903,-0.16555361352257858,-0.06787844057662973,-0.01246413001417885,0.4453078950050689
squeezenet,lrp,ISIC_0012903,-0.1302030745273953,-0.036278509171262435,0.01479705454553099,0.40333433992154827
squeezenet,occlusion,ISIC_0012903,0.10293742337549712,0.14578496969519786,0.19021043956787026,0.2772311569012684
squeezenet,saliency,ISIC_0012903,-0.01725273185378846,0.08181241036016808,0.15594854239026715,0.0958012399839272
squeezenet,deep_lift,ISIC_0012904,-0.4338468531409666,-0.2091418707257408,-0.14184262447384258,0.02574960475372055
squeezenet,gradcam,ISIC_0012904,0.24534372205889135,0.1243702719864016,0.18624391286323885,2.679231023458776
squeezenet,guided_backprop,ISIC_0012904,-0.3322031521664014,-0.13278101229424827,-0.0432494472103341,0.31363916561339517
squeezenet,integrated_gradients,ISIC_0012904,-0.380872254771441,-0.14939886776377118,-0.0826155825441149,-0.7526308174146144
squeezenet,lrp,ISIC_0012904,-0.4732493143484835,-0.19512699843971484,-0.12331599989205005,-0.5688340677970234
squeezenet,occlusion,ISIC_0012904,0.1603316354904605,0.111462739419332,0.15241674834383453,1.7817923953592667
squeezenet,saliency,ISIC_0012904,0.026602116215390447,0.01483238931643139,0.08686050240190415,1.6236049550720455
squeezenet,deep_lift,ISIC_0012928,-0.15789465314486406,0.004920318846755055,0.05522795348811027,-0.037544641603413656
squeezenet,gradcam,ISIC_0012928,0.0652923717632879,0.07303774919311168,0.10784589694295935,1.5111230123910036
squeezenet,guided_backprop,ISIC_0012928,-0.019548327932705646,0.11862543189246291,0.18634991937335546,-0.39012286699585874
squeezenet,integrated_gradients,ISIC_0012928,-0.1726934557549827,0.013229642033712373,0.05811934230028188,-0.29097921082137373
squeezenet,lrp,ISIC_0012928,-0.17677176661698257,0.01967861258053208,0.05747350653166429,-0.26972439007163596
squeezenet,occlusion,ISIC_0012928,-0.15072980469033095,-0.007992020119666385,0.03353219299804717,-0.23255623258313746
squeezenet,saliency,ISIC_0012928,0.15121190516550143,0.19234384357107084,0.22322212306065092,0.4497028291131536
squeezenet,deep_lift,ISIC_0012941,-0.08285294355085124,-0.013246577927018006,0.048899679436162885,0.6582577734834162
squeezenet,gradcam,ISIC_0012941,-0.1365266937615155,-0.03660536976160387,0.030463024103709723,0.5749354441362813
squeezenet,guided_backprop,ISIC_0012941,-0.16054638593317297,0.043948509948525324,0.10581104595550336,-0.2681225786614814
squeezenet,integrated_gradients,ISIC_0012941,-0.039817778846440666,0.004149326938207144,0.04835730306218682,0.8103577222637208
squeezenet,lrp,ISIC_0012941,0.050003450143787646,0.04435799749467261,0.08187168029409607,1.3150143731145691
squeezenet,occlusion,ISIC_0012941,-0.10146244372364564,-0.05447576626802641,-0.03940161815992848,0.4848550115249653
squeezenet,saliency,ISIC_0012941,-0.14448732580814433,0.04351014165260552,0.1036948367658176,-0.2638960943135664
squeezenet,deep_lift,ISIC_0012955,-0.3237426013427203,-0.0742118868931458,0.010581316139858883,-0.9943936646790817
squeezenet,gradcam,ISIC_0012955,-0.2019409931510045,-0.07237744294253232,-0.020675305216010513,0.21348666096769064
squeezenet,guided_backprop,ISIC_0012955,-0.05909324553765336,0.06534782367667366,0.14270185005424682,-0.4905909859703715
squeezenet,integrated_gradients,ISIC_0012955,-0.1405140367271388,0.025801801082834707,0.07302788214449071,-0.04018603404080419
squeezenet,lrp,ISIC_0012955,-0.21434153593288524,0.005673909495505963,0.06450229307134696,-0.4902907218915656
squeezenet,occlusion,ISIC_0012955,0.02853888775018631,0.02718030531804229,0.03947328920291792,0.10469509790088821
squeezenet,saliency,ISIC_0012955,-0.047217632501864976,0.08785025139256195,0.13919643957155,0.35718152357424915
squeezenet,deep_lift,ISIC_0012967,-0.09564392740538784,-0.035825006132100594,0.02569693720249663,0.8891969726304423
squeezenet,gradcam,ISIC_0012967,-0.2096815214285707,-0.10097376335430956,-0.03745776573270577,0.7878810729034106
squeezenet,guided_backprop,ISIC_0012967,0.05937024507838382,0.07395544090830196,0.1485084941130581,0.709257238932904
squeezenet,integrated_gradients,ISIC_0012967,0.11096586156001753,0.11048100125151507,0.1489562985454509,0.691512130117485
squeezenet,lrp,ISIC_0012967,0.02372233917870813,0.12103948392116583,0.1546387436650875,-0.03791253699700481
squeezenet,occlusion,ISIC_0012967,-0.10930710292904217,-0.033831208388064284,-0.001380998716651879,0.3915801149537232
squeezenet,saliency,ISIC_0012967,-0.08344521378362244,0.0626402648116772,0.11683639157710289,0.20540048631249064
squeezenet,deep_lift,ISIC_0012974,-0.2761604061839521,-0.005750665662032342,0.06861328744315656,-0.9908886787167208
squeezenet,gradcam,ISIC_0012974,0.18180870601227997,0.15429104012649728,0.2038402545072991,1.2555576892580331
squeezenet,guided_backprop,ISIC_0012974,0.08284899809096634,0.13468870036511266,0.20081992466715928,0.3553897940351864
squeezenet,integrated_gradients,ISIC_0012974,-0.2410554289798481,0.0005946301335393636,0.05993888312082316,-0.7399809658076281
squeezenet,lrp,ISIC_0012974,-0.2065826618613524,0.0011630738650971616,0.059178556493378984,-0.4868468438456816
squeezenet,occlusion,ISIC_0012974,0.3041247386695793,0.15959596252302974,0.16652646702213553,1.649967232632246
squeezenet,saliency,ISIC_0012974,-0.05635985547182336,0.0549779506797902,0.11324919497939874,0.40075450876422475
squeezenet,deep_lift,ISIC_0012989,-0.3660211185809313,-0.186771525840364,-0.11895412103654604,0.04408731473308941
squeezenet,gradcam,ISIC_0012989,0.3462899150416148,0.2501743991571082,0.3206890513275754,2.102039495561999
squeezenet,guided_backprop,ISIC_0012989,-0.11883802304435577,0.01222642228574871,0.09738877139163386,0.19255840854377962
squeezenet,integrated_gradients,ISIC_0012989,-0.33161001117909833,-0.1502193279659296,-0.08572918658830761,0.28338047071577216
squeezenet,lrp,ISIC_0012989,-0.15047241614109347,-0.049201732187012466,0.008704570138440625,0.3017505435283053
squeezenet,occlusion,ISIC_0012989,0.20831233715426703,0.10763389088147043,0.14112256876796125,1.459800275805427
squeezenet,saliency,ISIC_0012989,0.10739484315058156,0.08712291398362537,0.1591460696447605,1.2077145136383938
squeezenet,deep_lift,ISIC_0013030,-0.12829142907749225,-0.048082093053895006,0.02178456531212341,0.5293811409973094
squeezenet,gradcam,ISIC_0013030,-0.1599218451115706,0.012837042190210559,0.08172430042603322,0.07705113857750982
squeezenet,guided_backprop,ISIC_0013030,-0.18346607672303822,-0.034623922305245546,0.047862129200215923,-0.04010801886805907
squeezenet,integrated_gradients,ISIC_0013030,-0.09641636849729152,-0.027382924774161384,0.027116177028774568,0.644745743395388
squeezenet,lrp,ISIC_0013030,-0.19851569157965676,-0.04429197161361221,0.01523150069745347,-0.08456837398456053
squeezenet,occlusion,ISIC_0013030,0.054476897644262674,0.09735846875908584,0.11280152708101232,0.15335509732495156
squeezenet,saliency,ISIC_0013030,0.07242057524718065,0.09957395983325996,0.1518552987269062,0.38598361163423384
squeezenet,deep_lift,ISIC_0013035,0.006301778956328857,0.0658174257632328,0.1264571532734752,0.09044578871086557
squeezenet,gradcam,ISIC_0013035,0.06995124903210231,0.11198171203508653,0.16123835414134843,0.944559792437413
squeezenet,guided_backprop,ISIC_0013035,-0.08937343897178508,0.05246138168109313,0.14620567291159944,-0.5848123591736227
squeezenet,integrated_gradients,ISIC_0013035,-0.09132566969051836,-0.015153228557170325,0.05544757971664743,-0.3522522615514034
squeezenet,lrp,ISIC_0013035,-0.009521155078484807,0.0726440754814729,0.11772943570909222,-0.13207634447303196
squeezenet,occlusion,ISIC_0013035,0.03488922995070094,0.074628536262349,0.09592473930331921,0.3503066265224597
squeezenet,saliency,ISIC_0013035,0.08151031873192183,0.14088559553293806,0.19232847253505653,0.23002124320624984
squeezenet,deep_lift,ISIC_0013045,-0.2500022561043948,-0.12754162741177144,-0.06578192513896235,-0.05019352237119943
squeezenet,gradcam,ISIC_0013045,0.4174119644613276,0.25009954368293974,0.3114887154666806,2.855518716531639
squeezenet,guided_backprop,ISIC_0013045,-0.10022019283849795,0.018398739917553794,0.10590897403994572,0.20750292103119555
squeezenet,integrated_gradients,ISIC_0013045,-0.38012617086129236,-0.14803699445751867,-0.07146745578858613,-0.0544541051563215
squeezenet,lrp,ISIC_0013045,-0.3568367109070253,-0.14307342300509648,-0.06532793820231712,0.04086764100995871
squeezenet,occlusion,ISIC_0013045,0.47182365104400925,0.278096022160468,0.3238977531571881,2.51655354345725
squeezenet,saliency,ISIC_0013045,0.18580594527788985,0.1137126936438945,0.1824550406305881,1.6264050751393084
squeezenet,deep_lift,ISIC_0013070,-0.18399161310662107,-0.0749568082380508,-0.016338038404553536,0.21134885473018508
squeezenet,gradcam,ISIC_0013070,0.3434154356351239,0.16866735420547854,0.21093886230165962,2.493892617826028
squeezenet,guided_backprop,ISIC_0013070,-0.01872347295530712,0.012180179263813071,0.09087337235070186,0.8753807951068059
squeezenet,integrated_gradients,ISIC_0013070,-0.3643051517953469,-0.19402401678770148,-0.13120771770685685,0.33945495229224565
squeezenet,lrp,ISIC_0013070,-0.3813273538679832,-0.14701841467895088,-0.07903932829077506,-0.24923143996402178
squeezenet,occlusion,ISIC_0013070,0.06814180403616282,0.025533011482865905,0.050774485755768324,1.5103107313813302
squeezenet,saliency,ISIC_0013070,-0.11256579383736325,-0.00753813684879568,0.07269772844324109,0.6675652272175655
squeezenet,deep_lift,ISIC_0013072,0.010886341893529236,0.001853866719631351,0.05084829064637715,0.7941579696430535
squeezenet,gradcam,ISIC_0013072,0.11252767473385662,0.09283744332838915,0.15179736117684528,1.8895218420228606
squeezenet,guided_backprop,ISIC_0013072,-0.10599688601953894,0.0014375158735099752,0.08604044643351108,0.0377989396516709
squeezenet,integrated_gradients,ISIC_0013072,-0.0110873084625823,-0.029004310983609047,0.023017085544177418,0.8565462948019568
squeezenet,lrp,ISIC_0013072,-0.0308314291423,0.03668870068808792,0.10091733689270217,0.3532690415957147
squeezenet,occlusion,ISIC_0013072,0.04997556236024794,-0.09209683871495321,-0.10444956613886365,2.2347780531173242
squeezenet,saliency,ISIC_0013072,0.13699742691362876,0.10679007157381283,0.16980641269425364,1.5328468034278073
squeezenet,deep_lift,ISIC_0013073,-0.12887362896510987,-0.031325097786930996,0.03462064675294638,-0.31486931046919575
squeezenet,gradcam,ISIC_0013073,0.35484059147937924,0.19050798410959452,0.24088510724801962,2.495483475239164
squeezenet,guided_backprop,ISIC_0013073,0.024490068860603554,0.018187567586811924,0.08307146545506315,0.8356189582640839
squeezenet,integrated_gradients,ISIC_0013073,-0.07739036112697087,-0.015429009219177786,0.04612953104843011,0.1583977826747841
squeezenet,lrp,ISIC_0013073,-0.07243063128116393,0.01370844200398667,0.0735948298202516,0.06353706606361646
squeezenet,occlusion,ISIC_0013073,0.12718620889863458,0.0025494161979378485,0.02504705728187826,2.1789827152876127
squeezenet,saliency,ISIC_0013073,0.10674106630691167,0.08738274187141376,0.14590733507041148,1.2863607684991185
squeezenet,deep_lift,ISIC_0013085,-0.1924761950894764,-0.016620690387619985,0.04503623351401068,-0.17334975047455223
squeezenet,gradcam,ISIC_0013085,-0.19411146518553452,-0.04287420659179746,0.011529942850754668,0.47412401443916113
squeezenet,guided_backprop,ISIC_0013085,0.06576227731537608,0.10731442774302824,0.16807582404071253,0.4489227140211464
squeezenet,integrated_gradients,ISIC_0013085,-0.1731224193744178,-0.04638188645405953,0.00573481114098069,0.08856863448100828
squeezenet,lrp,ISIC_0013085,-0.19893103708412838,-0.014106706395201726,0.036646184008293274,-0.27663092182718907
squeezenet,occlusion,ISIC_0013085,-0.07336198214963012,-0.0013755160268071514,0.022675976305681578,0.7133933802819984
squeezenet,saliency,ISIC_0013085,0.062448060994919244,0.1539539730289675,0.19656874120222237,0.0033073918498086282
squeezenet,deep_lift,ISIC_0013109,-0.40160903003090204,-0.20402712658958388,-0.14973585481397195,0.12850685265699166
squeezenet,gradcam,ISIC_0013109,0.13311350106501696,0.15093979426817367,0.20202182188106546,1.8110157543614416
squeezenet,guided_backprop,ISIC_0013109,-0.12929183054146853,0.020327388361833832,0.09624290162474992,0.44846953360938135
squeezenet,integrated_gradients,ISIC_0013109,-0.1785341050183909,-0.0840480332574018,-0.040374527463445824,0.44658068351481445
squeezenet,lrp,ISIC_0013109,-0.20723815386793523,-0.07543523218382167,-0.02156268070918022,0.12548805563921744
squeezenet,occlusion,ISIC_0013109,0.1896390155607735,0.14356798858041428,0.18810557197662103,1.9989665600590367
squeezenet,saliency,ISIC_0013109,0.05775588596621933,0.07756604779441012,0.12285990037964868,1.1120850938752567
squeezenet,deep_lift,ISIC_0013159,-0.13327027535193237,0.0768769864335729,0.13745507433102447,-0.18019416683898573
squeezenet,gradcam,ISIC_0013159,-0.02219376041513258,0.07996991505564094,0.13119246331152074,0.7100566975380409
squeezenet,guided_backprop,ISIC_0013159,0.1616416722318924,0.18148376150674148,0.2444986092573987,0.7234562568205617
squeezenet,integrated_gradients,ISIC_0013159,-0.15854407508089072,0.02904728719321028,0.0797396528160308,-0.2632653602344104
squeezenet,lrp,ISIC_0013159,-0.12222761271950813,0.01511563785082579,0.07182808895567028,0.1269180834640229
squeezenet,occlusion,ISIC_0013159,0.18802090289717147,0.1624288997946213,0.18296532934029985,0.5484182352938368
squeezenet,saliency,ISIC_0013159,-0.12948603471919687,0.046059993033211406,0.10822660441027857,-0.16158120104908721
squeezenet,deep_lift,ISIC_0013164,-0.14481384265186714,-0.10169833811212806,-0.04052884796975434,0.6107799264867448
squeezenet,gradcam,ISIC_0013164,0.04593166121811323,0.12822483148847746,0.1750139432161268,0.14609023431576262
squeezenet,guided_backprop,ISIC_0013164,-0.09709950145792884,-0.006997384911003265,0.0753346702205181,0.6330982374687488
squeezenet,integrated_gradients,ISIC_0013164,-0.21492551559787273,-0.09233405915689132,-0.02771565047027132,0.05229135934199252
squeezenet,lrp,ISIC_0013164,-0.3126046590631677,-0.10568452188317948,-0.03187864578974083,-0.6098182827819411
squeezenet,occlusion,ISIC_0013164,0.0954501107958524,0.13719624772700248,0.18191271796961417,0.21401827785977856
squeezenet,saliency,ISIC_0013164,-0.11837089985169662,0.05088864518938041,0.11351108919124145,-0.33278653258893737
squeezenet,deep_lift,ISIC_0013169,-0.10656520968674245,0.06374216131702128,0.12864886162464906,-0.8097670856753232
squeezenet,gradcam,ISIC_0013169,-0.255517126323051,-0.12364520715220992,-0.06731220317123572,0.05426767655322009
squeezenet,guided_backprop,ISIC_0013169,-0.0888376499692855,0.055418048212631195,0.13696660885480821,-0.5807887985363597
squeezenet,integrated_gradients,ISIC_0013169,0.0991959801055254,0.13659862561081373,0.17766974476708655,0.4426618636048946
squeezenet,lrp,ISIC_0013169,-0.1764451497751892,-0.0004687612381943668,0.05140369574492332,-0.19141519959073724
squeezenet,occlusion,ISIC_0013169,0.002300889493033169,0.031408971217518226,0.04175385377822618,0.15766454263021826
squeezenet,saliency,ISIC_0013169,0.3026399270686383,0.1985364922644764,0.225648698113196,1.6841859073583514
squeezenet,deep_lift,ISIC_0013170,-0.22817987216542968,-0.013101259517201298,0.058148200515143286,-0.47130378151449653
squeezenet,gradcam,ISIC_0013170,-0.07609648631847424,-0.0357455068276262,0.017139084364000516,1.1191129438954468
squeezenet,guided_backprop,ISIC_0013170,0.12198858888150686,0.1237681269281381,0.1862038855664662,0.643193866092043
squeezenet,integrated_gradients,ISIC_0013170,-0.03292156263604407,0.08211011976071572,0.1364285193272538,-0.3175165142034991
squeezenet,lrp,ISIC_0013170,-0.09944952882719782,0.06882408306419815,0.12250704894591044,-0.7405000167432699
squeezenet,occlusion,ISIC_0013170,-0.09759643105507051,0.009013807123836239,0.028325912311683177,-0.157033460514368
squeezenet,saliency,ISIC_0013170,0.05403568830680551,0.13509968684809953,0.18057898246105533,-0.0023953448050518635
squeezenet,deep_lift,ISIC_0013176,-0.30801059019549115,-0.1640124152341979,-0.09860100105905889,0.70204027676352
squeezenet,gradcam,ISIC_0013176,0.556473285047282,0.35445796712423927,0.4199759156086741,3.321818719535212
squeezenet,guided_backprop,ISIC_0013176,-0.18166397260568817,-0.018710504047137477,0.06915775302820054,0.059909520811036655
squeezenet,integrated_gradients,ISIC_0013176,-0.4317447777068335,-0.17705778057306823,-0.09796494118188245,-0.11932198111021178
squeezenet,lrp,ISIC_0013176,-0.3681371842848779,-0.13670141667325786,-0.066850617306907,0.11644081428741733
squeezenet,occlusion,ISIC_0013176,0.4587491001749799,0.23639478413878334,0.27746053316415303,2.8533765689943116
squeezenet,saliency,ISIC_0013176,0.12232322056763448,0.08769284357304886,0.14528006161968968,1.712300091732668
squeezenet,deep_lift,ISIC_0013191,-0.12737525295108382,0.014789370840969675,0.07885106319590339,0.24684638113160906
squeezenet,gradcam,ISIC_0013191,-0.12482708566306676,0.06898099477047075,0.13528701744084168,0.03395655959051061
squeezenet,guided_backprop,ISIC_0013191,-0.101762511994382,0.012254989192074366,0.09910736074579087,0.4266621038595574
squeezenet,integrated_gradients,ISIC_0013191,-0.1434787855897162,-0.0488070639165951,0.020326658245007064,0.34081291820355564
squeezenet,lrp,ISIC_0013191,-0.024133713762494666,0.018432307051059155,0.0649871752797324,0.9137449165841546
squeezenet,occlusion,ISIC_0013191,-0.09023347995560199,0.01090881407392773,0.05079507744892889,-0.012374410329534237
squeezenet,saliency,ISIC_0013191,0.0022565468041605198,0.07376558323465233,0.12200427677877607,0.7288444510194936
squeezenet,deep_lift,ISIC_0013203,-0.09786631093508287,-0.005340780279098699,0.05494139965413924,0.42906135892556413
squeezenet,gradcam,ISIC_0013203,-0.20996627203103546,-0.04034589805960717,-0.0032407609159254918,0.04268899488293124
squeezenet,guided_backprop,ISIC_0013203,-0.011831974365428412,0.05966556781076683,0.1402523074706905,0.002538029546105484
squeezenet,integrated_gradients,ISIC_0013203,0.0608274378419384,0.06312006643286483,0.12029607466356648,0.4850383719098388
squeezenet,lrp,ISIC_0013203,0.12596573838063763,0.14992106504606895,0.17989913546275052,0.4955385657139835
squeezenet,occlusion,ISIC_0013203,-0.18443511695590398,-0.037108392359755625,-0.010139734646031236,-0.22675231771140797
squeezenet,saliency,ISIC_0013203,0.22623074948528854,0.2072268900608357,0.2412231527513523,0.9510871290553767
squeezenet,deep_lift,ISIC_0013216,-0.4478820083850002,-0.16683659920230065,-0.09447191185367128,-0.8220435488622032
squeezenet,gradcam,ISIC_0013216,0.4676485228004016,0.2774980812613785,0.3240638086501748,2.8385008212306535
squeezenet,guided_backprop,ISIC_0013216,-0.15541074897099952,-0.03191060722444016,0.046415174357089986,0.2477904764599186
squeezenet,integrated_gradients,ISIC_0013216,-0.4542025448181216,-0.15882776978744928,-0.09583513387252633,-0.8424755009596645
squeezenet,lrp,ISIC_0013216,-0.4311806567098181,-0.1209649547054253,-0.05389535538039225,-0.8587160654621999
squeezenet,occlusion,ISIC_0013216,0.45386657049398493,0.2890371142222643,0.3336553382636244,2.377075383535717
squeezenet,saliency,ISIC_0013216,0.22429316430791502,0.14190651895483733,0.2024254033197382,1.741150501940035
squeezenet,deep_lift,ISIC_0013226,-0.10432344691310906,-0.036067748043085164,0.03976045694592091,0.3992040968785408
squeezenet,gradcam,ISIC_0013226,0.575095000196973,0.351499837605272,0.41154333515401464,3.4614938315904267
squeezenet,guided_backprop,ISIC_0013226,-0.06538216245104728,0.025725131725695047,0.11118052938280712,0.601030612692264
squeezenet,integrated_gradients,ISIC_0013226,-0.1753531067503171,-0.06660475616265747,0.006990419364667096,0.10564761938075039
squeezenet,lrp,ISIC_0013226,-0.3573195089526637,-0.14380955886802368,-0.059810246382703096,-0.07489880638743676
squeezenet,occlusion,ISIC_0013226,0.4727633560035888,0.22147426186399335,0.24384212852446582,2.9080674215326816
squeezenet,saliency,ISIC_0013226,0.22218805113870696,0.12392975028240126,0.18126587746075112,2.1154704880533557
squeezenet,deep_lift,ISIC_0013230,-0.344360492194272,-0.2002057895020994,-0.14071675260151342,0.6831147007510192
squeezenet,gradcam,ISIC_0013230,0.2610071679944973,0.20800947073424436,0.269618134760121,1.8529822388047463
squeezenet,guided_backprop,ISIC_0013230,-0.18913914898751125,-0.03901505718154366,0.045022038965668386,0.1665484723425241
squeezenet,integrated_gradients,ISIC_0013230,-0.46601787811150286,-0.21611301991250859,-0.14653809601924786,-0.15706524175989786
squeezenet,lrp,ISIC_0013230,-0.5453060738417744,-0.1842633780177046,-0.10470886560387492,-0.1775946441318374
squeezenet,occlusion,ISIC_0013230,0.1730688648751105,0.10472557710843772,0.13680000754462687,1.3331111088978238
squeezenet,saliency,ISIC_0013230,-0.1268692539014046,-0.02339897764098596,0.053121249905822766,1.12254414607856
squeezenet,deep_lift,ISIC_0013242,-0.1478279198426991,-0.028183218854846814,0.04687623713490785,-0.2337784825012878
squeezenet,gradcam,ISIC_0013242,0.335863012981768,0.19517491251526775,0.23964127633935617,2.308865466904545
squeezenet,guided_backprop,ISIC_0013242,-0.10819121415887123,-0.0024381722269753063,0.08337551537788924,-0.14310920843820898
squeezenet,integrated_gradients,ISIC_0013242,-0.14289566174353166,-0.0054354586577631606,0.07097473715368219,-0.31285084418248454
squeezenet,lrp,ISIC_0013242,-0.16080247924938096,-0.0436041470684453,0.02569840016670077,-0.28513058239325323
squeezenet,occlusion,ISIC_0013242,0.057155520906567475,-0.018254449336142627,0.014572811533751236,1.9730780520287428
squeezenet,saliency,ISIC_0013242,-0.12260910312259889,-0.03414579355399485,0.024784409510725223,0.9762139129853132
squeezenet,deep_lift,ISIC_0013269,-0.06270214108023059,0.05701365592393705,0.1425874629271452,-0.026233911552498372
squeezenet,gradcam,ISIC_0013269,0.35669599710855626,0.22525166962331675,0.2895913177236505,2.2377834781989394
squeezenet,guided_backprop,ISIC_0013269,-0.007265006804351074,0.05779046081518089,0.14342169599828256,0.23913615937742227
squeezenet,integrated_gradients,ISIC_0013269,-0.11131060044608176,0.06260140473255493,0.15392294353001632,-0.36608107830236847
squeezenet,lrp,ISIC_0013269,-0.018169701439345237,0.07335034116707136,0.15900002427801452,0.2973647316451627
squeezenet,occlusion,ISIC_0013269,0.22674108037117577,0.13995696146239098,0.18055107591694294,2.0359103254681448
squeezenet,saliency,ISIC_0013269,0.13643358416821472,0.1035328803241198,0.1716008075704645,1.3191937442846728
squeezenet,deep_lift,ISIC_0013270,-0.2369023202794127,-0.08241415560125688,-0.018683768585327,-0.7427506051875351
squeezenet,gradcam,ISIC_0013270,0.12624936509183765,0.16702362844670368,0.2208809290834346,0.7709323453160393
squeezenet,guided_backprop,ISIC_0013270,-0.03890711964961401,-0.015951858894861677,0.05971067393362294,0.7213388015708279
squeezenet,integrated_gradients,ISIC_0013270,-0.21848463663870002,-0.0857510289242818,-0.0274781712713456,-0.5033132658452688
squeezenet,lrp,ISIC_0013270,-0.16397772103292416,-0.0018127277651335256,0.06775349194043685,-0.45362183220028074
squeezenet,occlusion,ISIC_0013270,-0.2958726679830874,-0.18991228945262226,-0.1670241935483351,0.8825315936687809
squeezenet,saliency,ISIC_0013270,0.04737821511213057,0.09447492520699453,0.16068287601622405,0.9379793344292262
squeezenet,deep_lift,ISIC_0013271,0.1389281881487738,0.021726424618597324,0.07547837031563508,1.6958947410141165
squeezenet,gradcam,ISIC_0013271,0.31840469118810055,0.18260170380781127,0.23264223798358075,2.2203962976472993
squeezenet,guided_backprop,ISIC_0013271,0.12758739816472112,0.07976408865367778,0.1556539193186132,1.611761302991438
squeezenet,integrated_gradients,ISIC_0013271,-0.03490328836171518,-0.0351661359677289,0.01869211783711775,0.690514473773654
squeezenet,lrp,ISIC_0013271,-0.22794902297221425,-0.06711873807919724,0.012799000888291133,0.17987084074973456
squeezenet,occlusion,ISIC_0013271,0.1604947781744987,0.051884155030389074,0.06363382341261437,2.1466966333732658
squeezenet,saliency,ISIC_0013271,0.027853684209058382,0.022811287014366594,0.09544845606511167,1.9336369218412024
squeezenet,deep_lift,ISIC_0013277,0.0025531002960618855,0.08465636356609843,0.1681714636463066,0.5167944488915257
squeezenet,gradcam,ISIC_0013277,0.17870829623790713,0.18380707069316926,0.23724044009699471,1.2860725208451356
squeezenet,guided_backprop,ISIC_0013277,-0.1057443382901846,0.0029341715876097445,0.08586984628576251,-0.20637178345613844
squeezenet,integrated_gradients,ISIC_0013277,-0.08821950739648049,0.03576605030135101,0.11617360407830546,0.20914389572834904
squeezenet,lrp,ISIC_0013277,-0.09223057584457556,0.09162648422961317,0.18415215726992396,-0.2125618541993484
squeezenet,occlusion,ISIC_0013277,0.0757889278409164,0.0648424331961274,0.09299315866910067,1.772851589123981
squeezenet,saliency,ISIC_0013277,-0.014143588956584057,0.08604213600132402,0.1617672473867482,0.31227295672774036
squeezenet,deep_lift,ISIC_0013281,-0.014260736382747155,0.07032686267287579,0.1263193696548784,-0.04553974970982309
squeezenet,gradcam,ISIC_0013281,-0.025087242456285443,0.055176676205087684,0.0986179844918183,0.4465036758167114
squeezenet,guided_backprop,ISIC_0013281,-0.025548608897591942,0.05814583407501665,0.1367739993594856,-0.09415840603811591
squeezenet,integrated_gradients,ISIC_0013281,-0.07774972157390991,0.02477497128310116,0.09216185631591096,-0.44259273252672154
squeezenet,lrp,ISIC_0013281,-0.005414118956460376,0.053982787587677016,0.1034998161149504,-0.012329438035337238
squeezenet,occlusion,ISIC_0013281,0.07159866558839728,-0.01441373053234511,-0.0072511082023987,0.9988151961177193
squeezenet,saliency,ISIC_0013281,0.12218904169114925,0.13282720208409568,0.18282138891748514,0.5260558885111101
squeezenet,deep_lift,ISIC_0013291,-0.2088958350144962,-0.10129513732335099,-0.04400022724682594,0.4007176901454839
squeezenet,gradcam,ISIC_0013291,0.42844250008259516,0.23144553544543,0.2853838929104157,2.9421668112611545
squeezenet,guided_backprop,ISIC_0013291,-0.07710820027920208,-0.03702826876280669,0.033665475703442166,1.1027998412186764
squeezenet,integrated_gradients,ISIC_0013291,-0.16197048480404233,-0.07379455780013765,-0.01599216752569958,0.6763012413346811
squeezenet,lrp,ISIC_0013291,0.03640722753149491,-0.12962381682230434,-0.056196816858136836,0.4440659535370947
squeezenet,occlusion,ISIC_0013291,0.427256980825468,0.21209096154977766,0.2470673768176992,2.581504078126099
squeezenet,saliency,ISIC_0013291,0.0786117541915454,0.08509432915214903,0.15540233792558839,1.2538148680334178
squeezenet,deep_lift,ISIC_0013319,-0.029997568792177288,0.04615755268168194,0.10880599437063175,0.7947840693388551
squeezenet,gradcam,ISIC_0013319,0.11712484990450209,0.18677625928752434,0.24048822277635143,0.11663304044914205
squeezenet,guided_backprop,ISIC_0013319,-0.014872033746508764,0.10511682855483293,0.18407204734087582,-0.24255078402324173
squeezenet,integrated_gradients,ISIC_0013319,0.02407533900947976,0.05839514415533202,0.1191874520845487,0.24275955108681813
squeezenet,lrp,ISIC_0013319,-0.14702639543435564,0.01507354993564134,0.06848509365091894,-0.10044100874777787
squeezenet,occlusion,ISIC_0013319,0.30030254511327625,0.19551642406473738,0.21267804868696202,1.4315202061518482
squeezenet,saliency,ISIC_0013319,0.0013635752926066257,0.10811667169035073,0.15464386408555794,0.5735670371241345
squeezenet,deep_lift,ISIC_0013321,0.07807201875664287,0.118929677288512,0.1703927451386153,0.4531354967139282
squeezenet,gradcam,ISIC_0013321,7.295649086861591e-05,0.057239633605288304,0.09844747999037437,0.1908919172615981
squeezenet,guided_backprop,ISIC_0013321,0.03304486774975613,0.08545365498825969,0.15520286245214351,0.1696648661765426
squeezenet,integrated_gradients,ISIC_0013321,-0.09773850136015641,-0.02035973870337117,0.035344295624268544,0.6053183514984222
squeezenet,lrp,ISIC_0013321,0.12651820191356503,0.11370028395112904,0.15811075414799247,0.8670764197618342
squeezenet,occlusion,ISIC_0013321,0.16283946519779421,0.08828804515721658,0.10051932786398035,0.7780207903565252
squeezenet,saliency,ISIC_0013321,0.27093811787647853,0.18575051525710462,0.22608662759601017,1.522595620719763
squeezenet,deep_lift,ISIC_0013325,-0.30006260052609407,-0.07156489225566122,0.00840852089294811,-0.5869979929800494
squeezenet,gradcam,ISIC_0013325,0.46539726739786025,0.2940532964086683,0.35115074110622585,3.1026558365272554
squeezenet,guided_backprop,ISIC_0013325,-0.3761924770362339,-0.11509701747266983,-0.017964783180157918,-0.14215621985646731
squeezenet,integrated_gradients,ISIC_0013325,-0.32155221385943034,-0.09374218684316556,-0.017877072722718046,-0.5582338592374931
squeezenet,lrp,ISIC_0013325,-0.13198157279501277,-0.05296706386701215,0.01742441499340612,-0.5165126857106943
squeezenet,occlusion,ISIC_0013325,0.2202168967179097,0.2002570261214219,0.24614935148439293,1.2416746154181577
squeezenet,saliency,ISIC_0013325,0.12843032224546222,0.08517924425323184,0.14869879476752562,1.6132500207935794
squeezenet,deep_lift,ISIC_0013374,-0.12517483954195396,-0.021291179851248697,0.02944021321236439,-0.37656647138813415
squeezenet,gradcam,ISIC_0013374,0.35901090380819717,0.25334947662926083,0.29807559155267244,2.0442114768942616
squeezenet,guided_backprop,ISIC_0013374,0.028430600446597887,0.016180859742948743,0.08291891992954471,0.8326325836120663
squeezenet,integrated_gradients,ISIC_0013374,-0.06173306010132783,0.001982991227089899,0.05187312380235513,0.1075919813281005
squeezenet,lrp,ISIC_0013374,-0.047507652703660516,0.03096166708339835,0.0774284766206838,0.06462931053805598
squeezenet,occlusion,ISIC_0013374,0.03319923696457363,-0.030024841977584194,-0.029198624870395214,1.6181776342215564
squeezenet,saliency,ISIC_0013374,0.07546501165798451,0.10062403563169742,0.1482624024523801,0.8143524508084967
squeezenet,deep_lift,ISIC_0013393,-0.31962737883598563,-0.02374147060355973,0.07211635845757748,-1.0572926878929572
squeezenet,gradcam,ISIC_0013393,-0.16563593094345588,-0.031913389128600006,0.01776961184068788,0.560704590049931
squeezenet,guided_backprop,ISIC_0013393,-0.0458290773256901,0.061719037224520476,0.13948145595827072,-0.36473915871445023
squeezenet,integrated_gradients,ISIC_0013393,-0.0159466518365405,0.05687589579109139,0.12765164092962658,0.005425821659530077
squeezenet,lrp,ISIC_0013393,-0.18128966842259892,-0.013170742079706688,0.05173500388719688,-0.10800129079862962
squeezenet,occlusion,ISIC_0013393,-0.06723907910406855,-0.024517274974654956,-0.009267880528453603,0.7983225400947774
squeezenet,saliency,ISIC_0013393,0.10212234447717188,0.13646744915215558,0.17651486386185233,0.3174561756312941
squeezenet,deep_lift,ISIC_0013399,-0.22248144611424434,-0.08936014338504644,-0.021513681602591962,-0.07509294675098115
squeezenet,gradcam,ISIC_0013399,0.2735666798637912,0.13122881082376456,0.17578973223479363,1.613436275378334
squeezenet,guided_backprop,ISIC_0013399,-0.09219612293204209,-0.03783571947406671,0.0156712429661817,0.9654710093810114
squeezenet,integrated_gradients,ISIC_0013399,-0.12486506569230715,-0.05563624608277226,-0.007524697824435664,0.37601767247396695
squeezenet,lrp,ISIC_0013399,-0.1266168823456171,-0.02699691641247153,0.03485908499133155,0.18215832108362373
squeezenet,occlusion,ISIC_0013399,0.24325528587775302,0.16466093380329563,0.19128045779838712,1.4600052877362466
squeezenet,saliency,ISIC_0013399,0.017070471776619675,0.036964248603751096,0.10445718996656732,0.9867537829726386
squeezenet,deep_lift,ISIC_0013411,-0.08043940663138131,0.02282478558462345,0.1001845093395221,0.6432148948354834
squeezenet,gradcam,ISIC_0013411,0.03161976495458057,0.126753902994727,0.17981649668408836,0.7897469892115776
squeezenet,guided_backprop,ISIC_0013411,-0.05768251690512005,0.037168491697701374,0.11512842040895835,0.545597855827406
squeezenet,integrated_gradients,ISIC_0013411,-0.024406135380297043,0.10829061849825458,0.1703986941972607,-0.3474944533949328
squeezenet,lrp,ISIC_0013411,-0.24760077144400877,-0.01278355387588213,0.05965936375109592,-0.5836414171913396
squeezenet,occlusion,ISIC_0013411,0.11165784992943431,0.08165796605800248,0.10870914743367861,1.2586032667835683
squeezenet,saliency,ISIC_0013411,0.160716921585437,0.15685429796694877,0.19724121524271998,0.779308526126416
squeezenet,deep_lift,ISIC_0013414,-0.24521296459595857,-0.11074557625803162,-0.04241008656137395,0.029868648800194474
squeezenet,gradcam,ISIC_0013414,0.3047765419078995,0.17581782881677435,0.2210003733616575,2.199234201200082
squeezenet,guided_backprop,ISIC_0013414,-0.08981167134239261,-0.013833498082185492,0.060777022996503546,0.5410033318338489
squeezenet,integrated_gradients,ISIC_0013414,-0.1460187746629919,-0.019612506905848304,0.04362207925774151,0.3298232382650862
squeezenet,lrp,ISIC_0013414,-0.12834863412798458,-0.057501792880977544,0.002881186364221282,0.561396596905051
squeezenet,occlusion,ISIC_0013414,0.31072859962287686,0.22573229618069554,0.2556083320579226,1.741903580076191
squeezenet,saliency,ISIC_0013414,0.058966149644708185,0.0824729917066378,0.13201835279772328,1.0086954816156817
squeezenet,deep_lift,ISIC_0013416,-0.21366166100312253,-0.10586073455276634,-0.05912297472724101,0.3370249600907922
squeezenet,gradcam,ISIC_0013416,-0.37243286916960455,-0.03274853225404345,0.03989487637875871,-1.2103848709717462
squeezenet,guided_backprop,ISIC_0013416,-0.00602462783998538,0.0681377806033489,0.13735986106931838,1.0016742259749678
squeezenet,integrated_gradients,ISIC_0013416,-0.19463273295898745,-0.03460424515883683,0.025244140485938576,0.05573606626474066
squeezenet,lrp,ISIC_0013416,-0.20525542593373997,-0.06603667723231392,-0.006354641789194436,0.031183803908357777
squeezenet,occlusion,ISIC_0013416,-0.04121680161301693,0.022956933561143936,0.051902315677796185,-0.29211945230365166
squeezenet,saliency,ISIC_0013416,-0.19841087287051853,0.025594257992078574,0.09300359285241487,-0.9285935541210786
squeezenet,deep_lift,ISIC_0013455,-0.2558426128929267,-0.11833867034353886,-0.05004903134231045,0.1779270008574263
squeezenet,gradcam,ISIC_0013455,0.2773682975424549,0.1951791449865234,0.24036290663841006,1.898163116888171
squeezenet,guided_backprop,ISIC_0013455,0.06404591480611795,0.056366974516186615,0.12843601436274235,1.1023097322818454
squeezenet,integrated_gradients,ISIC_0013455,-0.09904578995265735,0.007227889733717664,0.06967567180108984,0.018981447350553474
squeezenet,lrp,ISIC_0013455,-0.11391184580752578,0.005831621412374227,0.06690814562799433,-0.06481751138064218
squeezenet,occlusion,ISIC_0013455,-0.029048484761248893,-0.0695319880390718,-0.05296419376061329,1.4773313603714089
squeezenet,saliency,ISIC_0013455,-0.14781929503150038,0.030594021132292547,0.09478282987772944,-0.2547342298240695
squeezenet,deep_lift,ISIC_0013457,-0.2592663039889628,-0.13715232664657753,-0.0697688248669664,0.23280509713747224
squeezenet,gradcam,ISIC_0013457,-0.013696993361236146,0.1115698614672222,0.16869099918990882,0.10156109157835246
squeezenet,guided_backprop,ISIC_0013457,-0.041289180767164584,-0.032525267592595754,0.03534807690933318,0.817066404317274
squeezenet,integrated_gradients,ISIC_0013457,-0.037631880333245576,-0.002871796593980929,0.048142717177457786,0.5394683068336094
squeezenet,lrp,ISIC_0013457,-0.06471445576643732,0.021097814407732684,0.08506258441930475,0.19630938317831478
squeezenet,occlusion,ISIC_0013457,-0.2042064782734655,-0.21917576585525975,-0.24017727931710495,1.0497042423464262
squeezenet,saliency,ISIC_0013457,-0.04867393067442081,0.06078239655805908,0.13112257021957824,0.367752277238787
squeezenet,deep_lift,ISIC_0013459,-0.26782931446031116,-0.08681329743824809,-0.015640650606401976,-0.14144598686918441
squeezenet,gradcam,ISIC_0013459,0.012172571529282788,0.03049720208684954,0.0893362111425251,1.1968096813825146
squeezenet,guided_backprop,ISIC_0013459,-0.015792600128124418,0.028862558007107752,0.11074039008175582,0.3575470353744255
squeezenet,integrated_gradients,ISIC_0013459,0.06551044340934697,0.085451851148943,0.1257505576994558,0.7340159832171984
squeezenet,lrp,ISIC_0013459,0.04904059801894204,0.07318928397948841,0.12762871990164648,0.6154681639397442
squeezenet,occlusion,ISIC_0013459,0.07401828552426641,0.03410831443374586,0.063445957799799,1.485276854931122
squeezenet,saliency,ISIC_0013459,0.0667092615480274,0.10042771508926565,0.1622251065683406,0.839735243203867
squeezenet,deep_lift,ISIC_0013465,-0.11365482418743438,-0.039984373712141925,0.02307771866501657,0.7154196865531974
squeezenet,gradcam,ISIC_0013465,-0.019463042168254313,0.02117755499628706,0.06104546672404254,1.3039475389362312
squeezenet,guided_backprop,ISIC_0013465,-0.09769112295647561,-0.016619336032520582,0.056340620456431484,0.5836915711107985
squeezenet,integrated_gradients,ISIC_0013465,-0.2118292638170382,-0.0332756800592212,0.0381551610817322,-0.21503590051924504
squeezenet,lrp,ISIC_0013465,-0.17705161552139378,-0.029934838328929615,0.034239917524773233,0.04081144682207706
squeezenet,occlusion,ISIC_0013465,-0.0017886593994825798,0.03624090414037247,0.06460311510713336,0.7730617437197129
squeezenet,saliency,ISIC_0013465,-0.0970769421622115,0.03645903771817676,0.09208931588534514,0.15685682273301568
squeezenet,deep_lift,ISIC_0013472,-0.1695161361968711,-0.028357548468218887,0.04822610816782865,-0.38265403616593374
squeezenet,gradcam,ISIC_0013472,0.39038385048089363,0.26823766378169905,0.3319490752790808,2.540093719685268
squeezenet,guided_backprop,ISIC_0013472,0.002942285733752531,0.05600726588512242,0.1420490978773809,0.7421817300514083
squeezenet,integrated_gradients,ISIC_0013472,-0.11613918057956868,-0.0027566377360187513,0.07713360980786103,-0.05674270287117787
squeezenet,lrp,ISIC_0013472,-0.18363703822856986,-0.005776671917370853,0.07797189700714381,-0.519885784083536
squeezenet,occlusion,ISIC_0013472,0.23865854717211465,0.16145808720266697,0.20401342992031296,2.3623098351801906
squeezenet,saliency,ISIC_0013472,0.02496444205732579,0.061262152172369126,0.13586816491906234,1.0289575185353124
squeezenet,deep_lift,ISIC_0013473,-0.15510385835628196,-0.008287984679881863,0.06081891854943867,-0.3026824575723055
squeezenet,gradcam,ISIC_0013473,0.24351779050424716,0.14454136297532158,0.18131393450675182,1.603869882343428
squeezenet,guided_backprop,ISIC_0013473,-0.1323120687293397,-0.00889080710456979,0.07573410131573571,-0.36849623315000074
squeezenet,integrated_gradients,ISIC_0013473,-0.15716580767802982,0.004386602513520294,0.08014600836368367,-0.31124456324846306
squeezenet,lrp,ISIC_0013473,-0.08819464514483277,-0.010101512406101586,0.054871631877199914,0.2174229559832216
squeezenet,occlusion,ISIC_0013473,0.06241396700516812,0.010531652284875235,0.022246890426718412,1.7175459938766846
squeezenet,saliency,ISIC_0013473,0.09658234806080974,0.0564266448797526,0.10511387154242088,1.2584495444708952
squeezenet,deep_lift,ISIC_0013511,-0.11378977806801523,0.006904172176857296,0.0833095496088041,0.44265501277732805
squeezenet,gradcam,ISIC_0013511,-0.11170226412869129,0.008114344000732413,0.05856714858340896,0.18561357443410348
squeezenet,guided_backprop,ISIC_0013511,-0.3060585332257658,-0.11351347750384003,-0.029335486062251198,-0.5961579524265868
squeezenet,integrated_gradients,ISIC_0013511,-0.1839439467129252,-0.03340759158450906,0.028641004964741035,0.019443221063073276
squeezenet,lrp,ISIC_0013511,-0.1720039903076077,-0.03519014915999839,0.02945379787451573,0.10625328565903708
squeezenet,occlusion,ISIC_0013511,-0.1301073660697017,-0.030265262640170133,-0.009365051020879518,-0.007291873633316665
squeezenet,saliency,ISIC_0013511,-0.04605154253599404,0.04580249560848549,0.09086554942291246,0.5416309335827536
squeezenet,deep_lift,ISIC_0013512,-0.20261927039996092,-0.05741858306673444,0.02016384321419974,0.18457660826150743
squeezenet,gradcam,ISIC_0013512,-0.0882165281514314,0.015561959347864364,0.07203332063737827,0.826475118411821
squeezenet,guided_backprop,ISIC_0013512,0.04902317036549179,0.04765881447008959,0.11998248102773107,0.5178961865247527
squeezenet,integrated_gradients,ISIC_0013512,-0.13284713509820456,-0.03136242667197376,0.03949754891202396,-0.37741978409232435
squeezenet,lrp,ISIC_0013512,-0.0810494268825174,0.026774584211137396,0.08015805889617286,-0.3483874789177452
squeezenet,occlusion,ISIC_0013512,-0.042839846172881474,-0.012757824497909137,0.005820793602035559,0.803743632920206
squeezenet,saliency,ISIC_0013512,-0.02951353131022298,0.0588949030346996,0.10845006986593911,0.5819921262489581
squeezenet,deep_lift,ISIC_0013529,-0.38854752974106,-0.10853522763401484,-0.02452019830890972,-0.8286084734431803
squeezenet,gradcam,ISIC_0013529,0.07807593056868013,-0.06367264940009157,-0.032231398816256446,1.9074185482953439
squeezenet,guided_backprop,ISIC_0013529,-0.1858141084173003,-0.05113947375469142,0.026990916679917647,0.17231186841591745
squeezenet,integrated_gradients,ISIC_0013529,-0.29097193970717317,-0.05903550330778973,0.02290346544759421,-0.30851566247954054
squeezenet,lrp,ISIC_0013529,-0.2955100600431371,-0.05524844654586325,0.026747207135933558,-0.35369240075807173
squeezenet,occlusion,ISIC_0013529,0.1572815823286921,0.07500968371277415,0.09480167735269707,1.295023438462284
squeezenet,saliency,ISIC_0013529,0.011742301528031499,0.0639373621762956,0.12267987193781908,0.7833977741103477
squeezenet,deep_lift,ISIC_0013565,-0.1848356394769398,-0.03886663265541955,0.028236411877381764,0.12359284013668421
squeezenet,gradcam,ISIC_0013565,-0.30345202370517094,-0.06488149355931493,-0.008429372984058324,-0.2901573679614602
squeezenet,guided_backprop,ISIC_0013565,0.03966417128616325,0.09711219638088217,0.16883962340878952,0.16938299308938662
squeezenet,integrated_gradients,ISIC_0013565,0.11543312642805612,0.1201424222039204,0.168820115888836,0.6602964625338537
squeezenet,lrp,ISIC_0013565,-0.03422067342270789,0.012138179154748395,0.06801378827550195,0.9297535787417842
squeezenet,occlusion,ISIC_0013565,0.03894989654256869,-0.0014543101869398342,0.024386452841165817,1.295758638502972
squeezenet,saliency,ISIC_0013565,-0.01519718818291561,0.06338214023891055,0.11324380323579593,0.701155530850494
squeezenet,deep_lift,ISIC_0013577,-0.39045286942925056,-0.15760037479216318,-0.07427384671279089,-0.5992850071740915
squeezenet,gradcam,ISIC_0013577,0.4732717174920554,0.272534059977476,0.3280967495216054,2.98498924616044
squeezenet,guided_backprop,ISIC_0013577,-0.033578499862441165,0.03942309735445186,0.12474917051965523,0.5700403629803859
squeezenet,integrated_gradients,ISIC_0013577,-0.38105441424906994,-0.1359122739567025,-0.054997827853963066,-0.522476898956852
squeezenet,lrp,ISIC_0013577,-0.19922992992131947,0.00530265035051841,0.08042234736119398,-0.6349724333867028
squeezenet,occlusion,ISIC_0013577,0.32841252419889105,0.20770673889436408,0.23346894660769088,2.6374721886980814
squeezenet,saliency,ISIC_0013577,0.18277350840100967,0.13813247632743209,0.20422429307822776,1.7436497717614279
squeezenet,deep_lift,ISIC_0013588,-0.23884641804765372,-0.06421773031834488,0.014448910334273223,-0.07310774544518206
squeezenet,gradcam,ISIC_0013588,0.37405338020035933,0.265865985705269,0.30534728703593805,2.1082676671644034
squeezenet,guided_backprop,ISIC_0013588,-0.33358916473218053,-0.05123349876739027,0.044611230064288625,-0.700872851783624
squeezenet,integrated_gradients,ISIC_0013588,-0.16635645951232522,-0.0063816406762787405,0.06475067018300357,0.33110441629094234
squeezenet,lrp,ISIC_0013588,-0.23050523447128615,-0.027351768813537708,0.04716228913591502,-0.1704633173070369
squeezenet,occlusion,ISIC_0013588,0.1448847067852174,0.041433542407275904,0.06293335166233005,2.0316818628063866
squeezenet,saliency,ISIC_0013588,0.17076198531745992,0.1433244504101196,0.18873088352468081,1.3673410673399207
squeezenet,deep_lift,ISIC_0013600,-0.3323026170412851,-0.1638919342188808,-0.09667965534443052,0.36389654355918727
squeezenet,gradcam,ISIC_0013600,0.4907349957083658,0.3130474411801162,0.38256229893932686,2.737110917911725
squeezenet,guided_backprop,ISIC_0013600,-0.05898139134428392,0.0746451790081854,0.16921231957865662,0.14404041724995906
squeezenet,integrated_gradients,ISIC_0013600,-0.10980088874183284,-0.0424004473413716,0.014139043263773254,0.6666999713594355
squeezenet,lrp,ISIC_0013600,-0.07982999745885315,0.0008084863335000234,0.05905345447021063,0.5870687360176501
squeezenet,occlusion,ISIC_0013600,0.4056127772633397,0.2313589312507765,0.283651016663841,2.3354173695101217
squeezenet,saliency,ISIC_0013600,0.24376712583674973,0.15305182184820174,0.2184261553408526,1.7803006001800366
squeezenet,deep_lift,ISIC_0013602,-0.24715528919660218,0.0007993525625035364,0.06631058641489333,-0.6935543361703097
squeezenet,gradcam,ISIC_0013602,0.014900002020885492,0.09135236805977699,0.146212188073958,1.0132047915722329
squeezenet,guided_backprop,ISIC_0013602,-0.0949416832285043,0.0893153930380288,0.18721633845703184,-0.7836613294767375
squeezenet,integrated_gradients,ISIC_0013602,-0.05614581730888789,0.052765896339441995,0.11961218714811858,-0.3685833888654083
squeezenet,lrp,ISIC_0013602,-0.018883460720816262,0.06359778285748788,0.12960779866578076,-0.11180499299239177
squeezenet,occlusion,ISIC_0013602,-0.00372737851809443,0.03935086579442227,0.07428283778229881,0.589137466130145
squeezenet,saliency,ISIC_0013602,0.12108779378878087,0.12871053941149363,0.1972363009265906,0.6129024374274104
squeezenet,deep_lift,ISIC_0013615,-0.1362007606501509,0.008216256510577419,0.09388878217961116,-0.38862847070027945
squeezenet,gradcam,ISIC_0013615,0.26801654353597665,0.15523520532994114,0.1965799554468052,2.262862929138415
squeezenet,guided_backprop,ISIC_0013615,0.03945306518818908,0.016733718151031782,0.09338633894375822,1.106042004523478
squeezenet,integrated_gradients,ISIC_0013615,-0.07318523350762461,0.06936388177418715,0.15803006106508982,-0.1361345897145664
squeezenet,lrp,ISIC_0013615,-0.02633371272546394,0.0803311449717383,0.16222880347270968,0.22431521823429754
squeezenet,occlusion,ISIC_0013615,0.09362766637738268,0.013146819558912212,0.027658282853886093,2.17433572934178
squeezenet,saliency,ISIC_0013615,-0.008193313705896934,0.08782239140560603,0.16567840964294356,0.3118848774955796
squeezenet,deep_lift,ISIC_0013617,-0.41122842151923833,-0.17058778645144934,-0.1095554559024163,-1.0386160863411158
squeezenet,gradcam,ISIC_0013617,0.23452107430008529,0.09732462626785159,0.1390330857971819,2.012529586681679
squeezenet,guided_backprop,ISIC_0013617,-0.2242920589095011,-0.09937671500118321,-0.027919398143138364,0.2555747567591648
squeezenet,integrated_gradients,ISIC_0013617,-0.368178942729464,-0.11409437190160329,-0.030880815827089857,-0.9977348902177897
squeezenet,lrp,ISIC_0013617,-0.3467853213563374,-0.10238262709481981,-0.03369569067487358,-1.0076003017264894
squeezenet,occlusion,ISIC_0013617,0.17230065219099494,0.12747022891101487,0.16866512338640086,0.9516646501557056
squeezenet,saliency,ISIC_0013617,0.17963028581055787,0.09704381745595747,0.15563662598364827,1.6676089562316587
squeezenet,deep_lift,ISIC_0013636,-0.2975773288320918,-0.12109337263647243,-0.04917711845599109,-0.1608079734200886
squeezenet,gradcam,ISIC_0013636,0.3276420452722524,0.19252731443367532,0.24326149019237625,2.2096659233640015
squeezenet,guided_backprop,ISIC_0013636,-0.12947715197572726,0.019693565949256253,0.10893565006829142,-0.32472977619328836
squeezenet,integrated_gradients,ISIC_0013636,-0.07679342236208278,0.00313055762156407,0.07058443110031183,0.19106921448089778
squeezenet,lrp,ISIC_0013636,-0.059113047207871784,0.019294141025221187,0.08675198791114119,0.2284425121242614
squeezenet,occlusion,ISIC_0013636,0.2728903171850075,0.14296527238732717,0.1779570017420074,2.4468918375490016
squeezenet,saliency,ISIC_0013636,0.11038086385876915,0.07339329288365909,0.1393420622106234,1.4285413051299034
squeezenet,deep_lift,ISIC_0013673,-0.23824602207887638,-0.0679113486897314,0.0020585310528463815,-0.3234010087288806
squeezenet,gradcam,ISIC_0013673,-0.09186836862077394,-0.06271064770513432,-0.013920142993905068,1.5098095585411564
squeezenet,guided_backprop,ISIC_0013673,-0.11230076721079868,0.019615209647619314,0.10625766463578659,0.2968076714389303
squeezenet,integrated_gradients,ISIC_0013673,-0.12155180142247657,-0.002801346466660414,0.04918014246883148,0.25485234248757205
squeezenet,lrp,ISIC_0013673,-0.20312250817747401,-0.05394941345693535,0.003861432590838412,-0.1653770724172216
squeezenet,occlusion,ISIC_0013673,-0.14650369009860695,-0.0446338986971378,-0.013250645117459135,0.05543572891505169
squeezenet,saliency,ISIC_0013673,0.281742861328853,0.19798338807632368,0.22407559296265708,1.4311249830085884
squeezenet,deep_lift,ISIC_0013678,-0.17930921154219517,0.006809901159144331,0.08919213589350918,-0.12005697049711084
squeezenet,gradcam,ISIC_0013678,-0.07995816935436127,0.05274427940258556,0.10696988808064897,0.13968119353850902
squeezenet,guided_backprop,ISIC_0013678,-0.18342184956006025,-0.018785716005102034,0.07634965469616711,-0.219298580683395
squeezenet,integrated_gradients,ISIC_0013678,-0.07120665263614816,0.06553604557041998,0.1388914827402324,-0.4969820021103903
squeezenet,lrp,ISIC_0013678,-0.11242570951462316,0.045426456972527195,0.11203742677970606,-0.7327465651680742
squeezenet,occlusion,ISIC_0013678,0.0040144093057986625,0.04681370881962879,0.07757833921422924,0.6386002946199656
squeezenet,saliency,ISIC_0013678,0.13394518272896683,0.17189783588597576,0.2108936463356928,0.4073633592395996
squeezenet,deep_lift,ISIC_0013696,-0.10123060609452672,-0.06964019856767975,-0.012966570045260552,0.8398126905272681
squeezenet,gradcam,ISIC_0013696,0.28522306034868933,0.2544018887243046,0.32183652953592734,1.286947961356012
squeezenet,guided_backprop,ISIC_0013696,-0.015671822875426306,0.04960184552381647,0.13313582302700092,0.8685649910222097
squeezenet,integrated_gradients,ISIC_0013696,-0.31713556543066496,-0.13586805871902352,-0.07106271836457059,0.34104515026743437
squeezenet,lrp,ISIC_0013696,-0.33113038310403997,-0.13018072770659822,-0.07557684427487424,0.15462052211094837
squeezenet,occlusion,ISIC_0013696,0.10300153450931641,0.13630868304564195,0.1909479718952023,1.2168293382209618
squeezenet,saliency,ISIC_0013696,-0.15691431536144085,-0.029183999475410435,0.031601963462741266,0.5891962293783642
squeezenet,deep_lift,ISIC_0013708,-0.1349500391746713,-0.037862182100184334,0.02662460889883222,0.5268642495285392
squeezenet,gradcam,ISIC_0013708,0.09647031935993736,0.042009733416411794,0.06982492045522443,1.2093458165789823
squeezenet,guided_backprop,ISIC_0013708,0.06391440879440533,0.05071032528435667,0.11756536248356483,0.6575673419522818
squeezenet,integrated_gradients,ISIC_0013708,-0.007901886279320008,0.03685558110870455,0.09057547395633897,0.1486977252314438
squeezenet,lrp,ISIC_0013708,-0.2600579265408456,-0.015220824129631038,0.04558129904517777,-0.7400619301334164
squeezenet,occlusion,ISIC_0013708,0.0897168861672006,0.04295599575100792,0.05460401288091585,0.6480499671381473
squeezenet,saliency,ISIC_0013708,0.12998117040760537,0.16639809412113377,0.20796518909270179,0.43807089324916615
squeezenet,deep_lift,ISIC_0013733,0.0022598059558202764,0.025497380221000916,0.08285265536356314,0.636495148878587
squeezenet,gradcam,ISIC_0013733,0.398576481237339,0.23762161301859624,0.290894247732439,2.7584605878195916
squeezenet,guided_backprop,ISIC_0013733,-0.09081291526224795,0.041402998070124555,0.13061150214075057,0.22918535065450846
squeezenet,integrated_gradients,ISIC_0013733,-0.26483025199407795,-0.06370201490480877,0.02369519848791805,-0.036168854839513
squeezenet,lrp,ISIC_0013733,-0.23965024190301001,-0.04565061966425487,0.043228240400066925,0.1498339093385725
squeezenet,occlusion,ISIC_0013733,0.28688487795613954,0.13658189511658905,0.17145798203036763,2.9317482778561867
squeezenet,saliency,ISIC_0013733,-0.00013182153480734138,0.049789984635150275,0.12990043109607105,1.7734296963913743
squeezenet,deep_lift,ISIC_0013738,-0.2558138478117017,-0.10527937939300688,-0.03322207929503686,0.07889803193266101
squeezenet,gradcam,ISIC_0013738,-0.06487513778176417,0.1062181065086114,0.1644117963524703,-0.3015753894823352
squeezenet,guided_backprop,ISIC_0013738,-0.2852055869865069,-0.05081835008717785,0.024969026436307107,-0.37981292103959546
squeezenet,integrated_gradients,ISIC_0013738,-0.27229445043416417,-0.06979852091027632,0.005968152303298939,-0.2568968565732137
squeezenet,lrp,ISIC_0013738,-0.2438054883270606,-0.10347094118712694,-0.03913765910033396,0.21387224898982707
squeezenet,occlusion,ISIC_0013738,0.14925623658545434,0.03940656453250044,0.07648181055388918,1.6512150357708657
squeezenet,saliency,ISIC_0013738,-0.13039592304294945,0.04147641534230275,0.080618034630171,-0.16855415286013983
squeezenet,deep_lift,ISIC_0013739,-0.415505584813268,-0.1730038436731514,-0.10368019348406257,-0.4084818026341656
squeezenet,gradcam,ISIC_0013739,0.12558897403399463,0.1010905870119488,0.17101632608278616,1.8711074036906303
squeezenet,guided_backprop,ISIC_0013739,-0.2547636298859811,-0.09510776904282736,-0.002796535758576131,0.5142305541512687
squeezenet,integrated_gradients,ISIC_0013739,-0.15156799924012912,-0.04483006492455057,0.010642291798015326,0.21540115587133052
squeezenet,lrp,ISIC_0013739,-0.3524507986535367,-0.14376973461607173,-0.06823969302417725,0.061766383585714874
squeezenet,occlusion,ISIC_0013739,0.07027965777709635,0.06046154426309872,0.10345813293909475,1.3440290566417714
squeezenet,saliency,ISIC_0013739,-0.08119788574093173,-0.0030757992345571365,0.07469159188295368,1.1520194836475999
squeezenet,deep_lift,ISIC_0013764,-0.377825659179565,-0.12537271527303145,-0.054959608165665766,-0.8024915067994859
squeezenet,gradcam,ISIC_0013764,0.26390138608584307,0.22232882272567947,0.26786973064367,1.524240405502836
squeezenet,guided_backprop,ISIC_0013764,0.013544897187885338,0.1267429600062997,0.20349181292829083,0.6539183054338125
squeezenet,integrated_gradients,ISIC_0013764,-0.24492683190759468,-0.008448971595512214,0.05951652897708579,-1.1864530618737381
squeezenet,lrp,ISIC_0013764,-0.2799363180936974,-0.029238173716326765,0.043589938260593944,-1.2382603388090325
squeezenet,occlusion,ISIC_0013764,0.017655325490440087,0.023627226589296755,0.03490296995298326,1.3079116402518853
squeezenet,saliency,ISIC_0013764,-0.12297654715939783,0.02949865431971754,0.10221467556032623,0.07631175751705727
squeezenet,deep_lift,ISIC_0013766,-0.24497905880622015,-0.11405407920232839,-0.05657034117988705,-0.11017973489965614
squeezenet,gradcam,ISIC_0013766,0.3592424401162425,0.2000529228352543,0.25434887524116395,2.4935025236445827
squeezenet,guided_backprop,ISIC_0013766,-0.21062630763720594,-0.04284357356111949,0.04237524829486557,-0.07404510443167996
squeezenet,integrated_gradients,ISIC_0013766,-0.25247455958000564,-0.06951228050073067,0.001201779814994772,-0.40025908768837176
squeezenet,lrp,ISIC_0013766,-0.34403581649173154,-0.14137675902278232,-0.06785480420520415,0.09755359558220189
squeezenet,occlusion,ISIC_0013766,0.33508758234620367,0.20813821698668325,0.24409163842899245,1.8163485557727754
squeezenet,saliency,ISIC_0013766,0.1872646787749273,0.11279139578508683,0.17209236048335802,1.8110633804354346
squeezenet,deep_lift,ISIC_0013767,-0.12254345473447412,-0.04672156593717778,0.01362527415302636,0.06666795837362208
squeezenet,gradcam,ISIC_0013767,0.3421593258905697,0.2158601493377324,0.26903124176998316,2.2558413804141684
squeezenet,guided_backprop,ISIC_0013767,-0.199199784507861,-0.015499420746139615,0.07639149338826716,-0.6408133683721011
squeezenet,integrated_gradients,ISIC_0013767,-0.13049240260221445,-0.016975628236479374,0.046900590793771256,-0.09188624847764772
squeezenet,lrp,ISIC_0013767,-0.20747026367357543,-0.030196090166763334,0.04466018363472036,-0.5900398703259897
squeezenet,occlusion,ISIC_0013767,0.12093328000611278,0.05434539704923116,0.07531232915520307,1.9818981078487352
squeezenet,saliency,ISIC_0013767,0.07345876690407077,0.053163328039373646,0.11310259736506094,1.4487623103550167
squeezenet,deep_lift,ISIC_0013794,-0.19248920504907577,-0.08233665271010847,-0.02847247986188167,0.33542329522240383
squeezenet,gradcam,ISIC_0013794,0.3518996997739038,0.24996973570270117,0.3132940061210138,2.243459773510088
squeezenet,guided_backprop,ISIC_0013794,-0.27351211635655753,-0.039993254378314164,0.05166887884715315,-0.5768726530136719
squeezenet,integrated_gradients,ISIC_0013794,-0.14812108786066508,-0.05731186697456058,0.009933854329697959,0.5265871390487825
squeezenet,lrp,ISIC_0013794,-0.16283354963295715,-0.02524419936577126,0.04197036465078865,0.1832240460778239
squeezenet,occlusion,ISIC_0013794,0.37991055072389907,0.24878540163631882,0.28652435503169377,2.020314324923944
squeezenet,saliency,ISIC_0013794,0.08885542016420281,0.10250811746981023,0.1777097865803395,1.030433047578502
squeezenet,deep_lift,ISIC_0013809,-0.09472425308687396,-0.06325320020375855,0.004947341112825102,0.4542815998668514
squeezenet,gradcam,ISIC_0013809,0.3800311077480893,0.26162274859976953,0.31463516430348604,2.415810035868732
squeezenet,guided_backprop,ISIC_0013809,-0.1167552287771727,0.009492799050039745,0.0983238902254661,0.05066361461866241
squeezenet,integrated_gradients,ISIC_0013809,-0.04841887444364059,0.006735776633400578,0.08102403434730829,0.5872533420075358
squeezenet,lrp,ISIC_0013809,0.017909935904303193,0.03009099817395464,0.09770137678306069,0.9332863343688275
squeezenet,occlusion,ISIC_0013809,0.17924212282546098,0.021428151007568313,0.04623909958741414,2.705835388016628
squeezenet,saliency,ISIC_0013809,0.11669608153975998,0.10284972641940417,0.1723905205174283,1.387706416204675
squeezenet,deep_lift,ISIC_0013813,-0.09813465864197501,0.031996474092878646,0.11054814042584946,-0.14951889033568921
squeezenet,gradcam,ISIC_0013813,0.26960707667006933,0.17347502383893554,0.21345287355693698,1.975083915723567
squeezenet,guided_backprop,ISIC_0013813,-0.05010547829659407,0.03527663552966365,0.12199027171224085,0.16628314015721976
squeezenet,integrated_gradients,ISIC_0013813,-0.13637541180577542,0.03956270732528412,0.1252857297062975,-0.43944490548386733
squeezenet,lrp,ISIC_0013813,0.012130378565587165,0.09650838873451671,0.17067856488278133,0.44368849858297854
squeezenet,occlusion,ISIC_0013813,0.13916409645619934,0.09457118845081568,0.11790562961858098,1.6863117887596377
squeezenet,saliency,ISIC_0013813,0.11341965216515346,0.12108645075332042,0.18708767198596643,0.9737605107367203
squeezenet,deep_lift,ISIC_0013814,-0.15669583660678962,0.006635630076825842,0.07233190616752243,0.04355183738135041
squeezenet,gradcam,ISIC_0013814,-0.07113849516825277,0.10065537627031082,0.1578010927559711,0.2114979976126667
squeezenet,guided_backprop,ISIC_0013814,-0.16825234721676208,-0.01708706776951832,0.06921684476207046,-0.0557664370457719
squeezenet,integrated_gradients,ISIC_0013814,-0.032678044621629744,0.0652579964313772,0.1191409834584059,-0.23815647271766285
squeezenet,lrp,ISIC_0013814,-0.025161137766742024,0.09135895131150963,0.14795521742852538,-0.3604395500252348
squeezenet,occlusion,ISIC_0013814,0.18426802684066604,0.14459811483592755,0.16123652255705972,0.6963998109141907
squeezenet,saliency,ISIC_0013814,0.07712518411014119,0.1250650012113839,0.17598372616457023,0.17339396945248278
squeezenet,deep_lift,ISIC_0013833,-0.008742312379762595,0.028164700017413346,0.09310683987641118,0.3690495748589175
squeezenet,gradcam,ISIC_0013833,0.21532591084383568,0.10718245041269879,0.1418025453141778,1.5805042373588738
squeezenet,guided_backprop,ISIC_0013833,-0.10684809156976553,-0.01577490045570509,0.07007650281499057,-0.3398964826336032
squeezenet,integrated_gradients,ISIC_0013833,-0.10349248002160182,0.016149483982608615,0.09715372109997829,-0.25063001626227127
squeezenet,lrp,ISIC_0013833,-0.0259431006626415,0.04658091847765202,0.11884599596418516,0.14529141683085287
squeezenet,occlusion,ISIC_0013833,0.03202148596606628,-0.021191272579045753,-0.017432252221687903,1.5636434348311825
squeezenet,saliency,ISIC_0013833,0.09741085267583198,0.08410280963857643,0.1376835992227999,0.9100020200644771
squeezenet,deep_lift,ISIC_0013842,-0.1614748103344434,-0.06553031250347717,-0.018594675922850672,0.32313291056774085
squeezenet,gradcam,ISIC_0013842,0.41540406797003626,0.29472667532531194,0.34684861334890243,2.395562799667481
squeezenet,guided_backprop,ISIC_0013842,-0.2582215642968153,-0.08463439906801097,0.00836460689471967,0.4390451761812991
squeezenet,integrated_gradients,ISIC_0013842,-0.3573764852348167,-0.15881483315785033,-0.08908967853265513,0.1859167510305115
squeezenet,lrp,ISIC_0013842,-0.09018338190564773,-0.006428678062385544,0.056701248076192735,0.2178247551882363
squeezenet,occlusion,ISIC_0013842,0.07461594984162268,0.0843796437357889,0.13359199917961992,1.2374417565034157
squeezenet,saliency,ISIC_0013842,0.15992820540235325,0.12947157745358628,0.19703399050298462,1.3349595867358213
squeezenet,deep_lift,ISIC_0013867,-0.09975571055924586,-0.003306361936648553,0.06233253571757444,-0.07732326663721843
squeezenet,gradcam,ISIC_0013867,-0.28511122168029257,0.01810422407870653,0.09709735002649388,-0.7749669332212035
squeezenet,guided_backprop,ISIC_0013867,-0.025075622214992047,-0.0024424181149367494,0.07176973250032292,0.9631348405453243
squeezenet,integrated_gradients,ISIC_0013867,-0.12029595929822766,0.025146948301056436,0.08924147564329783,-0.3442420688019426
squeezenet,lrp,ISIC_0013867,-0.15406326116067084,0.044600248209065184,0.11863178603962256,-0.6702711942000882
squeezenet,occlusion,ISIC_0013867,-0.188799109541446,0.022916480636402753,0.07017498637464342,-0.5106701387658683
squeezenet,saliency,ISIC_0013867,-0.28428073126060055,0.009634388108375464,0.09825784382775718,-1.1867248235790313
squeezenet,deep_lift,ISIC_0013891,-0.21951243322279884,-0.04835389774631281,0.016358749054695153,0.14512927752548715
squeezenet,gradcam,ISIC_0013891,-0.03267899801764983,0.03836294210592716,0.09135899601591695,1.2061776568660771
squeezenet,guided_backprop,ISIC_0013891,-0.24442099747178853,-0.007599976378004569,0.07741572089804818,-0.48070366646763485
squeezenet,integrated_gradients,ISIC_0013891,-0.14760099132591026,0.00033785826910651,0.06205019739489485,0.42022906686809947
squeezenet,lrp,ISIC_0013891,-0.16938744266499714,-0.02183492434431678,0.04372171033000414,0.3619962632068621
squeezenet,occlusion,ISIC_0013891,-0.04373228864679669,0.019437338732470937,0.056455865888647684,0.7591380045397351
squeezenet,saliency,ISIC_0013891,-0.029350436609938992,0.05111041931924256,0.11392291619376446,0.5844061453979029
squeezenet,deep_lift,ISIC_0013897,-0.1664439720720822,-0.04698650873708578,0.029629266530797452,0.23526912366410982
squeezenet,gradcam,ISIC_0013897,0.014026804807430942,0.06738858247178052,0.11888912356022584,1.074890888587828
squeezenet,guided_backprop,ISIC_0013897,-0.052472148433617895,-0.018130951803706257,0.058811438697044506,0.9076670968338024
squeezenet,integrated_gradients,ISIC_0013897,-0.23369745982976428,-0.06447438644554915,0.009317273060419597,-0.2836556944702901
squeezenet,lrp,ISIC_0013897,-0.19337257074825226,0.012284060858214534,0.06281034165733032,-0.39784265060028573
squeezenet,occlusion,ISIC_0013897,-0.12031413515679723,-0.0009276563115358461,0.03709283508845765,-0.0008548376544438157
squeezenet,saliency,ISIC_0013897,0.12065777449062952,0.17258288840924146,0.206699447986738,0.30740245795311394
squeezenet,deep_lift,ISIC_0013908,-0.1658861665091223,-0.014646468004485581,0.06317047380002988,-0.5762922377134622
squeezenet,gradcam,ISIC_0013908,0.10898060235754835,0.09208296995526931,0.13877952386609216,1.6348102712193793
squeezenet,guided_backprop,ISIC_0013908,-0.3553854848527753,-0.0965267031179139,0.0044315002292264856,-0.6186432111156575
squeezenet,integrated_gradients,ISIC_0013908,-0.02943518618525352,0.05452649835264799,0.1277285855363804,0.21711402762249302
squeezenet,lrp,ISIC_0013908,-0.11658586428451631,0.046813576287531314,0.12112137718157379,-0.40101799085973083
squeezenet,occlusion,ISIC_0013908,0.14173270605991534,0.0910876203465847,0.12471647443631102,1.7953415005141264
squeezenet,saliency,ISIC_0013908,0.15482700618552933,0.11143888425430516,0.17331259813183517,1.5093812169587506
squeezenet,deep_lift,ISIC_0013911,-0.05290604986289649,0.037664596841019485,0.12012613475577838,0.10436955536742433
squeezenet,gradcam,ISIC_0013911,0.29815803287189485,0.22869647800867324,0.282074234958477,1.7494998656072094
squeezenet,guided_backprop,ISIC_0013911,-0.2844035549104081,-0.09666579192869969,0.003397520832651756,-0.11258807555516342
squeezenet,integrated_gradients,ISIC_0013911,-0.03187978908792111,0.0740427071375861,0.15300154500537758,0.1284171690961183
squeezenet,lrp,ISIC_0013911,-0.0533515709539528,0.07152968482481856,0.15753037243266044,0.01853193620722946
squeezenet,occlusion,ISIC_0013911,0.1710806224963109,0.1415913095057243,0.188048564836287,1.9833532675864327
squeezenet,saliency,ISIC_0013911,0.12645967644095313,0.09771058145973822,0.16692015119426487,1.4695048577257959
squeezenet,deep_lift,ISIC_0013917,-0.27173260658211185,-0.1566717205317531,-0.09828630471240277,0.20851312501375197
squeezenet,gradcam,ISIC_0013917,0.138828788759635,0.056807937560812885,0.10733407622617647,1.5872023684052656
squeezenet,guided_backprop,ISIC_0013917,-0.13827533498709044,-0.07062847813325936,0.001367099746139614,0.817361466163382
squeezenet,integrated_gradients,ISIC_0013917,-0.31514516107200663,-0.1493359339361717,-0.08280476127405613,-0.08604065163231407
squeezenet,lrp,ISIC_0013917,-0.3269441694311222,-0.11968200860674123,-0.04176058669519275,-0.44584068423128587
squeezenet,occlusion,ISIC_0013917,0.1331948818170064,0.0787944889083743,0.12027290490418346,1.9953431683496408
squeezenet,saliency,ISIC_0013917,-0.14023164708565708,0.004312267943888136,0.08033156550933467,0.1327280431836054
squeezenet,deep_lift,ISIC_0013925,-0.37196133066011006,-0.0973500676995161,-0.004137741203162466,-1.1726394488310092
squeezenet,gradcam,ISIC_0013925,-0.29701834169427704,-0.07228509791576412,-0.01278860533542683,-0.5270168727779665
squeezenet,guided_backprop,ISIC_0013925,-0.07168430386371777,0.06143552201772057,0.13770611313014425,-0.5325437321231011
squeezenet,integrated_gradients,ISIC_0013925,-0.13766442523612557,-0.0015279001500165354,0.07096523688047639,-0.7049189432174299
squeezenet,lrp,ISIC_0013925,-0.3042780698347358,-0.04954363909888967,0.0072714789698195845,-0.9311725426632471
squeezenet,occlusion,ISIC_0013925,0.25600337241581056,0.20061005421301328,0.22830770257814997,1.0645382257067375
squeezenet,saliency,ISIC_0013925,0.08251938716436186,0.12813106225342913,0.1688353318849836,0.1825354646364872
squeezenet,deep_lift,ISIC_0013948,-0.02794758662604635,-0.008689844574150453,0.05647983412356544,0.6317673451487322
squeezenet,gradcam,ISIC_0013948,0.3244895064853264,0.24876268874733837,0.3078603346336017,1.807841073539944
squeezenet,guided_backprop,ISIC_0013948,0.12410217667175814,0.08883915484480297,0.16783246205358957,1.393879634644779
squeezenet,integrated_gradients,ISIC_0013948,-0.06718387059785903,0.008087140374952256,0.07707046881799852,0.32213089460636757
squeezenet,lrp,ISIC_0013948,-0.12331680231245147,0.005032548866629366,0.0713084281263028,-0.17800214014801086
squeezenet,occlusion,ISIC_0013948,0.112163186596341,0.08835301127617344,0.12779541105481695,1.5483872646426435
squeezenet,saliency,ISIC_0013948,-0.05933292596258287,0.04673235033469931,0.11258815003709291,0.32187089287780657
squeezenet,deep_lift,ISIC_0013953,-0.12102614784534442,0.024214616150337348,0.0835293086468192,0.1224636991931905
squeezenet,gradcam,ISIC_0013953,-0.08337835787082011,0.06956913421364135,0.121085875943921,0.17541686862761935
squeezenet,guided_backprop,ISIC_0013953,-0.13118566533118106,0.04697730034153228,0.12097393456282374,-0.06290809506508457
squeezenet,integrated_gradients,ISIC_0013953,-0.10950432740926097,0.03274131990034129,0.07877142587508222,0.081645461076139
squeezenet,lrp,ISIC_0013953,-0.11349979294408977,0.017146808829632525,0.06339517951064451,0.10051205402777112
squeezenet,occlusion,ISIC_0013953,-0.07022948750303012,0.04996183820229316,0.08411476421993722,-0.008376582082946822
squeezenet,saliency,ISIC_0013953,-0.04730822720185139,0.07880001525469693,0.1273502373082276,0.28884241205851025
squeezenet,deep_lift,ISIC_0013966,-0.08788202904322,0.04588301713282137,0.11878940363712166,0.42188656414938475
squeezenet,gradcam,ISIC_0013966,-0.030303263756457536,0.008543396473370417,0.068811913156531,1.3792245787809168
squeezenet,guided_backprop,ISIC_0013966,-0.27032579130169276,-0.0668088504013048,0.024738625604588206,-0.595387618997469
squeezenet,integrated_gradients,ISIC_0013966,-0.10710790426481163,-0.0071054649532526805,0.06523960752372908,0.4735349531747496
squeezenet,lrp,ISIC_0013966,-0.174508007461046,0.003290217951118435,0.06784693794356926,-0.16764508101393621
squeezenet,occlusion,ISIC_0013966,0.05079184451696516,0.0029973630337115564,0.022351057484891537,1.3741366486607909
squeezenet,saliency,ISIC_0013966,0.04687449029658953,0.08964464549987004,0.13189237384469438,0.9703084263519335
squeezenet,deep_lift,ISIC_0013977,-0.1642741067506865,-0.03298465980198133,0.03459457005099016,0.14017016677665245
squeezenet,gradcam,ISIC_0013977,-0.006116401427343352,0.048408276289548136,0.10272493176165952,1.306024328845863
squeezenet,guided_backprop,ISIC_0013977,0.09483605001835431,0.18612594697630527,0.2602244841629132,0.22625869177219032
squeezenet,integrated_gradients,ISIC_0013977,-0.16538014943681684,-0.006227768660690997,0.04926037795292609,-0.01903678632984688
squeezenet,lrp,ISIC_0013977,0.09267602561946427,0.0718877821093213,0.11096090948435361,0.7500364419870021
squeezenet,occlusion,ISIC_0013977,0.031048584127442106,0.035041193595831084,0.062280858301111984,1.076557434823172
squeezenet,saliency,ISIC_0013977,0.11702612152722117,0.1385487265657981,0.18310021864854226,0.48422902173548776
squeezenet,deep_lift,ISIC_0013987,-0.0405560171559407,-0.018898861340355132,0.04935542917738066,0.48336435204442246
squeezenet,gradcam,ISIC_0013987,0.5085522344461159,0.28993110623821744,0.3521801499979661,3.1331253867086226
squeezenet,guided_backprop,ISIC_0013987,-0.07722206638888311,0.04866823012191068,0.1415449368461876,0.031246935932979565
squeezenet,integrated_gradients,ISIC_0013987,-0.06475795197719982,0.010139783321218588,0.08307237507097648,0.20254839887141307
squeezenet,lrp,ISIC_0013987,-0.09257852537224547,0.009766284977988088,0.08139863416981517,0.10656052878945495
squeezenet,occlusion,ISIC_0013987,0.36294082659866117,0.19661917461396944,0.2405419728018067,2.9926815165482754
squeezenet,saliency,ISIC_0013987,0.17976695704449314,0.12735686186767683,0.19627758105061716,1.5977724259964143
squeezenet,deep_lift,ISIC_0013988,-0.20180378839150828,-0.03302087585294939,0.038792113920500394,-0.9174894250632589
squeezenet,gradcam,ISIC_0013988,0.36976486503410316,0.24195734568218938,0.28549762063010575,2.260429896195314
squeezenet,guided_backprop,ISIC_0013988,-0.05984880887294694,0.044061587168320086,0.13547907556758335,-0.05072567505661965
squeezenet,integrated_gradients,ISIC_0013988,-0.17458131515790973,0.002163956404605593,0.08041881769366263,-0.7885807365658106
squeezenet,lrp,ISIC_0013988,-0.23589780695957685,0.006886885315909659,0.08687462538998093,-1.1507418592595724
squeezenet,occlusion,ISIC_0013988,0.17818427245551322,0.03534009779295207,0.030947237271290676,2.402621276916793
squeezenet,saliency,ISIC_0013988,0.07846677960107566,0.10254209217691641,0.1727816767302688,0.8199357653690341
squeezenet,deep_lift,ISIC_0013998,-0.22853602452419347,-0.05468329962541012,0.044255502705079615,0.03814017818211667
squeezenet,gradcam,ISIC_0013998,0.0662594743390354,0.07706775294244873,0.14240931976135812,1.7167109988932607
squeezenet,guided_backprop,ISIC_0013998,-0.2040235818861404,-0.08153582975418404,0.011109464779374582,0.4289562884792469
squeezenet,integrated_gradients,ISIC_0013998,-0.16880016279476356,-0.02494923805900826,0.06989546622485468,0.6140957636644702
squeezenet,lrp,ISIC_0013998,-0.18747352213094162,-0.03207109346472533,0.0649261686076512,0.4722170298010357
squeezenet,occlusion,ISIC_0013998,0.10581431578115122,0.029359228664780083,0.05043689731693266,2.068382661967247
squeezenet,saliency,ISIC_0013998,-0.03784948160232401,-0.002356990424489479,0.07555042898948797,1.4936273909324251
squeezenet,deep_lift,ISIC_0014006,-0.17600955906396082,0.022484293959335013,0.10455757147859653,-0.1857019391190816
squeezenet,gradcam,ISIC_0014006,-0.008791692376321516,0.03057311588752833,0.07311822607880193,0.823193901726345
squeezenet,guided_backprop,ISIC_0014006,-0.0824239851509324,0.018431039552159252,0.09629572530817455,0.43080806350698264
squeezenet,integrated_gradients,ISIC_0014006,-0.14440526996501715,0.038118283131612134,0.12023960080976014,-0.03149811996870669
squeezenet,lrp,ISIC_0014006,-0.18090794749917588,0.027574891075616958,0.09116881549114614,-0.3117525136453202
squeezenet,occlusion,ISIC_0014006,-0.013273147200365215,0.027886393403256163,0.05702006538951824,0.5884955399236008
squeezenet,saliency,ISIC_0014006,-0.05547176040373686,0.06848082091753872,0.12019490637989323,0.3319559704939393
squeezenet,deep_lift,ISIC_0014027,-0.2799044728666273,-0.0029322078447802423,0.09082466914475379,-0.7021593419485026
squeezenet,gradcam,ISIC_0014027,0.14375890031111332,0.12340487658091331,0.1842757075755046,1.2869882603416984
squeezenet,guided_backprop,ISIC_0014027,-0.2066557107064902,-0.06946031613121845,0.02345747280225662,0.3832052163838001
squeezenet,integrated_gradients,ISIC_0014027,-0.18224324791348326,0.0163889405580555,0.10598009395303903,-0.4539257598232399
squeezenet,lrp,ISIC_0014027,-0.20543044802014604,0.007097584897481619,0.09679701599655743,-0.5696628713908282
squeezenet,occlusion,ISIC_0014027,-0.08001357146905097,-0.003930196804813451,0.02856523569115567,0.9075590222812797
squeezenet,saliency,ISIC_0014027,0.07906617079176634,0.0697196604028801,0.13749949116162305,1.1282736360508145
squeezenet,deep_lift,ISIC_0014059,-0.4005265483446618,-0.17960431724877224,-0.10896795429316981,-0.18412176093715246
squeezenet,gradcam,ISIC_0014059,0.2483624320189024,0.18448333154767693,0.2464078951510114,1.6662122666586483
squeezenet,guided_backprop,ISIC_0014059,-0.07315168643227393,0.009025783415817558,0.08945462926392815,0.8479201870094408
squeezenet,integrated_gradients,ISIC_0014059,-0.22608449136533657,-0.051424821885278416,0.02014201567161985,-0.30625325910538087
squeezenet,lrp,ISIC_0014059,-0.3389407898441203,-0.1286231694584813,-0.05022307386804688,0.10073712386283012
squeezenet,occlusion,ISIC_0014059,0.18057267491974086,0.1887264190895378,0.22119003985010743,0.5910884499335521
squeezenet,saliency,ISIC_0014059,-0.03231989855536541,0.03781589341113959,0.1252438274865142,1.0698381284915741
squeezenet,deep_lift,ISIC_0014077,-0.3991996016317352,-0.16675538420280794,-0.08074261017896359,-0.6378497809647176
squeezenet,gradcam,ISIC_0014077,0.14695942784175473,0.1830167792228972,0.24707382533143876,1.009864372013239
squeezenet,guided_backprop,ISIC_0014077,-0.091037940493537,0.0004130935908413268,0.08042270526489442,0.33987237651307484
squeezenet,integrated_gradients,ISIC_0014077,-0.12280285632007934,-0.0019786397361419906,0.06741305512395096,0.020218101866371387
squeezenet,lrp,ISIC_0014077,-0.18552614836822268,-0.007036524325803968,0.06509198287264775,-0.4344897055684162
squeezenet,occlusion,ISIC_0014077,-0.22340572805370768,-0.07041119176651923,-0.029610100644896904,-0.12431611534115239
squeezenet,saliency,ISIC_0014077,0.06377685239847068,0.08275176322315206,0.15501503842080125,1.0059681195353036
squeezenet,deep_lift,ISIC_0014090,-0.2952174806677299,-0.12398491132365941,-0.05668385623748054,-0.35859180489606796
squeezenet,gradcam,ISIC_0014090,0.5418291974005854,0.33489834566674315,0.3868412700600159,3.4134357524707535
squeezenet,guided_backprop,ISIC_0014090,-0.13361838264559053,-0.04374340482463784,0.03146086407047393,0.6184837004032221
squeezenet,integrated_gradients,ISIC_0014090,-0.24604402439194606,-0.12544682632956244,-0.06284446341605192,0.08399793268330777
squeezenet,lrp,ISIC_0014090,-0.0782083138979694,-0.07905432074263727,-0.021702379549409654,0.7845747243050423
squeezenet,occlusion,ISIC_0014090,0.5388874806928377,0.25260140726829694,0.2900578771892937,3.3020484767827223
squeezenet,saliency,ISIC_0014090,-0.0252883166669528,-0.0018044635839146578,0.06546893936069327,1.6282978085906774
squeezenet,deep_lift,ISIC_0014103,0.019529323492540454,-0.012899431208221589,0.04390030377439113,1.1054287272322127
squeezenet,gradcam,ISIC_0014103,0.3316494573200118,0.2131159885260664,0.2587490429646186,2.232215037627664
squeezenet,guided_backprop,ISIC_0014103,-0.04855343387452517,0.07410840513371628,0.16973857892579403,0.06136491409967364
squeezenet,integrated_gradients,ISIC_0014103,-0.15572009719542523,-0.023983051949784204,0.04995564668393038,-0.1840302822396442
squeezenet,lrp,ISIC_0014103,-0.11795919368966015,-0.00903328810460071,0.05743795556120254,0.1014140643926195
squeezenet,occlusion,ISIC_0014103,0.1889808485578379,0.11921824677845635,0.15232967540079875,2.121907481672499
squeezenet,saliency,ISIC_0014103,0.10030353050635597,0.09331807277044313,0.1569002172553317,1.4014659553357007
squeezenet,deep_lift,ISIC_0014110,-0.2652675019297453,-0.0798425424378867,-0.0042772179989890476,-0.8946615150895288
squeezenet,gradcam,ISIC_0014110,0.21830567154704517,0.1502698497023206,0.2107912147679079,2.519385023462465
squeezenet,guided_backprop,ISIC_0014110,-0.11378067189229157,0.0010287000187514915,0.08632833822606942,0.0996536581560678
squeezenet,integrated_gradients,ISIC_0014110,-0.1879244825870751,-0.023772505609145258,0.05229170965387687,-0.5313400380560875
squeezenet,lrp,ISIC_0014110,-0.3540577901543973,-0.13603918072613022,-0.054604941580698216,-0.34219048407608554
squeezenet,occlusion,ISIC_0014110,0.14759571590699655,0.034065250416910636,0.07019217769108675,2.200728927214635
squeezenet,saliency,ISIC_0014110,-0.2549038608179997,-0.0765069220012552,0.007409135708821455,0.24852836920555865
squeezenet,deep_lift,ISIC_0014117,-0.1811549197456687,-0.03898000768416474,0.028952471113412554,0.23158663898752066
squeezenet,gradcam,ISIC_0014117,0.43810130229929195,0.3248461993268235,0.3914557408625471,2.5784721289848145
squeezenet,guided_backprop,ISIC_0014117,-0.30336626606483696,-0.06753719023250875,0.02276872103392818,-0.6515356095873787
squeezenet,integrated_gradients,ISIC_0014117,-0.26440347052573665,-0.06390507489598767,0.013218239716650365,-0.14964999942207582
squeezenet,lrp,ISIC_0014117,-0.1852545220307723,-0.029590402582798263,0.04180139042270195,0.21270621615670945
squeezenet,occlusion,ISIC_0014117,0.2625324747036656,0.14224217911170545,0.17570915952721222,1.691252297863034
squeezenet,saliency,ISIC_0014117,0.12310653863045504,0.08136772210486558,0.1420820955097728,1.5723260344745422
squeezenet,deep_lift,ISIC_0014129,-0.17761900665040614,-0.0862081789681434,-0.01911514305346263,0.6851442309410735
squeezenet,gradcam,ISIC_0014129,0.3459874021679869,0.25436571700661215,0.30257903088233995,2.1731764374299045
squeezenet,guided_backprop,ISIC_0014129,-0.1333048738105633,-0.037732998672256414,0.04012776515327486,0.09217845275931641
squeezenet,integrated_gradients,ISIC_0014129,-0.1348414266073988,-0.020416691618385645,0.04716675092405686,-0.09706257075933272
squeezenet,lrp,ISIC_0014129,-0.12237636166530075,-0.003961443813985399,0.06460895954687629,-0.029908441758844675
squeezenet,occlusion,ISIC_0014129,-0.03993952591849385,-0.10279589488589795,-0.09728140730053841,1.678740708412394
squeezenet,saliency,ISIC_0014129,0.029800232528777892,0.07782666086528206,0.1416602684358911,0.7535543968956657
squeezenet,deep_lift,ISIC_0014148,-0.030326384393254587,-0.006130184104258006,0.06857485386512387,0.7149055447667212
squeezenet,gradcam,ISIC_0014148,0.34304082875779407,0.2267236914154991,0.2759187944202544,2.208945230958161
squeezenet,guided_backprop,ISIC_0014148,-0.06798197612176783,0.04869200648537255,0.13954552996286773,0.021514955281774027
squeezenet,integrated_gradients,ISIC_0014148,-0.01778190474892435,0.014724675649506816,0.08653909149405238,0.8155558517919784
squeezenet,lrp,ISIC_0014148,-0.08643765594860703,0.015364140363241012,0.08479776743747924,0.3386040208917551
squeezenet,occlusion,ISIC_0014148,0.24479662196196078,0.15890521018965417,0.20137612205661842,2.2876409436649556
squeezenet,saliency,ISIC_0014148,0.18414039924556733,0.11424447548661319,0.17361944411871136,1.802777469352996
squeezenet,deep_lift,ISIC_0014160,-0.08643781916578665,-0.00023527695037434964,0.07737269134960134,0.27236461475432727
squeezenet,gradcam,ISIC_0014160,0.17079155061338874,0.14130139606460523,0.21338173411153685,2.4108790519801344
squeezenet,guided_backprop,ISIC_0014160,-0.20926175131416627,0.01900096188224978,0.11723254965600183,-0.8321353673995784
squeezenet,integrated_gradients,ISIC_0014160,-0.23461853140247127,0.004930240784844716,0.09556764732860407,-0.7620908211273083
squeezenet,lrp,ISIC_0014160,-0.16822989171546923,0.011525969417570232,0.0935574417121073,-0.2839308083184834
squeezenet,occlusion,ISIC_0014160,0.2743037518158666,0.16448372904276376,0.20703331390397064,2.697969905261224
squeezenet,saliency,ISIC_0014160,0.1998877935094155,0.1193832015912425,0.1835923715997515,1.9542446507871396
squeezenet,deep_lift,ISIC_0014177,-0.16487589621642562,0.012242886393127123,0.09239050050024906,-0.037051061458497736
squeezenet,gradcam,ISIC_0014177,-0.13211646048075673,0.006942621582707599,0.069642109096045,0.37311588905644977
squeezenet,guided_backprop,ISIC_0014177,-0.12583393058942777,-0.015446406171741443,0.0674874449649331,0.30015459378879605
squeezenet,integrated_gradients,ISIC_0014177,-0.17477913104871004,0.013013813229658569,0.07934461925878397,-0.16651092101495232
squeezenet,lrp,ISIC_0014177,0.03427709376011944,0.10572109357633418,0.16343583581295495,0.1314686907220425
squeezenet,occlusion,ISIC_0014177,-0.26186963294119137,-0.12030660815894592,-0.09912016709422984,-0.3945031102918885
squeezenet,saliency,ISIC_0014177,0.05508748220973817,0.11803152412494343,0.16737567853022894,0.11700917652736297
squeezenet,deep_lift,ISIC_0014181,-0.03426480604524988,0.009992563486116348,0.06203027470349506,0.403750371995599
squeezenet,gradcam,ISIC_0014181,0.3051609854058292,0.17483855284467495,0.2077762876299525,2.0481700096228033
squeezenet,guided_backprop,ISIC_0014181,0.03378187833182552,0.02092512769388708,0.08430255159693835,1.2334174265218807
squeezenet,integrated_gradients,ISIC_0014181,0.03359069933829631,0.03480689242482374,0.07932526102466221,0.984694944429358
squeezenet,lrp,ISIC_0014181,-0.07084989852194214,0.013190816722917772,0.06850821230591952,0.27476136029258896
squeezenet,occlusion,ISIC_0014181,0.013914778695666128,-0.026523170058241126,-0.02662817578117223,1.481567443205006
squeezenet,saliency,ISIC_0014181,-0.049967269084873464,0.06021598113003336,0.12565280786703956,0.2186240489338862
squeezenet,deep_lift,ISIC_0014186,-0.2272705093208554,-0.07234874705981655,-0.005163205449818724,-0.16635157516200394
squeezenet,gradcam,ISIC_0014186,-0.19011256293063866,-0.05333095531987588,-0.0032287231499073562,0.2617374425098282
squeezenet,guided_backprop,ISIC_0014186,-0.012844791279507948,0.047795457967141505,0.12866914256861448,0.0009122991996313741
squeezenet,integrated_gradients,ISIC_0014186,-0.208803470135296,-0.06594856561215987,-0.0024377240563202267,-0.12690374068866264
squeezenet,lrp,ISIC_0014186,-0.19468889216076007,-0.0005624081373093968,0.0505511608239201,-0.36528488025152794
squeezenet,occlusion,ISIC_0014186,-0.11031504994084385,0.00039738210433092904,0.036059178082392604,0.13836179558827355
squeezenet,saliency,ISIC_0014186,-0.09713196089811738,0.06415681927766687,0.11807090885827762,0.025160470218425886
squeezenet,deep_lift,ISIC_0014219,-0.15002424427167613,-0.05250612848421747,0.011171662955130645,-0.03416985342083141
squeezenet,gradcam,ISIC_0014219,0.3512488475553568,0.27680688471907633,0.3408609671998511,2.2650021458404193
squeezenet,guided_backprop,ISIC_0014219,-0.14210643680572954,0.004439990022539362,0.09017054410730489,0.15293792955221328
squeezenet,integrated_gradients,ISIC_0014219,-0.25371859797962976,-0.09415755607559642,-0.02050465424027254,0.33511555751352556
squeezenet,lrp,ISIC_0014219,-0.33708531398834995,-0.09974956538699316,-0.023884519531748315,-0.19539428480197893
squeezenet,occlusion,ISIC_0014219,0.22284403666717026,0.14251064736336894,0.1814902244805763,2.3292709682132196
squeezenet,saliency,ISIC_0014219,-0.0887332786088049,0.002630800969654443,0.07609163406115046,1.3650670322130745
squeezenet,deep_lift,ISIC_0014221,-0.19679365522593692,-0.0933065386986205,-0.02156369757256097,0.2833179156993545
squeezenet,gradcam,ISIC_0014221,0.4498326356201726,0.22247072972173634,0.2676674190159896,2.8586236434724577
squeezenet,guided_backprop,ISIC_0014221,-0.12469527440504191,-0.02574066055106744,0.05595382518220344,0.26854036923672553
squeezenet,integrated_gradients,ISIC_0014221,-0.23375276629873923,-0.09898263760082619,-0.03390310323512255,0.045196869453653615
squeezenet,lrp,ISIC_0014221,-0.19908436733299295,-0.08421094382508226,-0.015582079521542423,0.12436514272078447
squeezenet,occlusion,ISIC_0014221,0.4113217695178299,0.23583692141482973,0.2805796074669636,2.390549898931615
squeezenet,saliency,ISIC_0014221,0.09781739590794826,0.058254834333213254,0.12089171996431643,1.5262631215007654
squeezenet,deep_lift,ISIC_0014233,-0.24193366247289855,-0.08006311676535009,-0.005416304738369374,-0.1639503784175956
squeezenet,gradcam,ISIC_0014233,-0.1700398431874476,-0.014542399840562097,0.04948800821891912,0.041285161398821525
squeezenet,guided_backprop,ISIC_0014233,-0.0620121732231806,0.03725419575396098,0.10462054546080574,-0.26929513260319166
squeezenet,integrated_gradients,ISIC_0014233,-0.17563125233484633,-0.05007865499919742,0.01368532115085221,0.1263156044691494
squeezenet,lrp,ISIC_0014233,-0.14483797046981187,-0.01335904007627212,0.03784690387640792,0.1739477507866981
squeezenet,occlusion,ISIC_0014233,0.018359899002488727,0.0641898624245604,0.07381137033135156,-0.10407916454011179
squeezenet,saliency,ISIC_0014233,0.13110684360807073,0.14093959028623618,0.18208824972011378,0.5815145832685734
squeezenet,deep_lift,ISIC_0014251,-0.10132696056672143,0.024122028699101197,0.10088340740328479,0.41311325515278824
squeezenet,gradcam,ISIC_0014251,-0.2008772762173374,0.04469075623807095,0.10526998757651274,-0.47093621812959446
squeezenet,guided_backprop,ISIC_0014251,-0.13914071455478905,-0.01677628213483384,0.07334471595826744,0.23824100899900064
squeezenet,integrated_gradients,ISIC_0014251,0.04454876144152916,0.10647358724658242,0.1724957386571109,0.22453054304190861
squeezenet,lrp,ISIC_0014251,-0.11721241606905831,0.007204412677912628,0.07405799616577848,-0.057833051461518
squeezenet,occlusion,ISIC_0014251,-0.08886411351927263,-0.010260595336148188,0.02334890091122475,0.2699667518350984
squeezenet,saliency,ISIC_0014251,-0.0155238855875707,0.060061206776415674,0.11569410969220598,0.6639039544616245
squeezenet,deep_lift,ISIC_0014255,-0.21517732869966194,0.0129364949042483,0.07696941038387878,-0.3732171127814059
squeezenet,gradcam,ISIC_0014255,0.007625561583705356,0.09008107229423644,0.1432330251885054,1.0374188401118118
squeezenet,guided_backprop,ISIC_0014255,-0.2130739214604157,0.019243987372980335,0.10406582224612981,-0.4697181629694999
squeezenet,integrated_gradients,ISIC_0014255,-0.16690755263150125,-0.008883030092281634,0.05411639944208035,0.08906325873600783
squeezenet,lrp,ISIC_0014255,-0.18159921395595946,-0.03163306892149526,0.0388121501166386,0.08119500084590724
squeezenet,occlusion,ISIC_0014255,-0.14521857702490287,-0.07765323890937136,-0.04251865268839139,0.23031892448642755
squeezenet,saliency,ISIC_0014255,-0.10724343354010392,0.017693601558705436,0.09036964689827019,0.34180236820848325
squeezenet,deep_lift,ISIC_0014270,-0.1166795830304901,-0.01699757832570808,0.048684131647561385,-0.08860737646042938
squeezenet,gradcam,ISIC_0014270,0.318049075362792,0.20592723746997377,0.2598342216598943,2.0359982505278245
squeezenet,guided_backprop,ISIC_0014270,-0.22626809479438192,-0.009957202897697954,0.08452460995605664,-0.7220587612678379
squeezenet,integrated_gradients,ISIC_0014270,-0.038385100267822464,0.05962353819543772,0.1331593682683638,0.23161616715339628
squeezenet,lrp,ISIC_0014270,-0.07401654559687283,0.06458343613194396,0.14080873357390392,-0.0073932656523322555
squeezenet,occlusion,ISIC_0014270,0.17975570409163205,0.0934251181143516,0.13570950998166573,2.1395528688160645
squeezenet,saliency,ISIC_0014270,0.061503120627744344,0.09235940827703347,0.16693538249746123,1.1150486080117576
squeezenet,deep_lift,ISIC_0014278,-0.20169674172311955,-0.10556765898020601,-0.05208285022308306,0.5629953309381169
squeezenet,gradcam,ISIC_0014278,0.139851248440493,0.1901619688981605,0.25319984725925876,0.6961006458986307
squeezenet,guided_backprop,ISIC_0014278,-0.24356112764475507,-0.0636740345941569,0.021877408697388388,-0.29717713986679234
squeezenet,integrated_gradients,ISIC_0014278,-0.2473381257639332,-0.11450973280961363,-0.05879762755683718,0.20779911857599156
squeezenet,lrp,ISIC_0014278,-0.33128144453468295,-0.1568712679724437,-0.08188848057917758,0.5648227067617909
squeezenet,occlusion,ISIC_0014278,0.1439933692032158,0.13616478192734546,0.181415024994103,0.9525650760377077
squeezenet,saliency,ISIC_0014278,0.004130829932286388,0.05608823642167708,0.13362510656958768,0.8213550223740294
squeezenet,deep_lift,ISIC_0014284,-0.7376631522235977,-0.11050341545844122,-0.03592558716619883,0.9151235082490474
squeezenet,gradcam,ISIC_0014284,0.4315475968127882,0.2628296361540978,0.3124202406805121,2.849686061156027
squeezenet,guided_backprop,ISIC_0014284,-0.15568340271072167,0.004102985059907336,0.09208131136547903,-0.0021802232096553003
squeezenet,integrated_gradients,ISIC_0014284,-0.06940044162341266,0.0238958325810821,0.09972219379119043,0.2081781671718141
squeezenet,lrp,ISIC_0014284,-0.21990778020251556,-0.017216817782029537,0.056862462964026465,-0.6627017258122719
squeezenet,occlusion,ISIC_0014284,0.2839702621100742,0.08858040659501272,0.11745833321430912,3.2272321642507578
squeezenet,saliency,ISIC_0014284,0.24319250265037493,0.13277978618305003,0.1901912376182039,2.1824286449182226
squeezenet,deep_lift,ISIC_0014288,-0.10958865706660773,-0.060976036298119256,-0.0027009315273811944,0.5940048508922412
squeezenet,gradcam,ISIC_0014288,0.4581314482100811,0.3136543508018247,0.37659797684259133,2.7793448410782213
squeezenet,guided_backprop,ISIC_0014288,-0.20301480769741329,-0.0166448929001908,0.0747647931445042,-0.4008160196705587
squeezenet,integrated_gradients,ISIC_0014288,-0.15362501371821197,-0.06641788251215154,-0.0006796267982349052,0.3108122650383717
squeezenet,lrp,ISIC_0014288,-0.1491260045490625,-0.023330924757398574,0.04310007576602603,0.09100374648541593
squeezenet,occlusion,ISIC_0014288,0.32485356948021066,0.16071269532102592,0.201621314402194,2.151809329051868
squeezenet,saliency,ISIC_0014288,0.14633125067590885,0.10025847128327661,0.16954483285937513,1.4707626257045128
squeezenet,deep_lift,ISIC_0014319,-0.14908558931250662,-0.012992361903427996,0.06605431265609492,-0.5363963884256117
squeezenet,gradcam,ISIC_0014319,0.3163703004079166,0.2305239296318894,0.28563209736181433,1.9787632863876257
squeezenet,guided_backprop,ISIC_0014319,-0.13963992858046267,-0.014144033784029057,0.0706351933762741,-0.012409326195030657
squeezenet,integrated_gradients,ISIC_0014319,-0.18695910962442547,0.00022921295476561253,0.08255953654327194,-0.7674316090648964
squeezenet,lrp,ISIC_0014319,-0.16584262098799074,8.316139832755456e-05,0.08062280931100987,-0.7010991122705328
squeezenet,occlusion,ISIC_0014319,-1.0388549583452997,0.06847403120297745,0.09429064311071797,2.183787526715571
squeezenet,saliency,ISIC_0014319,-0.09485365969324294,-0.01283732815426034,0.05955838715301658,1.1365670940342092
squeezenet,deep_lift,ISIC_0014336,-0.2651374232229412,-0.0023407388869938852,0.09350821212687714,-1.0967452483382558
squeezenet,gradcam,ISIC_0014336,0.27944090119658443,0.19310855061489646,0.24397611432940816,1.996696774643408
squeezenet,guided_backprop,ISIC_0014336,-0.14233463265046495,0.020489375951448077,0.11232170104492858,-0.27531248555729354
squeezenet,integrated_gradients,ISIC_0014336,-0.2828151966467685,-0.01450711016667886,0.07680862990505286,-1.0873810096697298
squeezenet,lrp,ISIC_0014336,-0.27762933520628125,-0.007624945142813735,0.0837292614940839,-1.1419777091233594
squeezenet,occlusion,ISIC_0014336,0.14993163206323823,0.1165404893140244,0.15239069586091342,1.751324164053795
squeezenet,saliency,ISIC_0014336,-0.005422351623522649,0.07537860697017498,0.1463281369252494,0.43316335604314965
squeezenet,deep_lift,ISIC_0014349,-0.05137320016776578,0.02158823054410525,0.10102170742598715,0.3258061254655331
squeezenet,gradcam,ISIC_0014349,0.46536981553759516,0.29181752106772335,0.3528337810875655,2.973763560707614
squeezenet,guided_backprop,ISIC_0014349,-0.07551697374145208,0.042478351004528465,0.13119597181441303,0.26970565104329186
squeezenet,integrated_gradients,ISIC_0014349,-0.09270984759320781,0.06775737078098773,0.15757813933738476,-0.1663728969889762
squeezenet,lrp,ISIC_0014349,-0.03241190020482732,0.07501075848421153,0.1545073086196463,0.27092370620338646
squeezenet,occlusion,ISIC_0014349,0.3067526189358768,0.2002091325408961,0.23894838700877974,2.712694421922233
squeezenet,saliency,ISIC_0014349,0.20556189875360686,0.1398125382276818,0.20678536686471943,1.7924902373704834
squeezenet,deep_lift,ISIC_0014369,-0.1478312069799374,-0.023718096772899103,0.05587240417009618,-0.29335925059829626
squeezenet,gradcam,ISIC_0014369,0.36663610928069895,0.27665014652450026,0.3425299473247386,2.326370467036156
squeezenet,guided_backprop,ISIC_0014369,-0.07046556495045142,0.024234837948900738,0.11004657378652558,0.3399883643209685
squeezenet,integrated_gradients,ISIC_0014369,-0.11674366577945064,0.01991947858751022,0.09645686741134167,-0.09430854723637899
squeezenet,lrp,ISIC_0014369,-0.11000459997753749,0.016534496669399972,0.0901247203711622,0.02021007183553077
squeezenet,occlusion,ISIC_0014369,0.11877986738089168,-0.012681576343026208,-0.007669311596430593,2.5640957955601364
squeezenet,saliency,ISIC_0014369,0.08450447283595722,0.09040141965741931,0.15712824091278793,1.288407224263161
squeezenet,deep_lift,ISIC_0014386,0.036346116205468626,0.12219916459860461,0.18569810159671277,0.11854939460143978
squeezenet,gradcam,ISIC_0014386,0.03511318651342437,0.11068273395930572,0.1541211448797719,0.514801224424031
squeezenet,guided_backprop,ISIC_0014386,0.061993558128396034,0.0800037805378384,0.1543142211373164,0.5633135830187151
squeezenet,integrated_gradients,ISIC_0014386,0.027569243296753167,0.07783374852878179,0.14558046505573302,0.26064295869402493
squeezenet,lrp,ISIC_0014386,0.07008991398444672,0.09876968758947438,0.1617039210862791,0.5647071219437537
squeezenet,occlusion,ISIC_0014386,0.03901492558952876,0.046006593630467,0.06373725548165907,0.25215139456053953
squeezenet,saliency,ISIC_0014386,0.05019715334445271,0.09016101256181273,0.15518784711794373,0.3667476967965058
squeezenet,deep_lift,ISIC_0014392,-0.20274363749482102,-0.02020148722048033,0.048950647450208606,-0.23295282955545474
squeezenet,gradcam,ISIC_0014392,-0.15078573207806822,0.040815543494950424,0.10641211726236714,0.25470054353557964
squeezenet,guided_backprop,ISIC_0014392,0.11604010821694571,0.13309653863474194,0.21051583572598792,0.6844403175674552
squeezenet,integrated_gradients,ISIC_0014392,-0.1486860712104107,-0.006331098584487702,0.05456442420063017,0.07085354840992578
squeezenet,lrp,ISIC_0014392,-0.21200863595332808,-0.009271423399491966,0.05189017045507175,-0.28936767270149205
squeezenet,occlusion,ISIC_0014392,0.23372837870114596,0.16773249455583905,0.20378683635357042,0.9194875953153613
squeezenet,saliency,ISIC_0014392,0.07336052789715247,0.15045673230655024,0.2050690734896962,0.0763497255727765
squeezenet,deep_lift,ISIC_0014409,-0.3342946980299584,-0.11609411504436833,-0.02352276413808849,-0.12146157332549208
squeezenet,gradcam,ISIC_0014409,-0.08343485472379665,-0.05972641410212119,-0.01341203095392449,1.4621267728845488
squeezenet,guided_backprop,ISIC_0014409,-0.03344955325626007,0.02840497769656222,0.10283641041957119,0.48936029158294775
squeezenet,integrated_gradients,ISIC_0014409,-0.14831244020074963,-0.06285108652748699,0.00613500792032413,0.34099807372506397
squeezenet,lrp,ISIC_0014409,-0.10749577035862609,0.01400129322784474,0.09491054954940474,0.27444054373108334
squeezenet,occlusion,ISIC_0014409,0.03485112425965224,-0.03401750812389675,-0.029273331635552347,2.003671430002492
squeezenet,saliency,ISIC_0014409,-0.12339138492192417,0.037110092925515474,0.10379645253173835,-0.04174141918767561
squeezenet,deep_lift,ISIC_0014419,-0.3252930879072204,-0.05373813057292921,0.03403638198986731,-1.0027914603999633
squeezenet,gradcam,ISIC_0014419,-0.04384341688836582,0.08748520503699958,0.14278534879355545,0.4146936348296459
squeezenet,guided_backprop,ISIC_0014419,-0.028778288135872444,0.05852618354426631,0.13655130793134132,-0.15100687542899993
squeezenet,integrated_gradients,ISIC_0014419,-0.08816768259363203,0.06926188508252769,0.14332119575770005,-0.6662721426732111
squeezenet,lrp,ISIC_0014419,-0.24239662480913857,0.008769365348420226,0.0724567102224343,-0.7217088195303132
squeezenet,occlusion,ISIC_0014419,0.10459371389724001,0.1273087369458055,0.16119140383202019,0.06406286707936082
squeezenet,saliency,ISIC_0014419,-0.055754253452826516,0.11192561304282178,0.1521395016968994,0.06840618185032514
squeezenet,deep_lift,ISIC_0014423,-0.11444083023631964,-0.03391041604422557,0.030048350429711067,0.08752067767595213
squeezenet,gradcam,ISIC_0014423,0.3324175284439401,0.2479339988981328,0.3084517694425392,2.09273731733143
squeezenet,guided_backprop,ISIC_0014423,-0.14030679374154048,0.024253895784949412,0.11652140927165101,-0.2622766795737548
squeezenet,integrated_gradients,ISIC_0014423,-0.06326566011964305,-0.0091430555551622,0.051178943659423465,0.4837806039311221
squeezenet,lrp,ISIC_0014423,-0.0790038327023204,0.0032562905852350854,0.0663682020838126,0.3945641449374823
squeezenet,occlusion,ISIC_0014423,0.2769428860237866,0.15055948780683362,0.17432087391417808,2.67529198078513
squeezenet,saliency,ISIC_0014423,0.06326439291529574,0.06905269270553976,0.13482185302507332,1.2901068156667672
squeezenet,deep_lift,ISIC_0014434,-0.17841675151639344,-0.040252197826351095,0.04362058878573866,0.12476972621935584
squeezenet,gradcam,ISIC_0014434,-0.1551473542488404,-0.022016699848342394,0.01580101078325491,0.5565675328147985
squeezenet,guided_backprop,ISIC_0014434,-0.12603300616995994,0.013261855041974836,0.07247195335542603,0.15081665505769973
squeezenet,integrated_gradients,ISIC_0014434,-0.24321617901244236,-0.027878293026192522,0.03882752723825823,-0.4482928408748667
squeezenet,lrp,ISIC_0014434,-0.17159542859626126,0.013234966236535238,0.06623065161763401,-0.13467370568912948
squeezenet,occlusion,ISIC_0014434,-0.22583602934101438,-0.084742520608422,-0.06594800496359327,-0.07141871878702787
squeezenet,saliency,ISIC_0014434,-0.09410960164018077,0.024238507815783253,0.08114902741751315,0.24987994223232135
squeezenet,deep_lift,ISIC_0014454,-0.1251629827910929,-0.0457500714956662,0.0188498718680578,0.04548050104200345
squeezenet,gradcam,ISIC_0014454,0.03795723302341711,0.09141389671262282,0.1521129603244969,1.4516361409306442
squeezenet,guided_backprop,ISIC_0014454,-0.43472535523224115,-0.1249322630016303,-0.02027615312751074,-1.0592128246545933
squeezenet,integrated_gradients,ISIC_0014454,-0.19784848282990203,-0.049806219134605124,0.006307781000567316,0.44578261705645594
squeezenet,lrp,ISIC_0014454,-0.13663024934725837,-0.014069268716732695,0.058579196373625436,-0.21909184688682307
squeezenet,occlusion,ISIC_0014454,-0.06983788068429074,0.048308646088490656,0.08599581911860457,0.3390989290714264
squeezenet,saliency,ISIC_0014454,-0.06724275613295536,-0.01080124482194937,0.05949795555998407,0.7653209680072875
squeezenet,deep_lift,ISIC_0014457,-0.1837073201784905,-0.08706348367177694,-0.031112151188670625,0.21095544504128103
squeezenet,gradcam,ISIC_0014457,0.3629119614291192,0.16824559170533263,0.1993604894862025,2.9008329476222445
squeezenet,guided_backprop,ISIC_0014457,-0.20337526697996777,-0.016750042951264747,0.07120274762851349,-0.2827761324722413
squeezenet,integrated_gradients,ISIC_0014457,-0.254390305022116,-0.11901424795760475,-0.063845543041351,-0.0655754024979294
squeezenet,lrp,ISIC_0014457,-0.21670976288871358,-0.06884560372430056,-0.011997394845672664,-0.02127299192873784
squeezenet,occlusion,ISIC_0014457,0.45408627591866807,0.19481261920594253,0.21564915829274203,2.8028911720604173
squeezenet,saliency,ISIC_0014457,0.14196410430900924,0.10646199508205693,0.1608389782976601,1.4296685043949957
squeezenet,deep_lift,ISIC_0014470,-0.3084353686745138,-0.08121373366522504,-0.007868544919670725,-0.791490543145024
squeezenet,gradcam,ISIC_0014470,-0.08620468546807261,0.010914168755311836,0.0598382012204622,0.9068297571821204
squeezenet,guided_backprop,ISIC_0014470,-0.10864404045209126,-0.02822196398432431,0.04960067813698526,0.5916730050386553
squeezenet,integrated_gradients,ISIC_0014470,-0.05853248502986808,0.03182105768199964,0.09150283087582556,-0.3056991480521916
squeezenet,lrp,ISIC_0014470,-0.10834105111363007,0.008999532746274415,0.07560321169662645,-0.6173803874460091
squeezenet,occlusion,ISIC_0014470,-0.025019838162272826,-0.058013000587624285,-0.03982489263985046,1.0621364061598226
squeezenet,saliency,ISIC_0014470,0.09802631053628004,0.08165664601438283,0.14366104182404146,0.6428260462590502
squeezenet,deep_lift,ISIC_0014474,-0.16991205257800568,-0.05851291540674036,0.006823613617598842,0.14053145634219208
squeezenet,gradcam,ISIC_0014474,-0.2163184204021076,-0.0937303539117055,-0.03034572393033371,0.39665906939067336
squeezenet,guided_backprop,ISIC_0014474,-0.26014472334008737,-0.0336803261960939,0.0472820136871991,-0.6763480614289608
squeezenet,integrated_gradients,ISIC_0014474,-0.1219555677746139,-0.003350057567103836,0.04347982387041305,0.22751145901313763
squeezenet,lrp,ISIC_0014474,-0.16434936495598518,-0.009647828901253529,0.03686194541718152,-0.09208620471753567
squeezenet,occlusion,ISIC_0014474,0.025532136252982167,0.07864953010239006,0.09608488942427784,0.16570779886566211
squeezenet,saliency,ISIC_0014474,-0.023758772247448663,0.06543602312278006,0.11326199673473632,0.5652537593668701
squeezenet,deep_lift,ISIC_0014478,-0.11357273700402983,0.030935385255687873,0.11441819419154477,-0.28744365258305304
squeezenet,gradcam,ISIC_0014478,0.33996933612763686,0.25218014607757877,0.3106395925777781,2.203808502429913
squeezenet,guided_backprop,ISIC_0014478,-0.20518474649622478,0.0028240219949437774,0.09836642843454779,-0.918555003515693
squeezenet,integrated_gradients,ISIC_0014478,-0.04711170156464717,0.050309621916122614,0.13073413121274666,0.20249987522910207
squeezenet,lrp,ISIC_0014478,-0.14861464089727658,0.00957752142976903,0.09566226085062374,-0.34527848544291595
squeezenet,occlusion,ISIC_0014478,0.14516111624791386,0.026548711363370066,0.043240528153381405,2.3711956882531764
squeezenet,saliency,ISIC_0014478,-0.021375882652693235,0.04670982139152907,0.11485777060762097,0.38641788815816824
squeezenet,deep_lift,ISIC_0014489,-0.13629655930874388,-0.041754976694117214,0.0225344460440561,-0.008509387275790795
squeezenet,gradcam,ISIC_0014489,0.44529261494155575,0.27168052347108224,0.32743279633420486,2.7065719069332106
squeezenet,guided_backprop,ISIC_0014489,-0.10881734100119542,0.032613113708077346,0.12207791975095558,0.028612827079309202
squeezenet,integrated_gradients,ISIC_0014489,-0.12082568573589889,-0.0011963233740655745,0.06292840488720658,0.002968724383201155
squeezenet,lrp,ISIC_0014489,-0.11076199556449295,-0.027469069084340113,0.0332281063464343,0.24136152432019187
squeezenet,occlusion,ISIC_0014489,0.2748297839511141,0.10660304652256607,0.13947215526482312,2.9127160194379416
squeezenet,saliency,ISIC_0014489,0.11703077809723075,0.06718161358339125,0.12113597204766378,1.86398825815014
squeezenet,deep_lift,ISIC_0014500,-0.10440090668848902,0.029671111651656448,0.10230512352310547,0.2770425576482555
squeezenet,gradcam,ISIC_0014500,-0.060576597850265465,-0.03639770304192002,0.012190641177903177,1.1240558709379842
squeezenet,guided_backprop,ISIC_0014500,-0.21502699644134055,-0.044859857896822126,0.044149669972393876,-0.2531662512441705
squeezenet,integrated_gradients,ISIC_0014500,-0.17242163387260365,-0.011662240952297929,0.058711968571824695,-0.06650863541782427
squeezenet,lrp,ISIC_0014500,-0.0281267320061787,0.08548160026168795,0.15210391435269158,-0.3526449568491972
squeezenet,occlusion,ISIC_0014500,0.04826538500392126,-0.014946742479783639,-0.00903586649411315,0.4174397908915303
squeezenet,saliency,ISIC_0014500,0.12611495975572543,0.14153825238966106,0.1978187117222254,0.5559700087633928
squeezenet,deep_lift,ISIC_0014503,-0.3961067523755188,-0.18016077394170085,-0.11341100177454133,-0.2052085715520191
squeezenet,gradcam,ISIC_0014503,-0.057502310299921616,-0.025737784659487138,0.010503602744788922,0.738946674022264
squeezenet,guided_backprop,ISIC_0014503,-0.3979199599831652,-0.17030697467906866,-0.08405538106119474,-0.23946034639954936
squeezenet,integrated_gradients,ISIC_0014503,-0.2898641366627028,-0.0983169584153375,-0.041347845904626306,0.15905612155913496
squeezenet,lrp,ISIC_0014503,-0.3410383543832739,-0.13763253618572724,-0.07708001111439262,-0.11742224113064931
squeezenet,occlusion,ISIC_0014503,0.09188984699787688,0.09700350134886568,0.13807808718275472,1.3149909264319883
squeezenet,saliency,ISIC_0014503,-0.15618048209820162,-0.052169107858763136,-0.0024631000116771013,0.8266051009583808
squeezenet,deep_lift,ISIC_0014506,0.001838261963593047,0.015508693543196238,0.07168132308527135,0.6498782954833016
squeezenet,gradcam,ISIC_0014506,0.07967193982809084,0.1598984873737116,0.20270991723960025,0.372598010454937
squeezenet,guided_backprop,ISIC_0014506,-0.19526368292124568,-0.010128162886521682,0.06323393752652501,-0.5172253915902802
squeezenet,integrated_gradients,ISIC_0014506,-0.07346675428370578,0.019282469010642057,0.07572133032729084,0.1322071421581659
squeezenet,lrp,ISIC_0014506,-0.002289463685693817,0.047659203291547984,0.10487653217183547,0.6183491017910292
squeezenet,occlusion,ISIC_0014506,-0.07609879564845284,-0.019608873018167803,-0.005511638032698112,0.8605605134016285
squeezenet,saliency,ISIC_0014506,-0.06868654231788794,0.059344840669395126,0.12281561184794966,0.05496588853624923
squeezenet,deep_lift,ISIC_0014513,-0.07347439172930721,-0.018541363460146728,0.05603185246927083,0.2612160835413699
squeezenet,gradcam,ISIC_0014513,0.39917131938380673,0.2564201538441147,0.31204532464588175,2.752986080520408
squeezenet,guided_backprop,ISIC_0014513,-0.207209363739022,-0.00679689378652123,0.08635255391981479,-0.7257149050619646
squeezenet,integrated_gradients,ISIC_0014513,-0.0669019065337629,0.003582984089010526,0.07696205738288375,0.2218430403219184
squeezenet,lrp,ISIC_0014513,-0.05048578358008895,-0.0029830052466996763,0.06375042365879634,0.49068206167802264
squeezenet,occlusion,ISIC_0014513,0.2860056982090239,0.1547620349415586,0.20140578054479233,2.799494333921462
squeezenet,saliency,ISIC_0014513,0.025425378826838953,0.07131479949597741,0.14382028838271585,0.7759157911569128
squeezenet,deep_lift,ISIC_0014541,-0.06736785744658794,-0.01989961377484763,0.04435747855112772,0.38584882984483315
squeezenet,gradcam,ISIC_0014541,0.3872970636753282,0.24409297580747644,0.29827729674089537,2.62229075481027
squeezenet,guided_backprop,ISIC_0014541,-0.12269478820849528,0.00161379346179136,0.08780132764799044,-0.072321631299624
squeezenet,integrated_gradients,ISIC_0014541,-0.12679168484130704,0.000350163203024732,0.07557982703208427,0.026394299225815737
squeezenet,lrp,ISIC_0014541,-0.27443889688876766,-0.047942885857011855,0.03334538463461657,-0.9313176922826013
squeezenet,occlusion,ISIC_0014541,-0.1436395158221866,-0.13034262804798788,-0.10904662818363174,1.0027921198379106
squeezenet,saliency,ISIC_0014541,0.08660182216295378,0.07527692590923152,0.13789532995975223,1.322074901948607
squeezenet,deep_lift,ISIC_0014542,-0.22847993664600771,-0.05153462451201408,0.02122053213475835,-0.07009411860409402
squeezenet,gradcam,ISIC_0014542,0.21821182221913824,0.12168721161428134,0.16377230822098407,1.5468852115397835
squeezenet,guided_backprop,ISIC_0014542,-0.23237860293094717,-0.09161590438739263,-0.016084342579935674,0.03591444917464676
squeezenet,integrated_gradients,ISIC_0014542,-0.14395954275714368,-0.005715394781914342,0.07246281273154356,0.30363305569148735
squeezenet,lrp,ISIC_0014542,-0.16047357070632132,-0.02073049236333009,0.053840400515781345,0.21148158493485994
squeezenet,occlusion,ISIC_0014542,0.2766693688118857,0.14173995268286194,0.16912510404353773,1.766535199378365
squeezenet,saliency,ISIC_0014542,0.03561251772621404,0.06225067692487105,0.11889758711244738,0.9662017398978318
squeezenet,deep_lift,ISIC_0014546,-0.1711705561206761,-0.064748512695923,0.007249182497184847,0.5050525700674975
squeezenet,gradcam,ISIC_0014546,-0.16438752405963505,0.01220497859945832,0.07912409495934772,-0.02105070409752038
squeezenet,guided_backprop,ISIC_0014546,-0.16431660534280176,-0.030549275590188007,0.051495478656238165,-0.5448139672849208
squeezenet,integrated_gradients,ISIC_0014546,-0.10393513870364202,0.02326729338784769,0.08789650453865626,-0.08242048384177299
squeezenet,lrp,ISIC_0014546,-0.022233076445591155,0.09078362387986257,0.15727363096329494,0.011457827072958346
squeezenet,occlusion,ISIC_0014546,-0.08104588301461667,0.042876073421727084,0.07585284483336113,0.2742883051537924
squeezenet,saliency,ISIC_0014546,-0.06930888460999661,0.09642722758564543,0.15980980824802635,-0.3589193990142575
squeezenet,deep_lift,ISIC_0014548,-0.13961628222096453,-0.007814993438189411,0.06607239445081813,-0.3451077642853717
squeezenet,gradcam,ISIC_0014548,0.2909862890410179,0.21484850365611,0.2636789796223042,2.0188773363652475
squeezenet,guided_backprop,ISIC_0014548,0.031335206177736684,0.052059217879714716,0.13130289641682077,0.8827271536556851
squeezenet,integrated_gradients,ISIC_0014548,-0.05566640457323873,0.03912564943643833,0.11563792398210355,0.15014444965872825
squeezenet,lrp,ISIC_0014548,-0.08871468307914956,0.060248256281636374,0.14532724476160877,-0.1215257219836166
squeezenet,occlusion,ISIC_0014548,0.07129160326600227,0.026390201969156535,0.036765925388396195,1.8576994182565565
squeezenet,saliency,ISIC_0014548,0.1602402584195063,0.1500281466625231,0.21830130151554972,1.3895292492335989
squeezenet,deep_lift,ISIC_0014559,-0.1735531510576675,-0.11408315749534183,-0.05603635550904691,0.9980944304409962
squeezenet,gradcam,ISIC_0014559,0.322816290260036,0.21321667435586084,0.2607593898212399,1.9264639954725409
squeezenet,guided_backprop,ISIC_0014559,-0.07899299144708283,0.027818921339362073,0.11202787161261231,0.17655450899354885
squeezenet,integrated_gradients,ISIC_0014559,0.006173036525696619,0.030913465507968738,0.0783632568782847,0.7905327461615808
squeezenet,lrp,ISIC_0014559,-0.05334092529385701,-0.0016342968927454573,0.048978856130197576,0.44692131985018985
squeezenet,occlusion,ISIC_0014559,0.22099066449707488,0.12197625362585421,0.1391241427860871,2.29664432323438
squeezenet,saliency,ISIC_0014559,0.01667169683550332,0.05270207397298127,0.10655703728031356,0.79718493636429
squeezenet,deep_lift,ISIC_0014567,-0.1377189241870542,0.05325248940556596,0.11454718785253047,0.009408750157559872
squeezenet,gradcam,ISIC_0014567,0.1022321835410811,0.14136948041647632,0.19516317651024098,1.6942505423981085
squeezenet,guided_backprop,ISIC_0014567,0.07840817905389416,0.11152637029099509,0.17794388738173741,0.3861527208323509
squeezenet,integrated_gradients,ISIC_0014567,-0.04784851423313958,0.05187255577552397,0.11031624310356361,-0.23139243451195332
squeezenet,lrp,ISIC_0014567,-0.2824981101491908,-0.08624386102201316,-0.023407298115368378,-0.5202613339946921
squeezenet,occlusion,ISIC_0014567,0.19311128051762785,0.1592102288932751,0.17878811661360333,0.7882897778891546
squeezenet,saliency,ISIC_0014567,0.045877553361827986,0.12288666262224357,0.18028301286833098,0.020457258028700284
squeezenet,deep_lift,ISIC_0014574,-0.22353305926047942,2.124817895206587e-06,0.08512341185232987,-0.36127531435293087
squeezenet,gradcam,ISIC_0014574,0.20909105018493826,0.17351089406860246,0.23308552875930313,2.3443797173850287
squeezenet,guided_backprop,ISIC_0014574,0.02325543448765489,0.05085389471421835,0.12632797738399462,1.2623414006958462
squeezenet,integrated_gradients,ISIC_0014574,-0.20504193072495644,-0.03416855053717068,0.03517596532472302,-0.08026479950879924
squeezenet,lrp,ISIC_0014574,-0.010977761535970893,0.09681485147731446,0.15135209687970663,-0.18183098341352497
squeezenet,occlusion,ISIC_0014574,0.19856985900180418,0.05041837480205806,0.07276476848669423,2.2201580207355676
squeezenet,saliency,ISIC_0014574,0.2081142083179004,0.18606976981023682,0.238009141299475,1.0058957279028342
squeezenet,deep_lift,ISIC_0014575,-0.1907383956006715,0.023533349532457698,0.10019057631606043,-0.19923935756809202
squeezenet,gradcam,ISIC_0014575,0.23413126071862983,0.19462560917257754,0.25679465686398223,2.336461186510285
squeezenet,guided_backprop,ISIC_0014575,-0.06009716708177492,0.015933933701950054,0.09486776069896379,0.766459304446606
squeezenet,integrated_gradients,ISIC_0014575,-0.26152692279743595,-0.03229097987113042,0.046523036146136725,-0.5603254498655046
squeezenet,lrp,ISIC_0014575,-0.19894681793936414,0.0035933922838036047,0.06577438712125945,-0.3091317240643624
squeezenet,occlusion,ISIC_0014575,0.09643038769268161,0.10371163086867588,0.13277901182434293,1.2382467104247825
squeezenet,saliency,ISIC_0014575,0.08483187831755025,0.10364737765480772,0.1579369941738178,1.3157601241624184
squeezenet,deep_lift,ISIC_0014586,-0.08565600853910209,-0.06785211855723638,0.0016527877673486358,1.018994583481251
squeezenet,gradcam,ISIC_0014586,0.0573439230184673,0.014803495530345597,0.0610198027174797,1.6391552345852127
squeezenet,guided_backprop,ISIC_0014586,-0.012765486399824853,0.003918771137963119,0.08157998841333063,0.5663884322620357
squeezenet,integrated_gradients,ISIC_0014586,0.09209874550729533,0.07324205915935729,0.1303056826190546,1.0852110924677205
squeezenet,lrp,ISIC_0014586,-0.1920174493501994,-0.06825939383652334,-0.0004705546774215125,0.4044165508644383
squeezenet,occlusion,ISIC_0014586,-0.3088241233281583,-0.22465272144463347,-0.2348253490068279,0.00955529478583638
squeezenet,saliency,ISIC_0014586,-0.3145976491101369,-0.0806579886667703,-0.007751176529302122,-0.594760823228278
squeezenet,deep_lift,ISIC_0014587,-0.24470412690979626,0.026345704560719985,0.10537138137553771,-0.5713211746518271
squeezenet,gradcam,ISIC_0014587,0.09389795776220962,0.10554044032596352,0.17069359968807013,1.835168328630128
squeezenet,guided_backprop,ISIC_0014587,-0.17733650833451786,0.017139654944444183,0.09910191011523495,-0.20787706047785312
squeezenet,integrated_gradients,ISIC_0014587,-0.24886619902670376,-0.09405196267315413,-0.03191417876526288,-0.016911515137633573
squeezenet,lrp,ISIC_0014587,-0.22249855597794618,-0.1130370130468957,-0.054298515565025914,0.26777064029239284
squeezenet,occlusion,ISIC_0014587,0.18089178351992147,0.09739650903785796,0.12905667839902954,1.9319607771201768
squeezenet,saliency,ISIC_0014587,0.05336219035451627,0.039032010332482305,0.08588010918557956,1.477419871598153
squeezenet,deep_lift,ISIC_0014588,-0.20202495307163268,0.008137759131670896,0.09806857615526511,-0.23627581064427902
squeezenet,gradcam,ISIC_0014588,0.10524644236396614,0.1342382334862855,0.18958175543695066,1.7867233792478647
squeezenet,guided_backprop,ISIC_0014588,-0.14998866506294117,0.018929592952335955,0.10170398597667264,-0.015280839578981078
squeezenet,integrated_gradients,ISIC_0014588,-0.09501452821288225,-0.02694357209003249,0.032611076032929946,0.7283290636280051
squeezenet,lrp,ISIC_0014588,-0.13266018934014687,-0.011073621989670521,0.05055971937502739,0.3602129231839105
squeezenet,occlusion,ISIC_0014588,0.030759808831929945,0.0657347420169708,0.09612968514337894,1.0479809111767062
squeezenet,saliency,ISIC_0014588,0.01011783185684941,0.06704387697066756,0.12114529038972253,0.9466609082802231
squeezenet,deep_lift,ISIC_0014590,-0.12576767982698756,0.04268473144383682,0.1188426897147131,0.22281875203627133
squeezenet,gradcam,ISIC_0014590,0.15085535600870478,0.2160635317109735,0.2815488786762774,1.7243638495460067
squeezenet,guided_backprop,ISIC_0014590,0.2212339959675042,0.17915620891225303,0.24106520398003223,1.3032888336974648
squeezenet,integrated_gradients,ISIC_0014590,-0.14497096993907493,-0.012996846549640149,0.045673863571939255,0.29103931126320864
squeezenet,lrp,ISIC_0014590,-0.13440280985702982,-0.008489887391700954,0.04420420755186063,0.3013618598113595
squeezenet,occlusion,ISIC_0014590,0.18454746537502734,0.10374191416578595,0.1357010718274743,1.8925731346772747
squeezenet,saliency,ISIC_0014590,0.04001970548675608,0.08980716390546155,0.14165248199413435,1.0865142883939383
squeezenet,deep_lift,ISIC_0014600,-0.060690341121125826,0.14219504766662122,0.20467415744154535,0.22595610134284713
squeezenet,gradcam,ISIC_0014600,0.19252235247131053,0.22813452103282822,0.2894346407662295,1.6605655727842585
squeezenet,guided_backprop,ISIC_0014600,-0.16781347897632615,0.042581311873608425,0.12272515070559065,-0.21709559999540207
squeezenet,integrated_gradients,ISIC_0014600,-0.25892209361327434,-0.009132221860322661,0.06703464888126429,-0.6682717783429742
squeezenet,lrp,ISIC_0014600,-0.1847722516531134,0.018931438880725845,0.08479777912697704,-0.2056950169446962
squeezenet,occlusion,ISIC_0014600,0.0694246083171155,0.10880366003303553,0.14426319194883536,0.8953112080096782
squeezenet,saliency,ISIC_0014600,0.11580860298534756,0.1131067401042752,0.16423358361692378,1.610938764058135
squeezenet,deep_lift,ISIC_0014619,-0.12893282687472632,0.08376242830228992,0.15973122021342817,-0.002861930926274317
squeezenet,gradcam,ISIC_0014619,0.23303007961691394,0.23819601466197804,0.293789046488171,2.219144244797462
squeezenet,guided_backprop,ISIC_0014619,-0.016710849045558845,0.053824331701455785,0.1308854631680499,0.9534819145975171
squeezenet,integrated_gradients,ISIC_0014619,-0.17062507616878997,0.002462811438598597,0.060559989053377145,-0.017152894613320143
squeezenet,lrp,ISIC_0014619,-0.10417161369459325,-0.001965627487874594,0.04548222506644644,0.5654097530769183
squeezenet,occlusion,ISIC_0014619,0.09374862585920575,0.048669095382318485,0.0800934617299527,1.4782536942474482
squeezenet,saliency,ISIC_0014619,0.08343597400855789,0.10711682850540759,0.15551948752111538,1.3168514206948085
squeezenet,deep_lift,ISIC_0014626,-0.1400890364412765,0.026654080482694555,0.08913340175132456,0.17986459440695304
squeezenet,gradcam,ISIC_0014626,0.1542252674964027,0.13590426788195753,0.19333059513265546,2.195684373457284
squeezenet,guided_backprop,ISIC_0014626,0.1505938047173168,0.12294029696413938,0.1775624441512645,0.9410582502065561
squeezenet,integrated_gradients,ISIC_0014626,-0.26161508171676956,-0.038799271357556085,0.026256457479949428,-0.5857285382954838
squeezenet,lrp,ISIC_0014626,-0.3113818708031018,-0.055362767452876493,0.003218824847739549,-0.9858926302839601
squeezenet,occlusion,ISIC_0014626,0.19982224782786354,0.11390543103207676,0.13506890491676093,2.1590221147809174
squeezenet,saliency,ISIC_0014626,-0.0021839543307862735,0.04512295873456519,0.09979220602453802,0.8366226228203264
squeezenet,deep_lift,ISIC_0014627,-0.18017750209122554,0.000652915198507518,0.0844166823650397,-0.07180986623741704
squeezenet,gradcam,ISIC_0014627,0.08173509750456934,0.10725044398785248,0.16451272817578488,1.722798930025476
squeezenet,guided_backprop,ISIC_0014627,-0.09987172571034043,-0.008136941972163955,0.0755834853159771,0.4814401121133342
squeezenet,integrated_gradients,ISIC_0014627,-0.11033854359925649,-0.014222854986887442,0.0528376007082701,0.5521261449668498
squeezenet,lrp,ISIC_0014627,-0.17626373742459148,-0.021709076123148322,0.04341531001818841,-0.0063906555098913985
squeezenet,occlusion,ISIC_0014627,0.0317526363436344,0.04311811337933773,0.08196675083208163,1.1202621244254591
squeezenet,saliency,ISIC_0014627,0.15643247516282105,0.1682813087265734,0.21731178507950194,0.651146174843881
squeezenet,deep_lift,ISIC_0014629,-0.10795127018870725,0.01480930765163424,0.07779298202048891,0.4783735058443591
squeezenet,gradcam,ISIC_0014629,0.11644503527639832,0.09397347902430572,0.14890858931177964,2.0226676391462686
squeezenet,guided_backprop,ISIC_0014629,-0.060455386948509326,0.061821011135604884,0.13713801821136282,-0.46644691112412073
squeezenet,integrated_gradients,ISIC_0014629,-0.36196486349627166,-0.06775537364287561,0.010209378887655702,-1.2028211909836921
squeezenet,lrp,ISIC_0014629,-0.27971432958208264,-0.05215083246837619,0.011214230070101054,-0.6856412273409125
squeezenet,occlusion,ISIC_0014629,-0.032323836468968754,0.047550401067006066,0.07754303778635772,0.8273508520062298
squeezenet,saliency,ISIC_0014629,0.23790887716583942,0.20045087931754219,0.23554853607024845,1.1215723543564513
squeezenet,deep_lift,ISIC_0014631,-0.17589261576597962,-0.013256379835905465,0.07372706703716378,0.07715027408229869
squeezenet,gradcam,ISIC_0014631,0.14726024544170332,0.17580119295496338,0.2391101910751597,1.8424677205429623
squeezenet,guided_backprop,ISIC_0014631,-0.06577374645728076,0.003458221398679546,0.08760013287021479,0.7675137457248138
squeezenet,integrated_gradients,ISIC_0014631,-0.21667519825214926,-0.013446419168728619,0.061443525358739294,-0.2855746039446351
squeezenet,lrp,ISIC_0014631,-0.1655452308131284,-0.019997083888097105,0.048855457809554574,0.10126962916437486
squeezenet,occlusion,ISIC_0014631,-0.031552709136631434,0.03443935304617648,0.06895648925305994,0.5979849252604041
squeezenet,saliency,ISIC_0014631,0.030265091459263885,0.0821820080690625,0.13524101827315088,1.0258227703450855
squeezenet,deep_lift,ISIC_0014634,-0.1847355526763957,-0.041129712214879564,0.038158032567586486,0.08754314436047252
squeezenet,gradcam,ISIC_0014634,-0.15047154463553836,0.009832961910364823,0.07995642594302232,0.3212317509648191
squeezenet,guided_backprop,ISIC_0014634,0.0851538820476332,0.07654910979087097,0.16147235129670848,0.6293160677557481
squeezenet,integrated_gradients,ISIC_0014634,-0.11855232895393077,-0.033061674769541825,0.021534566048403654,0.5156763718513752
squeezenet,lrp,ISIC_0014634,-0.12844112277552386,-0.04585465273981302,0.010373955396846133,0.5249052059279948
squeezenet,occlusion,ISIC_0014634,-0.03517457341290647,0.0036831075876603,0.032420498938923535,0.7450655987380163
squeezenet,saliency,ISIC_0014634,-0.08746492305133395,0.030035083922082623,0.08552039497632383,0.2513334167397078
squeezenet,deep_lift,ISIC_0014643,-0.12002504982586519,0.05564616751841648,0.1259213841720832,0.15830667033169088
squeezenet,gradcam,ISIC_0014643,0.22342662742198638,0.17519446632070693,0.2303994148383645,2.5226992120453215
squeezenet,guided_backprop,ISIC_0014643,-0.16258674227979622,-0.0029764948429753225,0.0759154313199577,-0.046353578566901116
squeezenet,integrated_gradients,ISIC_0014643,-0.17853062709635664,-0.042387287646373756,0.012652392612305935,0.19552065875754762
squeezenet,lrp,ISIC_0014643,-0.24037143147139486,-0.0426058093036129,0.01664835861795376,-0.42215400287257665
squeezenet,occlusion,ISIC_0014643,0.2862948907258018,0.12837315166623497,0.15151721766932058,2.6383833853998944
squeezenet,saliency,ISIC_0014643,-0.013505012453682104,0.08034746420892666,0.13556623978830612,0.6199995284320983
squeezenet,deep_lift,ISIC_0014644,-0.10191018621156248,-0.08292579454687797,-0.03786438241246733,0.7793148274223598
squeezenet,gradcam,ISIC_0014644,0.056231047580888434,-0.12946945338104604,-0.11820577484283569,2.0465488180640774
squeezenet,guided_backprop,ISIC_0014644,-0.14905193268394834,-0.04563806334817999,0.028240461015495166,0.7353750115563127
squeezenet,integrated_gradients,ISIC_0014644,-0.3041143591972393,-0.1586578413454169,-0.0987445759730001,0.5033880387814379
squeezenet,lrp,ISIC_0014644,-0.11286800284788934,-0.039625405255233295,0.008406763780802271,0.6161344893503491
squeezenet,occlusion,ISIC_0014644,0.23952576721681612,0.09434642066789442,0.1222437212667539,2.6040764925305773
squeezenet,saliency,ISIC_0014644,0.07453566520912219,0.07128816388081624,0.12537912350862981,1.1037006334550934
squeezenet,deep_lift,ISIC_0014645,0.013255478955527002,0.06222572045703771,0.12258829408613087,0.15434123182242054
squeezenet,gradcam,ISIC_0014645,-0.10823763947258397,-0.02841930608889619,0.01457705603522847,0.7606958900554914
squeezenet,guided_backprop,ISIC_0014645,-0.033663622445794954,0.05850366958725997,0.1404819586203505,-0.22025985803378378
squeezenet,integrated_gradients,ISIC_0014645,-0.1790334145584966,0.022911404991586705,0.08814497477280986,-1.1755829600164331
squeezenet,lrp,ISIC_0014645,-0.18248739057631008,0.052019772917694676,0.10235251354047824,-1.4156358114118983
squeezenet,occlusion,ISIC_0014645,0.0736617108976554,0.12847841971455531,0.1580969366848846,0.04078928695937951
squeezenet,saliency,ISIC_0014645,0.1290805976202267,0.15243107016615184,0.18987220491839155,0.48936073120824625
squeezenet,deep_lift,ISIC_0014647,-0.1483880061737347,0.07654149969573601,0.16190793776422482,-0.1823907180069894
squeezenet,gradcam,ISIC_0014647,0.14967068592323635,0.20869441718021464,0.2719834683326713,1.676529686244984
squeezenet,guided_backprop,ISIC_0014647,-0.045688505881538284,0.060927367917113805,0.13559087003275588,0.46318664991120106
squeezenet,integrated_gradients,ISIC_0014647,-0.12840344505590062,0.028549422591584234,0.09777252295611935,0.10066631671320692
squeezenet,lrp,ISIC_0014647,-0.09275858079299266,0.059081009388770804,0.1287587045844641,0.2718386397202358
squeezenet,occlusion,ISIC_0014647,-0.022738314114477874,0.027570496809138385,0.056318060130192846,0.7267036223580619
squeezenet,saliency,ISIC_0014647,0.044993990087615024,0.05778430916032905,0.12103545768046538,1.1893950343706174
squeezenet,deep_lift,ISIC_0014648,-0.0893781003102956,0.025257150608316962,0.08440967307618714,0.4973253861038808
squeezenet,gradcam,ISIC_0014648,-0.11637137447385391,-0.010965721410286875,0.048970532628713606,0.6387657402739297
squeezenet,guided_backprop,ISIC_0014648,-0.09539119278679976,0.04691824473763918,0.14026182275138177,-0.652640681045785
squeezenet,integrated_gradients,ISIC_0014648,-0.153804990558252,0.008743063785795984,0.05407239841978681,-0.0629960247041944
squeezenet,lrp,ISIC_0014648,-0.27308525991224664,-0.0555419502645553,-0.0013991738870945442,-0.6533901689086706
squeezenet,occlusion,ISIC_0014648,0.03408169699111499,0.07119245873999967,0.09641551246093491,0.9020056755119165
squeezenet,saliency,ISIC_0014648,-0.008732057473868871,0.07137890040872906,0.11798782544668851,0.6831719253106939
squeezenet,deep_lift,ISIC_0014649,-0.13900734652303007,0.0396286515150523,0.10528200633782393,0.020216599813268888
squeezenet,gradcam,ISIC_0014649,0.009605534642761124,0.09439920598962172,0.15549156422732116,1.110417448576667
squeezenet,guided_backprop,ISIC_0014649,0.06780252985663444,0.11272530657128019,0.18170453572154402,0.3164056543453306
squeezenet,integrated_gradients,ISIC_0014649,-0.22752410142587454,-0.039555162890825196,0.026144700088578776,-0.3618488055546913
squeezenet,lrp,ISIC_0014649,-0.25004158024994894,-0.06158713471071914,-0.000991660483730521,-0.42061256667006863
squeezenet,occlusion,ISIC_0014649,-0.01074703017191608,0.11296089397349095,0.1454627110909781,-0.5648299972146561
squeezenet,saliency,ISIC_0014649,0.07435200338241153,0.06631303748840815,0.12212524188263026,1.4006401924835434
squeezenet,deep_lift,ISIC_0014652,-0.3537358317943736,-0.1704277160433355,-0.11723705173905986,0.31376808573215054
squeezenet,gradcam,ISIC_0014652,-0.016037968663502253,-0.043853495175010936,-0.009878518416874248,1.1395581580227432
squeezenet,guided_backprop,ISIC_0014652,-0.3842951279285012,-0.22695277744889883,-0.15318370551443475,0.532250868403485
squeezenet,integrated_gradients,ISIC_0014652,-0.3322695864337851,-0.1544821969475153,-0.10832482319887549,0.48031082462807423
squeezenet,lrp,ISIC_0014652,-0.40792080278145865,-0.17158109956317824,-0.10670841268318697,-0.20959414530479165
squeezenet,occlusion,ISIC_0014652,0.14100366695306837,0.06932055929584945,0.08834255572662267,0.6478896504459979
squeezenet,saliency,ISIC_0014652,0.04441129420193541,0.061249018178308946,0.11513527397414391,0.538400969879982
squeezenet,deep_lift,ISIC_0014653,-0.25336105818846366,-0.007363437079669319,0.06626841722639867,-0.5547628709648746
squeezenet,gradcam,ISIC_0014653,0.11040852497692391,0.11192472776885676,0.16224918335481567,1.844522382645908
squeezenet,guided_backprop,ISIC_0014653,0.07777915894021077,0.10151708795669062,0.16181593115224993,0.46527406409887756
squeezenet,integrated_gradients,ISIC_0014653,-0.20353994032886735,-0.05293534651538078,0.008721554154218181,0.006098392840487887
squeezenet,lrp,ISIC_0014653,-0.25146084129807095,-0.06110466325855806,0.004722853323102766,-0.31891338695371707
squeezenet,occlusion,ISIC_0014653,0.0294648948531197,-0.004223617369407989,0.020834282241236422,1.074791606541273
squeezenet,saliency,ISIC_0014653,-0.055891794554836116,0.05336803836535135,0.10812430481018705,0.45015622933756794
squeezenet,deep_lift,ISIC_0014663,-0.24651824656310214,-0.11373291805869935,-0.042112602583226716,0.31455779930983896
squeezenet,gradcam,ISIC_0014663,-0.1011313690423425,-0.03096196306347797,0.017414663397465908,1.3196695653993054
squeezenet,guided_backprop,ISIC_0014663,-0.2511568314700796,-0.06747233815048774,0.01738329088779038,-0.8184567193234573
squeezenet,integrated_gradients,ISIC_0014663,-0.2643773305604488,-0.09485602422283188,-0.018684728119619024,0.16173697494648664
squeezenet,lrp,ISIC_0014663,-0.2704672234129256,-0.09561285571018757,-0.023540324860859278,0.010374838771793486
squeezenet,occlusion,ISIC_0014663,-0.45155246130027826,-0.46587954563900685,-0.5035403932736849,1.451915596078659
squeezenet,saliency,ISIC_0014663,-0.32348090231827487,-0.12597278121535246,-0.065638877758,0.2858011208796348
squeezenet,deep_lift,ISIC_0014666,-0.01501377128625837,0.089904616505322,0.15081404222958747,0.7490143131682268
squeezenet,gradcam,ISIC_0014666,0.05521140512832154,0.07660961603702941,0.12020641625543027,1.2349543565650798
squeezenet,guided_backprop,ISIC_0014666,0.05983208197973267,0.09856566252941559,0.1711632202516792,0.26363534155845414
squeezenet,integrated_gradients,ISIC_0014666,0.11648325464126207,0.09694058800630159,0.15506657163211596,0.7523639648584868
squeezenet,lrp,ISIC_0014666,-0.11088181658430261,0.002490752514798657,0.06856675578168206,0.22138233132691817
squeezenet,occlusion,ISIC_0014666,0.06961925554459011,0.09756660210812523,0.12933930121711876,-0.12483261095474743
squeezenet,saliency,ISIC_0014666,-0.011208341457395334,0.058012324312716954,0.11027075253179415,0.7112923377100713
squeezenet,deep_lift,ISIC_0014675,-0.37757285104570276,-0.14779726109698502,-0.07157064555908424,-0.15992342900199077
squeezenet,gradcam,ISIC_0014675,0.2023009591233991,0.15149649866828954,0.20430213249294615,1.313502648255145
squeezenet,guided_backprop,ISIC_0014675,-0.2085245829863152,-0.0703445500678485,0.00811561299034119,0.20398346406942944
squeezenet,integrated_gradients,ISIC_0014675,-0.16245047365005935,-0.02188354972277398,0.051871766886321446,0.1190070170604908
squeezenet,lrp,ISIC_0014675,-0.12046199456056085,-0.012547157700464618,0.0556468821814803,0.45596737970900025
squeezenet,occlusion,ISIC_0014675,-0.07692080351535065,0.010084485529567295,0.04727215939443917,0.5280008274666643
squeezenet,saliency,ISIC_0014675,0.15549045798887753,0.12041860028471468,0.18650145179929112,1.4190956625102904
squeezenet,deep_lift,ISIC_0014677,-0.12596414594992866,0.02722124241910262,0.110732396908564,0.1279286721187155
squeezenet,gradcam,ISIC_0014677,0.33814161909850166,0.2520865399317082,0.31381431814749045,1.9741381351649463
squeezenet,guided_backprop,ISIC_0014677,-0.08719814188849101,0.010539560731225944,0.09488769033103614,0.39784686367606176
squeezenet,integrated_gradients,ISIC_0014677,-0.16088924699170362,0.034212070869643146,0.1209551260200534,-0.12725479064829393
squeezenet,lrp,ISIC_0014677,-0.14819995650123563,0.03305976288366558,0.11988401241205295,0.0011316790926770466
squeezenet,occlusion,ISIC_0014677,0.3308941154188359,0.17515095112018164,0.19870610559905677,1.925881198868631
squeezenet,saliency,ISIC_0014677,0.18315017017855115,0.12194349956364853,0.1948042749867218,1.5890970068995944
squeezenet,deep_lift,ISIC_0014687,-0.40805435008256813,-0.2172287515376843,-0.15550306122325094,-0.05206859753975009
squeezenet,gradcam,ISIC_0014687,0.3012331655646422,0.11229501838779772,0.14861998675723442,2.118795960352204
squeezenet,guided_backprop,ISIC_0014687,-0.1803122682691887,-0.11024896250691228,-0.03797776492252988,0.5196161472338517
squeezenet,integrated_gradients,ISIC_0014687,-0.46552454372389057,-0.17448058302330144,-0.11636678172372372,-0.6327905730307537
squeezenet,lrp,ISIC_0014687,-0.4646847789615295,-0.20042968059283223,-0.1359862591357696,-0.345813216347534
squeezenet,occlusion,ISIC_0014687,0.16878127735049422,0.08550598706799924,0.10873838782088655,0.9604935717525493
squeezenet,saliency,ISIC_0014687,0.08840532985378376,0.09799105606700537,0.1562327515228292,0.7965589099393711
squeezenet,deep_lift,ISIC_0014693,-0.27260116149088476,-0.10100426367240888,-0.025727898937764157,0.10999479003193645
squeezenet,gradcam,ISIC_0014693,0.28249920221848124,0.13763919273188233,0.18738543438030497,2.2905408586749547
squeezenet,guided_backprop,ISIC_0014693,-0.26492056511183143,-0.11560613537708692,-0.022560945372207385,-0.14950356756226776
squeezenet,integrated_gradients,ISIC_0014693,-0.30809859864894545,-0.08939919341262285,-0.006412940212240306,-0.2736423124132379
squeezenet,lrp,ISIC_0014693,-0.30524849965126066,-0.1017062438858628,-0.01847180827415911,-0.4876190456823179
squeezenet,occlusion,ISIC_0014693,0.04825687513250874,-0.049420455957715326,-0.04316537472412577,2.119315157829612
squeezenet,saliency,ISIC_0014693,-0.1830548498461951,-0.05651550498881271,0.005664417504950984,0.09677388348005167
squeezenet,deep_lift,ISIC_0014695,0.018791400110447894,0.09615152774465145,0.14895163987239984,-0.03877904532929248
squeezenet,gradcam,ISIC_0014695,-0.04574804853355322,0.06694231704371657,0.12330986849045175,-0.26186682057160293
squeezenet,guided_backprop,ISIC_0014695,-0.06341825536507685,0.08896938056708635,0.1716915369571658,-0.6272061594069702
squeezenet,integrated_gradients,ISIC_0014695,0.00815430181324709,0.050017030024018194,0.10527845438966901,0.11056556105216264
squeezenet,lrp,ISIC_0014695,-0.260922473620139,-0.031065131790765806,0.0207280999652091,-0.7850279779876903
squeezenet,occlusion,ISIC_0014695,-0.06036082906789697,0.0629475108386951,0.11061516888937636,0.05476139408104156
squeezenet,saliency,ISIC_0014695,0.009324322369836005,0.13130858729228315,0.17558117315080432,-0.36688020718853137
squeezenet,deep_lift,ISIC_0014697,-0.048831573034745356,0.10621867693164593,0.1697860086261554,-0.46384249758552765
squeezenet,gradcam,ISIC_0014697,-0.019202818697135006,0.013333460007666664,0.05644502299484737,1.0581613142117083
squeezenet,guided_backprop,ISIC_0014697,-0.23614879311389553,-0.010849607456295303,0.07072700099222472,-0.5680071326107367
squeezenet,integrated_gradients,ISIC_0014697,0.07473758744872606,0.10367910369822443,0.1460289812542064,0.4949658072210541
squeezenet,lrp,ISIC_0014697,0.048827521529410486,0.07508328035587918,0.12718696302279683,0.4155791867223859
squeezenet,occlusion,ISIC_0014697,-0.0779135747314026,-0.00162482960985806,0.021508349293363233,0.24394877415442648
squeezenet,saliency,ISIC_0014697,0.09095577261480196,0.13494763735099383,0.18692220820726932,0.3553087930739566
squeezenet,deep_lift,ISIC_0014698,0.034925283717119344,0.11828130453877628,0.16891267298453078,0.06280766358155154
squeezenet,gradcam,ISIC_0014698,0.013454284183902319,0.263967440873316,0.32150903172468376,-0.6537849524266317
squeezenet,guided_backprop,ISIC_0014698,-0.062392637195529184,0.11162741899505416,0.20807641831575646,-0.5547698683342074
squeezenet,integrated_gradients,ISIC_0014698,0.02729750153208191,0.09228903454619161,0.14890350158332752,0.0753148247231966
squeezenet,lrp,ISIC_0014698,0.0042412845446992645,0.059624009364644556,0.1069931758956173,0.1640734735011472
squeezenet,occlusion,ISIC_0014698,0.07542671839295169,0.15165763761075082,0.1898952153733071,-0.08820170305747269
squeezenet,saliency,ISIC_0014698,-0.11725447440837884,0.09403209895009482,0.16768036246064075,-1.1399138881600301
squeezenet,deep_lift,ISIC_0014703,-0.18541649204323662,-0.05250744124559908,0.022341882442391953,0.069447457266732
squeezenet,gradcam,ISIC_0014703,0.2370537920133204,0.1315604300204014,0.17175479276099628,1.9467447897382364
squeezenet,guided_backprop,ISIC_0014703,-0.09869162352708472,0.02144009379756161,0.11166681623750589,-0.24013594057686208
squeezenet,integrated_gradients,ISIC_0014703,-0.23499912022071537,-0.02849115778467134,0.05166389571823677,-0.5916931545314984
squeezenet,lrp,ISIC_0014703,-0.24934402185377655,-0.036060370664224246,0.04202806828361314,-0.783168143162818
squeezenet,occlusion,ISIC_0014703,0.028008891122866163,-0.02621219275533989,-0.017780170410820487,1.798907301309432
squeezenet,saliency,ISIC_0014703,-0.040483447590126544,0.010186860222047161,0.06423098307632011,0.8745042555326834
squeezenet,deep_lift,ISIC_0014720,-0.09750169412387968,0.005504276859383035,0.06869563337086475,0.03146939778254463
squeezenet,gradcam,ISIC_0014720,0.09617591443896231,0.08952968929468437,0.14773964795746702,1.116706141928484
squeezenet,guided_backprop,ISIC_0014720,-0.02605680893512155,0.00233373727855679,0.08326236708637469,0.38705398932950863
squeezenet,integrated_gradients,ISIC_0014720,-0.03857543687678848,0.029450119067644345,0.09821975529384629,0.41904248155228213
squeezenet,lrp,ISIC_0014720,-0.04327512997544966,0.03568127839235812,0.09864809000017495,0.23581933304277564
squeezenet,occlusion,ISIC_0014720,-0.03407190286948858,-0.07983233788023567,-0.08135219385502707,1.563225790797704
squeezenet,saliency,ISIC_0014720,-0.17474977562746427,-0.011204365993487406,0.046625561275690494,-0.11848334090035526
squeezenet,deep_lift,ISIC_0014725,-0.36589087214648924,-0.18719316112777634,-0.12145602081239172,0.22358227127326408
squeezenet,gradcam,ISIC_0014725,0.06607913656003649,0.07809453369170485,0.14917998017370251,1.4702267224657657
squeezenet,guided_backprop,ISIC_0014725,-0.24697757785358163,-0.09094610320763648,-0.008500683584277295,-0.06376523617291512
squeezenet,integrated_gradients,ISIC_0014725,-0.2375593530265215,-0.13249591930287768,-0.07481191130892074,0.8960073546696912
squeezenet,lrp,ISIC_0014725,-0.32176212267483223,-0.17871753349535072,-0.11879064201326124,0.6223479335052571
squeezenet,occlusion,ISIC_0014725,0.19814869510527386,0.13006196039113024,0.16327560215924927,0.9223666281236863
squeezenet,saliency,ISIC_0014725,0.07623312886529753,0.07566400537003101,0.13512683006123236,0.7832877212439824
squeezenet,deep_lift,ISIC_0014727,-0.15206931829432402,0.0065515476605772695,0.07860978476239332,0.04665895328980052
squeezenet,gradcam,ISIC_0014727,-0.23729190839964873,-0.04096933103857037,0.003907925820470454,-0.20340616278174944
squeezenet,guided_backprop,ISIC_0014727,0.1333970719001156,0.11621820333329826,0.18374365589874334,0.748094250689563
squeezenet,integrated_gradients,ISIC_0014727,0.08904282367974081,0.10303194761812592,0.15259054429890537,0.5314808280578996
squeezenet,lrp,ISIC_0014727,-0.1260582086716104,-0.009791826133321059,0.05500877049772039,0.30497724667678056
squeezenet,occlusion,ISIC_0014727,0.14773326806265555,0.15111572806886273,0.17501731486939678,0.4036385606280399
squeezenet,saliency,ISIC_0014727,-0.1481596697836599,0.008340292537822269,0.07443284208873532,-0.0997351720134793
squeezenet,deep_lift,ISIC_0014728,-0.41735125431054654,-0.1776024915188301,-0.10997407396399263,0.01911052088021998
squeezenet,gradcam,ISIC_0014728,0.1443233634719263,0.010108817987193906,0.06506242694082065,2.1840779724960457
squeezenet,guided_backprop,ISIC_0014728,-0.3429659803884823,-0.14292834242240268,-0.06446058855474854,-0.6284766032484572
squeezenet,integrated_gradients,ISIC_0014728,-0.3396846152859457,-0.20190725555952566,-0.13575700687239375,0.7623923308111263
squeezenet,lrp,ISIC_0014728,-0.4335579828067693,-0.2427757964140375,-0.16922209702720664,0.2529857667414576
squeezenet,occlusion,ISIC_0014728,0.1991330456740507,0.05500349845374746,0.0863716568121267,2.115160259134453
squeezenet,saliency,ISIC_0014728,-0.14214546411858728,-0.08051206934982981,-0.006886882847838249,0.7421964574989047
squeezenet,deep_lift,ISIC_0014729,-0.15141744619057437,-0.06650264093816767,-0.006166486486482006,0.341011335754899
squeezenet,gradcam,ISIC_0014729,0.06663963950322761,0.09514038260222044,0.1368614568928477,0.7080516398229305
squeezenet,guided_backprop,ISIC_0014729,-0.11038309260450886,0.02257304181824253,0.09792077085584913,-0.0650850096364267
squeezenet,integrated_gradients,ISIC_0014729,-0.06234643189300377,-0.020968468285325663,0.024573048792751483,0.5581022647315057
squeezenet,lrp,ISIC_0014729,-0.10332200739236724,-0.02351224704172874,0.023679768828574792,0.372042177535996
squeezenet,occlusion,ISIC_0014729,-0.044486834852325144,0.05768762991611661,0.07431928564419842,0.644805459165087
squeezenet,saliency,ISIC_0014729,-0.04098207536391222,0.03789887124190128,0.07821349402413176,0.7231302013909167
squeezenet,deep_lift,ISIC_0014740,-0.08113007314538874,-0.0412844255531831,0.019540701235975233,0.38711557350672576
squeezenet,gradcam,ISIC_0014740,-0.05219422421764227,0.02569731069732869,0.0669284168724389,0.08625475831149441
squeezenet,guided_backprop,ISIC_0014740,-0.08035667274858543,-0.020371693392422185,0.057716347533599624,-0.004605823165126109
squeezenet,integrated_gradients,ISIC_0014740,-0.07555106838420983,-0.006376419591808947,0.042023561520045195,0.3503631916441872
squeezenet,lrp,ISIC_0014740,-0.13564847159617505,-0.010633065146665163,0.043274299727608885,-0.2589430925246072
squeezenet,occlusion,ISIC_0014740,-0.3862771690432279,-0.23617050803826875,-0.23559502756477754,-0.646607849617636
squeezenet,saliency,ISIC_0014740,-0.07329988317680665,-0.007392254441085092,0.02402657562496048,0.8095230936347123
squeezenet,deep_lift,ISIC_0014743,0.05820060638581878,0.11804761126012371,0.18352482023997777,0.2757082948676175
squeezenet,gradcam,ISIC_0014743,0.16722173539050134,0.14662264298279445,0.18633357422372315,1.0974465972309673
squeezenet,guided_backprop,ISIC_0014743,-0.03776325224212061,0.06496904865099819,0.14486487941094636,-0.3387193126262599
squeezenet,integrated_gradients,ISIC_0014743,-0.012919872174048497,0.07478186098081073,0.1392567976198185,-0.14239424947896834
squeezenet,lrp,ISIC_0014743,-0.1615049000907146,0.004429192412477439,0.07190561791002519,0.09894545843579035
squeezenet,occlusion,ISIC_0014743,0.025144053870749864,0.04568206294617181,0.0710762752743961,-0.06528437970925038
squeezenet,saliency,ISIC_0014743,0.0335629450512257,0.13815126234967692,0.1911813463588585,-0.13438788513314837
squeezenet,deep_lift,ISIC_0014746,-0.2089782284925681,-0.03374447903355911,0.02822331326867205,-0.7557481271346717
squeezenet,gradcam,ISIC_0014746,0.12034381784624916,0.024490101359144565,0.06094004475681744,1.429495292027427
squeezenet,guided_backprop,ISIC_0014746,-0.04248891068600547,-0.040584370832990484,0.032088729883118394,0.5343332635356713
squeezenet,integrated_gradients,ISIC_0014746,-0.23157960569393332,-0.00871531169827683,0.0527268135505668,-1.0971357088741167
squeezenet,lrp,ISIC_0014746,-0.20943190455983185,-0.007940735386163371,0.0549858691794824,-0.9111920857472405
squeezenet,occlusion,ISIC_0014746,-0.342700981247455,-0.25112203724444293,-0.26571637620615035,0.08533584984923852
squeezenet,saliency,ISIC_0014746,-0.12925406281515955,-0.007094952941525306,0.03529660539530325,0.2850014974150109
squeezenet,deep_lift,ISIC_0014749,-0.11309641777191079,-0.01579644056591646,0.04780546660496147,-0.1559398376314406
squeezenet,gradcam,ISIC_0014749,0.18078910575099047,0.14407554213138363,0.19529976485207468,1.2553613232914154
squeezenet,guided_backprop,ISIC_0014749,0.009311082852381613,0.02462284978310237,0.10219070969458226,0.6037185916729939
squeezenet,integrated_gradients,ISIC_0014749,-0.18096097602322278,-0.01865576332276454,0.04712514559123373,-0.6212715109621297
squeezenet,lrp,ISIC_0014749,-0.17168693012899164,-0.029549654819852694,0.03607083871969333,-0.42450020981924363
squeezenet,occlusion,ISIC_0014749,-0.08028632263244824,-0.014423658743301539,0.02598466177730671,0.7535388634684557
squeezenet,saliency,ISIC_0014749,-0.08997013608779884,-0.01641164397195879,0.04136164325796917,0.7867952716872503
squeezenet,deep_lift,ISIC_0014753,-0.288342895923374,-0.11993201421562062,-0.05879511850099343,-0.3828069524988934
squeezenet,gradcam,ISIC_0014753,-0.034817019009410255,-0.05848275700288017,-0.007337735550841073,1.3236685436552997
squeezenet,guided_backprop,ISIC_0014753,-0.5548466069451274,-0.2621631421784486,-0.1756051461513975,-0.7422221755788609
squeezenet,integrated_gradients,ISIC_0014753,-0.39319381100852285,-0.10309698029414564,-0.04268902318183885,-1.2210219714209003
squeezenet,lrp,ISIC_0014753,-0.39989772468923634,-0.11978448351489387,-0.05492962267926242,-1.1446510705629174
squeezenet,occlusion,ISIC_0014753,0.1206868497439088,0.04691498977207718,0.05523290085776961,0.7513306988654856
squeezenet,saliency,ISIC_0014753,-0.023076223370387696,0.04372176041137713,0.09835377503270218,0.23792806905742445
squeezenet,deep_lift,ISIC_0014755,-0.24782754410263172,-0.050764901626482235,0.023872027355705636,-0.628920551528956
squeezenet,gradcam,ISIC_0014755,-0.06301186311764215,0.043635828577358614,0.11128547063945327,0.06669102954292752
squeezenet,guided_backprop,ISIC_0014755,0.07867303235640924,0.006695863732940745,0.07659596874720433,1.2611683338579542
squeezenet,integrated_gradients,ISIC_0014755,-0.15094202839530182,-0.02259672482275275,0.03810460130507415,0.1041102222356718
squeezenet,lrp,ISIC_0014755,-0.08864173955552719,-0.017847772536422963,0.04206628259285112,0.5297558482933103
squeezenet,occlusion,ISIC_0014755,-0.2544143820372209,-0.1243727503965341,-0.10266928209423283,0.02486758818108904
squeezenet,saliency,ISIC_0014755,-0.3753789964963124,-0.14101340238685897,-0.07782399354913082,0.24627576581200922
squeezenet,deep_lift,ISIC_0014765,-0.22796103309579815,-0.06575639813063128,-0.002083432647313382,-0.2045223164612197
squeezenet,gradcam,ISIC_0014765,0.08270211295026308,0.08375767473651242,0.13329500719892343,0.7956554799511634
squeezenet,guided_backprop,ISIC_0014765,-0.07440031619578122,-0.005166521785660375,0.07310366442927968,0.7331913194282866
squeezenet,integrated_gradients,ISIC_0014765,-0.274248471441371,-0.07432275006605515,-0.004982461288082554,-0.44030752359020736
squeezenet,lrp,ISIC_0014765,-0.2555579195349393,-0.07902799319164852,-0.019587269739868265,-0.16238219834276862
squeezenet,occlusion,ISIC_0014765,0.0328404182615651,-0.010527042015033095,0.007468669440696127,0.6027487416292863
squeezenet,saliency,ISIC_0014765,0.03809420071266858,0.0871727367541496,0.13801207866348386,0.39250428060183884
squeezenet,deep_lift,ISIC_0014766,-0.33609907988128324,-0.061283086855974604,0.004707235442737357,-0.8694411642419168
squeezenet,gradcam,ISIC_0014766,0.2191588333322318,0.10363208239918248,0.12366037272996634,1.7946741493111584
squeezenet,guided_backprop,ISIC_0014766,-0.23371864031693662,-0.048805866342130015,0.03954504293731094,-0.6070968556430913
squeezenet,integrated_gradients,ISIC_0014766,-0.21702877950016802,-0.014816007673427303,0.05140900761505559,-0.8078624090700138
squeezenet,lrp,ISIC_0014766,-0.29483991670224136,-0.05546594841910699,0.005130195456725842,-1.1101736763487053
squeezenet,occlusion,ISIC_0014766,0.043562934406634404,0.021426876677840996,0.03316365409850003,1.4288109419795874
squeezenet,saliency,ISIC_0014766,-0.05345583281174105,0.02303913502364273,0.06106611539188702,0.7353638743820865
squeezenet,deep_lift,ISIC_0014768,-0.2277463118503411,-0.026844504717808217,0.04756904015216765,-0.3541478159317707
squeezenet,gradcam,ISIC_0014768,0.21231331250405444,0.1582497136173347,0.19925572108769085,1.7149318353106442
squeezenet,guided_backprop,ISIC_0014768,-0.40546652540596695,-0.16422081147932957,-0.07737409074458325,-0.15267018858662837
squeezenet,integrated_gradients,ISIC_0014768,-0.331281701200997,-0.06237028838473589,0.020434160350210798,-0.9834194448969393
squeezenet,lrp,ISIC_0014768,-0.2980706978961496,-0.04135955751472588,0.03936004100391807,-0.793695337287373
squeezenet,occlusion,ISIC_0014768,-0.022224464894541354,0.09180308068165272,0.13283698111960554,-0.48631321200430955
squeezenet,saliency,ISIC_0014768,0.12734760942479015,0.09962572266643481,0.15568026104346427,1.0600977171093853
squeezenet,deep_lift,ISIC_0014772,-0.1489609604908983,0.00028658851587185034,0.06863581406634003,0.03709987360491085
squeezenet,gradcam,ISIC_0014772,0.06889347992606126,0.09605594681884648,0.13511418250654866,0.496416607341209
squeezenet,guided_backprop,ISIC_0014772,-0.17176500696500607,-0.03689719131872062,0.053124101568427506,0.049375256046265706
squeezenet,integrated_gradients,ISIC_0014772,0.052916377333743415,0.09472161677088423,0.15444908558608827,0.24154906114540034
squeezenet,lrp,ISIC_0014772,0.13817467261102562,0.13446054217845738,0.1821831913743291,0.7101473336203936
squeezenet,occlusion,ISIC_0014772,0.03279659292202396,0.10375498552375458,0.12758549003340677,-0.4213393039237621
squeezenet,saliency,ISIC_0014772,0.059513972105578634,0.15416852110585452,0.1994857670883645,-0.0843068885206173
squeezenet,deep_lift,ISIC_0014773,-0.22807226679001344,-0.07440712079119839,-0.0023667788852241778,-0.36618175249570134
squeezenet,gradcam,ISIC_0014773,-0.028159474362284973,0.007530299237093185,0.056971088852578275,0.6937223463051808
squeezenet,guided_backprop,ISIC_0014773,-0.04598321677601715,-0.004486467674782157,0.07542161677486894,0.41211669787220323
squeezenet,integrated_gradients,ISIC_0014773,-0.16990957418166744,-0.026727375875589567,0.04380225894584902,-0.09423413149576476
squeezenet,lrp,ISIC_0014773,-0.23221686072828254,-0.03358756734663346,0.04723276243113859,-0.662900656259797
squeezenet,occlusion,ISIC_0014773,-0.24372106551712858,-0.03781171719651487,0.009214389016201387,-0.32569706175608865
squeezenet,saliency,ISIC_0014773,-0.16654829901622548,-0.03102338365528483,0.03218501461423449,0.3797210027167887
squeezenet,deep_lift,ISIC_0014780,-0.034317574812230175,-0.0367558496309895,0.015460848217511017,0.7869176340619713
squeezenet,gradcam,ISIC_0014780,0.1961428908279749,0.11488794727473219,0.1648351257357985,2.0277699303594754
squeezenet,guided_backprop,ISIC_0014780,-0.03610289325734447,0.027401640687971275,0.11156599563566251,0.30138942798111334
squeezenet,integrated_gradients,ISIC_0014780,-0.04490831528162073,-0.010560653766688131,0.05899949572476688,0.641774316003516
squeezenet,lrp,ISIC_0014780,-0.05087217718716871,-0.007836763295445089,0.04355252869684757,0.5692945752970952
squeezenet,occlusion,ISIC_0014780,-0.13457675618402448,-0.07396653275370431,-0.046599490083096586,0.8198766357663999
squeezenet,saliency,ISIC_0014780,-0.06489725998237479,0.013569951051477923,0.06936037082007879,0.8153550163014938
squeezenet,deep_lift,ISIC_0014784,-0.10840317085979148,0.06285719672228614,0.1354203261084063,0.07085556793864026
squeezenet,gradcam,ISIC_0014784,-0.014115676757815727,0.03728795711543995,0.06941460527002513,0.9327140155011967
squeezenet,guided_backprop,ISIC_0014784,-0.02429459883314993,0.053999487968843796,0.13546205177099274,-0.2615116949191011
squeezenet,integrated_gradients,ISIC_0014784,-0.23105682120676668,-0.008878585972757678,0.06462196463166608,-0.5916135823524885
squeezenet,lrp,ISIC_0014784,-0.1989496843707903,-0.017589940016716894,0.056338500583714125,-0.2788752089755105
squeezenet,occlusion,ISIC_0014784,-0.13917825930771335,-0.03478615152411969,-0.004901741973400145,0.06618160914897868
squeezenet,saliency,ISIC_0014784,0.022829145724393755,0.05794102316490365,0.1118835449310719,0.9234807119007101
squeezenet,deep_lift,ISIC_0014786,-0.2583099303736054,-0.05188147744495283,0.02013868917696715,-0.7902099879216736
squeezenet,gradcam,ISIC_0014786,0.15953797180039742,0.08953949615953682,0.12779710419387094,1.5796219093849893
squeezenet,guided_backprop,ISIC_0014786,-0.05713231614166941,0.03715862735532279,0.12251296177622349,0.055654698949095846
squeezenet,integrated_gradients,ISIC_0014786,-0.1827727830666887,-0.017573223604500726,0.04985376051959587,-0.26201160383654176
squeezenet,lrp,ISIC_0014786,-0.11392317584983516,0.0051945496170418565,0.06976554222197029,0.07875147184880757
squeezenet,occlusion,ISIC_0014786,-0.1403743658661312,-0.05792557528688663,-0.04912844284006291,0.5529330039311764
squeezenet,saliency,ISIC_0014786,-0.11932320198608705,0.013517440060555691,0.06924037827133579,0.11786514530106446
squeezenet,deep_lift,ISIC_0014787,0.035866524979567806,0.017767860265738976,0.06767573148940878,0.9198476484347489
squeezenet,gradcam,ISIC_0014787,0.04163712991991216,0.07374268525058413,0.11995275704588275,0.5858336453772426
squeezenet,guided_backprop,ISIC_0014787,-0.09936495721467693,-0.014757656418280307,0.07039374969486062,-0.364609542522306
squeezenet,integrated_gradients,ISIC_0014787,-0.05861036303780514,0.02934546632522174,0.0855766617312317,0.00995770534478208
squeezenet,lrp,ISIC_0014787,-0.05212928552129854,0.007885428014627592,0.06377774063419897,0.15707526155315737
squeezenet,occlusion,ISIC_0014787,-0.1794843868685478,-0.15399271961746297,-0.16324145518735814,0.712498010090928
squeezenet,saliency,ISIC_0014787,-0.05811354496713129,0.021066536322238646,0.06482579677997921,0.5891076082452954
squeezenet,deep_lift,ISIC_0014790,-0.20452560380388424,0.041938839623580366,0.11337196211570189,-1.3691027924523678
squeezenet,gradcam,ISIC_0014790,0.08309178462126568,0.08468673148679522,0.12536774681456703,0.5725014953071426
squeezenet,guided_backprop,ISIC_0014790,0.06197404257921747,0.07171337372121206,0.15686416090229155,0.37226220999784404
squeezenet,integrated_gradients,ISIC_0014790,-0.09205915273482612,0.05318917789021233,0.11373579536698893,-0.5845474849313377
squeezenet,lrp,ISIC_0014790,-0.1627901006187547,0.03630590468099958,0.10836456351897154,-1.0521908363050483
squeezenet,occlusion,ISIC_0014790,0.14707266745597566,0.10821129461743738,0.13013024315948463,0.8186621708795756
squeezenet,saliency,ISIC_0014790,0.219772313676124,0.16223151945174133,0.2160166304021567,1.1595222755318257
squeezenet,deep_lift,ISIC_0014792,0.0852840758703539,0.07766761489650639,0.14945762166645288,0.7801242508675934
squeezenet,gradcam,ISIC_0014792,-0.10602489656071927,0.05058596298311981,0.10055599325137862,-0.47703653204104796
squeezenet,guided_backprop,ISIC_0014792,-0.09098081729363526,0.08123303771626834,0.17919425612505202,-0.725819316070334
squeezenet,integrated_gradients,ISIC_0014792,0.057727009105018046,0.07287368787029369,0.14662861162626317,0.5808064568191785
squeezenet,lrp,ISIC_0014792,0.16393031206452577,0.12683546260396772,0.17864391748170524,1.0622252104700993
squeezenet,occlusion,ISIC_0014792,-0.027268076179875547,0.05883692402189772,0.08730246039299992,0.5069562575158851
squeezenet,saliency,ISIC_0014792,-0.12245115653316631,0.08142827771716939,0.12943299949665935,-0.2786642437854417
squeezenet,deep_lift,ISIC_0014796,-0.18199870939368112,-0.017626265403491707,0.05805885830942403,-0.1831175102138452
squeezenet,gradcam,ISIC_0014796,0.19848775509483035,0.18602534100732984,0.24352472470388012,1.0457232154567835
squeezenet,guided_backprop,ISIC_0014796,-0.1680760495816871,-0.037503619689881654,0.046926411412916084,0.10894338033651559
squeezenet,integrated_gradients,ISIC_0014796,-0.10072845989397178,0.02070883986769441,0.09364919585881343,0.45448551273442517
squeezenet,lrp,ISIC_0014796,-0.24541968826928434,-0.02703126854468924,0.044934350483849056,-0.37809391285197613
squeezenet,occlusion,ISIC_0014796,0.28487434369639597,0.23822634769397927,0.2672511487490241,1.2096266638737756
squeezenet,saliency,ISIC_0014796,-0.04266515106674135,0.0743367348833691,0.13593791918499729,-0.2557625500324636
squeezenet,deep_lift,ISIC_0014798,-0.13051520854405543,-0.027495919366012034,0.03711555812975678,-0.14998906959232575
squeezenet,gradcam,ISIC_0014798,0.3187555807703372,0.1772717848928307,0.23141072750618907,2.479014232310579
squeezenet,guided_backprop,ISIC_0014798,-0.15080048863227644,-0.001063924653982971,0.08815767130277352,-0.21772693855934316
squeezenet,integrated_gradients,ISIC_0014798,-0.2516459310097196,-0.04283673772181713,0.03697103308359952,-0.9304725859173145
squeezenet,lrp,ISIC_0014798,-0.4227236737011477,-0.1618402164938724,-0.07875261165396134,-0.5993657516872309
squeezenet,occlusion,ISIC_0014798,-0.012137870860314903,-0.013375573261388165,0.027595834014769068,1.3049740640079903
squeezenet,saliency,ISIC_0014798,0.03659765063747356,0.049011835850927894,0.10145955967133903,1.285479026692298
squeezenet,deep_lift,ISIC_0014800,-0.2838158323993009,-0.15771510835032557,-0.08711769123223834,0.378174913813206
squeezenet,gradcam,ISIC_0014800,0.08421227258741419,0.12680765481438622,0.17745182437998647,1.0620100138865336
squeezenet,guided_backprop,ISIC_0014800,0.06894029921254487,0.022090993572660405,0.09816572674990766,1.1887945062130059
squeezenet,integrated_gradients,ISIC_0014800,-0.06548610521230354,-0.013871900036150993,0.04278058335987405,0.5354218124099464
squeezenet,lrp,ISIC_0014800,-0.29576653185150115,-0.12860428806029056,-0.05187782670005428,0.21746378618280995
squeezenet,occlusion,ISIC_0014800,-0.14190415930206574,-0.1683225691125566,-0.17379263444952023,1.3569811506414065
squeezenet,saliency,ISIC_0014800,-0.30734731168917445,-0.1120351226765003,-0.03925897502501486,0.3422976061071285
squeezenet,deep_lift,ISIC_0014807,-0.39737183421971173,-0.13818842887951352,-0.061411200526340665,-0.6968238295144956
squeezenet,gradcam,ISIC_0014807,0.2427702970283349,0.12058405508472157,0.17094282930765592,1.5198442990606227
squeezenet,guided_backprop,ISIC_0014807,-0.19241914992332235,-0.09070042178590357,-0.018331048467787922,0.45257783202291024
squeezenet,integrated_gradients,ISIC_0014807,-0.2754624926560779,-0.07614913674701057,-0.013416535738715315,-0.732506676296915
squeezenet,lrp,ISIC_0014807,-0.3144272820101008,-0.0861592196259833,-0.02339880615410387,-0.9603544303456064
squeezenet,occlusion,ISIC_0014807,0.19096711128228622,0.09658766159444407,0.1347345777415549,1.024036206403279
squeezenet,saliency,ISIC_0014807,0.08802397412229294,0.07378760099755835,0.12790138392249678,0.7413566266371985
squeezenet,deep_lift,ISIC_0014814,-0.43306871223705157,-0.18173300836472625,-0.10418864958006972,-0.6362657377437066
squeezenet,gradcam,ISIC_0014814,0.4005458888621802,0.24051517806607217,0.3046283653262118,2.5175957484979854
squeezenet,guided_backprop,ISIC_0014814,-0.3430280838283216,-0.08583401753807486,0.003039998194368146,-0.7464363504184212
squeezenet,integrated_gradients,ISIC_0014814,-0.21409717421244678,-0.049391830468258076,0.020828558310197486,-0.41293363158295127
squeezenet,lrp,ISIC_0014814,-0.26434821471518044,-0.08139685124769418,-0.013772048918011743,-0.5513255872984669
squeezenet,occlusion,ISIC_0014814,0.4290407851832264,0.2541335789682183,0.3029246769829405,2.3604938896142746
squeezenet,saliency,ISIC_0014814,0.13539487103541892,0.11862420917123012,0.18373180929385996,0.982247257309644
squeezenet,deep_lift,ISIC_0014815,-0.3766005291781681,-0.15963100489668397,-0.07673595215801593,-0.33332738161229153
squeezenet,gradcam,ISIC_0014815,0.3725621393233809,0.21227880265765792,0.27578190827078025,2.7291176507362525
squeezenet,guided_backprop,ISIC_0014815,-0.04097477886222543,0.041639232018124445,0.1302471319228268,0.34217271588694204
squeezenet,integrated_gradients,ISIC_0014815,-0.2615432691448153,-0.028537084689497814,0.05440917757670852,-0.7768847985854649
squeezenet,lrp,ISIC_0014815,-0.25851435708040477,-0.04227680163216412,0.035062725681334,-0.7291316728811137
squeezenet,occlusion,ISIC_0014815,0.04829160153414163,-0.06782456816330323,-0.05459345242771162,2.100656141289707
squeezenet,saliency,ISIC_0014815,0.059936014688934655,0.045296103871187696,0.10191870070247748,1.6593294929869296
squeezenet,deep_lift,ISIC_0014820,-0.24512253859829441,-0.09373412904359466,-0.04481177625372957,-0.38617345649225887
squeezenet,gradcam,ISIC_0014820,-0.016401489615308993,0.01996104733667716,0.06438725531232004,1.0237716985154097
squeezenet,guided_backprop,ISIC_0014820,-0.19059139599141908,-0.04741298044557875,0.03130167550813007,0.24399215051720147
squeezenet,integrated_gradients,ISIC_0014820,-0.2106429180917665,-0.036241657294631274,0.028720110219194957,-0.3646463611410468
squeezenet,lrp,ISIC_0014820,-0.2776314800657056,-0.10000494035821718,-0.04039066879429583,-0.49446247288983014
squeezenet,occlusion,ISIC_0014820,0.05249369712992705,0.07987469607090662,0.11968875914117896,0.9696968342909786
squeezenet,saliency,ISIC_0014820,0.08793361094494667,0.10201272150304908,0.162520323487646,0.6342577491932737
squeezenet,deep_lift,ISIC_0014822,-0.19266937658125483,-0.0789383986723707,-0.008743724897089352,-0.11689111881702227
squeezenet,gradcam,ISIC_0014822,0.22299518533546794,0.22581450053447427,0.2974331660575767,1.0400795989594827
squeezenet,guided_backprop,ISIC_0014822,-0.13282435634681594,-0.0010840995699330285,0.08438545771728465,-0.009964027248161368
squeezenet,integrated_gradients,ISIC_0014822,-0.08074572768754042,-0.01919648474100206,0.04399253145497722,0.5281947022232576
squeezenet,lrp,ISIC_0014822,-0.1144830501620173,-0.030594387394516857,0.03191522478035558,0.33280136994275855
squeezenet,occlusion,ISIC_0014822,0.22854370615345412,0.22545478864113822,0.28924432720965754,0.9063955539290695
squeezenet,saliency,ISIC_0014822,0.0025949913778851594,0.08466834491692878,0.16210126897745453,0.14153794182743276
squeezenet,deep_lift,ISIC_0014826,-0.30903452952689037,-0.19958863296907023,-0.14180716254786777,0.769051921373025
squeezenet,gradcam,ISIC_0014826,0.1845016331775613,0.06768229556096311,0.12070393045171508,1.441672912793051
squeezenet,guided_backprop,ISIC_0014826,-0.20978579743513048,-0.08274390655612579,-0.0017213604779642007,0.04484459220673094
squeezenet,integrated_gradients,ISIC_0014826,-0.25383198004024315,-0.15172796581960132,-0.09539307002825709,0.9342439848105045
squeezenet,lrp,ISIC_0014826,-0.2102519826252238,-0.14984140125334852,-0.09669789508326512,1.3253989088297942
squeezenet,occlusion,ISIC_0014826,-0.10668174642401307,0.010727028560596541,0.07624624577453247,-0.13386162617438466
squeezenet,saliency,ISIC_0014826,0.2655390902569413,0.12441777570843564,0.17261624348967483,1.8409309370415288
squeezenet,deep_lift,ISIC_0014833,0.13010397920797245,0.12326516156411113,0.18606794129497553,0.8291044440506566
squeezenet,gradcam,ISIC_0014833,-0.17808633372808697,-0.07157462371114248,-0.03239037455224361,-0.03679732439043901
squeezenet,guided_backprop,ISIC_0014833,0.02472301657625916,0.07283894567742052,0.1456008904358911,0.10359368998663522
squeezenet,integrated_gradients,ISIC_0014833,-0.051246382130951416,0.09748391616027584,0.1718333245809617,-0.5183991911370032
squeezenet,lrp,ISIC_0014833,-0.04059354456606128,0.09180663329312566,0.16458926646699445,-0.3997553137318492
squeezenet,occlusion,ISIC_0014833,0.10827778713905613,0.11182519702767246,0.13855749564827127,0.2103811478598075
squeezenet,saliency,ISIC_0014833,0.1100958631984534,0.1414993602788283,0.18611171444316266,0.33068519693347836
squeezenet,deep_lift,ISIC_0014835,-0.26279089049625687,-0.13471166776024524,-0.06745076719815905,0.33146161184589074
squeezenet,gradcam,ISIC_0014835,0.05225215923800496,0.04242802721065081,0.0881121393501935,1.0317770553865875
squeezenet,guided_backprop,ISIC_0014835,-0.2262997765403884,-0.05976705196024008,0.02699768947237566,-0.5994693567158866
squeezenet,integrated_gradients,ISIC_0014835,-0.2195432849031387,-0.058114438300723194,0.006955170186134274,-0.6616472112631816
squeezenet,lrp,ISIC_0014835,-0.35020178546205455,-0.1499173401832989,-0.07465511060591558,-0.3886866111459925
squeezenet,occlusion,ISIC_0014835,-0.41702562838996904,-0.37724173821587925,-0.40588101275415794,0.5161513503508526
squeezenet,saliency,ISIC_0014835,-0.1427871495181384,-0.028300768294884142,0.031625342564395496,0.14456563209863915
squeezenet,deep_lift,ISIC_0014844,-0.13669635227166235,0.01085205377624906,0.08620842480270875,-0.186466905456015
squeezenet,gradcam,ISIC_0014844,0.3124077631966599,0.15556819386898366,0.19752775001200445,2.680311329358706
squeezenet,guided_backprop,ISIC_0014844,-0.06451266129767444,0.030764125592085557,0.11634563784604683,0.48705313801695505
squeezenet,integrated_gradients,ISIC_0014844,-0.373492715675912,-0.08376773229715534,0.0107062512053389,-0.6287553989585246
squeezenet,lrp,ISIC_0014844,-0.14948194759298522,0.020186018906521143,0.09829847383368147,-0.2564319528201577
squeezenet,occlusion,ISIC_0014844,-0.045906244027606645,-0.05033006212089613,-0.04152084655878918,1.3854221231541992
squeezenet,saliency,ISIC_0014844,-0.0966185825837743,-0.046749997825357374,0.013362805171492912,1.6593020896766628
squeezenet,deep_lift,ISIC_0014853,-0.3366280005760594,-0.16581788457079863,-0.097943052163029,0.0994321144822566
squeezenet,gradcam,ISIC_0014853,0.42650899836851563,0.30276504602788923,0.36985313319790664,2.275671705290772
squeezenet,guided_backprop,ISIC_0014853,-0.22123234581655526,-0.010348499818088091,0.08144121903796739,-0.5074766273274222
squeezenet,integrated_gradients,ISIC_0014853,-0.2946675270585275,-0.13981292449296082,-0.07067192202376343,0.4742399656116138
squeezenet,lrp,ISIC_0014853,-0.30656975580514284,-0.14792561501411322,-0.07255930462700223,0.2813816227080022
squeezenet,occlusion,ISIC_0014853,0.20319488530154242,0.15142383385009425,0.21574185017773134,1.9106922913507474
squeezenet,saliency,ISIC_0014853,0.0462315974612482,0.025256763338533432,0.10089451386276418,1.6779190487296882
squeezenet,deep_lift,ISIC_0014854,-0.2700624492926948,-0.11064190490513467,-0.04228827388615781,0.047659284020863564
squeezenet,gradcam,ISIC_0014854,0.1543113731721345,0.0559744457928069,0.09832143442715387,1.4659195668755947
squeezenet,guided_backprop,ISIC_0014854,-0.06937858860561609,-0.07552391301264141,0.0030334229687173477,-0.1451867310566714
squeezenet,integrated_gradients,ISIC_0014854,-0.1445892300882823,-0.03957231737924076,0.020480660642088946,0.020822675950557597
squeezenet,lrp,ISIC_0014854,-0.3522394658032429,-0.11064575090379204,-0.041110094901578534,-0.5433429810364812
squeezenet,occlusion,ISIC_0014854,-0.06318865811375353,-0.07150738168965169,-0.062654303340271,1.2216166379078668
squeezenet,saliency,ISIC_0014854,-0.1931735969183075,-0.0974189299011916,-0.04602937405863556,1.2779777002257335
squeezenet,deep_lift,ISIC_0014862,-0.3148791740413407,-0.14744069575564747,-0.06955132052475844,-0.012937810756867204
squeezenet,gradcam,ISIC_0014862,0.21652883923786403,0.1443345464737204,0.20108149587382806,1.793703017026997
squeezenet,guided_backprop,ISIC_0014862,-0.06528120642968956,0.012940528103022843,0.09868447314805641,0.2850259332545138
squeezenet,integrated_gradients,ISIC_0014862,-0.27295855084947457,-0.052010492520742704,0.020512610076936697,-0.9392970379902907
squeezenet,lrp,ISIC_0014862,-0.3906866138809099,-0.16196478434914288,-0.09250524061173629,-0.41648551091047487
squeezenet,occlusion,ISIC_0014862,-0.03280719824936284,-0.05351824414694838,-0.015429769393689095,1.1509727358121142
squeezenet,saliency,ISIC_0014862,-0.053341995125593844,-0.0020584150332302485,0.05416834966662851,0.800446956078403
squeezenet,deep_lift,ISIC_0014863,-0.15860194499314195,0.023218172254666894,0.10570991588646372,-0.09706647243385615
squeezenet,gradcam,ISIC_0014863,0.12883016125097577,0.1601696381823787,0.20861002753996657,0.5626771154929598
squeezenet,guided_backprop,ISIC_0014863,-0.020306015256336945,0.06148014942740877,0.1504707315018468,-0.13653958536185545
squeezenet,integrated_gradients,ISIC_0014863,-0.04357355839237536,0.08495739188748344,0.16014963919182812,-0.41096433005877775
squeezenet,lrp,ISIC_0014863,0.0831279810446526,0.11843128063087668,0.17607991318353422,0.4131190435525504
squeezenet,occlusion,ISIC_0014863,0.13150185296826508,0.14481832527543145,0.1821496423497175,0.3536125721309709
squeezenet,saliency,ISIC_0014863,0.02373738123115333,0.13248763548195147,0.18684160656517348,-0.21120147034889725
squeezenet,deep_lift,ISIC_0014867,-0.0031890044854579742,-0.017859948605240088,0.03583387033674315,1.0789880498271314
squeezenet,gradcam,ISIC_0014867,0.1587312317523936,0.1676688144513676,0.22381390751153749,1.4649117991499003
squeezenet,guided_backprop,ISIC_0014867,-0.02993118251769805,0.04064594108090889,0.12479132798313648,0.5042771443120065
squeezenet,integrated_gradients,ISIC_0014867,-0.0897394360738335,-0.007209742601114704,0.056962614116073396,0.31336392354115644
squeezenet,lrp,ISIC_0014867,-0.08937952744701654,0.0010596620953096576,0.07063559271984061,0.4188936683887744
squeezenet,occlusion,ISIC_0014867,-0.07413283667328799,0.020546350928020995,0.03905934675782357,0.7466930915926853
squeezenet,saliency,ISIC_0014867,-0.06181719092040668,0.0322842068364229,0.09710266940589654,0.9068083620842651
squeezenet,deep_lift,ISIC_0014868,-0.2358597804021411,-0.06574243433663686,0.00433093010564233,-0.8523190044743276
squeezenet,gradcam,ISIC_0014868,0.07600715606200696,0.11174325030574381,0.16600923483584792,0.6990091336019488
squeezenet,guided_backprop,ISIC_0014868,-0.06458112951639391,0.0065839172943794756,0.09024272516137194,0.21891458630296493
squeezenet,integrated_gradients,ISIC_0014868,-0.16818932667942543,-0.033699651179708995,0.03531883022568562,-0.288820852101168
squeezenet,lrp,ISIC_0014868,-0.2075664487836563,-0.06334816607871671,-0.0018498315508111995,-0.3674812482423243
squeezenet,occlusion,ISIC_0014868,-0.2804346646548469,-0.12453620618078994,-0.10306762592770145,-0.09519736884227588
squeezenet,saliency,ISIC_0014868,-0.09704265190389338,-0.0006952286835978076,0.051708377683075075,0.3994335812843049
squeezenet,deep_lift,ISIC_0014872,-0.24758083571001485,-0.02022060172233779,0.06694143974401894,-0.5284781872698413
squeezenet,gradcam,ISIC_0014872,-0.12686829571368594,0.06335127845061747,0.11742001583667894,-0.9625291834258982
squeezenet,guided_backprop,ISIC_0014872,-0.03831804852971966,0.08883808295114733,0.16725456647148104,-0.45421833045932414
squeezenet,integrated_gradients,ISIC_0014872,-0.13843142065186886,0.051894857658134314,0.12132423220369627,-0.9865228331492137
squeezenet,lrp,ISIC_0014872,-0.1131987725045638,0.051724343736473395,0.10994205322500326,-0.7616400586546845
squeezenet,occlusion,ISIC_0014872,0.013345814509481961,0.10215476768515193,0.1216571317131957,-0.2876528409542077
squeezenet,saliency,ISIC_0014872,0.03896679437270042,0.11694937494032863,0.16353920938643085,-0.06384889778308654
squeezenet,deep_lift,ISIC_0014876,-0.2089984714416107,-0.03694462323166614,0.03062464535422659,-0.49616946465262607
squeezenet,gradcam,ISIC_0014876,0.2064596303249157,0.08920685366042526,0.11840446914270075,1.4633432160852162
squeezenet,guided_backprop,ISIC_0014876,-0.30132159016012516,-0.06720495188299447,0.010135301049104102,-0.8380473751415514
squeezenet,integrated_gradients,ISIC_0014876,-0.23104656456063416,-0.03291346599576512,0.01596737407948302,-0.48148092399520226
squeezenet,lrp,ISIC_0014876,-0.16817358790734682,-0.027210006175137504,0.039363242062867364,0.08100110777159304
squeezenet,occlusion,ISIC_0014876,0.20158634474769954,0.13135738075796102,0.14799722194272258,1.164015026268804
squeezenet,saliency,ISIC_0014876,-0.028710556648313408,0.07475810699291105,0.14701051270910198,0.005947087322098069
squeezenet,deep_lift,ISIC_0014879,-0.09835184320732493,-0.030236166520751933,0.015336146700010034,0.35290887857000197
squeezenet,gradcam,ISIC_0014879,0.13909841718789842,0.1700893992122551,0.21273665795811106,0.8414415022578329
squeezenet,guided_backprop,ISIC_0014879,-0.11488736799328322,0.02835327098856435,0.11709958270812958,0.32800538765621035
squeezenet,integrated_gradients,ISIC_0014879,-0.14798259632308494,-0.002659127709181579,0.057443021802561035,-0.1836560878398244
squeezenet,lrp,ISIC_0014879,-0.1982390186225373,-0.009737668747906273,0.062135715127586845,-0.5353439254612471
squeezenet,occlusion,ISIC_0014879,0.20257284860108818,0.28408663992404026,0.3223628437788804,0.35888115161329687
squeezenet,saliency,ISIC_0014879,-0.05210565610158497,0.0945912775324061,0.170737179569736,-0.32462701377978814
squeezenet,deep_lift,ISIC_0014883,-0.25953511813469454,-0.10939622706922766,-0.03937515970255426,-0.014749156285155515
squeezenet,gradcam,ISIC_0014883,0.12766423946083164,0.1746111425899823,0.23688561031641692,0.7796120873949598
squeezenet,guided_backprop,ISIC_0014883,-0.05059094314917225,0.025764032693259407,0.10854506614845937,0.3541803482038523
squeezenet,integrated_gradients,ISIC_0014883,-0.15418175799432648,0.007202766397482355,0.0697191904198448,-0.5010330026933617
squeezenet,lrp,ISIC_0014883,-0.39619476151941513,-0.09555514057801885,-0.013993555884702151,-1.1272802294182012
squeezenet,occlusion,ISIC_0014883,-0.08804070577964689,-0.008344486705826095,0.04167475804731772,0.42045946715990173
squeezenet,saliency,ISIC_0014883,-0.2956394819412083,-0.04994905328050662,0.015507741132141232,-0.49553372983570115
squeezenet,deep_lift,ISIC_0014901,-0.10774200247195294,-0.02297235159269887,0.0519838922058044,0.2662335453897068
squeezenet,gradcam,ISIC_0014901,0.35267955956575847,0.18637637961466572,0.23615494768460535,2.163194158862714
squeezenet,guided_backprop,ISIC_0014901,-0.09168090133803816,-0.02410157595545413,0.049908969988788125,0.6966883516517061
squeezenet,integrated_gradients,ISIC_0014901,-0.159875297047464,-0.027638999794023702,0.038345735978331665,0.10280446182854655
squeezenet,lrp,ISIC_0014901,-0.14307722064995984,-0.017186184673818904,0.05402828151306147,0.2633123268704561
squeezenet,occlusion,ISIC_0014901,0.1477928186344827,0.1488838181549837,0.19602626736524204,0.6040522672744775
squeezenet,saliency,ISIC_0014901,0.2232238460401841,0.1318362504700965,0.19073496196705925,1.7187622905355862
squeezenet,deep_lift,ISIC_0014907,-0.07805860630120445,0.0400540527896871,0.11253829116938734,0.23748613572620983
squeezenet,gradcam,ISIC_0014907,0.2469456885408662,0.1537859827819073,0.20021499083716626,1.885834851186963
squeezenet,guided_backprop,ISIC_0014907,-0.11531718893853761,0.07742474481759033,0.17059706133417668,-0.39726337099876313
squeezenet,integrated_gradients,ISIC_0014907,-0.008620122570707925,0.11879692245940884,0.1960843771969123,0.2690593102660427
squeezenet,lrp,ISIC_0014907,-0.06615559129863718,0.08170069508063882,0.16085148772872462,0.008056620730029445
squeezenet,occlusion,ISIC_0014907,0.0933368148097326,0.17407215318980082,0.20721833824448005,1.1567748372294877
squeezenet,saliency,ISIC_0014907,0.006002268721591294,0.10198437691003677,0.1702922472024102,0.6719225733626375
squeezenet,deep_lift,ISIC_0014910,-0.21432361490343835,-0.11268740164737494,-0.039883190863726284,0.5814023689111572
squeezenet,gradcam,ISIC_0014910,0.21489986283304804,0.12079597896081444,0.1668974002981456,1.762211338026855
squeezenet,guided_backprop,ISIC_0014910,0.04614828223618663,0.013990225921760755,0.08815025009071822,0.8682624555460289
squeezenet,integrated_gradients,ISIC_0014910,-0.07810740591668079,0.017786992147225934,0.0817441133071446,0.042754677650169964
squeezenet,lrp,ISIC_0014910,-0.08044308906614216,0.029694084778244215,0.08950819931547938,-0.10699993427520371
squeezenet,occlusion,ISIC_0014910,-0.1461216434781727,-0.11852218357534995,-0.12018345415243568,0.8184284367625939
squeezenet,saliency,ISIC_0014910,0.005756594721496852,0.02675763852995392,0.07131109405610932,1.058537340383605
squeezenet,deep_lift,ISIC_0014912,-0.30989784224353345,-0.08239624650360673,-0.010890628328528605,-0.18149172090720714
squeezenet,gradcam,ISIC_0014912,-0.13566581005206768,-0.045225558589748596,-0.009075596862145631,0.8609393238670815
squeezenet,guided_backprop,ISIC_0014912,0.27296098187346984,0.008826981120912828,0.09147860843310299,-0.1488822487915862
squeezenet,integrated_gradients,ISIC_0014912,-0.08981837638303841,0.027258387567290737,0.08768759999901023,-0.13480321197494957
squeezenet,lrp,ISIC_0014912,-0.3037481749059356,-0.09260182691688722,-0.02143010288189822,-0.20188172542411292
squeezenet,occlusion,ISIC_0014912,-0.5064652971935738,-0.2668655172892076,-0.2642063144908166,-1.0185888093308297
squeezenet,saliency,ISIC_0014912,-0.30420590064869246,-0.09221563939607567,-0.03436457235010171,0.07214451725753157
squeezenet,deep_lift,ISIC_0014921,-0.4239943059519728,-0.20311395197222853,-0.13864787571270007,-0.27858806038477346
squeezenet,gradcam,ISIC_0014921,0.2133182663433312,0.06467281610493626,0.13270081080541235,2.6340085275137697
squeezenet,guided_backprop,ISIC_0014921,-0.33560707444063625,-0.07172786728006174,0.012250679589783632,-0.13628424549322973
squeezenet,integrated_gradients,ISIC_0014921,-0.4254459125840041,-0.16858100942504495,-0.09627337651010354,-0.5151114533429336
squeezenet,lrp,ISIC_0014921,-0.24927998607339874,-0.1040165325846445,-0.043876903235701696,-0.12927273487996327
squeezenet,occlusion,ISIC_0014921,0.3691999326857273,0.192782661498579,0.22282881479396646,2.1452826518718515
squeezenet,saliency,ISIC_0014921,-0.141364988220999,-0.03259332855694819,0.044543696279753076,0.4120305313137171
squeezenet,deep_lift,ISIC_0014927,-0.2589178790359131,-0.16407401435945024,-0.10697486230056491,1.1134740167346622
squeezenet,gradcam,ISIC_0014927,0.35282218574201873,0.11326555772784096,0.16107013186917088,2.4068251205618405
squeezenet,guided_backprop,ISIC_0014927,-0.1828202100612923,-0.11848724292304465,-0.04678436897650575,0.5231588310655502
squeezenet,integrated_gradients,ISIC_0014927,-0.44220137951414223,-0.1895915500252203,-0.12333466248224527,-0.17711547087430465
squeezenet,lrp,ISIC_0014927,-0.41697364990423524,-0.182914287831862,-0.12492105709041848,0.05796986651792355
squeezenet,occlusion,ISIC_0014927,0.3762815805590485,0.19584340976632883,0.2364317396993965,2.0358993348356846
squeezenet,saliency,ISIC_0014927,-0.21607207772491935,-0.06346090218632665,0.008071530679391344,0.0889120184744988
squeezenet,deep_lift,ISIC_0014928,-0.10480160364584311,-0.05691534732492132,0.007507374523211884,0.45033054076838286
squeezenet,gradcam,ISIC_0014928,0.06549916007017492,0.16544909774357694,0.2304897609253731,0.8674462179086698
squeezenet,guided_backprop,ISIC_0014928,-0.011245106107791197,0.06636823408066352,0.1552324664735648,0.5450530501763662
squeezenet,integrated_gradients,ISIC_0014928,-0.21311203138852072,-0.04722221049422327,0.028621835312722676,-0.3576368654770645
squeezenet,lrp,ISIC_0014928,-0.27155705951382203,-0.05833295276911818,0.022943221638507684,-0.6640538666883781
squeezenet,occlusion,ISIC_0014928,-0.15546559817344938,-0.05161483903259043,-0.0243036526402064,0.4466305809861826
squeezenet,saliency,ISIC_0014928,-0.24813985642247233,-0.032900401290265995,0.04870484643757117,-0.36185649899741296
squeezenet,deep_lift,ISIC_0014932,-0.07517052874689828,-0.020519220478188906,0.0434099691576715,0.4613218693017215
squeezenet,gradcam,ISIC_0014932,0.14444031145836783,0.1833174365194398,0.23302544984515428,1.2164788835872558
squeezenet,guided_backprop,ISIC_0014932,-0.3085127432909593,-0.07198181544020946,0.02094483672250005,-1.194830341747361
squeezenet,integrated_gradients,ISIC_0014932,-0.2305122357618498,-0.05215417543497194,0.01804187595045635,-0.40110591591941086
squeezenet,lrp,ISIC_0014932,-0.21108555901387724,-0.08359974291375047,-0.017026984155106402,-0.06875102210261647
squeezenet,occlusion,ISIC_0014932,0.05658988387479551,0.06331784159117909,0.09556157741852866,1.2938925756530386
squeezenet,saliency,ISIC_0014932,-0.23190074188201398,-0.0681741708193926,-0.008812544416484457,0.12182430999097237
squeezenet,deep_lift,ISIC_0014936,-0.35516761135413577,-0.14550137523658174,-0.06626124718503751,-0.3534822598654378
squeezenet,gradcam,ISIC_0014936,0.33418741160446713,0.1631892578805076,0.2161059645768169,2.7904673611276904
squeezenet,guided_backprop,ISIC_0014936,-0.009683180792218438,0.035426457776690394,0.12048554359241971,0.6160940438228967
squeezenet,integrated_gradients,ISIC_0014936,-0.3304261704482065,-0.11190936163476647,-0.03691029287112086,-0.39675087780715546
squeezenet,lrp,ISIC_0014936,-0.33216481507587986,-0.1471975200821167,-0.0727633418291376,-0.19598818194467288
squeezenet,occlusion,ISIC_0014936,0.11313571901296236,0.029638866312325176,0.0787849697090935,2.2315919420380683
squeezenet,saliency,ISIC_0014936,0.07904945939259674,0.010650591352960662,0.06130060714907952,1.9511011833618281
squeezenet,deep_lift,ISIC_0014938,-0.17072291561439198,-0.11164642396313955,-0.05090339172058124,1.0700868831395844
squeezenet,gradcam,ISIC_0014938,0.16620592408164156,0.10799685425153133,0.15956011569123502,2.1607498422036215
squeezenet,guided_backprop,ISIC_0014938,-0.15288083175621536,-0.007778179144032365,0.0813294818448436,-0.09541072449490448
squeezenet,integrated_gradients,ISIC_0014938,-0.43969933937095024,-0.16779780426890195,-0.0874433800398366,-0.6717516323924435
squeezenet,lrp,ISIC_0014938,-0.44383150439354646,-0.17109541399701717,-0.08798056899586434,-0.6296149396877756
squeezenet,occlusion,ISIC_0014938,-0.1169709042641306,-0.06743790642821787,-0.024293798726590973,1.899325046551837
squeezenet,saliency,ISIC_0014938,-0.1730804459778052,-0.04869948585027409,0.00969913260436116,0.6514288539107512
squeezenet,deep_lift,ISIC_0014940,-0.3341024582298034,-0.1683151123968035,-0.11092981735643037,0.4643737114877585
squeezenet,gradcam,ISIC_0014940,0.10665402020348061,0.011816021219430007,0.05682147605186709,2.0206397941865246
squeezenet,guided_backprop,ISIC_0014940,-0.48476246331651457,-0.20870538117182488,-0.12508531586219981,-0.36073655354974443
squeezenet,integrated_gradients,ISIC_0014940,-0.1477106358238787,-0.106182971278443,-0.060021010671873584,0.8618132989602967
squeezenet,lrp,ISIC_0014940,-0.07472345577318279,-0.0626519162944995,-0.020174006236117564,1.280087022407447
squeezenet,occlusion,ISIC_0014940,0.025287314022093256,0.07050324352167216,0.11671690785258533,0.8055963604694216
squeezenet,saliency,ISIC_0014940,0.022878383233206002,0.06652814273610203,0.12333566325173101,0.511090640363786
squeezenet,deep_lift,ISIC_0014941,-0.4157767389969305,-0.2178664450473333,-0.147180632592766,0.1321067885249463
squeezenet,gradcam,ISIC_0014941,0.37891695342870607,0.17020186895678968,0.22732843386199034,2.6206617965379393
squeezenet,guided_backprop,ISIC_0014941,0.033300172674131795,-0.006894641275632399,0.06590068832002927,1.393406304740171
squeezenet,integrated_gradients,ISIC_0014941,-0.38466737622013764,-0.153686501085976,-0.08216863669919,-0.10272842496964454
squeezenet,lrp,ISIC_0014941,-0.40640846039712963,-0.19605360068393884,-0.11414595402625786,-0.027501179559147902
squeezenet,occlusion,ISIC_0014941,-0.03032326370643768,0.0249173209406162,0.09027494532986283,0.6152364814074882
squeezenet,saliency,ISIC_0014941,-0.027391787144064754,-0.013745798873165434,0.06714117401543936,1.3462641116588268
squeezenet,deep_lift,ISIC_0014942,-0.1339644276783416,-0.08271642583223733,-0.026775605691617868,0.5474114567250639
squeezenet,gradcam,ISIC_0014942,0.33584997120989474,0.28045563461008144,0.345736109288159,1.7662163244952602
squeezenet,guided_backprop,ISIC_0014942,-0.14613171784396606,0.011164027112932861,0.09962218773296537,-0.0066196367507626135
squeezenet,integrated_gradients,ISIC_0014942,-0.08304266129569295,-0.025557751449363106,0.039960444558827184,0.5288947688755148
squeezenet,lrp,ISIC_0014942,-0.11681835740585034,-0.03635770052549804,0.02266442057421079,0.3912026966350486
squeezenet,occlusion,ISIC_0014942,0.30685707154681985,0.2598638449471147,0.30976077249182976,1.376531873828229
squeezenet,saliency,ISIC_0014942,0.14814714850716856,0.12412453686728821,0.19557731025400546,1.0716524620980623
squeezenet,deep_lift,ISIC_0014943,-0.23679948001365786,-0.06490353698486097,0.0025561742222499815,-0.48653170577761357
squeezenet,gradcam,ISIC_0014943,-0.18894515036391493,-0.061966896136180144,0.00491627335497443,0.9230786012944417
squeezenet,guided_backprop,ISIC_0014943,-0.1408320888450397,-0.017129165297488022,0.06596800042303895,-0.029263534343246165
squeezenet,integrated_gradients,ISIC_0014943,-0.17072816966851354,-0.019565019387800035,0.04995805849068938,-0.17630216407226845
squeezenet,lrp,ISIC_0014943,-0.13968510692743236,-0.041353266656779575,0.015176281411446947,0.25745618817682114
squeezenet,occlusion,ISIC_0014943,-0.12890430270252098,-0.14213190831968506,-0.1365229332488859,1.3452279148305026
squeezenet,saliency,ISIC_0014943,-0.12255320528391372,-0.048599579097152124,0.001632032885506682,0.9296369314959426
squeezenet,deep_lift,ISIC_0014944,-0.07176021820744159,-0.029981749687411515,0.034171742469808544,0.44838490573943973
squeezenet,gradcam,ISIC_0014944,-0.02972559402073598,-0.0036070702422263414,0.059121671710814325,1.7550080775126038
squeezenet,guided_backprop,ISIC_0014944,-0.06142565795622632,0.018953678206246882,0.10388932963112596,0.343751886594229
squeezenet,integrated_gradients,ISIC_0014944,-0.1532826351587624,-0.06991220095980931,0.004292257145800877,0.9703641854939469
squeezenet,lrp,ISIC_0014944,-0.2220303776467482,-0.07716430628635548,0.00016015971042088423,0.514991838626328
squeezenet,occlusion,ISIC_0014944,-0.47921787366595303,-0.3891597948947042,-0.3964349744933758,0.7042337139189935
squeezenet,saliency,ISIC_0014944,-0.18899214431489883,-0.05474828947363449,0.014971414526492454,0.9428157988786684
squeezenet,deep_lift,ISIC_0014947,-0.407973925415028,-0.16060850441748256,-0.08757753068554563,-0.7158892063718866
squeezenet,gradcam,ISIC_0014947,0.014576115147338444,0.04597215985211487,0.10527400531597436,1.805442184828352
squeezenet,guided_backprop,ISIC_0014947,-0.0948556674914233,0.014226324031353174,0.09386632768056533,0.19777617466869918
squeezenet,integrated_gradients,ISIC_0014947,-0.2215103678875358,-0.014709750095569761,0.0353853430660941,-0.7617199239172264
squeezenet,lrp,ISIC_0014947,-0.4948289639893533,-0.14747952620740193,-0.0772624218596403,-1.1455657109962345
squeezenet,occlusion,ISIC_0014947,-0.07384241789593213,-0.03071553059640408,-0.01505647730935386,1.0081694699461485
squeezenet,saliency,ISIC_0014947,-0.1465963232178776,0.013913054784707076,0.07094141759298052,0.40215292020298676
squeezenet,deep_lift,ISIC_0014948,-0.18163584048786635,-0.11570336606770926,-0.052953055647182765,0.6549377232299143
squeezenet,gradcam,ISIC_0014948,0.11049171544275492,0.044938470535096905,0.07479738968977483,1.3502852177215066
squeezenet,guided_backprop,ISIC_0014948,-0.08430512021748811,-0.012815730712474832,0.06749335399630427,0.08681350374803756
squeezenet,integrated_gradients,ISIC_0014948,-0.0490461950757818,-0.0006444761374920989,0.05054997317812732,0.3116457579686927
squeezenet,lrp,ISIC_0014948,-0.21665525625244375,-0.10257899808389889,-0.039940465641097544,0.3290080264200899
squeezenet,occlusion,ISIC_0014948,-0.12269631382125744,-0.15985917580162864,-0.16439633181182892,1.3539911124452357
squeezenet,saliency,ISIC_0014948,-0.14066050840832622,-0.03841354948504791,0.013856996739784955,0.3338106030861138
squeezenet,deep_lift,ISIC_0014949,-0.25956424214562257,-0.10639829290995062,-0.040668954802581675,-0.016201110421718744
squeezenet,gradcam,ISIC_0014949,0.2613671983607689,0.10738567765436118,0.16024207228532414,2.2111021792138676
squeezenet,guided_backprop,ISIC_0014949,-0.23683618042430593,-0.12708636758650801,-0.05151113856402848,0.2353489339734898
squeezenet,integrated_gradients,ISIC_0014949,-0.17934282928682846,-0.06526358797405436,-0.004660148976632142,0.4503623769670751
squeezenet,lrp,ISIC_0014949,-0.2653874603269594,-0.10835391675072506,-0.044550074727583135,0.01429634108294816
squeezenet,occlusion,ISIC_0014949,0.18614924176557676,0.05269367020373728,0.07893347751268465,1.2572527378668896
squeezenet,saliency,ISIC_0014949,0.01588443223385755,0.03167088406626301,0.09005225520960687,0.7273511171517189
squeezenet,deep_lift,ISIC_0014952,-0.07131430444411133,-0.062289743898220624,-0.02202055161793518,1.1159434653066465
squeezenet,gradcam,ISIC_0014952,0.3511930701017791,0.09055177424163141,0.12115105429410934,2.607698418822312
squeezenet,guided_backprop,ISIC_0014952,-0.4541700150049697,-0.1772992334142164,-0.08291464634837446,-0.6659112103032263
squeezenet,integrated_gradients,ISIC_0014952,-0.2248399784513848,-0.11049305037692396,-0.059565338862686265,0.21583636659902397
squeezenet,lrp,ISIC_0014952,-0.15110034885907458,-0.06344165842206931,-0.020704502601810035,0.46092488765726797
squeezenet,occlusion,ISIC_0014952,0.3073205794390971,0.14414674276524372,0.16680751839095487,1.863513609369636
squeezenet,saliency,ISIC_0014952,0.16120984113534978,0.10521875074001522,0.16247538663993807,1.1187567741328615
squeezenet,deep_lift,ISIC_0014955,-0.2923519380490902,-0.1019187336175755,-0.036878568161061484,-0.6711936746178936
squeezenet,gradcam,ISIC_0014955,0.15409210879876656,0.14990445164446153,0.2082835905914172,1.3770337793772331
squeezenet,guided_backprop,ISIC_0014955,-0.3704734238148557,-0.09582328590069988,-0.0059938166862990245,-0.6008104703240909
squeezenet,integrated_gradients,ISIC_0014955,-0.3077692418323957,-0.07636584074549814,-0.009251020376574624,-0.8060898398668729
squeezenet,lrp,ISIC_0014955,-0.49683108817595667,-0.18186323585227243,-0.10966880837344338,-1.005000943878828
squeezenet,occlusion,ISIC_0014955,-0.006001668358413232,-0.02612031724336127,-0.013574628446348136,1.696877889723101
squeezenet,saliency,ISIC_0014955,-0.047107220335895504,-0.01993113054149908,0.027907856355244603,1.3332614607498758
squeezenet,deep_lift,ISIC_0014956,-0.27612988911167163,-0.04270330736796527,0.03616892213420759,-0.7463529681534916
squeezenet,gradcam,ISIC_0014956,-0.151825896482318,-0.0390365186150702,-0.002500909725889925,0.47803169717485466
squeezenet,guided_backprop,ISIC_0014956,-0.002022916629191153,0.05460114308040237,0.14059155394298248,-0.0010736064797735375
squeezenet,integrated_gradients,ISIC_0014956,-0.04914852896486611,0.07093694504396895,0.13711503193805843,-0.4370767539077223
squeezenet,lrp,ISIC_0014956,-0.07291753037890598,0.052693376461941686,0.12028243117026811,-0.5391292824576611
squeezenet,occlusion,ISIC_0014956,0.0837345194561508,-0.00017071963622189516,0.010772343802650165,0.4571122372569118
squeezenet,saliency,ISIC_0014956,0.10202743057452962,0.13028909548876724,0.18422950361663995,0.3977368108096959
squeezenet,deep_lift,ISIC_0014957,-0.21705452559454544,-0.09276150197868847,-0.036530360771211794,-0.13230501374022186
squeezenet,gradcam,ISIC_0014957,0.33986487609588845,0.1562896638354837,0.2151458693616727,2.3870865308308358
squeezenet,guided_backprop,ISIC_0014957,-0.05639061574573103,-0.015176484837154077,0.06159924605142154,0.917737740085971
squeezenet,integrated_gradients,ISIC_0014957,-0.5045293589758643,-0.20145814355640898,-0.12666075547121955,-0.8570480538091947
squeezenet,lrp,ISIC_0014957,-0.5178512076369173,-0.21263041936501323,-0.14418743232734998,-0.7942369556549992
squeezenet,occlusion,ISIC_0014957,0.3830313623956212,0.15773860526794703,0.20584139471831164,2.2386665388816547
squeezenet,saliency,ISIC_0014957,-0.05889008673571048,-0.019684604570196457,0.04837077086146191,0.9989673064709654
squeezenet,deep_lift,ISIC_0014958,-0.007319330275272827,0.10029144180574891,0.16807272593974032,-0.09611635973427453
squeezenet,gradcam,ISIC_0014958,0.0032024034901730713,0.1028545946079745,0.14600791253553447,-0.00793497675341966
squeezenet,guided_backprop,ISIC_0014958,0.04358397050348067,0.08477054988244746,0.16651287125790196,0.22366607484577136
squeezenet,integrated_gradients,ISIC_0014958,-0.08791788134331364,0.06705389772037657,0.13730820760004112,-0.640564613724091
squeezenet,lrp,ISIC_0014958,-0.15502218949784985,0.05487847835205224,0.12579090739767226,-1.065248000751001
squeezenet,occlusion,ISIC_0014958,-0.011913332767105492,0.06840936389894887,0.09932667885667379,-0.2798820974506082
squeezenet,saliency,ISIC_0014958,-0.06426033900543222,0.11193191540437251,0.17515912335616848,-0.7120107587185367
squeezenet,deep_lift,ISIC_0014959,-0.19424133933623974,-0.08590861258348052,-0.038532123226592344,0.3100149679242853
squeezenet,gradcam,ISIC_0014959,0.24018255251927273,0.11148033684996231,0.16752347001134113,2.6412430014242068
squeezenet,guided_backprop,ISIC_0014959,-0.47510994300425446,-0.20232044219663328,-0.10984392495332174,-0.3861723574290129
squeezenet,integrated_gradients,ISIC_0014959,-0.15808582871552168,-0.06694925575883388,-0.009332780476136459,0.47603235458862386
squeezenet,lrp,ISIC_0014959,-0.10771826328514263,-0.09062004081756637,-0.04911212565914486,1.0760746529746479
squeezenet,occlusion,ISIC_0014959,0.40366293480814597,0.22386530862152015,0.25860069611795944,2.2122094487987662
squeezenet,saliency,ISIC_0014959,0.10778781595982655,0.05138512120112716,0.10208736836360814,1.3472685089238998
squeezenet,deep_lift,ISIC_0014961,-0.19596533084718615,-0.07480427236701143,-0.01593349469985722,0.37596817799245585
squeezenet,gradcam,ISIC_0014961,0.0090316211108132,-0.007973384121900146,0.0398503491377587,1.8558058055545903
squeezenet,guided_backprop,ISIC_0014961,-0.09270528667841141,-0.007310615324243596,0.0757609868085346,0.02288651065217732
squeezenet,integrated_gradients,ISIC_0014961,-0.20919722920892336,-0.027659266641570757,0.04791128846029766,-0.7928341845986945
squeezenet,lrp,ISIC_0014961,-0.43297807561990415,-0.15661556617124628,-0.07873968104140623,-0.8110829574643112
squeezenet,occlusion,ISIC_0014961,0.04148068789488412,-0.04638453028407456,-0.045003008755637876,1.8622688836081054
squeezenet,saliency,ISIC_0014961,-0.3509119987945623,-0.12550766912491532,-0.055926961306484,0.06383494425929236
squeezenet,deep_lift,ISIC_0014962,-0.2753175905466716,-0.06587653761616366,0.0072775449120990165,-0.8717519080811797
squeezenet,gradcam,ISIC_0014962,0.20755942146467157,0.15866682949737662,0.20786367557361604,1.2610578413662905
squeezenet,guided_backprop,ISIC_0014962,-0.05703015020134298,0.010850717362260584,0.09286275589274337,0.1971323800546366
squeezenet,integrated_gradients,ISIC_0014962,-0.20719245135847034,-0.01772729237774911,0.05148593097227568,-0.7674990182773173
squeezenet,lrp,ISIC_0014962,-0.20352500541253143,-0.02021446695892815,0.052739801591037895,-0.6662779310729732
squeezenet,occlusion,ISIC_0014962,0.07592232095304245,0.07776047636291519,0.10441445001563048,1.1591870612417974
squeezenet,saliency,ISIC_0014962,-0.007961341206145093,0.038178075684124964,0.09914265981586128,0.761851738235863
squeezenet,deep_lift,ISIC_0014963,-0.1218686683829758,0.09262006908878914,0.17322119989597481,-0.030136256962303647
squeezenet,gradcam,ISIC_0014963,0.18248837767734527,0.18704740563657765,0.23046498601113327,1.892098485896771
squeezenet,guided_backprop,ISIC_0014963,0.050358619194209475,0.06317338402238612,0.1406562901284217,0.214541981496495
squeezenet,integrated_gradients,ISIC_0014963,-0.15648104927498552,0.001262222392898976,0.07515078070938058,0.05687473700246333
squeezenet,lrp,ISIC_0014963,-0.16547582506219,0.012555913788786675,0.08440276854167918,-0.029244419801625968
squeezenet,occlusion,ISIC_0014963,0.06428285034070252,0.06623280983525338,0.09368414721688291,0.8725024217364282
squeezenet,saliency,ISIC_0014963,-0.015535232267663708,0.06651608728748264,0.11580670079939545,0.6394796184876448
squeezenet,deep_lift,ISIC_0014964,-0.40334359995390356,-0.2126588226089821,-0.15166106720894798,0.18451123231609154
squeezenet,gradcam,ISIC_0014964,0.357226052678713,0.10661678042321243,0.1427843474850163,2.7048043201501186
squeezenet,guided_backprop,ISIC_0014964,-0.06890351519689292,-0.02423025846942869,0.04633413243269852,1.0463730549186991
squeezenet,integrated_gradients,ISIC_0014964,-0.40142660711491546,-0.17122714145670498,-0.11395972510892309,-0.1352384410203633
squeezenet,lrp,ISIC_0014964,-0.3972696995228752,-0.19335893820387787,-0.1307318896770749,0.05880466916527962
squeezenet,occlusion,ISIC_0014964,0.3374727503918073,0.1383570597004648,0.1663300863243407,2.0086441782944373
squeezenet,saliency,ISIC_0014964,0.07181641186615169,0.05989473823305668,0.11564819603541551,0.8496761969930082
squeezenet,deep_lift,ISIC_0014966,-0.24831079818837548,-0.1042133626012108,-0.026070001673643314,0.14732181711264325
squeezenet,gradcam,ISIC_0014966,0.1683574897911735,0.08062747700328518,0.12999435183412653,1.444737394206417
squeezenet,guided_backprop,ISIC_0014966,-0.06415602262529901,-0.026811895280215586,0.0541910953901613,0.16726328475999805
squeezenet,integrated_gradients,ISIC_0014966,-0.10378090911559425,0.011424182922072739,0.08503093803755901,-0.12012328980514585
squeezenet,lrp,ISIC_0014966,-0.226749456863995,-0.0545897555657092,0.019597685667600426,-0.7210524589598049
squeezenet,occlusion,ISIC_0014966,-0.3218159057439122,-0.2885114955280365,-0.2979869946429638,0.43475150243361216
squeezenet,saliency,ISIC_0014966,-0.23311243957050204,-0.0528568795516195,0.006008288483546669,-0.46665646584969034
squeezenet,deep_lift,ISIC_0014968,-0.0683483958054102,0.03395347329619653,0.09801441340270817,0.5489155614126494
squeezenet,gradcam,ISIC_0014968,-0.12149877265778326,0.04006809837953489,0.10382205347721364,0.1858476199523384
squeezenet,guided_backprop,ISIC_0014968,-0.17035490482295626,-0.05976524180315854,0.03141338848434416,0.06833237059449646
squeezenet,integrated_gradients,ISIC_0014968,-0.16409077204937567,-0.011029713168984002,0.062083909888445324,-0.06034773564493559
squeezenet,lrp,ISIC_0014968,-0.1497807754499661,0.0164207215814064,0.0799933535106487,0.013559112354685326
squeezenet,occlusion,ISIC_0014968,0.1876537032691997,0.17971218494239122,0.20797773123621452,0.49179779404991514
squeezenet,saliency,ISIC_0014968,-0.06829979555593052,0.05493265093935942,0.11204054347577365,0.3184400204136673
squeezenet,deep_lift,ISIC_0014969,0.025877565925711575,0.07315661791133006,0.13109636778550707,0.2314229151993087
squeezenet,gradcam,ISIC_0014969,-0.022310227017328214,0.059447369986665215,0.10213657548785489,0.2505220882515143
squeezenet,guided_backprop,ISIC_0014969,-0.031716553516407585,0.047155472409787,0.13463840218168385,-0.23714929115903322
squeezenet,integrated_gradients,ISIC_0014969,-0.1828582265931973,-0.018614212068993836,0.044282996489004196,-0.0992609079051116
squeezenet,lrp,ISIC_0014969,-0.0842356592309392,0.04665929091782496,0.10606555592921671,-0.5463299784910047
squeezenet,occlusion,ISIC_0014969,0.06860201582615572,0.11324687564259062,0.13997351528359744,0.08323527437919143
squeezenet,saliency,ISIC_0014969,0.007007897113998092,0.10694473563864722,0.16285891478159734,-0.2071852917531032
squeezenet,deep_lift,ISIC_0014973,-0.4227931051797813,-0.18741496386627837,-0.11063881556881508,-0.25006114112614397
squeezenet,gradcam,ISIC_0014973,0.0841317690442529,0.06908348090695363,0.11512755898730567,0.27435595249658323
squeezenet,guided_backprop,ISIC_0014973,-0.18218863523195372,-0.1115969096586869,-0.038754090965597496,0.4830603877860217
squeezenet,integrated_gradients,ISIC_0014973,-0.32013522000876565,-0.08475936516292602,-0.021021019920304255,-0.8548956483482385
squeezenet,lrp,ISIC_0014973,-0.41311711023017367,-0.10823512750781421,-0.04825559919803845,-1.2735043662727676
squeezenet,occlusion,ISIC_0014973,0.13724725649179387,0.13955209442505612,0.17083389834276683,0.2941035545462048
squeezenet,saliency,ISIC_0014973,-0.04283198776101934,0.05984738255501719,0.11481057622103083,-0.12094997770220241
squeezenet,deep_lift,ISIC_0014974,-0.487351298434168,-0.20190692563679702,-0.1399117282164114,-0.7745342686566972
squeezenet,gradcam,ISIC_0014974,0.2714311142821797,0.19146171975692894,0.23233976639778708,1.4671877393197066
squeezenet,guided_backprop,ISIC_0014974,-0.2431872486143202,-0.07672240201608145,0.0016965705029574256,-0.21796338369899798
squeezenet,integrated_gradients,ISIC_0014974,-0.25187343376718146,-0.07696670232689141,-0.02378917260934455,-0.526882164259449
squeezenet,lrp,ISIC_0014974,-0.2817214099358514,-0.09655385871636694,-0.047418939099243954,-0.366498429252314
squeezenet,occlusion,ISIC_0014974,0.2320605942627596,0.21121971866514724,0.25158559008812453,0.8881929417197844
squeezenet,saliency,ISIC_0014974,0.07207610538815583,0.1171954967159176,0.16924794999881648,0.4181396743665803
squeezenet,deep_lift,ISIC_0014977,-0.21476552696008885,-0.04126024994681219,0.03342251131571832,-0.3519817088156809
squeezenet,gradcam,ISIC_0014977,0.19172103222348072,0.2054057983978919,0.26899617388783625,1.5564394416081009
squeezenet,guided_backprop,ISIC_0014977,-0.24966494579049014,-0.07173776857231742,0.029104477474306296,0.017906505108235337
squeezenet,integrated_gradients,ISIC_0014977,-0.36829001947869305,-0.11744765208908245,-0.03304941109167091,-0.26467558660306734
squeezenet,lrp,ISIC_0014977,-0.3745622389113894,-0.11673427298532285,-0.0333333635486281,-0.4618832341723344
squeezenet,occlusion,ISIC_0014977,-0.04882044404005267,0.02014935051657235,0.04727806318407154,0.8183134014761798
squeezenet,saliency,ISIC_0014977,-0.34929417677282737,-0.11304712290207782,-0.039912087515792415,0.05429300996103991
squeezenet,deep_lift,ISIC_0014982,-0.1244890664804725,-0.06030381348045205,-0.0002451537307465457,0.18609556862063445
squeezenet,gradcam,ISIC_0014982,0.2549695720410266,0.14844804638290063,0.2032197876188666,2.274771059596121
squeezenet,guided_backprop,ISIC_0014982,-2.42900527009952,0.04607421757893535,0.14184553003741357,0.20401051934300155
squeezenet,integrated_gradients,ISIC_0014982,-0.08913407394280563,-0.019710941378461463,0.03862934781666847,0.4046632539277227
squeezenet,lrp,ISIC_0014982,-0.12360435493144058,-0.0379834794208451,0.028514554820780323,0.23283847202470895
squeezenet,occlusion,ISIC_0014982,0.011918392476609802,0.012236324813485185,0.037410326552772606,1.5818691273686334
squeezenet,saliency,ISIC_0014982,-0.12136105722277686,-0.023812960941474087,0.03783701540467408,0.5452178363923825
squeezenet,deep_lift,ISIC_0014992,-0.43538668354197696,-0.18792742488601002,-0.10702646408226003,-0.3181629099339101
squeezenet,gradcam,ISIC_0014992,0.2136289919181616,0.09643206115563967,0.1537143831350688,1.679224589324164
squeezenet,guided_backprop,ISIC_0014992,-0.34087850563410876,-0.1947922218283915,-0.10766387804122358,0.32552919816298365
squeezenet,integrated_gradients,ISIC_0014992,-0.18923798584061502,-0.04180109765171793,0.02796717781676203,0.021692215865632167
squeezenet,lrp,ISIC_0014992,-0.27738759651005795,-0.0780030840342089,-0.005256741841150806,-0.4631026448437657
squeezenet,occlusion,ISIC_0014992,0.12480641678714402,0.09287829912743018,0.12926865246726038,0.5822616531923173
squeezenet,saliency,ISIC_0014992,-0.00983295726811425,0.04105765590152923,0.1104354685038803,0.2131155073095183
squeezenet,deep_lift,ISIC_0014994,-0.17015374632909866,-0.007806489825744304,0.07056410083545689,-0.2607432482152221
squeezenet,gradcam,ISIC_0014994,0.23272994472599,0.09005621712720471,0.12302399950850212,2.1519706715363798
squeezenet,guided_backprop,ISIC_0014994,-0.1362026782197055,-0.048283647352467866,0.027741873287060688,0.5895928080329608
squeezenet,integrated_gradients,ISIC_0014994,-0.10484962276393833,0.004913660841249994,0.07957704749842051,0.292679113626233
squeezenet,lrp,ISIC_0014994,-0.14355716332228932,0.007459840844262741,0.08402262046006408,0.10649411789281558
squeezenet,occlusion,ISIC_0014994,0.26224723509694076,0.18595916898169432,0.21101703540807712,1.2645351309348523
squeezenet,saliency,ISIC_0014994,0.08716288339541699,0.09462414466870278,0.15802270563881632,0.7547322996118401
squeezenet,deep_lift,ISIC_0014998,-0.1311060833430414,-0.05995334143828152,0.0033196163271036823,0.3271392525474831
squeezenet,gradcam,ISIC_0014998,0.20717205717620493,0.07793042024413883,0.11819979801080902,1.8800216858662464
squeezenet,guided_backprop,ISIC_0014998,-0.05895982675789228,0.029337772562976344,0.11630717751170411,-0.049566090061212084
squeezenet,integrated_gradients,ISIC_0014998,-0.16356846394125635,-0.010011112165547176,0.05784778207941248,-0.22219122355824977
squeezenet,lrp,ISIC_0014998,-0.24515949874359483,-0.02462003176001142,0.046583263387337114,-0.8093297317743001
squeezenet,occlusion,ISIC_0014998,-0.008429991737252942,-0.03305312682474435,-0.0355872253337769,1.6780144474194405
squeezenet,saliency,ISIC_0014998,-0.02129966180819846,0.048219791671066915,0.09947883489909595,0.7372073698000353
squeezenet,deep_lift,ISIC_0015002,-0.2631264586262394,-0.12249143040858473,-0.05958294955098181,0.7015851913087948
squeezenet,gradcam,ISIC_0015002,0.05872446008965641,0.11025322413641868,0.16039585136936343,0.1883905775377588
squeezenet,guided_backprop,ISIC_0015002,-0.1929628603161493,-0.0802688690760927,-0.0061033595571482165,0.21024114551998824
squeezenet,integrated_gradients,ISIC_0015002,-0.1153491247740058,0.002751826165909608,0.047964135342139065,0.44602250592761483
squeezenet,lrp,ISIC_0015002,-0.3774831562690336,-0.16369419490323833,-0.1012050554396832,0.21583970042420342
squeezenet,occlusion,ISIC_0015002,0.1700864347746808,0.16985250728289186,0.20012000690027773,0.34871943265347705
squeezenet,saliency,ISIC_0015002,-0.057064224549419534,0.00455893659521102,0.05370449203935005,0.9334977208664741
squeezenet,deep_lift,ISIC_0015003,-0.1957861974300752,-0.056315776549860336,0.010109556093811813,-0.3252750947405094
squeezenet,gradcam,ISIC_0015003,0.2835872905496314,0.14183910056768248,0.19506525589627705,1.7243579878753614
squeezenet,guided_backprop,ISIC_0015003,-0.22439129762766935,-0.07006513812998134,0.009583307551664824,0.10228672976879999
squeezenet,integrated_gradients,ISIC_0015003,-0.2061964694098952,-0.07151741807352605,-0.015779764268051416,0.023775188006022692
squeezenet,lrp,ISIC_0015003,-0.18356339043193068,-0.06626726696641694,-0.0026890056826817253,0.21066073123186774
squeezenet,occlusion,ISIC_0015003,0.34177388418660365,0.21786040361461229,0.26489681374090807,1.749461471664483
squeezenet,saliency,ISIC_0015003,0.06973294452173207,0.09247560719368517,0.1553434820823095,0.5637510834615044
squeezenet,deep_lift,ISIC_0015004,-0.015763279539717793,0.04922767277611971,0.11549335015702894,0.4860004918753827
squeezenet,gradcam,ISIC_0015004,0.17608226618182163,0.11191553116532672,0.1416359061153432,1.6620216117725524
squeezenet,guided_backprop,ISIC_0015004,-0.106174906315404,0.01776958834739126,0.0985929040347788,0.19712944921931416
squeezenet,integrated_gradients,ISIC_0015004,-0.04022900744702026,0.02023051593519568,0.08568851217752334,0.4873942872485121
squeezenet,lrp,ISIC_0015004,-0.10623199007372817,0.02326318925471586,0.09395985917685899,-0.03681425683357291
squeezenet,occlusion,ISIC_0015004,0.07351239768840748,0.05800627463982924,0.06997552867195841,1.5650884831870164
squeezenet,saliency,ISIC_0015004,0.08827107604309131,0.08665508361261269,0.13235765321803447,1.4495411798420117
squeezenet,deep_lift,ISIC_0015007,-0.35734756222016684,-0.13916049811991296,-0.0801386816314707,0.7343607227220252
squeezenet,gradcam,ISIC_0015007,-0.07017243338392547,-0.06268473644139964,-0.03930265806464831,0.4204224287285117
squeezenet,guided_backprop,ISIC_0015007,-0.3884596358948977,-0.1330799349377092,-0.059867334142630166,-0.8511444722187744
squeezenet,integrated_gradients,ISIC_0015007,-0.4173639008594209,-0.17892660278373845,-0.11803670037231864,0.03837661416291135
squeezenet,lrp,ISIC_0015007,-0.3407355930083644,-0.14295253656334012,-0.0767677403618461,0.5397231063294725
squeezenet,occlusion,ISIC_0015007,0.10141939857259441,0.05979742559962286,0.07799144223995415,0.5557998005020297
squeezenet,saliency,ISIC_0015007,-0.09661481328908457,0.06363191317826733,0.12333425688979806,-0.44462167654971163
squeezenet,deep_lift,ISIC_0015008,-0.08002186399204259,0.0022123078178439425,0.07431327100995254,0.6405402145200302
squeezenet,gradcam,ISIC_0015008,0.04836814008832253,0.14760820655938395,0.1886746265109415,-0.2573157462117038
squeezenet,guided_backprop,ISIC_0015008,0.02435595752066175,0.08452341107411694,0.16324973996839032,-0.0004764195889159145
squeezenet,integrated_gradients,ISIC_0015008,0.0722611702173476,0.10315145215668532,0.1625549979215658,0.4385056826692818
squeezenet,lrp,ISIC_0015008,-0.016448398634943573,0.07284460791022626,0.13385315541361253,-0.12910425764321265
squeezenet,occlusion,ISIC_0015008,-0.07299538742392069,0.08520238159579757,0.11550338320647492,-1.0782991569845415
squeezenet,saliency,ISIC_0015008,-0.1593387773023552,0.08269228393831811,0.1394134264118516,-1.382166844361328
squeezenet,deep_lift,ISIC_0015009,-0.1386997182957189,0.039310205473413386,0.11155511235717715,-0.05667419917494091
squeezenet,gradcam,ISIC_0015009,0.08393070866559678,0.16580520867509982,0.2198882967339099,0.37314908076647874
squeezenet,guided_backprop,ISIC_0015009,-0.06345659596321324,0.07762015132299055,0.16574082611025048,-0.6900357218236987
squeezenet,integrated_gradients,ISIC_0015009,-0.21407280714773833,-0.009812211338250923,0.06001662869900818,-0.4095496891194162
squeezenet,lrp,ISIC_0015009,-0.17716102208681705,-0.03394470739245748,0.02616237757861531,0.008121230193317128
squeezenet,occlusion,ISIC_0015009,0.09349737030327111,0.1703295367987347,0.2017428450466724,-0.22261025973850604
squeezenet,saliency,ISIC_0015009,-0.06381169670916685,0.05808689527872932,0.11311681153620007,0.260010594337721
squeezenet,deep_lift,ISIC_0015011,-0.15559024427105342,-0.04358941954019607,0.022679754951989744,-0.012925022698057101
squeezenet,gradcam,ISIC_0015011,0.12997029369820443,0.08669354882156133,0.1370602942274526,1.4551370237235532
squeezenet,guided_backprop,ISIC_0015011,-0.03948567932926994,0.009047328756159932,0.09091607583946623,0.36931895526051095
squeezenet,integrated_gradients,ISIC_0015011,-0.16378678121740642,-0.012332664848295325,0.06062936553990481,-0.2997359239629553
squeezenet,lrp,ISIC_0015011,-0.4444869611397841,-0.1622580199614933,-0.07504412846862737,-0.8431874008595374
squeezenet,occlusion,ISIC_0015011,0.021126736763486222,-0.07542184084155136,-0.08149731857181652,1.872491197588221
squeezenet,saliency,ISIC_0015011,-0.18466942085802573,-0.07580752166509626,-0.014846058628370429,0.2441069476732458
squeezenet,deep_lift,ISIC_0015013,-0.4358195963570578,-0.1757755615315865,-0.10067080239384042,-0.4704831842595951
squeezenet,gradcam,ISIC_0015013,0.003213211086725914,-0.020027172202710785,0.01965005093809917,1.8581544304403985
squeezenet,guided_backprop,ISIC_0015013,-0.284711138804936,-0.1035698518557641,-0.009711558831912357,0.05588612961269083
squeezenet,integrated_gradients,ISIC_0015013,-0.44245239132550956,-0.12762796356963588,-0.05263202651784004,-0.4869676308964167
squeezenet,lrp,ISIC_0015013,-0.3962937902238236,-0.12002608170150085,-0.04924695797666036,-0.36115471047940356
squeezenet,occlusion,ISIC_0015013,-0.001643215340921743,-0.07018034827249273,-0.08107641671865572,1.6738361020416996
squeezenet,saliency,ISIC_0015013,-0.1989127074415412,-0.025864298986681536,0.025895275846738144,-0.05849616669155864
squeezenet,deep_lift,ISIC_0015015,-0.16708997932687414,-0.06130798934971671,0.001258879971603971,0.27410029206784375
squeezenet,gradcam,ISIC_0015015,0.037787929335899154,0.11042364639095945,0.16829717515564857,0.36624989441695316
squeezenet,guided_backprop,ISIC_0015015,0.05334566320225084,0.027792722254945477,0.10168784047908229,1.083161192972174
squeezenet,integrated_gradients,ISIC_0015015,-0.13847297107342396,-0.03882510330407202,0.01885179081587562,0.2893115105696216
squeezenet,lrp,ISIC_0015015,-0.13295070308081441,-0.04172425130434577,0.018797696893170842,0.2221852336635591
squeezenet,occlusion,ISIC_0015015,-0.2133750320757216,-0.1805608964187023,-0.18372634672965765,0.7886902765359949
squeezenet,saliency,ISIC_0015015,-0.10046725759229565,-0.0033513750151237002,0.050450017583180504,0.49410883097271047
squeezenet,deep_lift,ISIC_0015016,-0.3481807621194202,-0.14801521747290858,-0.07825119555102512,-0.014059006388978217
squeezenet,gradcam,ISIC_0015016,0.07556105974717368,0.030418484388094382,0.07633851211169239,0.9063042584087686
squeezenet,guided_backprop,ISIC_0015016,-0.20424506289842023,-0.10468590226257943,-0.02961164063563073,0.2703742661689926
squeezenet,integrated_gradients,ISIC_0015016,-0.4506901419666812,-0.1502505969914198,-0.07482032117041534,-0.7364560501650732
squeezenet,lrp,ISIC_0015016,-0.31851658485656664,-0.07619212793691293,-0.017385603860487934,-0.7610225316522012
squeezenet,occlusion,ISIC_0015016,-0.011692799564483403,0.06626255995261783,0.09923355257192557,-0.26007901102478437
squeezenet,saliency,ISIC_0015016,0.04884612728311671,0.06454982199340438,0.11143969221607207,0.7899097238428677
squeezenet,deep_lift,ISIC_0015018,-0.3343839999253814,-0.04740416886659886,0.032922422005693085,-1.2372109532217568
squeezenet,gradcam,ISIC_0015018,0.043121831816587915,0.03164873858387245,0.07812197397776495,1.4057931871478324
squeezenet,guided_backprop,ISIC_0015018,-0.2802346322673418,-0.0797298567992229,0.0058540951809842945,-0.5697504300960926
squeezenet,integrated_gradients,ISIC_0015018,-0.3323877933919,-0.05621848512306639,0.02005453993270998,-0.9437088976723639
squeezenet,lrp,ISIC_0015018,-0.25861936654281414,-0.008986634076767726,0.0754469426397429,-0.8653740440646709
squeezenet,occlusion,ISIC_0015018,-0.1881170126204009,-0.05272122046518997,-0.01567225901538792,-0.16779578090268266
squeezenet,saliency,ISIC_0015018,0.062266590981829156,0.068819738268234,0.12587384594490905,0.7048777649811464
squeezenet,deep_lift,ISIC_0015019,-0.1654289833257452,-0.07282949589974858,-0.00039394864349619516,-0.020574514338757226
squeezenet,gradcam,ISIC_0015019,0.15494383760591862,0.1259840413822478,0.1834768987663508,1.304938161275288
squeezenet,guided_backprop,ISIC_0015019,0.1731323429130303,-0.0028806415115348676,0.08597164257777494,-0.2630574907391514
squeezenet,integrated_gradients,ISIC_0015019,-0.15365204442967698,-0.028919751312906857,0.04764665186966166,-0.20783022206585328
squeezenet,lrp,ISIC_0015019,-0.2227443253168831,-0.04293570849654835,0.02861264782438726,-0.712974270830859
squeezenet,occlusion,ISIC_0015019,0.07524108578133078,0.018787565887267,0.055763883123612704,1.6097539738789528
squeezenet,saliency,ISIC_0015019,-0.2034941468820537,-0.011455254684200633,0.06258579225946631,-0.5251162627066674
squeezenet,deep_lift,ISIC_0015020,-0.16959430018986885,-0.046563626649110346,0.01817416060962298,-0.30205575339171825
squeezenet,gradcam,ISIC_0015020,0.19641041588087932,0.09504697345547791,0.1405111932684022,2.018344363961823
squeezenet,guided_backprop,ISIC_0015020,-0.061469595637172386,0.03521497377373077,0.1263604406581662,0.09557504360904086
squeezenet,integrated_gradients,ISIC_0015020,-0.1599931637636262,-0.014132650163656698,0.0423098916655675,-0.2931137381868617
squeezenet,lrp,ISIC_0015020,-0.10116170897341378,0.03254915619641723,0.08331105627356761,-0.18064207174717029
squeezenet,occlusion,ISIC_0015020,-0.05703967362762723,-0.019831488162523014,-0.001255608886732132,1.135161611955231
squeezenet,saliency,ISIC_0015020,-0.1158372857538046,0.001639311145229116,0.05129257141533597,0.39357861492479895
squeezenet,deep_lift,ISIC_0015021,-0.15772720156638023,0.024330542707252083,0.10801055489698977,-0.10494039965853412
squeezenet,gradcam,ISIC_0015021,-0.09720231699008607,0.01630423229111358,0.06569222387829701,0.09452335914780888
squeezenet,guided_backprop,ISIC_0015021,-0.13208682225865534,0.03648997451595172,0.12304187261950918,-1.0518170815305272
squeezenet,integrated_gradients,ISIC_0015021,-0.10089782055539165,0.09921481289892876,0.1737909653102971,-0.9291720277428871
squeezenet,lrp,ISIC_0015021,-0.06351991417629191,0.10275834835006072,0.1778375005493433,-0.6643578675822204
squeezenet,occlusion,ISIC_0015021,0.14518343834683337,0.1421569823780459,0.17103275659351988,0.39924340670730585
squeezenet,saliency,ISIC_0015021,0.16489064959918645,0.15069589345876053,0.1981346330016509,0.7426870060610339
squeezenet,deep_lift,ISIC_0015023,-0.17086125522316659,-0.015173021237764695,0.041929843874966274,-0.23000906192194046
squeezenet,gradcam,ISIC_0015023,0.1724085761753811,0.2208694557530462,0.2683886982486338,0.8390633492061487
squeezenet,guided_backprop,ISIC_0015023,-0.07398209960929975,0.02422125798400431,0.10288783669939892,0.29291773857465947
squeezenet,integrated_gradients,ISIC_0015023,-0.2982152935385381,-0.03486550374054805,0.03533123498017713,-1.0004624721108166
squeezenet,lrp,ISIC_0015023,-0.24304196734200154,0.015229133872699543,0.07243566641186625,-0.7642697506479347
squeezenet,occlusion,ISIC_0015023,-0.05782699992930734,0.04612689131579117,0.0772094287605212,0.6860448766357249
squeezenet,saliency,ISIC_0015023,-0.04358121530428696,0.07578177238266978,0.11944232727096322,0.9224561651427935
squeezenet,deep_lift,ISIC_0015026,-0.141405156591472,0.009076371870095832,0.08790647479499805,0.09746812509710512
squeezenet,gradcam,ISIC_0015026,-0.022730210718359383,0.03719671220352766,0.10750930820871604,0.7516111065349806
squeezenet,guided_backprop,ISIC_0015026,-0.1635107237080188,0.006484839950435812,0.10273804503894066,-0.10011742621043632
squeezenet,integrated_gradients,ISIC_0015026,-0.15090530722203627,-0.019774808957852934,0.044311942044219906,0.14781337314941434
squeezenet,lrp,ISIC_0015026,-0.07573555804206955,0.031222073036670555,0.0886656105895993,0.4515773181146395
squeezenet,occlusion,ISIC_0015026,0.022986023907208886,0.04598066417294475,0.08162500656701563,0.7161408185843365
squeezenet,saliency,ISIC_0015026,-0.025688108761164688,0.06464567414052036,0.12129742786033056,0.527967415943986
squeezenet,deep_lift,ISIC_0015030,-0.16729291181305367,-0.0343552060244118,0.03290148403437358,0.09213449938833679
squeezenet,gradcam,ISIC_0015030,0.03778876293647861,-0.0033011533494766597,0.0490652209542586,1.8251133653469358
squeezenet,guided_backprop,ISIC_0015030,-0.2980604588186692,-0.10741182440758407,-0.029382783289815192,-0.35684524685641605
squeezenet,integrated_gradients,ISIC_0015030,-0.15392469074493909,-0.04962074921488188,0.017419598765568547,0.4271547040064121
squeezenet,lrp,ISIC_0015030,-0.20279056409333432,-0.03936433269954208,0.03242372400138689,-0.012773583231334215
squeezenet,occlusion,ISIC_0015030,-0.0888025204617058,-0.029091421318931478,-0.00147018435468952,0.515121564724797
squeezenet,saliency,ISIC_0015030,0.018297807292183076,0.05615882741134072,0.12026250775272909,0.5643913977086209
squeezenet,deep_lift,ISIC_0015031,-0.21179053047683888,0.013087264102956605,0.09237320550176872,-0.4474303693102929
squeezenet,gradcam,ISIC_0015031,-0.15896832011065315,0.01470061569979387,0.06533943878341975,0.28375583744972105
squeezenet,guided_backprop,ISIC_0015031,-0.03352088786299086,0.08223685883805676,0.17014451955826812,-0.45952288594523566
squeezenet,integrated_gradients,ISIC_0015031,-0.11947757762894913,0.005069334990955365,0.07269285612496174,0.2751027476545161
squeezenet,lrp,ISIC_0015031,-0.14843735432841718,-0.002216145724618747,0.06434062841627801,0.12589546006678703
squeezenet,occlusion,ISIC_0015031,-0.02651617434659975,0.03640303306367027,0.06298069885945301,0.7501660581791464
squeezenet,saliency,ISIC_0015031,-0.18459401190729965,0.001960459762337108,0.06908657094110635,-0.3723520767359247
squeezenet,deep_lift,ISIC_0015034,-0.15065292872488906,-0.0336216147806737,0.03158344995072012,-0.00769082901218251
squeezenet,gradcam,ISIC_0015034,0.3702718936521017,0.2399053670027494,0.3004729275117097,2.2183161372770464
squeezenet,guided_backprop,ISIC_0015034,-0.2401960941276163,-0.0410487520484555,0.048441987975083985,-0.6134124394089936
squeezenet,integrated_gradients,ISIC_0015034,-0.07388753030261423,-0.0070069817074237635,0.055071104533697304,0.30524974109090414
squeezenet,lrp,ISIC_0015034,-0.27542679526937924,-0.06142488424657949,0.017308634394585156,-0.7982333694300858
squeezenet,occlusion,ISIC_0015034,0.3680812876564551,0.2743828014821715,0.3315133732981727,1.7678136297461065
squeezenet,saliency,ISIC_0015034,0.11485238559460628,0.11328334660564242,0.1868716184605672,0.7328681948339639
squeezenet,deep_lift,ISIC_0015035,0.016939527703773327,0.1836242682413799,0.24416290403869878,-0.3508842575291131
squeezenet,gradcam,ISIC_0015035,-0.05170252578291122,0.07783530778075552,0.14481366026220785,0.7063139475601294
squeezenet,guided_backprop,ISIC_0015035,-0.05183106170270003,0.11722129810665756,0.21211475662108203,-0.544962743812987
squeezenet,integrated_gradients,ISIC_0015035,0.031032547772380636,0.1509987852498148,0.2151490687985386,-0.07011474435767734
squeezenet,lrp,ISIC_0015035,0.002230650529511682,0.09573088567742467,0.14823895309374704,-0.0783807761336541
squeezenet,occlusion,ISIC_0015035,0.1189736660791847,0.15459114378461833,0.19005915796165246,0.13351119901725966
squeezenet,saliency,ISIC_0015035,0.06383907666320135,0.16198703301953438,0.21830865486430215,-0.00441290264729896
squeezenet,deep_lift,ISIC_0015037,-0.3833119679833379,-0.14009190258073384,-0.0630254000915836,-0.5035260444896932
squeezenet,gradcam,ISIC_0015037,0.022785420808659047,0.023184891761554454,0.06832084654012109,0.6207142858964103
squeezenet,guided_backprop,ISIC_0015037,-0.12893559427329015,-0.0392448914578338,0.039336624472044,-0.26676318396795157
squeezenet,integrated_gradients,ISIC_0015037,-0.130338364173427,-0.014438739049471714,0.04564516068080575,-0.1089243665423599
squeezenet,lrp,ISIC_0015037,-0.1786555051318176,-0.008905852164512952,0.051886598794629715,-0.523196455664005
squeezenet,occlusion,ISIC_0015037,-0.10108367609256,-0.08413457589348378,-0.08398329219510166,0.8068811654039896
squeezenet,saliency,ISIC_0015037,0.031494002693643657,0.03421030034172177,0.06988857519670114,1.2653208878848554
squeezenet,deep_lift,ISIC_0015040,-0.13941220404037133,-0.00926807406382986,0.06417142481515865,0.1589995564374075
squeezenet,gradcam,ISIC_0015040,0.4136351340191695,0.250219504646671,0.2913962476757526,2.9865906545807377
squeezenet,guided_backprop,ISIC_0015040,-0.03819004989101956,0.02156747451902343,0.10179772020973613,1.0423677020958781
squeezenet,integrated_gradients,ISIC_0015040,-0.15256318493010546,-0.0027442971860372253,0.07715343438927241,0.07541767872530114
squeezenet,lrp,ISIC_0015040,-0.3325494817474273,-0.03524608328808491,0.043268916832813135,-0.19613465043992248
squeezenet,occlusion,ISIC_0015040,0.38990811918538476,0.19697878820020867,0.21146980232780754,2.3605743410438818
squeezenet,saliency,ISIC_0015040,0.2059880882818217,0.10424608087251284,0.16624244315776032,1.806614958582712
squeezenet,deep_lift,ISIC_0015041,-0.4145142284314539,-0.17176824966821028,-0.1061405531270578,-0.4792835668474846
squeezenet,gradcam,ISIC_0015041,0.11448292427699301,0.008928774345140042,0.06051315313838617,2.0032954038305957
squeezenet,guided_backprop,ISIC_0015041,0.16020576425650027,-0.016769834698201865,0.07403765595185205,-0.3090527746878583
squeezenet,integrated_gradients,ISIC_0015041,-0.02410171803930157,-0.01159003451055872,0.045202447852133655,0.7630931668076556
squeezenet,lrp,ISIC_0015041,-0.11926047962271737,-0.044919617850440866,0.007156288621495609,0.49897346807669163
squeezenet,occlusion,ISIC_0015041,0.4064526333351016,0.2814586870900366,0.3081143762307307,1.8303029954527577
squeezenet,saliency,ISIC_0015041,0.10133504151385059,0.115167474429724,0.17978028561035916,0.6095941471506411
squeezenet,deep_lift,ISIC_0015046,-0.17639718458629117,-0.09103014035596659,-0.03594039708206401,0.3984909880090978
squeezenet,gradcam,ISIC_0015046,0.12518775939838453,0.14157565448695872,0.20560710336929963,0.7473637399853915
squeezenet,guided_backprop,ISIC_0015046,-0.0781838184942742,-0.04310474355327205,0.03342472964805172,0.4462274445875514
squeezenet,integrated_gradients,ISIC_0015046,-0.3192944683496552,-0.16523137011685762,-0.10175084330117534,0.513779791678645
squeezenet,lrp,ISIC_0015046,-0.054526991719875496,-0.019094796535900373,0.03590834076388391,0.7464402337752233
squeezenet,occlusion,ISIC_0015046,0.19006417583595764,0.07626564096688722,0.11131527484566832,0.9429021119789203
squeezenet,saliency,ISIC_0015046,0.125417395708502,0.10078295051504342,0.15936643306694234,1.118933210419285
squeezenet,deep_lift,ISIC_0015050,0.08497413355880676,0.09952209093137383,0.1622596540403771,1.3879468912428987
squeezenet,gradcam,ISIC_0015050,0.017505936255424265,0.030083924271142908,0.07593534536939688,1.0120830876233704
squeezenet,guided_backprop,ISIC_0015050,-0.10300537903741518,0.03831168234838653,0.11711829183288111,0.14901501563170214
squeezenet,integrated_gradients,ISIC_0015050,-0.048325580685261764,0.05292217001044058,0.10867887165415571,0.5217922191900388
squeezenet,lrp,ISIC_0015050,0.017677887547931558,0.05721820909824588,0.10858926303630574,0.7244362548815743
squeezenet,occlusion,ISIC_0015050,0.09189880365319532,0.08062140419306256,0.0996919349946001,0.15466840463303233
squeezenet,saliency,ISIC_0015050,-0.07864845716337455,0.07608525121201287,0.12587892154182184,0.024760653906683656
squeezenet,deep_lift,ISIC_0015051,-0.1114987169075797,-0.009712117661511081,0.061157274050258885,-0.030265490772026803
squeezenet,gradcam,ISIC_0015051,0.09017807331511504,0.04761330958938712,0.08403726121573914,1.3473718208690235
squeezenet,guided_backprop,ISIC_0015051,0.6539129506121888,0.021144056309160095,0.10103129687474692,0.44720381573985163
squeezenet,integrated_gradients,ISIC_0015051,0.004677795743212258,0.05157296496775507,0.1194704360811515,0.7109791046849627
squeezenet,lrp,ISIC_0015051,-0.109323496650918,0.004956597593359765,0.0768068841214126,-0.0978319699846915
squeezenet,occlusion,ISIC_0015051,-0.0020204649675518234,-0.04022133630024736,-0.028261739325916583,1.5475694150458572
squeezenet,saliency,ISIC_0015051,-0.07588361725633533,0.03374578334894252,0.09618543067540533,0.4459725718208052
squeezenet,deep_lift,ISIC_0015056,-0.23049100214490964,-0.12136923974223368,-0.04989929092972305,0.6147208009324674
squeezenet,gradcam,ISIC_0015056,0.15542211547865883,0.12424841627000678,0.1654892108377901,1.4547749190194394
squeezenet,guided_backprop,ISIC_0015056,-0.2000018196349253,-0.03926558864764375,0.04593682017083658,-0.6025035039836633
squeezenet,integrated_gradients,ISIC_0015056,-0.22973274908646524,-0.03516654427397302,0.035253995819730086,-0.6933863260354386
squeezenet,lrp,ISIC_0015056,-0.20614421637115266,-0.03807842809357725,0.029113719571001152,-0.45663817464347267
squeezenet,occlusion,ISIC_0015056,-0.13985812378864967,-0.09433886624402127,-0.09117146743682773,0.8517345959109909
squeezenet,saliency,ISIC_0015056,-0.0978302356415145,-0.02600649521779194,0.0258793589558197,0.7583587686983251
squeezenet,deep_lift,ISIC_0015057,-0.21749315557926482,-0.007035384241406229,0.07766953611950532,-0.40078663804644926
squeezenet,gradcam,ISIC_0015057,-0.04356742626168511,0.09344547980903878,0.14122693656974245,0.21558850951933128
squeezenet,guided_backprop,ISIC_0015057,-0.2215293021193289,-0.03272499862677375,0.055594057870300514,-0.451760348780539
squeezenet,integrated_gradients,ISIC_0015057,-0.07902429901297167,0.0584379824998089,0.12098054770799666,0.3548246923495376
squeezenet,lrp,ISIC_0015057,-0.11552863418948539,0.014424254456018639,0.0839593975748599,0.31523255087199703
squeezenet,occlusion,ISIC_0015057,0.28157920305595346,0.1720227548865965,0.1916771916581718,1.2814337412382062
squeezenet,saliency,ISIC_0015057,-0.12261488119700371,0.03572071193325752,0.09390641504861862,-0.02174032506951039
squeezenet,deep_lift,ISIC_0015060,-0.2936798944572421,-0.09673820296557985,-0.027264603556017158,-0.46021617504080886
squeezenet,gradcam,ISIC_0015060,-0.00026315245603742473,0.060495416877238646,0.10684182109885478,0.5421627702874903
squeezenet,guided_backprop,ISIC_0015060,-0.12193491946595438,0.013834941794613984,0.10279993158850777,0.10880301164228134
squeezenet,integrated_gradients,ISIC_0015060,-0.22044781576709518,-0.0240512934458506,0.041573676566560844,-0.4124212849331098
squeezenet,lrp,ISIC_0015060,-0.2232245496610364,-0.035614838622963184,0.03543941928784835,-0.33562057707506027
squeezenet,occlusion,ISIC_0015060,-0.05763372528696547,-0.005883612329252026,0.012057234732063802,0.9087755387528297
squeezenet,saliency,ISIC_0015060,-0.11064057356958047,0.010240901573078146,0.07470755580128442,0.5722406875988679
squeezenet,deep_lift,ISIC_0015064,-0.18890517687889796,-0.03485890362504427,0.04056500449995775,-0.5008231182488181
squeezenet,gradcam,ISIC_0015064,0.11526417072909119,0.11923635925642774,0.1757224182997003,1.0785552387208581
squeezenet,guided_backprop,ISIC_0015064,-0.08990995704232117,-0.007174796512556087,0.08024343913748543,-0.34101151893210674
squeezenet,integrated_gradients,ISIC_0015064,-0.18911789591154599,0.008939193662929308,0.08422456297904829,-0.8280126346220849
squeezenet,lrp,ISIC_0015064,-0.35797427254330644,-0.1098039292554957,-0.027717054637047985,-0.708417554612964
squeezenet,occlusion,ISIC_0015064,0.005403752628354589,0.00370720744947474,0.024054589808565386,1.2494297522236641
squeezenet,saliency,ISIC_0015064,-0.248162131608251,-0.09557519910259969,-0.035402456160179334,0.6143865391639189
squeezenet,deep_lift,ISIC_0015071,-0.23196566485693548,-0.02347027226506343,0.042384206009339585,-0.9572111827329438
squeezenet,gradcam,ISIC_0015071,0.06387588276644238,0.02782604719693083,0.0734528616189685,1.8717212671489603
squeezenet,guided_backprop,ISIC_0015071,-0.2502636448779423,-0.039285869852579126,0.045458944915105604,-0.5581804447637378
squeezenet,integrated_gradients,ISIC_0015071,-0.19051908629425393,0.006857807192595595,0.06384990021290442,-0.5600536881602115
squeezenet,lrp,ISIC_0015071,-0.2568413245693399,-0.08091048655627382,-0.01502447128414773,-0.6552961643898748
squeezenet,occlusion,ISIC_0015071,0.0030461807036337367,-0.0296056937837914,0.007557055053681568,1.5005702467282582
squeezenet,saliency,ISIC_0015071,0.017015208129539924,-0.012040279342015554,0.035440742918452436,1.5787995169934528
squeezenet,deep_lift,ISIC_0015078,0.09218204745830148,0.1015144870351605,0.1641312244009381,0.6451176663978329
squeezenet,gradcam,ISIC_0015078,-0.04773573306340798,0.0968693671894067,0.14393603902361196,0.03385454820356119
squeezenet,guided_backprop,ISIC_0015078,0.09954306948955256,0.10173583962937857,0.18691074918295222,0.5816369090078525
squeezenet,integrated_gradients,ISIC_0015078,-0.09510131378159155,0.06951717581862814,0.14573424403095683,-0.6979888365552503
squeezenet,lrp,ISIC_0015078,-0.06964942010089556,0.05322761826779055,0.1258329422389494,-0.4459091192360701
squeezenet,occlusion,ISIC_0015078,0.001337109520159406,0.1454179988781038,0.17763105274312846,-0.3784766433096733
squeezenet,saliency,ISIC_0015078,-0.005871720487637671,0.15200883361898043,0.19702752773290094,-0.5929977792399362
squeezenet,deep_lift,ISIC_0015089,-0.310892295836727,-0.12130002287233947,-0.06746410006172743,-0.34357684245458364
squeezenet,gradcam,ISIC_0015089,0.16615263489419624,0.04895866088731441,0.08896933125793305,1.2076495956359967
squeezenet,guided_backprop,ISIC_0015089,-0.07133295827260722,-0.03864132028135786,0.02691411561574581,0.524085817642664
squeezenet,integrated_gradients,ISIC_0015089,-0.4766354639858973,-0.22416304398580814,-0.16706848991543646,-0.30812190475394224
squeezenet,lrp,ISIC_0015089,-0.3244742596844605,-0.11108234797483571,-0.05484654466690659,-0.6761719182260693
squeezenet,occlusion,ISIC_0015089,-0.033495005189709805,-0.05072128846832857,-0.010689777851368841,0.8118722314167017
squeezenet,saliency,ISIC_0015089,0.048423122124673604,0.06673237950965463,0.12251091461656285,0.6169050792275579
squeezenet,deep_lift,ISIC_0015102,-0.24074157065185034,-0.11890723071787224,-0.04492895359321827,0.2494003843026519
squeezenet,gradcam,ISIC_0015102,0.2077922173107921,0.10722058796276449,0.1519047013794055,1.637327712219772
squeezenet,guided_backprop,ISIC_0015102,-0.2859472355659185,-0.10252937202525061,-0.01735929884769944,-0.686043044863648
squeezenet,integrated_gradients,ISIC_0015102,-0.06451191011072936,0.009760656398976652,0.07828651626922667,0.16092236758627596
squeezenet,lrp,ISIC_0015102,-0.1910308885718619,-0.10016286835515728,-0.026207396459659044,0.5330641385700796
squeezenet,occlusion,ISIC_0015102,-0.07181961665923112,-0.09496343418000863,-0.07743620928582066,1.1931040797423185
squeezenet,saliency,ISIC_0015102,-0.1774923820449558,-0.046115824849289694,0.022586381605056986,-0.008999354250285856
squeezenet,deep_lift,ISIC_0015115,-0.09780409492341259,0.010800503798417179,0.08259321020815197,0.15833685793551439
squeezenet,gradcam,ISIC_0015115,0.09043666258713451,0.08048425556802638,0.12081513821871005,0.9073667594841134
squeezenet,guided_backprop,ISIC_0015115,-0.05422783541560626,0.058695716378951865,0.1359958853995944,-0.07992992409660511
squeezenet,integrated_gradients,ISIC_0015115,-0.08903898526756716,0.04972597686818871,0.12720611224067196,-0.2234545967595209
squeezenet,lrp,ISIC_0015115,-0.12579091364377953,0.01991308562028953,0.10048142153629179,-0.36296039812169023
squeezenet,occlusion,ISIC_0015115,-0.5019821391930863,-0.2763386599436477,-0.275502984067286,-0.8983634531855722
squeezenet,saliency,ISIC_0015115,-0.09464736654725758,0.013126960926641446,0.08150560481507778,0.25609135312022385
squeezenet,deep_lift,ISIC_0015118,-0.30832352488585973,-0.09796993919474882,-0.023507409107170925,-0.5315062530543233
squeezenet,gradcam,ISIC_0015118,0.16018928878148475,0.10757425030348995,0.15866777631322204,1.4438896500893394
squeezenet,guided_backprop,ISIC_0015118,-0.1011153783386364,-8.699361194094058e-06,0.08685751804353713,-0.3344856110963628
squeezenet,integrated_gradients,ISIC_0015118,-0.2901750519422121,-0.09838373497188811,-0.02143058793077728,-0.3135982071897609
squeezenet,lrp,ISIC_0015118,-0.12110546741880533,0.0059647718776849575,0.06760579079445281,-0.4054731902691374
squeezenet,occlusion,ISIC_0015118,0.004244898104348666,0.022567472893542596,0.06313323345100977,1.063066433478584
squeezenet,saliency,ISIC_0015118,-0.052370144807359874,0.02206064699342731,0.07811459848664098,0.38169818086089213
squeezenet,deep_lift,ISIC_0015119,-0.250335432734511,-0.13289515937096752,-0.06818541193529414,0.42635986146690885
squeezenet,gradcam,ISIC_0015119,0.10191475521828976,0.09699702185271801,0.13226024407948397,0.8256741943890232
squeezenet,guided_backprop,ISIC_0015119,-0.07249714125919278,0.0021514823632536556,0.08465083984478622,-0.23259625680301224
squeezenet,integrated_gradients,ISIC_0015119,-0.12590547527464746,0.0032812576280776377,0.05785362952513314,-0.1489440069871509
squeezenet,lrp,ISIC_0015119,-0.07857617799827361,0.019723004442117963,0.07159330757803835,0.0765879154753347
squeezenet,occlusion,ISIC_0015119,-0.07527416166773368,-0.16637696253241052,-0.17940705434865475,1.5321086725517972
squeezenet,saliency,ISIC_0015119,-0.017872021745199054,0.007875494602482401,0.045334635352509166,1.2853763009142392
squeezenet,deep_lift,ISIC_0015125,-0.17125443829052825,-0.06159206486356607,-0.0016820484767273377,-0.10643296418203642
squeezenet,gradcam,ISIC_0015125,0.18579539842458134,0.13178890093722356,0.19356842892842074,1.895218067014203
squeezenet,guided_backprop,ISIC_0015125,-0.15195175573942107,-0.02483105475297462,0.06215761938478885,-0.005844792582906054
squeezenet,integrated_gradients,ISIC_0015125,-0.15185517280063757,-0.020512393699957228,0.047207485888596086,-0.0010360603040612574
squeezenet,lrp,ISIC_0015125,-0.25370226104260407,-0.07478867810686962,-0.00295438823728663,-0.4681027231750948
squeezenet,occlusion,ISIC_0015125,-0.00040913729437898577,0.01674414692247126,0.05762109733760409,1.2440371617717483
squeezenet,saliency,ISIC_0015125,-0.1738006984971439,-0.02399922028211799,0.03916635062260526,0.4059551661379481
squeezenet,deep_lift,ISIC_0015127,-0.05481110729595082,-0.046747867389595285,0.004152169573198935,0.8201785850755159
squeezenet,gradcam,ISIC_0015127,0.2188729946415273,0.19953499404601968,0.24453330318663563,1.74387779074953
squeezenet,guided_backprop,ISIC_0015127,-0.043198961943785086,0.05006878576781836,0.1387721708347561,0.40476260924516033
squeezenet,integrated_gradients,ISIC_0015127,-0.10868648475695171,-0.016617151849649688,0.04417826066859176,0.15582907037396507
squeezenet,lrp,ISIC_0015127,-0.09221840021806918,-0.05041984337860103,0.0011644483232925598,0.5599022372449134
squeezenet,occlusion,ISIC_0015127,0.005589560773122241,-0.0441309078241088,-0.035449606674928115,1.8440415791112266
squeezenet,saliency,ISIC_0015127,-0.07233632780225283,-0.016039517284112535,0.027434667624494046,1.052297372169027
squeezenet,deep_lift,ISIC_0015129,-0.28898910219363916,-0.0036595778023110048,0.08234035652428641,-1.0373102526631077
squeezenet,gradcam,ISIC_0015129,0.0001925931601017116,0.12527191025572917,0.18387559270030204,0.0905957467319214
squeezenet,guided_backprop,ISIC_0015129,0.07411378382766097,0.09181769226660311,0.17764412658311188,0.5261941140320148
squeezenet,integrated_gradients,ISIC_0015129,-0.4106881031793797,-0.05909713566115221,0.03314946100472119,-1.7029986462109294
squeezenet,lrp,ISIC_0015129,-0.20131841106247347,0.07149298659848288,0.14112714232611645,-1.649102196586765
squeezenet,occlusion,ISIC_0015129,0.12397690508170868,0.12704672773438602,0.15952455647958874,0.4984804283045383
squeezenet,saliency,ISIC_0015129,0.0829022153254748,0.16613658859965824,0.2194741571294191,0.07763707667053113
squeezenet,deep_lift,ISIC_0015130,-0.4464200179036654,-0.2170840181769462,-0.15980205525161623,-0.018702058604276286
squeezenet,gradcam,ISIC_0015130,0.04428631054852191,0.008094874385258542,0.06491105895619376,1.5002024268952654
squeezenet,guided_backprop,ISIC_0015130,-0.0919058903672312,-0.04113561047277291,0.03443085754175771,0.517664027731757
squeezenet,integrated_gradients,ISIC_0015130,-0.40205816404869194,-0.20213664090373676,-0.14633695010687037,0.18022019632019498
squeezenet,lrp,ISIC_0015130,-0.43190841926288237,-0.18992463531104747,-0.13682021220210797,-0.20063571742212885
squeezenet,occlusion,ISIC_0015130,0.08238684533224147,0.052304544428144056,0.09581123150894713,1.313585590894776
squeezenet,saliency,ISIC_0015130,-0.13691678126473888,-0.009185354293941938,0.05650820287316787,0.21735644433911824
squeezenet,deep_lift,ISIC_0015132,-0.17478863441759526,-0.041909659323262946,0.033133818883115104,-0.11097442173853306
squeezenet,gradcam,ISIC_0015132,0.1737074571746753,0.10339890059221292,0.1473019911012492,1.494588265292957
squeezenet,guided_backprop,ISIC_0015132,-0.12458125658517798,-0.011788108817118751,0.07474507181576645,0.030790151509653835
squeezenet,integrated_gradients,ISIC_0015132,-0.21028061850833007,-0.0025649304831988446,0.07649078644281224,-0.5842538152320081
squeezenet,lrp,ISIC_0015132,-0.14027695786098457,0.00516600099768486,0.08429808097820773,-0.10883852970284766
squeezenet,occlusion,ISIC_0015132,-0.05122368401994582,-0.08026212534002423,-0.07656939214413784,1.2547884915276029
squeezenet,saliency,ISIC_0015132,0.02042533371666595,0.01277520847486441,0.06729966859540598,1.3921749142793582
squeezenet,deep_lift,ISIC_0015133,-0.4758467743583029,-0.20452666995685784,-0.1336096369166915,-0.3012900360282336
squeezenet,gradcam,ISIC_0015133,0.14114454030529938,0.1489416044601809,0.20022153790007774,1.1411113542019828
squeezenet,guided_backprop,ISIC_0015133,-0.13124768663128622,-0.011999981189902986,0.06371886669802253,0.2900986596664032
squeezenet,integrated_gradients,ISIC_0015133,-0.40431004581103314,-0.10880950341683,-0.04258082889969517,-1.1194886769838106
squeezenet,lrp,ISIC_0015133,-0.6435274463662863,-0.23685950546331672,-0.16563241003654558,-1.363660377799967
squeezenet,occlusion,ISIC_0015133,-0.017712922330661424,0.04739101693409178,0.08892411416241712,0.8081450881368839
squeezenet,saliency,ISIC_0015133,-0.10414671409451959,-0.02028421564412399,0.02203545736827192,0.8677585716831817
squeezenet,deep_lift,ISIC_0015136,-0.20260851490230095,-0.06692489775259315,-7.832763820732661e-05,-0.17260861549233614
squeezenet,gradcam,ISIC_0015136,0.1410096036703891,0.013972842112380016,0.05334086298760538,1.907743577932626
squeezenet,guided_backprop,ISIC_0015136,-0.1638299132442826,-0.029195193022837438,0.058576383486755555,-0.36450234722037994
squeezenet,integrated_gradients,ISIC_0015136,-0.11211159918078664,-0.030864147825430045,0.03207078110628999,0.38387450926516953
squeezenet,lrp,ISIC_0015136,-0.19411574760684228,-0.05227537101647549,0.017977647912965508,-0.18617935387542095
squeezenet,occlusion,ISIC_0015136,-0.36681309560886144,-0.33403032368760555,-0.3385171140896831,1.2074976318245172
squeezenet,saliency,ISIC_0015136,-0.013513076692011133,-0.00857467398793584,0.04124366099964762,1.3857383602855131
squeezenet,deep_lift,ISIC_0015139,-0.46070051943428053,-0.18275640001913204,-0.10874217475167779,-0.8503675077747394
squeezenet,gradcam,ISIC_0015139,0.06522462458319729,0.1360122930281178,0.1990485187499458,0.8851946239138266
squeezenet,guided_backprop,ISIC_0015139,-0.19304822489088136,-0.03039362590872109,0.05392145827446962,0.07632150254450518
squeezenet,integrated_gradients,ISIC_0015139,-0.4003446982039462,-0.15354875115061792,-0.08145616512344866,-0.4833418578833207
squeezenet,lrp,ISIC_0015139,-0.44256076175893344,-0.18559684524791178,-0.11624071590521799,-0.5439964474071085
squeezenet,occlusion,ISIC_0015139,-0.0442969647664066,0.0630822691102953,0.11233488243002218,0.9806464350564109
squeezenet,saliency,ISIC_0015139,-0.42126578000799214,-0.1860944452629349,-0.11326809590939214,0.20831917698627544
squeezenet,deep_lift,ISIC_0015140,-0.3068669020687603,-0.1260847902642919,-0.05200802969200318,-0.07990884955886308
squeezenet,gradcam,ISIC_0015140,0.15449491887102235,0.042265111322482986,0.08312021506529044,2.093031280114292
squeezenet,guided_backprop,ISIC_0015140,-0.266189251780935,-0.09500032708383326,-0.010564845055904553,-0.5471260300000791
squeezenet,integrated_gradients,ISIC_0015140,-0.25419533876635775,-0.1443882159791359,-0.0739441397353478,0.5212174091123831
squeezenet,lrp,ISIC_0015140,-0.26136170925519625,-0.12477196937842563,-0.05729267157272044,0.3320251015721124
squeezenet,occlusion,ISIC_0015140,-0.01396714529822208,-0.06651746356175096,-0.05622368090521723,1.7927874240722002
squeezenet,saliency,ISIC_0015140,-0.09814893045810627,-0.04904793942924565,0.0003522510726310016,0.8622782759842357
squeezenet,deep_lift,ISIC_0015142,-0.3694352650140503,-0.1365381619837692,-0.07778945125346169,-0.9365199249803109
squeezenet,gradcam,ISIC_0015142,-0.020050434928546298,0.020325694230771348,0.05349525096215754,0.45906446666533074
squeezenet,guided_backprop,ISIC_0015142,-0.08520817304718145,-0.032269693172187724,0.04376089490027263,0.5474653474595592
squeezenet,integrated_gradients,ISIC_0015142,-0.4390290431728411,-0.14325023004085474,-0.08768607448550896,-1.50144246332028
squeezenet,lrp,ISIC_0015142,-0.3020061572545716,-0.0914991591744052,-0.03505257639891426,-0.7881038896588153
squeezenet,occlusion,ISIC_0015142,-0.2759433273435879,-0.23975937617042456,-0.24104986498514808,0.5441388860037893
squeezenet,saliency,ISIC_0015142,-0.07365783349563013,-0.015297843406654932,0.031820804232923744,0.9969448835565684
squeezenet,deep_lift,ISIC_0015146,-0.10783563274401868,-0.05581983783394101,-0.0022200859569084016,0.4251124246827044
squeezenet,gradcam,ISIC_0015146,0.047905032379351835,0.08765926631880862,0.15418449550793903,0.5441928133737263
squeezenet,guided_backprop,ISIC_0015146,-0.11411817282694364,-0.03153314077477338,0.04331420799202801,0.3666646808859918
squeezenet,integrated_gradients,ISIC_0015146,-0.3031413137385673,-0.07982824713172587,-0.028017142665313483,-0.8646690316278067
squeezenet,lrp,ISIC_0015146,-0.36421544588915733,-0.1412026318926476,-0.07173263119688192,-0.3345747084901714
squeezenet,occlusion,ISIC_0015146,-0.21224797945158969,-0.10085135469269399,-0.07417071609119039,1.321035627743194
squeezenet,saliency,ISIC_0015146,-0.19139741125572185,-0.049268152516499505,0.0010822641043558114,0.3923520969777102
squeezenet,deep_lift,ISIC_0015149,-0.14565964987487792,-0.04377491961313231,0.020228654824085538,0.4139400804327504
squeezenet,gradcam,ISIC_0015149,0.09599168938481659,0.09438299612866857,0.1489780562595675,0.6452449379217189
squeezenet,guided_backprop,ISIC_0015149,-0.1432244139302103,-0.030953681148645638,0.053362038813750026,-0.37802741952559354
squeezenet,integrated_gradients,ISIC_0015149,-0.23982938084669567,-0.06598077990926349,0.00767290003538963,-0.020791680077305367
squeezenet,lrp,ISIC_0015149,-0.2612324469506805,-0.07076315193001555,0.0028839143679154832,-0.1586372502383652
squeezenet,occlusion,ISIC_0015149,-0.17719004631610266,-0.07108734087557186,-0.06530328006784106,0.23086940863090502
squeezenet,saliency,ISIC_0015149,-0.11777904559193374,0.016419944187575166,0.07466202912559596,-0.1131614018974364
squeezenet,deep_lift,ISIC_0015150,-0.19033631256279063,-0.03407257510118611,0.042707946119621414,-0.5049098383872839
squeezenet,gradcam,ISIC_0015150,0.1603379625741387,0.12040223767076012,0.17419460120212543,1.265741902378955
squeezenet,guided_backprop,ISIC_0015150,-0.08564791152231828,0.012845735727932761,0.10089699214224,-0.04300833228848497
squeezenet,integrated_gradients,ISIC_0015150,-0.13359947223436466,0.005946435805074666,0.075303079100879,-0.1755738331768681
squeezenet,lrp,ISIC_0015150,-0.17069151300569185,0.0016682888764215048,0.06768926508846503,-0.3671681251235404
squeezenet,occlusion,ISIC_0015150,-0.03619730552935067,0.03142088196919646,0.06618949275978299,0.7261604653018912
squeezenet,saliency,ISIC_0015150,-0.16676322098074164,0.015864371597260663,0.07739647035404756,-0.19323098029716607
squeezenet,deep_lift,ISIC_0015152,-0.19909555839697865,-0.0028281467028198064,0.07209076817932102,-0.2477195685628314
squeezenet,gradcam,ISIC_0015152,-0.3252767992170467,-0.06346699773056616,-0.012187500561740157,-0.4892291367022589
squeezenet,guided_backprop,ISIC_0015152,0.1532019244381914,0.133423981287695,0.20344503982861786,0.8823530325267482
squeezenet,integrated_gradients,ISIC_0015152,-0.24246912480460858,-0.019630751492515225,0.049437074132613675,-0.5724223627534307
squeezenet,lrp,ISIC_0015152,-0.2642735291115729,-0.046269168224623236,0.029110039449046,-0.5689628413740125
squeezenet,occlusion,ISIC_0015152,0.1118080421145367,0.1889074196886247,0.23552923782165416,0.04146595272335778
squeezenet,saliency,ISIC_0015152,-0.23303449686420363,0.023002587829120007,0.09328054985336934,-0.7546995475271092
squeezenet,deep_lift,ISIC_0015155,-0.3151106623347687,-0.18640562830068722,-0.13061782167396652,0.6913395039169808
squeezenet,gradcam,ISIC_0015155,0.09714532122804938,-0.04918907898010884,-0.039014486919367125,1.3400447325623905
squeezenet,guided_backprop,ISIC_0015155,-0.49939092191368795,-0.24845327917978313,-0.1620937468046519,-0.26253891606424923
squeezenet,integrated_gradients,ISIC_0015155,-0.12280337299704844,-0.08331234229573346,-0.05154339037511049,0.8928897518661021
squeezenet,lrp,ISIC_0015155,-0.2566611149736112,-0.14268475343355475,-0.09878079099148666,0.257588918381496
squeezenet,occlusion,ISIC_0015155,0.2069852052314182,0.09694515923343888,0.10885856323287257,1.2433454846356022
squeezenet,saliency,ISIC_0015155,-0.16073790754548956,-0.05505631476583711,0.008970057947790495,0.5289775649733796
squeezenet,deep_lift,ISIC_0015156,-0.17553950789868525,-0.08460970983531592,0.001282787803569631,-0.04735245303916335
squeezenet,gradcam,ISIC_0015156,0.20488847591562168,0.153230304180694,0.20078561637112732,1.6467830265959498
squeezenet,guided_backprop,ISIC_0015156,-0.020641290656727,0.03920684090046631,0.12339721862599425,0.34464271399054947
squeezenet,integrated_gradients,ISIC_0015156,-0.22891035953310743,-0.061733033083062584,0.01966125066388149,0.4145070505259177
squeezenet,lrp,ISIC_0015156,-0.24703857076671779,-0.08700147357919605,-0.005209461757424611,0.5014623700681302
squeezenet,occlusion,ISIC_0015156,-0.3936807668254616,-0.17998324928943962,-0.15684567093381152,0.07955549156641521
squeezenet,saliency,ISIC_0015156,-0.26357479613693013,-0.09059906074268728,-0.01665084138483732,0.40424857736500874
squeezenet,deep_lift,ISIC_0015157,-0.10384999051972046,0.007398108924289313,0.07833506535882336,-0.13543839726025128
squeezenet,gradcam,ISIC_0015157,0.17906316208597636,0.10134743989130907,0.15197631167245673,1.7540713825434842
squeezenet,guided_backprop,ISIC_0015157,-0.10162530227193611,-0.008234688277082255,0.07681973540610598,-0.06617796850197641
squeezenet,integrated_gradients,ISIC_0015157,-0.06890632568734079,0.0319334685772595,0.10894173183854382,0.035248680164809525
squeezenet,lrp,ISIC_0015157,-0.13815337427286922,0.004622028444786776,0.0789615404991545,-0.33713395052935363
squeezenet,occlusion,ISIC_0015157,-0.09475548970356738,-0.03471056911545806,-0.018887009839032808,0.5502219446222805
squeezenet,saliency,ISIC_0015157,-0.05267634817972022,0.015665214295055647,0.0729046099145976,0.6408026708231734
squeezenet,deep_lift,ISIC_0015160,-0.007304158902402246,0.07549475478489753,0.14086420148668807,-0.15942637764898987
squeezenet,gradcam,ISIC_0015160,-0.02101795523580981,0.10236380851882537,0.1557909896814262,-0.05689561462470718
squeezenet,guided_backprop,ISIC_0015160,-0.043996377937073,0.0650755090566861,0.1568729250082118,-0.4626612610441739
squeezenet,integrated_gradients,ISIC_0015160,-0.028961616200352848,0.07167852569188832,0.1398969034742665,-0.3082724764186433
squeezenet,lrp,ISIC_0015160,-0.2410383418646048,-0.06463449443572138,0.010583385781478147,-0.4113953460284154
squeezenet,occlusion,ISIC_0015160,-0.0024012034566116953,0.069715847055954,0.09624767496645835,-0.14459203709312402
squeezenet,saliency,ISIC_0015160,0.07399979501495789,0.12651008843783887,0.18462305494098546,0.21814333698780894
squeezenet,deep_lift,ISIC_0015161,-0.055295270455715265,0.042871148164005196,0.10029796148492179,0.56206827109012
squeezenet,gradcam,ISIC_0015161,0.21090169878739323,0.14051220258082261,0.16866090014756413,1.3965653055926923
squeezenet,guided_backprop,ISIC_0015161,0.11795935435775372,0.1156207647857676,0.18135107183457208,0.7079152827095444
squeezenet,integrated_gradients,ISIC_0015161,0.03240749818148376,0.09261230449078103,0.1483045190999958,0.08430002853419058
squeezenet,lrp,ISIC_0015161,-0.1417015941962422,-0.004054647372942857,0.05808467630679901,0.07027156694459022
squeezenet,occlusion,ISIC_0015161,0.16523005923472636,0.17931471198053867,0.20844925327339017,0.3635612193628344
squeezenet,saliency,ISIC_0015161,0.19182443737525182,0.17642048872246993,0.22099143392378517,0.8450487743729544
squeezenet,deep_lift,ISIC_0015163,-0.16778603155564265,-0.012319237570907198,0.06684868288857537,0.007644117106941125
squeezenet,gradcam,ISIC_0015163,0.001363397315176716,0.06429616907979609,0.10106916381294574,0.46370090160400196
squeezenet,guided_backprop,ISIC_0015163,-0.07548895843588833,0.04936745750921284,0.13980850928375313,-0.46610414993313604
squeezenet,integrated_gradients,ISIC_0015163,-0.05696924527506873,0.04177426251821661,0.09344052667621316,0.5679475267473622
squeezenet,lrp,ISIC_0015163,0.0882536491253934,0.12548339565801356,0.17233971601228879,0.40120724955069115
squeezenet,occlusion,ISIC_0015163,0.2592361961482349,0.15904501561166415,0.18465030776585417,1.3385722808962894
squeezenet,saliency,ISIC_0015163,0.1029152270166967,0.12969044650789813,0.18758294157843441,0.4539360543823111
squeezenet,deep_lift,ISIC_0015167,-0.18323740416269566,-0.021390978656237906,0.038397181299634355,-0.2733837394668967
squeezenet,gradcam,ISIC_0015167,0.18145119074912594,0.1470672743409247,0.1787097299989562,1.3112092696151687
squeezenet,guided_backprop,ISIC_0015167,-0.022551382289319463,0.0540788064684764,0.13359417245235064,0.2290037487708288
squeezenet,integrated_gradients,ISIC_0015167,-0.28429800161696683,-0.021289595880490994,0.04980344219031315,-1.018640685116041
squeezenet,lrp,ISIC_0015167,-0.30110029272051686,-0.03913957773767804,0.026905338164044744,-1.1098402205598705
squeezenet,occlusion,ISIC_0015167,0.051583699428757575,0.0560285376761965,0.07233455560208712,1.2349898196724842
squeezenet,saliency,ISIC_0015167,0.023379445169335336,0.020061092551815415,0.0552571894472425,1.5057620749605727
squeezenet,deep_lift,ISIC_0015171,0.02657479287435875,0.09940298421557216,0.1616418882899704,0.07549400866773553
squeezenet,gradcam,ISIC_0015171,-0.0034803086877893672,0.027427332029309713,0.0758027352240702,0.934381367716254
squeezenet,guided_backprop,ISIC_0015171,-0.2735941909608976,-0.06039191411851293,0.02629260242289772,-0.6595673439764606
squeezenet,integrated_gradients,ISIC_0015171,0.03294115745192447,0.08488464879010457,0.14133846414045664,0.16489632383570282
squeezenet,lrp,ISIC_0015171,-0.035636883756182534,0.05647300414306809,0.1221929391792967,-0.2430984655564417
squeezenet,occlusion,ISIC_0015171,0.22037406492790057,0.17580419469092612,0.20900425105653045,0.843384059909687
squeezenet,saliency,ISIC_0015171,0.00672584641088162,0.08096895556775367,0.14039334074789725,-0.1464805391509967
squeezenet,deep_lift,ISIC_0015173,-0.35088516398172565,-0.1883030998695482,-0.12421475275595975,0.2095624373301449
squeezenet,gradcam,ISIC_0015173,-0.17450268568826613,-0.0365296937925902,0.022342993507934585,0.5881792295214037
squeezenet,guided_backprop,ISIC_0015173,0.10555780431927385,0.04659466424059377,0.12382220455388407,1.2919507507100145
squeezenet,integrated_gradients,ISIC_0015173,-0.08907240367178716,-0.02406137132439927,0.033476703546573915,0.2575592436738542
squeezenet,lrp,ISIC_0015173,-0.15885870103358501,-0.06315615795408483,-0.004620081284781922,0.01332045077081782
squeezenet,occlusion,ISIC_0015173,-0.09948874910132759,-0.07632484375404576,-0.06176022898756963,1.065382086467012
squeezenet,saliency,ISIC_0015173,-0.1400039631954298,-0.030390949380681407,0.027330038272666838,0.4090782276223255
squeezenet,deep_lift,ISIC_0015174,-0.18331382067159283,-0.0633464185437346,0.005735778680578328,-0.2739431260236665
squeezenet,gradcam,ISIC_0015174,0.2987916359032993,0.21973067348142952,0.28624309266706405,1.767744608574258
squeezenet,guided_backprop,ISIC_0015174,-0.2939479756758162,-0.07618908302665132,0.009494128272466396,-0.49411271432951265
squeezenet,integrated_gradients,ISIC_0015174,-0.1848942315405688,-0.024169878683108346,0.0459714541730643,-0.31989957640434835
squeezenet,lrp,ISIC_0015174,-0.20731862361998551,-0.06133203327504896,0.00502161854181375,-0.185148872175976
squeezenet,occlusion,ISIC_0015174,0.26867793382640653,0.20824056782839317,0.25518781343359054,1.2067222060690264
squeezenet,saliency,ISIC_0015174,0.050504184957409715,0.08327200975751939,0.1559967813311737,0.4934373399648492
squeezenet,deep_lift,ISIC_0015175,-0.3322080788016857,-0.15294313850136923,-0.08300157927455222,0.11363144377116736
squeezenet,gradcam,ISIC_0015175,0.32958290854003364,0.21736133657609652,0.28518492942034734,1.9532933016414067
squeezenet,guided_backprop,ISIC_0015175,-0.2085374976286463,-0.08497097301629815,-0.006031448376151709,0.24786219033671988
squeezenet,integrated_gradients,ISIC_0015175,-0.1408547232920568,-0.05173405240240355,0.007402331195857633,0.26042017857406174
squeezenet,lrp,ISIC_0015175,-0.3273470174319065,-0.15293237195516918,-0.0880333353316773,0.2984631904063725
squeezenet,occlusion,ISIC_0015175,0.142644830338362,0.08634370020980016,0.13638630195965715,1.748517156523524
squeezenet,saliency,ISIC_0015175,-0.22786277314189624,-0.042432692106292726,0.034075418677156015,-0.1605657398806711
squeezenet,deep_lift,ISIC_0015176,-0.162103380608132,-0.04718910784257697,0.021566364955860486,-0.2880420925204975
squeezenet,gradcam,ISIC_0015176,0.18044076725254402,0.11164390296287502,0.16716463701687104,1.665990842050022
squeezenet,guided_backprop,ISIC_0015176,0.04460792670632115,0.012146868468944938,0.08885883403572681,0.8852418103625218
squeezenet,integrated_gradients,ISIC_0015176,-0.18258434311939406,-0.019640820255145245,0.048183628467430004,-0.3589584890303738
squeezenet,lrp,ISIC_0015176,-0.22860844718193446,-0.053876988693312776,0.016301418688310493,-0.5392720141378742
squeezenet,occlusion,ISIC_0015176,-0.1810998746828527,-0.08397014138745086,-0.06404982481135013,0.5535985966329509
squeezenet,saliency,ISIC_0015176,-0.0237950656636196,0.00411488748679476,0.05798818967213438,0.9828086588156986
squeezenet,deep_lift,ISIC_0015179,-0.24770565468507283,-0.13265281415444644,-0.058274677171307326,0.5323807410437201
squeezenet,gradcam,ISIC_0015179,0.286985055694478,0.18338339056140382,0.24164917465551647,2.2244727964975772
squeezenet,guided_backprop,ISIC_0015179,-0.21196380819652685,-0.04680241418649748,0.053935957647502177,0.2698447558147932
squeezenet,integrated_gradients,ISIC_0015179,-0.1992297804765341,-0.023189107589008506,0.05043764929412866,-0.42758692894562034
squeezenet,lrp,ISIC_0015179,-0.31339479785832974,-0.12631481055148222,-0.04622836457010922,-0.09179170156191105
squeezenet,occlusion,ISIC_0015179,0.027965038907375086,0.007720246965181315,0.045813975753450815,1.7070157956459242
squeezenet,saliency,ISIC_0015179,0.053500059292312135,0.038923550775910386,0.09896434511071077,1.4864496286854814
squeezenet,deep_lift,ISIC_0015180,0.014495184669911884,0.07500015009409933,0.14231785026492502,0.25927413037430086
squeezenet,gradcam,ISIC_0015180,-0.09403182195718002,-0.05725534979583338,-0.01394410810705473,0.9697512012862141
squeezenet,guided_backprop,ISIC_0015180,-0.05208966622117147,0.028389448614832665,0.10617495089732426,-0.1914661961253513
squeezenet,integrated_gradients,ISIC_0015180,-0.024772714775345945,0.06738641944191093,0.1336611338186663,-0.004370499985867848
squeezenet,lrp,ISIC_0015180,0.038661371496087796,0.0604506732616807,0.10930652148955172,0.48840762356131934
squeezenet,occlusion,ISIC_0015180,0.07915589079216362,-0.08142047603725464,-0.09658317555760466,1.2513094434578473
squeezenet,saliency,ISIC_0015180,-0.10547645099656547,0.04133353978104367,0.08688545620404288,0.0518980824565642
squeezenet,deep_lift,ISIC_0015184,-0.32115694216863117,-0.15344271046854635,-0.08892910345914203,-0.0447291859864712
squeezenet,gradcam,ISIC_0015184,0.10498646322063114,0.14125156668033223,0.195936201447265,1.742700034575122
squeezenet,guided_backprop,ISIC_0015184,-0.10502185318124192,0.005722881813179111,0.09142682618292974,0.25044449438634747
squeezenet,integrated_gradients,ISIC_0015184,-0.372016808564016,-0.1608684360036312,-0.09620876774749212,-0.3251958522804735
squeezenet,lrp,ISIC_0015184,-0.4059841419030093,-0.15785534030958098,-0.09312857314557632,-0.5157865346240657
squeezenet,occlusion,ISIC_0015184,0.03985014022868335,-0.02933417859563816,-0.018101412147082496,1.894672052393593
squeezenet,saliency,ISIC_0015184,-0.07719445916585453,-0.027850581831006506,0.022608961306773923,1.1422111501568089
squeezenet,deep_lift,ISIC_0015185,-0.030092020945134707,0.07725790358860128,0.146784632529168,0.6692114041474169
squeezenet,gradcam,ISIC_0015185,0.17694273495378748,0.19908736713726924,0.2463563356564909,0.9288475842726692
squeezenet,guided_backprop,ISIC_0015185,-0.1341991102782381,0.07688017839010383,0.18114567440827406,-1.1283200165197957
squeezenet,integrated_gradients,ISIC_0015185,0.04485466968635578,0.11419352342222829,0.17584107806453114,0.14119041802904927
squeezenet,lrp,ISIC_0015185,0.023616689216731605,0.10024854786211161,0.15845286936135727,0.07537867571835889
squeezenet,occlusion,ISIC_0015185,0.1406546948155217,0.15007633972187415,0.17527375549633606,0.4022192303521621
squeezenet,saliency,ISIC_0015185,0.22020709892490373,0.18803704001373614,0.226174246428702,1.024762833750648
squeezenet,deep_lift,ISIC_0015193,-0.12782657027652553,0.0017356326566411637,0.07309592668660421,0.13782424375465724
squeezenet,gradcam,ISIC_0015193,-0.15444607749446967,-0.04276141746739067,0.0027990935749921493,0.2934898193119208
squeezenet,guided_backprop,ISIC_0015193,-0.05221059052450451,0.03135702776051073,0.11502910492934373,-0.37561186168810423
squeezenet,integrated_gradients,ISIC_0015193,0.040025237232317414,0.08932707750449924,0.14814691894133017,0.13999769627677455
squeezenet,lrp,ISIC_0015193,-0.04736881909886757,0.05964420375209485,0.13107978306328572,-0.408203666362046
squeezenet,occlusion,ISIC_0015193,0.11212647239739688,0.09716864557245819,0.11756168286783429,0.44652965034475883
squeezenet,saliency,ISIC_0015193,0.026843773147068567,0.10246822645883488,0.16126930571587197,-0.10836486092040488
squeezenet,deep_lift,ISIC_0015201,-0.21296172615577977,-0.11646119947681917,-0.05602058891423003,0.559806435565304
squeezenet,gradcam,ISIC_0015201,0.18883628677971462,0.07273570399626844,0.1296513190128267,1.9431675586851718
squeezenet,guided_backprop,ISIC_0015201,-0.07579788611015335,-0.031584767276739374,0.04657187999556876,0.6839332830566364
squeezenet,integrated_gradients,ISIC_0015201,-0.3330778660746645,-0.13892384817292094,-0.06996511831616663,-0.1258571943481056
squeezenet,lrp,ISIC_0015201,-0.3666127300732636,-0.14251098115287153,-0.06758790943360651,-0.49219730353983454
squeezenet,occlusion,ISIC_0015201,-0.05751138254975187,-0.026076401313798465,0.01070517349438287,1.1474962522232661
squeezenet,saliency,ISIC_0015201,-0.25754989893505403,-0.06415468223304528,-0.00012367440685842946,-0.2260181617808044
squeezenet,deep_lift,ISIC_0015202,-0.22157383288282775,-0.07295369830390476,-0.022708362977496465,-0.10419591253341785
squeezenet,gradcam,ISIC_0015202,0.30818881806426074,0.2655527715717653,0.33209383752911686,1.6048476090070651
squeezenet,guided_backprop,ISIC_0015202,-0.2014090420537188,-0.03513959103840216,0.04762880506872784,-0.1201110444088135
squeezenet,integrated_gradients,ISIC_0015202,-0.12626548227490877,-0.05677189529378455,0.001728680342846237,0.6769909401569846
squeezenet,lrp,ISIC_0015202,-0.14512788194681756,-0.041249372134405854,0.017425002042468104,0.27052555222480384
squeezenet,occlusion,ISIC_0015202,0.08226228763962089,0.12026139394486186,0.1912809815473947,1.1741532252751596
squeezenet,saliency,ISIC_0015202,0.14095939255066253,0.10449275353131937,0.16983353346154498,1.2114440748573527
squeezenet,deep_lift,ISIC_0015203,-0.14994620744806053,0.014191504483650948,0.09397548467974633,0.03474925895668427
squeezenet,gradcam,ISIC_0015203,0.02258025947453351,0.0910361330239006,0.1307114820785786,-0.02954134089639179
squeezenet,guided_backprop,ISIC_0015203,-0.1741185666035885,-0.02682925320731897,0.06261339005825177,-0.4135040454076226
squeezenet,integrated_gradients,ISIC_0015203,-0.04428561830066013,0.0696560076765749,0.13284355610652315,-0.3622734103220604
squeezenet,lrp,ISIC_0015203,-0.08686392857533208,0.060810418323132484,0.12158872647977806,-0.7179867319414266
squeezenet,occlusion,ISIC_0015203,0.09526106054335932,0.029407193961384977,0.031391876490325744,0.6225270808143545
squeezenet,saliency,ISIC_0015203,-0.03261526081892646,0.09842610012460094,0.15070740586322925,-0.5132489074953874
squeezenet,deep_lift,ISIC_0015206,-0.43935818745052024,-0.16861917710940735,-0.09180625540410617,-0.6438354992150552
squeezenet,gradcam,ISIC_0015206,0.04515255265514984,0.13484174624138567,0.1893496080624346,0.7349008024011074
squeezenet,guided_backprop,ISIC_0015206,-0.07228899465213356,0.01596668628550229,0.0986140783031308,0.3157188497229085
squeezenet,integrated_gradients,ISIC_0015206,-0.27744627866245636,-0.07985091603616626,-0.003971974053294312,-0.648183246874445
squeezenet,lrp,ISIC_0015206,-0.48711515074412687,-0.1662454589670647,-0.0888794861172675,-1.0247311807291635
squeezenet,occlusion,ISIC_0015206,-0.1319019870465674,-0.015611758940157927,0.019871583193347767,0.6216661479383251
squeezenet,saliency,ISIC_0015206,-0.12634998946595105,-0.02890376064127137,0.02173319205419431,0.7682664575065542
squeezenet,deep_lift,ISIC_0015207,-0.40238755117269664,-0.1286790553296745,-0.0449302030968553,-0.5228817205857934
squeezenet,gradcam,ISIC_0015207,0.16629591262974183,0.19758646010611008,0.22759635010295054,1.1239664071897606
squeezenet,guided_backprop,ISIC_0015207,-0.23284352916129605,0.013013325271898088,0.10704402163976737,-1.188236988063754
squeezenet,integrated_gradients,ISIC_0015207,-0.16385371786088002,0.006272005144097094,0.0755018121847292,-0.3836875952424673
squeezenet,lrp,ISIC_0015207,-0.189992032987108,0.019683388906834475,0.09450047436400906,-0.6085524183706457
squeezenet,occlusion,ISIC_0015207,0.034179127561851846,0.020941020807500585,0.030143148293019707,1.3618014954965743
squeezenet,saliency,ISIC_0015207,-0.057564766782619584,0.047831164582050896,0.10160995340073294,0.6351797899857805
squeezenet,deep_lift,ISIC_0015208,-0.2447184817173159,-0.14264061947041312,-0.07342806426496346,0.4896572218365742
squeezenet,gradcam,ISIC_0015208,-0.017882814198680243,-0.05282328570144935,-0.00444562924533078,1.850998942541907
squeezenet,guided_backprop,ISIC_0015208,-0.19204372276081744,-0.06580465181167809,0.01660130812003867,-0.4308224978709463
squeezenet,integrated_gradients,ISIC_0015208,-0.03631305159609272,-0.005018426136816233,0.05344303476213428,0.5545467951307124
squeezenet,lrp,ISIC_0015208,0.04196695710085053,0.008590861579532302,0.06508045147703584,1.1315354359522782
squeezenet,occlusion,ISIC_0015208,-0.5201387234592538,-0.4514603288528161,-0.47433113175675895,0.6492325591908379
squeezenet,saliency,ISIC_0015208,-0.28494611889129395,-0.12017771587592425,-0.05068097005623406,0.5161248262911828
squeezenet,deep_lift,ISIC_0015212,-0.13685747831715928,-0.034148040540083045,0.034442445037055354,0.11976365799333555
squeezenet,gradcam,ISIC_0015212,0.2572661859665574,0.24440176203473743,0.3212846683912831,1.4336959117536197
squeezenet,guided_backprop,ISIC_0015212,-0.09582664908691126,-0.018356190370365875,0.055583055798182145,0.88425609717263
squeezenet,integrated_gradients,ISIC_0015212,-0.15641662916380752,-0.01924255654116524,0.053814674464885685,-0.019511669806147915
squeezenet,lrp,ISIC_0015212,-0.17001829955605205,-0.04674518848500737,0.022190713318444435,0.12318547234455617
squeezenet,occlusion,ISIC_0015212,0.23536904826701352,0.22708604558351025,0.2833137528228899,1.118535496066001
squeezenet,saliency,ISIC_0015212,0.16167409258462145,0.11604090477216383,0.1805971461149781,1.1742988877906957
squeezenet,deep_lift,ISIC_0015215,-0.20497635807036504,-0.08999271316902017,-0.027398207072716292,-0.0016835244727789358
squeezenet,gradcam,ISIC_0015215,0.429362386356432,0.26350210679680797,0.32886342238145244,2.6599657636323797
squeezenet,guided_backprop,ISIC_0015215,-0.08271788281808683,-0.01447138477803009,0.0672914307213991,0.5770016830387518
squeezenet,integrated_gradients,ISIC_0015215,-0.152502544593789,-0.049126447513291524,0.019619238917609173,0.14615960352430582
squeezenet,lrp,ISIC_0015215,-0.20673243088025184,-0.045565987826557436,0.010733585638112381,-0.28304527474346475
squeezenet,occlusion,ISIC_0015215,0.29109568377250766,0.1709956056711545,0.2056843626840771,1.543569557539266
squeezenet,saliency,ISIC_0015215,0.1605147075698231,0.1130770908941831,0.17601996131402753,1.3997521493807794
squeezenet,deep_lift,ISIC_0015216,-0.22790122681360864,-0.001650040664654405,0.07656887704799656,-0.5348782157284775
squeezenet,gradcam,ISIC_0015216,-0.006875013357183995,0.16308382353185924,0.21479077160830037,-0.6360954562114605
squeezenet,guided_backprop,ISIC_0015216,-0.028921159744574102,0.06087575244360774,0.14654481583230256,-0.26687472056969963
squeezenet,integrated_gradients,ISIC_0015216,0.07886301068939885,0.10678299097240014,0.15570792263732666,0.43781275992812363
squeezenet,lrp,ISIC_0015216,-0.17354810973173873,0.0002779764078097484,0.06693413117770343,-0.13047828819563462
squeezenet,occlusion,ISIC_0015216,0.10297355419576458,0.16293161570018652,0.19430778114188887,-0.1007269850043858
squeezenet,saliency,ISIC_0015216,-0.057001244577885475,0.10977330842456222,0.16452135527864653,-0.8125065374514067
squeezenet,deep_lift,ISIC_0015217,-0.35066009320387986,-0.14851486592088842,-0.07241088555844943,-0.1755341936291296
squeezenet,gradcam,ISIC_0015217,0.33066034803958144,0.2794158174203862,0.35879735280937636,1.7741700253938768
squeezenet,guided_backprop,ISIC_0015217,-0.1848700100173373,-0.01411907553041262,0.07428115423148912,0.19558678572951477
squeezenet,integrated_gradients,ISIC_0015217,-0.14909596534767974,-0.030647843934192318,0.0376223511240002,0.10278216916237376
squeezenet,lrp,ISIC_0015217,-0.22322011031075367,-0.03606114173868914,0.03847932338561854,-0.5116806907851189
squeezenet,occlusion,ISIC_0015217,0.34278295399181924,0.24421401113082444,0.27668843789826986,1.5968153617218015
squeezenet,saliency,ISIC_0015217,0.17451826413648727,0.1515639261987875,0.22598359195793707,1.1145702224162173
squeezenet,deep_lift,ISIC_0015218,-0.2326551897098784,-0.0843525494672817,-0.017063811362312553,-0.2174955307928988
squeezenet,gradcam,ISIC_0015218,0.14571935242787482,0.06444129609688866,0.11713534767664295,1.6659187435010845
squeezenet,guided_backprop,ISIC_0015218,-0.1133536618298352,-0.010909507552939984,0.061410207879297296,0.06717963642665548
squeezenet,integrated_gradients,ISIC_0015218,-0.22304751853569346,-0.036516025164489124,0.03415236911197003,-0.45390110417108825
squeezenet,lrp,ISIC_0015218,-0.17929806822422661,-0.023431790085078483,0.05326718395313123,-0.19140067363816923
squeezenet,occlusion,ISIC_0015218,-0.16418121233116073,-0.08952670758135613,-0.053300000692585205,0.6706181318314075
squeezenet,saliency,ISIC_0015218,-0.18462016812164905,-0.040968350872196704,0.022551064821772198,0.3845842476739915
squeezenet,deep_lift,ISIC_0015223,-0.19317552751207612,-0.04723738014785022,0.020892404117725763,-0.3737438571597699
squeezenet,gradcam,ISIC_0015223,-0.18927381857522368,0.06273897758829665,0.14416207144915522,0.38937949725170923
squeezenet,guided_backprop,ISIC_0015223,-0.12102141363743933,-0.014564310688349688,0.08099514831417942,0.881303060772408
squeezenet,integrated_gradients,ISIC_0015223,-0.10566966406897399,0.0010776614181958097,0.0727977571097672,0.1616313366508254
squeezenet,lrp,ISIC_0015223,-0.04153367800955831,0.039288423295001124,0.10234111636546608,0.6458777785387629
squeezenet,occlusion,ISIC_0015223,-0.10456316832063403,0.06624349990005916,0.0958498775032273,0.06505690109391032
squeezenet,saliency,ISIC_0015223,-0.08258473359840487,0.026930791257637532,0.09224465715532448,0.8458211227513563
squeezenet,deep_lift,ISIC_0015224,-0.10406436033823577,0.07958906876399269,0.15985441203900239,0.09021352917040593
squeezenet,gradcam,ISIC_0015224,0.02443747072240909,0.05552511530499563,0.11153006061697152,1.3022892723106736
squeezenet,guided_backprop,ISIC_0015224,-0.11966534380979495,0.006040220839193045,0.09852477706095156,0.2777500246597025
squeezenet,integrated_gradients,ISIC_0015224,-0.16903386822104527,0.0105511965284006,0.09383440927288013,-0.046897633191389294
squeezenet,lrp,ISIC_0015224,-0.10728994512339395,0.03434933489810914,0.11245159159417419,0.35458253208100327
squeezenet,occlusion,ISIC_0015224,-0.059597640692812974,-0.05547501272706242,-0.03321457085259673,0.8287266593775665
squeezenet,saliency,ISIC_0015224,0.05061853102071923,0.07588061271176945,0.1408584195618789,1.3076568041205807
squeezenet,deep_lift,ISIC_0015226,-0.24825838729878927,-0.0688036492947924,0.005114241374536307,-0.3922900731751945
squeezenet,gradcam,ISIC_0015226,0.08279249002458092,0.0856511544878677,0.12218437285637364,1.0353027770088565
squeezenet,guided_backprop,ISIC_0015226,-0.23517500918107717,-0.0021914965226557974,0.08899429104125758,-0.5471751581271747
squeezenet,integrated_gradients,ISIC_0015226,-0.19700436606070956,-0.03556301786024806,0.039813632827888024,-0.2584616112342574
squeezenet,lrp,ISIC_0015226,-0.22942625056686422,-0.012691794275606627,0.06772087115429958,-0.3985100018032535
squeezenet,occlusion,ISIC_0015226,0.03798563557353958,0.08988551757990547,0.1277607937535475,0.8976544841210222
squeezenet,saliency,ISIC_0015226,0.15818688823077506,0.13693182606034485,0.20026490003202163,1.1185426766125417
squeezenet,deep_lift,ISIC_0015229,-0.15979674175590666,-0.022447307686889604,0.04543225564453072,-0.18129209438629312
squeezenet,gradcam,ISIC_0015229,0.06105129874796096,0.06986544837016696,0.11062803229482718,0.8575498860873161
squeezenet,guided_backprop,ISIC_0015229,-0.023058639086273362,0.015319315512822831,0.09038658223736848,0.4191072163774709
squeezenet,integrated_gradients,ISIC_0015229,-0.11041338873847656,-0.002528711056570769,0.06321757311300978,0.18723674430667187
squeezenet,lrp,ISIC_0015229,-0.17870706270346787,-0.03882210399230339,0.03089924505337805,-0.24951362445243094
squeezenet,occlusion,ISIC_0015229,-0.13507350834250803,-0.12752493505703869,-0.13533116736315073,0.855062046523682
squeezenet,saliency,ISIC_0015229,-0.01463193152063956,0.004042569336426916,0.05355246597796301,0.8979179662165289
squeezenet,deep_lift,ISIC_0015232,-0.04957013382362225,-0.06368200975171862,-0.017865167151196824,1.0361151312894128
squeezenet,gradcam,ISIC_0015232,0.1968681735702456,0.08890358644547706,0.12379235758160384,2.067801916948063
squeezenet,guided_backprop,ISIC_0015232,-0.09790557000914875,0.026256716000474977,0.1169719623694942,-0.09019396584462701
squeezenet,integrated_gradients,ISIC_0015232,-0.2586422677438602,-0.11253539314868148,-0.04811585987419742,0.4848465853734126
squeezenet,lrp,ISIC_0015232,-0.05123851284168935,-0.009587233544328859,0.04584295050932066,0.7360926998559473
squeezenet,occlusion,ISIC_0015232,0.03607157337467377,0.0001231072858252932,0.012562147280608945,1.6999794462032984
squeezenet,saliency,ISIC_0015232,0.03758752166106551,0.03391532849727394,0.08292891452565217,1.4230845293844216
squeezenet,deep_lift,ISIC_0015237,-0.22221883315305033,-0.03981269349347484,0.022542567571197214,-0.7021182369831023
squeezenet,gradcam,ISIC_0015237,0.14275948669839653,0.12250579808744191,0.16909280595264217,1.1422397258012047
squeezenet,guided_backprop,ISIC_0015237,-0.08759311727087638,-0.006734089105649058,0.06955980917319549,0.4660921701437546
squeezenet,integrated_gradients,ISIC_0015237,-0.09590831726407775,-0.01574978119134241,0.05023231403229567,0.13876124096616999
squeezenet,lrp,ISIC_0015237,-0.3845101082607282,-0.1422734321660841,-0.064602715123827,-0.5488700235588235
squeezenet,occlusion,ISIC_0015237,-0.19514463213298386,-0.10839425061358039,-0.09998501095848866,0.38209058307515364
squeezenet,saliency,ISIC_0015237,-0.1798625556602405,-0.06771170082804696,-0.002833261532160708,0.8703053210368009
squeezenet,deep_lift,ISIC_0015241,-0.17971568020761924,-0.050527897493815366,0.015180542163768627,0.05249229557994165
squeezenet,gradcam,ISIC_0015241,0.21462580815707208,0.17153239010532847,0.2417714869086654,2.069638085277705
squeezenet,guided_backprop,ISIC_0015241,-0.18678234698489776,-0.03352071440288095,0.05172955579396666,0.01644640531021919
squeezenet,integrated_gradients,ISIC_0015241,-0.24887838198023113,-0.04794167745572733,0.02763601490842152,-0.3751789040400655
squeezenet,lrp,ISIC_0015241,-0.1997532303511618,-0.042856489885122334,0.03042088523308031,0.046006434861223064
squeezenet,occlusion,ISIC_0015241,0.21266399242567385,0.14391070191279795,0.18274901890497025,1.3065715158006024
squeezenet,saliency,ISIC_0015241,-0.05686107589126684,0.025728537828063835,0.10836997911687013,0.9442369609266227
squeezenet,deep_lift,ISIC_0015244,-0.211364500587638,-0.10095798884698093,-0.024780806505233746,0.4416893025385139
squeezenet,gradcam,ISIC_0015244,0.20362914433457177,0.16334443952991504,0.22338952540810927,1.3519966790081699
squeezenet,guided_backprop,ISIC_0015244,-0.19730612468533468,-0.08542770822772362,0.006605637446101448,0.4888917609211799
squeezenet,integrated_gradients,ISIC_0015244,-0.3269842805625192,-0.09285242644380724,-0.011104118627188736,-0.4221324978683967
squeezenet,lrp,ISIC_0015244,-0.10098031978132445,0.0029445999376361363,0.07313528091010452,0.04082864716187709
squeezenet,occlusion,ISIC_0015244,-0.1522325247935048,-0.060919493749338235,-0.018816760734683302,0.9458059103457221
squeezenet,saliency,ISIC_0015244,-0.2998579349719805,-0.07794532686389744,0.004246093003115987,-0.15146675096770568
squeezenet,deep_lift,ISIC_0015245,-0.13171965923466475,0.06956791459028398,0.1440951792068816,-1.0815095207260925
squeezenet,gradcam,ISIC_0015245,-0.045043034697147155,0.07680122052983573,0.1296753827717948,0.17402142465962123
squeezenet,guided_backprop,ISIC_0015245,-0.1398187918220512,-0.006515224952427048,0.08524028982552008,-0.8758321437464945
squeezenet,integrated_gradients,ISIC_0015245,-0.08486326629419651,0.08578205981723981,0.15796754110934536,-0.8290968971497007
squeezenet,lrp,ISIC_0015245,-0.011712034718300464,0.09547818382674658,0.15637563564787987,-0.2753353643905306
squeezenet,occlusion,ISIC_0015245,-0.021855127249538513,0.022891915484255516,0.042671298043965085,-0.26766785956117184
squeezenet,saliency,ISIC_0015245,0.08734576482938582,0.1408298664258795,0.1882767382456894,0.15745619687421916
squeezenet,deep_lift,ISIC_0015250,-0.02039686227676892,-0.004270713154411999,0.057691711850404795,0.6778561960151146
squeezenet,gradcam,ISIC_0015250,7.279323406854419e-05,0.03725249976849977,0.09165395604842001,1.4346767157943452
squeezenet,guided_backprop,ISIC_0015250,-0.1175759659042364,0.037921447534016606,0.1255903901015781,-0.20957300665502715
squeezenet,integrated_gradients,ISIC_0015250,-0.1391113417359651,-0.022514184657004877,0.04848473675599961,-0.03657453969104598
squeezenet,lrp,ISIC_0015250,-0.13542291197217513,-0.008937830051317062,0.060149963773440694,0.06280899619573725
squeezenet,occlusion,ISIC_0015250,0.0044397454738882205,0.09852280753942844,0.15246898187220814,0.7150107617548045
squeezenet,saliency,ISIC_0015250,-0.17403511620596238,-0.0077653548925617575,0.0556935441970733,-0.0519763632362603
squeezenet,deep_lift,ISIC_0015251,-0.3217224482344281,-0.0968151364467991,-0.013832680703166145,-0.29830270885473614
squeezenet,gradcam,ISIC_0015251,-0.05185396708798892,0.04682780375338856,0.11636867182146195,0.9189359388367548
squeezenet,guided_backprop,ISIC_0015251,-0.09651927133236932,-0.03827463939332806,0.04664355605200895,0.9278405492558057
squeezenet,integrated_gradients,ISIC_0015251,-0.2161965938939496,-0.06199297417860756,0.00806706053508928,0.3034905071884815
squeezenet,lrp,ISIC_0015251,-0.2680317655129405,-0.06803553629458774,0.003862379637535701,-0.007701924399108233
squeezenet,occlusion,ISIC_0015251,-0.48211395193824486,-0.2134367423430557,-0.18200555085167686,-0.5242676027035513
squeezenet,saliency,ISIC_0015251,-0.3220428183777067,-0.06854546711055506,-0.004337444256946156,-0.3362171119695447
squeezenet,deep_lift,ISIC_0015254,-0.18710364232488055,-0.06191332292005487,0.01620633150411785,-0.14895552883351296
squeezenet,gradcam,ISIC_0015254,0.3733688462387671,0.19771488558621164,0.2551914836540272,2.6317207174609067
squeezenet,guided_backprop,ISIC_0015254,-0.02968003445356666,0.06616931471818137,0.15469205203531355,0.17097282471015982
squeezenet,integrated_gradients,ISIC_0015254,-0.18356467064252932,-0.03131377293293095,0.04630937735839867,-0.24220578807032359
squeezenet,lrp,ISIC_0015254,-0.2840951437196717,-0.03870774004282568,0.0401164273587607,-1.0101222855216323
squeezenet,occlusion,ISIC_0015254,0.27135870827475267,0.16414159988403768,0.21077794505338568,2.452214381036706
squeezenet,saliency,ISIC_0015254,-0.08319706621403636,0.030874913157046723,0.09837047737451318,0.3137280065591129
squeezenet,deep_lift,ISIC_0015255,-0.11171497211434941,0.07567519513752571,0.15072755854029554,0.09119006518219319
squeezenet,gradcam,ISIC_0015255,0.3017887825339509,0.2313335428508365,0.26480715768219876,1.9298297667570758
squeezenet,guided_backprop,ISIC_0015255,-0.038427600371554155,0.022591822330941886,0.09563906425635282,0.7180823504438283
squeezenet,integrated_gradients,ISIC_0015255,-0.24702832002362654,-0.026101072815609028,0.04808507415909609,-0.6009176289905753
squeezenet,lrp,ISIC_0015255,-0.2709085551865224,-0.04688782975867205,0.026991434342277965,-0.5774190339886978
squeezenet,occlusion,ISIC_0015255,-0.07056538859098234,-0.006723209615869388,0.026460056669657152,0.33179426165501197
squeezenet,saliency,ISIC_0015255,-0.13475705168001806,0.02292779415259247,0.07855648236813433,-0.07294168156814232
squeezenet,deep_lift,ISIC_0015258,-0.2657721397469316,-0.041629581983932476,0.03681832077864429,-1.174788923456643
squeezenet,gradcam,ISIC_0015258,0.22903033832160324,0.14492981616435804,0.188854905465099,1.354621388581372
squeezenet,guided_backprop,ISIC_0015258,-0.06243348616454508,-0.007956880061756415,0.07024887115042336,0.19514635445140313
squeezenet,integrated_gradients,ISIC_0015258,-0.1885778081041857,-0.020805537583093302,0.04583990686415934,-0.43435807442698776
squeezenet,lrp,ISIC_0015258,-0.16990537135795905,-0.026421503814452064,0.04376738612494668,-0.4448792237036893
squeezenet,occlusion,ISIC_0015258,0.06636193343430405,0.09836644221841002,0.13551113857248986,0.6846188054386046
squeezenet,saliency,ISIC_0015258,-0.04586697643145304,-0.007098435160706301,0.04652569318718579,0.9042199948690638
squeezenet,deep_lift,ISIC_0015264,-0.29261986996147804,-0.18058384190132418,-0.11847172119893375,0.35502289008823174
squeezenet,gradcam,ISIC_0015264,0.14523009719003402,0.09696810933014478,0.14818520113643724,1.5595692806491623
squeezenet,guided_backprop,ISIC_0015264,-0.12761550535690058,0.0089399015173429,0.09447724433584946,0.15033515544962922
squeezenet,integrated_gradients,ISIC_0015264,-0.06746883645578533,-0.004188988497805363,0.05060415677315664,0.5734574605185089
squeezenet,lrp,ISIC_0015264,-0.00221742134443188,-0.024301779030571288,0.028088896700270326,1.2243936776469637
squeezenet,occlusion,ISIC_0015264,-0.040127583790604084,-0.0037180982494140844,0.03076064354723838,1.1559004225109744
squeezenet,saliency,ISIC_0015264,-0.13718693996595602,0.003101206198703487,0.06757566946041549,0.18394660689118236
squeezenet,deep_lift,ISIC_0015270,-0.30317862961200426,-0.12668455071816973,-0.051515814913521786,-0.04448360946301416
squeezenet,gradcam,ISIC_0015270,0.2271182364617956,0.15033140218108962,0.20181916938867048,1.8523614878834087
squeezenet,guided_backprop,ISIC_0015270,-0.0034513908900430123,0.018891179687763753,0.09928381394283713,0.6932359741833863
squeezenet,integrated_gradients,ISIC_0015270,-0.2085897342463802,-0.017313393373728662,0.0453397236981369,-0.6768276193586296
squeezenet,lrp,ISIC_0015270,-0.19682183682785637,-0.036371613940074876,0.03656262585150431,-0.44444981969347935
squeezenet,occlusion,ISIC_0015270,0.07320230280558031,0.03790507732725518,0.06854792570752817,1.6493269916560127
squeezenet,saliency,ISIC_0015270,-0.05836265351266843,0.0020624906216896036,0.05963079232437317,0.9899069221545149
squeezenet,deep_lift,ISIC_0015273,-0.3123409526836448,-0.1087971380522477,-0.042600072176718996,-0.6669757629632969
squeezenet,gradcam,ISIC_0015273,-0.010823763847137268,-0.0745337877148515,-0.05506926398276018,0.9430973788822921
squeezenet,guided_backprop,ISIC_0015273,-0.19063722714593276,-0.045554123836790146,0.03528521248618674,0.1547414740211704
squeezenet,integrated_gradients,ISIC_0015273,-8.851401557150735,-0.07833797318256482,0.003204235367205269,0.0720263679585875
squeezenet,lrp,ISIC_0015273,-0.18606460012356937,-0.05804986963985459,0.015586738663199949,0.05562678274264735
squeezenet,occlusion,ISIC_0015273,0.21826052651778924,0.1348189416975185,0.16415051815538706,2.2029563620598513
squeezenet,saliency,ISIC_0015273,-0.02109886572508961,0.06228663983799668,0.13904441604155623,0.16321105688973567
squeezenet,deep_lift,ISIC_0015274,-0.31182744194312484,-0.14783828664051346,-0.07776168491438319,0.27712500570942605
squeezenet,gradcam,ISIC_0015274,0.0366118320615345,0.05145878344615974,0.08348055770769884,0.8089109886775762
squeezenet,guided_backprop,ISIC_0015274,-0.011171169554897652,0.045139572574133244,0.1105945699539886,0.26542800530127536
squeezenet,integrated_gradients,ISIC_0015274,-0.12512827190357245,-0.018935648909454986,0.04130061762261781,0.010784305087807266
squeezenet,lrp,ISIC_0015274,-0.11914885157256178,0.010288280479897724,0.06324077606930842,0.07354583205503556
squeezenet,occlusion,ISIC_0015274,-0.4070116908426279,-0.3333884260043891,-0.3493231629741759,-0.006459001215786373
squeezenet,saliency,ISIC_0015274,-0.15544423895718182,-0.003843171975520373,0.04517717117680759,0.07450327642235421
squeezenet,deep_lift,ISIC_0015276,-0.23272204425904242,-0.05151620231241405,0.028708718016652226,-0.7151260901247509
squeezenet,gradcam,ISIC_0015276,0.2936424861777868,0.18794877910267777,0.23833897920444116,2.014717894875338
squeezenet,guided_backprop,ISIC_0015276,-0.19292636204634053,0.022426735048434846,0.11303541038145044,-0.3568116887919716
squeezenet,integrated_gradients,ISIC_0015276,-0.12649537021224455,0.01217967383806991,0.08915438899318011,-0.041516679071590554
squeezenet,lrp,ISIC_0015276,-0.11183376160292022,-0.0014705973459756961,0.07186867755892719,0.2696648574791446
squeezenet,occlusion,ISIC_0015276,0.23591898194575806,0.16047928779565174,0.18697237633534575,1.2817597966678511
squeezenet,saliency,ISIC_0015276,0.08657851148909415,0.10810647280157762,0.1787274202300752,0.6423216495000218
squeezenet,deep_lift,ISIC_0015279,-0.16449857119957192,0.01727327526451682,0.10321661315717906,-0.0169987532827843
squeezenet,gradcam,ISIC_0015279,0.05636462613972711,0.15032397117423119,0.18855587455265904,-0.343003241346499
squeezenet,guided_backprop,ISIC_0015279,-0.23588222203852927,-0.0625033832580829,0.03432317478037196,-0.37902445306691873
squeezenet,integrated_gradients,ISIC_0015279,0.08280316501712066,0.13024022050131306,0.19582000412877656,0.45636732882421777
squeezenet,lrp,ISIC_0015279,0.03813350753535363,0.11631344576881564,0.1894574904060054,0.10711340339649221
squeezenet,occlusion,ISIC_0015279,0.26962420281712884,0.18133251687466045,0.20905975144131525,1.2358613035556751
squeezenet,saliency,ISIC_0015279,-0.1945621941140681,0.07546975016469375,0.14476238369865033,-1.563035579585264
squeezenet,deep_lift,ISIC_0015283,-0.32541012107009837,-0.1681034857197877,-0.10651230701771185,0.17467086113167932
squeezenet,gradcam,ISIC_0015283,0.09673294371591688,0.03776564047228702,0.10713004564350978,1.9633319987885582
squeezenet,guided_backprop,ISIC_0015283,-0.17106976121221673,-0.06598437837552423,0.013754954124515257,0.40923715216769657
squeezenet,integrated_gradients,ISIC_0015283,-0.3597375397117412,-0.17528418625663916,-0.10373811632090604,0.06173945653618819
squeezenet,lrp,ISIC_0015283,-0.46305974276504935,-0.22156830584186932,-0.15624467013989254,-0.41962051554879204
squeezenet,occlusion,ISIC_0015283,0.13745498912577334,-0.002681936520907223,0.048165162114414684,2.088295636399949
squeezenet,saliency,ISIC_0015283,0.12229134274443838,0.08437073652954341,0.14425787015081298,1.0149873256154704
squeezenet,deep_lift,ISIC_0015291,-0.1616319247103269,-0.0674296756792706,-0.01513847888135016,0.32086261225593093
squeezenet,gradcam,ISIC_0015291,-0.05465601004076064,-0.034545949332960145,0.0035090749462711175,1.0030820527222044
squeezenet,guided_backprop,ISIC_0015291,-0.19545057174345873,-0.10848255794706793,-0.035509753228693784,0.40662691359390024
squeezenet,integrated_gradients,ISIC_0015291,-0.22845307269226117,-0.08362293947589143,-0.03230847453823094,0.062089879113882855
squeezenet,lrp,ISIC_0015291,-0.40383600244147455,-0.1872731733389593,-0.12392405422515414,-0.04298842092601183
squeezenet,occlusion,ISIC_0015291,-0.004955777747584759,0.007704620149040997,0.02613767685487928,0.935306192802317
squeezenet,saliency,ISIC_0015291,0.1962754167170435,0.09084778738149688,0.13991863375198946,1.5828226746408585
squeezenet,deep_lift,ISIC_0015293,-0.2517346727230652,-0.14974617844457033,-0.07215847541758828,0.629917108809541
squeezenet,gradcam,ISIC_0015293,0.4264393234399069,0.27942890885310356,0.3393491986080518,2.5012232231350477
squeezenet,guided_backprop,ISIC_0015293,-0.11950219385610535,0.019063636590521595,0.10925138556628784,0.1137796707676108
squeezenet,integrated_gradients,ISIC_0015293,-0.25456291926035546,-0.150204881305683,-0.07636602403186689,0.6440438083356128
squeezenet,lrp,ISIC_0015293,-0.18421124908698866,-0.10501930147994709,-0.039302422755838416,1.0392060634915656
squeezenet,occlusion,ISIC_0015293,0.33472601351241177,0.1932893849840732,0.23858644108878457,1.931936304645233
squeezenet,saliency,ISIC_0015293,0.21857573601086303,0.12800486770673086,0.1930556030503241,1.6867909803348913
squeezenet,deep_lift,ISIC_0015298,-0.3230135363877808,-0.1565964164523462,-0.08801864716523694,-0.08472075910361772
squeezenet,gradcam,ISIC_0015298,0.3045896498549953,0.23684368707705672,0.2896447320793773,1.8427455637315497
squeezenet,guided_backprop,ISIC_0015298,-0.24042946677047158,-0.05160183330750597,0.03389172890065984,-0.2009063617464547
squeezenet,integrated_gradients,ISIC_0015298,-0.1388654902035566,-0.04637330778595146,0.020782094341840595,0.09137786761435267
squeezenet,lrp,ISIC_0015298,-0.17688186434891506,-0.06364020963022066,-0.005794530850223694,0.24591399082686932
squeezenet,occlusion,ISIC_0015298,0.414282234855405,0.23989124020166064,0.26342899186878016,2.0254829995572092
squeezenet,saliency,ISIC_0015298,0.23895656261123743,0.13953709699538977,0.20565180940524902,1.632167537008943
squeezenet,deep_lift,ISIC_0015309,-0.4346672098769282,-0.15280454166227467,-0.07179982928140219,-0.1594022898461817
squeezenet,gradcam,ISIC_0015309,0.016045153197628885,0.10824965067718964,0.16503998059730526,1.0330405384941832
squeezenet,guided_backprop,ISIC_0015309,-0.1742543304456733,-0.051427060036844545,0.02488438361709942,0.006849480641796214
squeezenet,integrated_gradients,ISIC_0015309,-0.30104291947996087,-0.03506969224071353,0.04570883796473529,-0.799991797352795
squeezenet,lrp,ISIC_0015309,-0.5229633421807702,-0.14470897960027812,-0.052896685983118516,-1.0944911428916033
squeezenet,occlusion,ISIC_0015309,-0.04661632374659278,0.09401832949424811,0.14494392103187084,0.34368429420460045
squeezenet,saliency,ISIC_0015309,-0.3079753530480114,-0.08266989725214646,-0.026612920058895772,0.29770164948322236
squeezenet,deep_lift,ISIC_0015310,-0.2063687898345904,-0.013989675989602487,0.06415937149177317,-0.3049758362122814
squeezenet,gradcam,ISIC_0015310,-0.18042487828187548,-0.04418509663149587,0.001662753993474403,-0.19456665354230324
squeezenet,guided_backprop,ISIC_0015310,-0.12354003217398862,-0.04221707552948948,0.05099025160422581,0.3184094664554283
squeezenet,integrated_gradients,ISIC_0015310,0.06116256425349933,0.11476124869779197,0.1822226114071865,0.28876346268200614
squeezenet,lrp,ISIC_0015310,0.09268762912211928,0.09909945247038389,0.16345303956292648,0.20624680164734807
squeezenet,occlusion,ISIC_0015310,-0.1933374015412735,-0.1770285659196205,-0.17330455354240015,0.2526942768508986
squeezenet,saliency,ISIC_0015310,0.010380567182599337,0.08629245377701683,0.15319154347139233,-0.10965187314032543
squeezenet,deep_lift,ISIC_0015311,-0.392699449161346,-0.1955629691802882,-0.12908707225947977,-0.15100359655698284
squeezenet,gradcam,ISIC_0015311,0.2514993533959646,0.11692239794259311,0.1660935541273424,1.6372507777925527
squeezenet,guided_backprop,ISIC_0015311,-0.2575741199001034,-0.10418318367304442,-0.022763359115338617,-0.09610875788015669
squeezenet,integrated_gradients,ISIC_0015311,-0.44701772511207083,-0.20647395505324725,-0.130794529677976,-0.3633435315692444
squeezenet,lrp,ISIC_0015311,-0.4230759971135547,-0.19505941341893185,-0.11887206778577068,-0.21532103416069787
squeezenet,occlusion,ISIC_0015311,0.24878851942659505,0.1485532255148102,0.17637194908082865,1.1682350627790095
squeezenet,saliency,ISIC_0015311,-0.14582728222279356,-0.04757428433199259,0.030205485191171992,0.4221348059012132
squeezenet,deep_lift,ISIC_0015312,-0.3976492466751996,-0.1924710912358141,-0.12760285061309906,-0.05986457370370541
squeezenet,gradcam,ISIC_0015312,0.2961283172304832,0.152198791832526,0.19809457884547133,1.8589419458915954
squeezenet,guided_backprop,ISIC_0015312,-0.1981984174457693,-0.09479116036121381,-0.019520984374818938,0.1502526524352964
squeezenet,integrated_gradients,ISIC_0015312,-0.19216759086624646,-0.06754948753678788,-0.024064230444947012,0.15089844368092237
squeezenet,lrp,ISIC_0015312,-0.2373989720893732,-0.10416577302464329,-0.04909949205869307,0.06555593076075435
squeezenet,occlusion,ISIC_0015312,0.1385821651462693,0.06789938624748978,0.108478933338159,1.6837234215444365
squeezenet,saliency,ISIC_0015312,0.012705605230628973,0.06901725186888268,0.13165805642095804,0.2709861146780379
squeezenet,deep_lift,ISIC_0015330,-0.29581458856873466,-0.17044892908715362,-0.10907850114849052,0.5224009170511124
squeezenet,gradcam,ISIC_0015330,0.24512944432429926,0.16913720159125295,0.23040410694425348,1.4873318101176
squeezenet,guided_backprop,ISIC_0015330,-0.19978026076197397,-0.04635209603758273,0.03933001380862301,-0.1275934761464076
squeezenet,integrated_gradients,ISIC_0015330,-0.05131511801673534,-0.022848885174130792,0.02678845038979757,0.8172221049437898
squeezenet,lrp,ISIC_0015330,-0.18948063815230895,-0.06200847181321304,-0.0034336453723929922,-0.13421372940296022
squeezenet,occlusion,ISIC_0015330,0.26586537217767936,0.21806170924946017,0.2652963802381272,1.1996098014497778
squeezenet,saliency,ISIC_0015330,0.17213723568126618,0.12662219605675262,0.1874693901254533,1.2748623688195193
squeezenet,deep_lift,ISIC_0015331,0.09225630178396081,0.1307565590334567,0.1898657750287566,0.41666267990572914
squeezenet,gradcam,ISIC_0015331,-0.03188171387375108,0.07764736017709943,0.1354957361640606,-0.11535067177143554
squeezenet,guided_backprop,ISIC_0015331,-0.08700078847092137,0.06729660142798023,0.15762298405907949,-0.6533343364957742
squeezenet,integrated_gradients,ISIC_0015331,0.0684146189650535,0.13042262884569256,0.19759172082411663,0.2711119391019839
squeezenet,lrp,ISIC_0015331,0.11542515637016217,0.12359844123998259,0.18552884936762212,0.6192274731372283
squeezenet,occlusion,ISIC_0015331,0.0661979102598789,0.1290568061642809,0.16503484711240435,-0.09204361601675347
squeezenet,saliency,ISIC_0015331,0.18137248443893436,0.17682869197707288,0.2321815471365062,0.8746882387200627
squeezenet,deep_lift,ISIC_0015347,-0.2593000127472461,-0.11423242346031531,-0.058298771390017774,-0.23869693706888126
squeezenet,gradcam,ISIC_0015347,0.26935721403084095,0.20121980375675702,0.25468827203907635,1.7067420556267885
squeezenet,guided_backprop,ISIC_0015347,-0.1973545642308762,-0.0659686699508962,0.0139614025140412,0.3845244219979682
squeezenet,integrated_gradients,ISIC_0015347,-0.181179743281026,-0.07263044180626835,-0.017225452270242275,0.20194356604942088
squeezenet,lrp,ISIC_0015347,-0.09186027350333735,-0.0548662371704154,-0.0034130499637809245,0.7509989283069615
squeezenet,occlusion,ISIC_0015347,0.24029297195675509,0.157891119584824,0.18997956200066737,1.272063128002853
squeezenet,saliency,ISIC_0015347,0.13040045013236168,0.09975163983710379,0.16393266265210565,1.0192086810015712
squeezenet,deep_lift,ISIC_0015353,-0.2338140610598346,-0.11493866619948592,-0.03718964302576137,0.1835153711088954
squeezenet,gradcam,ISIC_0015353,0.1423770761672499,0.045150678127697,0.0848195391604397,1.4952695379637078
squeezenet,guided_backprop,ISIC_0015353,-0.3882158835717637,-0.2017864220310147,-0.11667301548531601,0.12627647781759208
squeezenet,integrated_gradients,ISIC_0015353,-0.3789751956982491,-0.13352430277033947,-0.04457795977160533,-0.7212505101567329
squeezenet,lrp,ISIC_0015353,-0.362916731260673,-0.13456143183588198,-0.055241953973589185,-0.6095357502568371
squeezenet,occlusion,ISIC_0015353,-0.28594108813619523,-0.1873059880671884,-0.16054516251798004,0.9029831823629042
squeezenet,saliency,ISIC_0015353,-0.22225971660654412,-0.11203914616118885,-0.0423990094375919,0.975980471951864
squeezenet,deep_lift,ISIC_0015355,-0.4156845120385049,-0.1866860111093879,-0.13581152955188228,-0.09130733523054059
squeezenet,gradcam,ISIC_0015355,0.2049460152142826,0.07672545009784486,0.10176883659502275,1.3867415852164575
squeezenet,guided_backprop,ISIC_0015355,-0.24300652494728173,-0.07629658512852654,-0.004280326587685806,-0.2552514306699136
squeezenet,integrated_gradients,ISIC_0015355,-0.23742553335677927,-0.1107087400928304,-0.058910931502390684,-0.043511918488369945
squeezenet,lrp,ISIC_0015355,-0.2492323917939627,-0.06644419637261503,-0.020712278112372397,-0.362811548322741
squeezenet,occlusion,ISIC_0015355,0.20270509099397835,0.1812189164684126,0.22326684570223784,0.8434870055003955
squeezenet,saliency,ISIC_0015355,0.023692924142792074,0.11352128802858094,0.16771977976610297,0.006217738515569922
squeezenet,deep_lift,ISIC_0015357,-0.22803398255146268,-0.05255799620104455,0.02202942551380934,-0.5889406239027871
squeezenet,gradcam,ISIC_0015357,0.42507795937911413,0.32324931894238096,0.3949742071271311,2.4156199711980584
squeezenet,guided_backprop,ISIC_0015357,-0.20055519491558635,0.00026885674728220496,0.09276295288444554,-0.17145859234716873
squeezenet,integrated_gradients,ISIC_0015357,-0.24492944702262254,-0.05434500876870263,0.026608586175057167,-0.6520305544024916
squeezenet,lrp,ISIC_0015357,-0.29819571190249256,-0.09583477402277599,-0.024028790305669127,-0.5859420130132976
squeezenet,occlusion,ISIC_0015357,0.39226477485289585,0.2235189279201003,0.2619884256817548,2.2437622357153857
squeezenet,saliency,ISIC_0015357,0.06846987160642057,0.09004489278727845,0.15913100055164048,0.6477638443397732
squeezenet,deep_lift,ISIC_0015360,-0.3416595099888213,-0.166085955040934,-0.09866649300894365,0.22257529120956296
squeezenet,gradcam,ISIC_0015360,0.3555963165128091,0.14291045455014884,0.19455968336030316,2.4607516112480625
squeezenet,guided_backprop,ISIC_0015360,-0.15844184443971232,0.022163348074119096,0.12180389410369989,-0.6905575570528967
squeezenet,integrated_gradients,ISIC_0015360,-0.13959131726139465,-0.036175521980226014,0.014458088949240838,0.13012436235384325
squeezenet,lrp,ISIC_0015360,-0.05187903713409144,-0.008764663524450664,0.04143682063493262,0.6125404792650627
squeezenet,occlusion,ISIC_0015360,0.4669590923877384,0.20694690669916255,0.25007265022954694,2.6397450514907987
squeezenet,saliency,ISIC_0015360,0.21396784753302844,0.13071125509127207,0.18659264163007008,1.4734503482371517
squeezenet,deep_lift,ISIC_0015363,-0.27416977688125144,-0.06951473177460625,-0.011812475136046946,-0.16387685108643868
squeezenet,gradcam,ISIC_0015363,-0.2255001007638493,0.04292819674487621,0.09723536656707686,-0.007051695113197889
squeezenet,guided_backprop,ISIC_0015363,-0.357099775725888,-0.06105203574688675,0.03902690557145231,-0.8194912309214711
squeezenet,integrated_gradients,ISIC_0015363,-0.31305359633936536,-0.07137763442128683,-0.006221171071743409,-0.43250204968803435
squeezenet,lrp,ISIC_0015363,-0.20220584951764728,-0.03146962958663505,0.02610583756025073,0.28756429309202186
squeezenet,occlusion,ISIC_0015363,-0.31360306717689973,-0.08231157792779874,-0.06430756770644425,-0.4359459277339178
squeezenet,saliency,ISIC_0015363,-0.175779524923849,-0.008607913302243716,0.04463945292558334,0.1836779408806986
squeezenet,deep_lift,ISIC_0015364,-0.2979577130015287,-0.12087975349333174,-0.059203108745286157,0.07238677369410014
squeezenet,gradcam,ISIC_0015364,0.09699839052032186,0.10760494986709618,0.14172221910832536,0.8992662970067155
squeezenet,guided_backprop,ISIC_0015364,-0.1513165113810764,0.005665913056757903,0.09549567706972198,-0.5450045448517764
squeezenet,integrated_gradients,ISIC_0015364,-0.21670430028505872,-0.04827903515813026,0.003458962046437031,-0.5179973369788257
squeezenet,lrp,ISIC_0015364,-0.18010673678159989,-0.03331149133203882,0.02360277043906846,-0.40526022844750526
squeezenet,occlusion,ISIC_0015364,-0.21189107152884856,-0.04321392793179066,-0.03209245620947013,-0.10155826149049407
squeezenet,saliency,ISIC_0015364,-0.10998098185587175,0.03744615952398541,0.08661186982857952,0.2596097293364653
squeezenet,deep_lift,ISIC_0015368,-0.022953539629960468,-0.012251493519281027,0.049391616900533945,0.7080052593539495
squeezenet,gradcam,ISIC_0015368,0.177396886677216,0.08149251605428084,0.12978984811239996,1.632943036035317
squeezenet,guided_backprop,ISIC_0015368,-0.016390177076797536,-0.014854702746652371,0.06495803775536776,0.41762915948881535
squeezenet,integrated_gradients,ISIC_0015368,-0.1924760900878369,-0.030849800640252147,0.03738165995529873,-0.5779237604667001
squeezenet,lrp,ISIC_0015368,-0.17829844858607355,-0.035477321269808224,0.03270457287925202,-0.47655818308094916
squeezenet,occlusion,ISIC_0015368,-0.04039951983434141,-0.04720407945016081,-0.051636278736969424,1.2513046075795653
squeezenet,saliency,ISIC_0015368,-0.0636795623610472,-0.021458199135852195,0.02445550551232956,0.8669078967307815
squeezenet,deep_lift,ISIC_0015369,-0.3864708419510318,-0.1298104146359331,-0.04656160104943244,-0.2128538569860881
squeezenet,gradcam,ISIC_0015369,-0.04998134137811772,-0.06743521577535458,-0.04351502948980499,1.1416053464956164
squeezenet,guided_backprop,ISIC_0015369,-0.1027309492375152,0.025557369181595378,0.10906675150962027,0.1562332508826799
squeezenet,integrated_gradients,ISIC_0015369,-0.2817999341324433,-0.06411237549066322,0.01658625428628991,-1.0491993326912163
squeezenet,lrp,ISIC_0015369,-0.30395252645101556,-0.040784854824303864,0.039225818845304294,-1.055609948792456
squeezenet,occlusion,ISIC_0015369,-0.5521438036230145,-0.4918757534886565,-0.5214266318229444,-0.25332303261621203
squeezenet,saliency,ISIC_0015369,-0.17991372598438646,-0.022090747014343617,0.038258199810931565,0.13444118054171886
squeezenet,deep_lift,ISIC_0015383,-0.19481473370128988,-0.0700517961246061,-0.014585142894189473,-0.27986660065883967
squeezenet,gradcam,ISIC_0015383,0.39021344850332246,0.2593858089020344,0.31493385381650874,2.1647011943856227
squeezenet,guided_backprop,ISIC_0015383,-0.2662260345401413,-0.040297413455732345,0.052897430693412587,-0.5967243363526893
squeezenet,integrated_gradients,ISIC_0015383,-0.09806421632709206,-0.015457666273865535,0.045980933872179226,0.20504305262717226
squeezenet,lrp,ISIC_0015383,-0.13415280877634495,-0.02979839007912379,0.029274760084137593,0.14537017387128862
squeezenet,occlusion,ISIC_0015383,0.3680732580662927,0.24630325970772673,0.2725055770217803,1.8889092974404258
squeezenet,saliency,ISIC_0015383,0.1945801163673338,0.14452403752214651,0.20556284210233405,1.2718902087188164
squeezenet,deep_lift,ISIC_0015386,-0.2777523691712444,-0.1376985213252212,-0.06599544002852895,0.15793978470245698
squeezenet,gradcam,ISIC_0015386,0.1751910301523486,0.10759248454873349,0.1668235867911657,1.4140395319534154
squeezenet,guided_backprop,ISIC_0015386,-0.24196874085117276,-0.06324012502014585,0.02017591694697598,-0.5531565533954117
squeezenet,integrated_gradients,ISIC_0015386,-0.03914129251912677,0.01661378034106326,0.08237977017379217,0.4504019798793725
squeezenet,lrp,ISIC_0015386,-0.10520302655354191,-0.07259733589720106,-0.0013218848854615088,1.2416902953871336
squeezenet,occlusion,ISIC_0015386,-0.03859368534767204,-0.015068375547898367,0.017232744754696085,1.0744485522667566
squeezenet,saliency,ISIC_0015386,-0.17569267614808398,-0.06798585569185107,0.009359887122195112,0.9419202821458313
squeezenet,deep_lift,ISIC_0015390,-0.24366623828026196,-0.12448572104683468,-0.05561154710546182,0.48614102542910387
squeezenet,gradcam,ISIC_0015390,0.1653981087570935,0.15244314043102408,0.1957874032861322,1.1321674705896083
squeezenet,guided_backprop,ISIC_0015390,-0.05057271116936608,0.02462181400831243,0.10930572000923237,0.2674762012487911
squeezenet,integrated_gradients,ISIC_0015390,-0.0007963916333859192,0.020072429034199958,0.06560332595755097,0.7875939243126735
squeezenet,lrp,ISIC_0015390,0.001184536912429867,0.0038241965661720495,0.04787475619179278,1.0196115975875526
squeezenet,occlusion,ISIC_0015390,-0.026733447197089574,0.04650849035964066,0.07283223015152533,0.8403288106275875
squeezenet,saliency,ISIC_0015390,-0.18899706729316545,-0.014712357744160253,0.042680091314405796,-0.1925198131061242
squeezenet,deep_lift,ISIC_0015395,-0.3874889797752618,-0.19591494354341465,-0.14270089482040305,0.12203412116463289
squeezenet,gradcam,ISIC_0015395,-0.13516033902053748,-0.07749840460646326,-0.04444505134076092,-0.3074986259871384
squeezenet,guided_backprop,ISIC_0015395,-0.2683715274660846,-0.08435387501194151,-0.004181710954007924,-0.5248705488003044
squeezenet,integrated_gradients,ISIC_0015395,-0.43665592145189586,-0.19492962666607558,-0.135120165833461,-0.19965095675371694
squeezenet,lrp,ISIC_0015395,-0.3998168002954273,-0.19988107218487347,-0.14297641645641915,0.16339121167347515
squeezenet,occlusion,ISIC_0015395,-0.1377264463984963,-0.011723788649108785,0.03286936680320919,0.04861537287684541
squeezenet,saliency,ISIC_0015395,-0.12556394898640588,0.012878642837584072,0.08594320313471603,-0.33128316061018276
squeezenet,deep_lift,ISIC_0015403,-0.18968592838572912,0.002184282103172359,0.06513265920125534,-0.09481575576554546
squeezenet,gradcam,ISIC_0015403,0.1342231227797413,0.1294353864737544,0.16646383498994938,1.4952137055508112
squeezenet,guided_backprop,ISIC_0015403,-0.2211663626321221,0.0370942689187306,0.12109228386824755,-0.9338886210276326
squeezenet,integrated_gradients,ISIC_0015403,-0.10169826927525354,0.0011005028835889019,0.07043067392317491,0.20199699884089742
squeezenet,lrp,ISIC_0015403,-0.2286951518285408,-0.02650734402568225,0.039852434454941923,-0.5954666782802973
squeezenet,occlusion,ISIC_0015403,-0.06472155460125299,0.003358061389800592,0.012713574386183773,0.9249475949796978
squeezenet,saliency,ISIC_0015403,-0.006215508098933307,0.03475317285287984,0.0727659911914739,1.1507255931235318
squeezenet,deep_lift,ISIC_0015404,-0.10366662610466584,-0.046345970940677675,0.011098952841330294,0.3085908384055666
squeezenet,gradcam,ISIC_0015404,0.22435426034007072,0.1546886559572658,0.21374057323745635,1.758897442527531
squeezenet,guided_backprop,ISIC_0015404,-0.2418589748488024,-0.04335450099271402,0.04989816123699661,-0.9095661315811154
squeezenet,integrated_gradients,ISIC_0015404,-0.149418617925288,-0.0506384574998133,0.011030084096990543,0.03332624223950207
squeezenet,lrp,ISIC_0015404,-0.09639986285827096,0.009900289092674397,0.06150845351196639,0.12475683970279638
squeezenet,occlusion,ISIC_0015404,-0.2068895996963521,-0.1096324126428083,-0.08545895559880332,0.5317840229720279
squeezenet,saliency,ISIC_0015404,-0.035649246942705215,0.007894356091720392,0.053611437093056026,1.1328156248212131
squeezenet,deep_lift,ISIC_0015411,-0.21590561665579927,-0.07316992106792337,-0.006361581911751236,-0.42455091327032535
squeezenet,gradcam,ISIC_0015411,0.23907834975053857,0.21585870977643093,0.2832817401622438,1.325199905111386
squeezenet,guided_backprop,ISIC_0015411,-0.27213455459731195,-0.051318629004519126,0.03724835400202626,-0.4933356033437114
squeezenet,integrated_gradients,ISIC_0015411,-0.10462300015446754,-0.007390473194266106,0.060724141046983204,0.14776067306676927
squeezenet,lrp,ISIC_0015411,-0.12700728148812815,-0.009803376828952225,0.05782118201951702,0.17301026815558512
squeezenet,occlusion,ISIC_0015411,0.3141327271251136,0.22433998660938986,0.26909810059033534,1.6006932964789704
squeezenet,saliency,ISIC_0015411,0.1002891711527675,0.1362820066535732,0.20713198317103426,0.6152621994874448
squeezenet,deep_lift,ISIC_0015412,-0.31948617413820124,-0.11952258782815801,-0.04555944769599875,-0.008343029742790496
squeezenet,gradcam,ISIC_0015412,0.3368996595104295,0.2032222432746097,0.2553773798179943,2.0524890350960305
squeezenet,guided_backprop,ISIC_0015412,-0.16263324836092657,-0.03669510844745012,0.042626771278467146,0.23028624567258027
squeezenet,integrated_gradients,ISIC_0015412,-0.16274705010575272,-0.028094981629755263,0.03905732641453658,0.029498085888516757
squeezenet,lrp,ISIC_0015412,-0.15367710617686758,-0.027139130840757305,0.03538074416650035,0.0003728755239245509
squeezenet,occlusion,ISIC_0015412,0.4123382632712472,0.24508575867298657,0.2900461117309804,2.3241055174988094
squeezenet,saliency,ISIC_0015412,0.03073746520529,0.09641114769523426,0.16153290472452447,0.3580637782772507
squeezenet,deep_lift,ISIC_0015416,-0.12856253090416064,-0.030841941170687358,0.036549734519630304,-0.07570049059564646
squeezenet,gradcam,ISIC_0015416,0.18113694218869208,0.09882488038024045,0.15721126311752415,1.6122957408125236
squeezenet,guided_backprop,ISIC_0015416,-0.20489300582455722,-0.06825387731191118,0.015142797448008406,-0.12032654323477218
squeezenet,integrated_gradients,ISIC_0015416,0.021131933155453853,0.002275313565763967,0.05891279329181433,1.0237652506777002
squeezenet,lrp,ISIC_0015416,-0.07493625775196779,-0.026607581627547863,0.03405834581917723,0.4171565622930376
squeezenet,occlusion,ISIC_0015416,-0.2698294711395066,-0.061117276765293035,-0.02205086933268901,-0.35745885386665516
squeezenet,saliency,ISIC_0015416,0.008075536746125227,0.0019293837608437467,0.05138025095868756,1.246709204335411
squeezenet,deep_lift,ISIC_0015417,-0.08751649940512149,-0.035477640481148695,0.023534927425806578,0.5548396222148868
squeezenet,gradcam,ISIC_0015417,0.3679160639609916,0.20786457892543211,0.26431893557891706,2.721993083150415
squeezenet,guided_backprop,ISIC_0015417,-0.10909530910754146,0.03345359016935099,0.12617076687409778,-0.28679542508056555
squeezenet,integrated_gradients,ISIC_0015417,-0.06873712026687206,-0.0018269563779465883,0.06294584592484859,0.6237068885734884
squeezenet,lrp,ISIC_0015417,-0.04180867394012668,0.0030409603760544086,0.058618308247402,0.7024171089151297
squeezenet,occlusion,ISIC_0015417,-0.010660645255947806,-0.020934453249059726,0.004109767824558855,1.5913895062889738
squeezenet,saliency,ISIC_0015417,-0.022214971540066873,0.015139532925332983,0.06457376499001709,1.0850657230357168
squeezenet,deep_lift,ISIC_0015418,-0.00481128958004711,-0.01503722172665134,0.044101749861690576,0.5142577010134448
squeezenet,gradcam,ISIC_0015418,0.30458689825440965,0.19884354847827396,0.23528545489342173,2.1689744988278172
squeezenet,guided_backprop,ISIC_0015418,-0.10342632066721336,0.013559195095853235,0.1049442846787504,-0.4194272269592634
squeezenet,integrated_gradients,ISIC_0015418,-0.03162689478183549,0.04245952041261721,0.10637770949745,0.4328295338998993
squeezenet,lrp,ISIC_0015418,-0.07608139750337903,-0.007570404863113122,0.05640836821674383,0.4063592916935001
squeezenet,occlusion,ISIC_0015418,0.07731924271895,0.06931043408529239,0.09650306822690045,1.7713863180044207
squeezenet,saliency,ISIC_0015418,-0.04319993834204913,0.017909672465646138,0.07364500678547625,1.073455731801208
squeezenet,deep_lift,ISIC_0015419,-0.17492829469770868,0.01947013640243488,0.0960571971277145,-0.1321955012466186
squeezenet,gradcam,ISIC_0015419,0.18155751368191292,0.16015646474352294,0.1930317165051196,1.0822593016725106
squeezenet,guided_backprop,ISIC_0015419,0.08627122843857528,0.11807461469653964,0.18258280147098843,0.437082505672043
squeezenet,integrated_gradients,ISIC_0015419,-0.09202129407378526,0.049510726368845785,0.12640412612028223,-0.5876589696161908
squeezenet,lrp,ISIC_0015419,-0.04800834105604704,0.05495708826736753,0.11526689606575825,-0.27265192820455125
squeezenet,occlusion,ISIC_0015419,0.04159678376921745,0.1130362083421465,0.1514124079182146,-0.17677822331727105
squeezenet,saliency,ISIC_0015419,0.1380170808904281,0.15966134680060345,0.20577854189309033,0.5571881005589289
squeezenet,deep_lift,ISIC_0015436,-0.3860351417475858,-0.15186461829325737,-0.07978786774846812,-0.57131432382426
squeezenet,gradcam,ISIC_0015436,0.1675137967489302,0.09967687909782431,0.1445126386636087,1.7114999736895837
squeezenet,guided_backprop,ISIC_0015436,-0.17452191073106735,0.016690092455131353,0.10890363851694164,-0.5299335668201879
squeezenet,integrated_gradients,ISIC_0015436,-0.21305229673396953,-0.014549861499348568,0.05533031434665747,-0.770212971786094
squeezenet,lrp,ISIC_0015436,-0.24527348355790402,-0.07326928445570882,-0.009346249230361382,-0.765075950174314
squeezenet,occlusion,ISIC_0015436,0.013835426630542888,-0.02755182179233072,-0.016976648893604906,1.7185232809150237
squeezenet,saliency,ISIC_0015436,-0.016733795184765015,0.0007712203272160154,0.044654253621176976,1.2210726016010989
squeezenet,deep_lift,ISIC_0015440,-0.21549156135817138,-0.01936613375700687,0.06251980620743441,-0.4831590470300704
squeezenet,gradcam,ISIC_0015440,0.27264268597206703,0.2580244745707259,0.33102528823458416,1.5364570063782512
squeezenet,guided_backprop,ISIC_0015440,-0.12532921176640607,0.010161546671751896,0.09859813832716895,0.10050223572944011
squeezenet,integrated_gradients,ISIC_0015440,-0.11633818040831624,0.019219975525373866,0.09469555817771107,0.14068623192380905
squeezenet,lrp,ISIC_0015440,-0.1241028924824538,0.004546876293465137,0.0742758690583466,0.38937495445695913
squeezenet,occlusion,ISIC_0015440,0.2066746398368773,0.16067607038164894,0.19524549080348372,1.0727243418464396
squeezenet,saliency,ISIC_0015440,0.02739969827161307,0.09939705170653458,0.17373302832170875,0.2770738992684873
squeezenet,deep_lift,ISIC_0015447,-0.3140519668529715,-0.08956771678491227,-0.005553108920382348,-0.3413504334017303
squeezenet,gradcam,ISIC_0015447,0.035835956345438034,0.04815694877776604,0.09132249790678974,0.942386065149484
squeezenet,guided_backprop,ISIC_0015447,0.003319882275800204,0.006542152914130828,0.07660682675549436,0.8169010319341933
squeezenet,integrated_gradients,ISIC_0015447,-0.15047265425325448,0.0025478271952721703,0.0797116391977585,-0.21860155477278487
squeezenet,lrp,ISIC_0015447,-0.17867951292155917,-0.002948371396391591,0.07426624735841306,-0.46742775180028795
squeezenet,occlusion,ISIC_0015447,-0.0975874997200755,-0.028711009515664816,-0.004280159553581753,0.5782624917591155
squeezenet,saliency,ISIC_0015447,-0.0867308372667359,-0.012580516181907008,0.0430416224273948,0.625160143268226
squeezenet,deep_lift,ISIC_0015455,-0.02331336439656619,0.07742988899864807,0.13181825083092952,-0.270693965349532
squeezenet,gradcam,ISIC_0015455,0.034033383277547985,0.10452329034569405,0.1488211289162918,0.3586815983632659
squeezenet,guided_backprop,ISIC_0015455,-0.07507630867244883,0.06458381244388264,0.15378584720860103,-0.553488873485559
squeezenet,integrated_gradients,ISIC_0015455,0.006703105628867948,0.06883569667622637,0.1261794171635066,0.0068402021437996225
squeezenet,lrp,ISIC_0015455,0.01980180944462857,0.0733315059795317,0.12301756286149781,0.06515035810526167
squeezenet,occlusion,ISIC_0015455,0.16369145220174494,0.1293347130986931,0.16339098564151275,0.7145482759408898
squeezenet,saliency,ISIC_0015455,0.05773380055710034,0.12670559730420214,0.18594300796420302,0.06076004922167069
squeezenet,deep_lift,ISIC_0015464,-0.2806485230129595,-0.11439813206340545,-0.04532994095155793,0.2338875645284526
squeezenet,gradcam,ISIC_0015464,0.11196968788274493,0.08002648714232845,0.1425015503187358,0.6753959795743966
squeezenet,guided_backprop,ISIC_0015464,-0.1436079768697755,-0.08335991439870614,-0.008381282755796186,0.5355533702804921
squeezenet,integrated_gradients,ISIC_0015464,-0.2587817616554502,-0.08097576208794019,-0.012073763556459149,-0.4852346646055733
squeezenet,lrp,ISIC_0015464,-0.3542101045026115,-0.15842946934063895,-0.0877498983800718,0.15888071106507404
squeezenet,occlusion,ISIC_0015464,0.17436731687444565,0.1379442688100294,0.1643094434939402,0.6607207742176909
squeezenet,saliency,ISIC_0015464,-0.19192530294594762,-0.029696142415507287,0.04473442045726096,-0.047289408023714626
squeezenet,deep_lift,ISIC_0015466,-0.15842661813245698,-0.008293170007910662,0.058721366976503216,-0.20681849771247315
squeezenet,gradcam,ISIC_0015466,0.10822136934261507,0.05421817986245628,0.0950727737231664,1.011658043230703
squeezenet,guided_backprop,ISIC_0015466,-0.10879517927079584,-0.03460624926932762,0.04365175187638711,0.5299436782020507
squeezenet,integrated_gradients,ISIC_0015466,-0.22856939048243521,-0.05761603218802761,0.004709466348412223,-0.3498726430820581
squeezenet,lrp,ISIC_0015466,-0.2871973218104022,-0.03561806341395609,0.03486492767044199,-0.935681559536266
squeezenet,occlusion,ISIC_0015466,0.15728909509639985,0.09972196868981621,0.11538414530552084,0.8267879850825146
squeezenet,saliency,ISIC_0015466,0.021820928219943914,0.09285169162802359,0.15015669905676848,0.3267768547598374
squeezenet,deep_lift,ISIC_0015468,-0.3718267681402529,-0.1877509573960806,-0.1189387836015017,-0.10774902830709296
squeezenet,gradcam,ISIC_0015468,0.30693695960921097,0.12531667151901033,0.1581183161770078,2.4810807642965815
squeezenet,guided_backprop,ISIC_0015468,-0.2649002785593128,-0.056616466171300034,0.02697581733603916,-0.42741313041098705
squeezenet,integrated_gradients,ISIC_0015468,-0.32688635793530946,-0.14611084747616043,-0.08308631978457372,0.08482192787541153
squeezenet,lrp,ISIC_0015468,-0.45790274543006987,-0.18424816980430117,-0.1112888242765045,-0.686647236565413
squeezenet,occlusion,ISIC_0015468,0.37074691189601616,0.2664218830457752,0.31233003701829853,1.8558884551106896
squeezenet,saliency,ISIC_0015468,0.14414209926765723,0.09935968316525617,0.15298565879743056,1.291988705027443
squeezenet,deep_lift,ISIC_0015476,-0.1766892852968956,-0.058167400614406325,0.009652160857820445,-0.0038506390635108315
squeezenet,gradcam,ISIC_0015476,0.25756596180728186,0.17615601243563578,0.23187910601321995,1.4533962540836636
squeezenet,guided_backprop,ISIC_0015476,-0.3436119298145135,-0.13951114653519436,-0.05275873933629148,-0.10952201881781111
squeezenet,integrated_gradients,ISIC_0015476,-0.25290378629982085,-0.020933259272561313,0.048943253669039274,-0.733356545269601
squeezenet,lrp,ISIC_0015476,-0.16017004825510847,-0.027620987561417062,0.05244566693085757,-0.4193239882850226
squeezenet,occlusion,ISIC_0015476,0.265087660184576,0.18824949542078154,0.23339363712710456,1.3123457010115274
squeezenet,saliency,ISIC_0015476,0.04410202727590157,0.10978845148485152,0.18724822374252323,0.3926457300415983
squeezenet,deep_lift,ISIC_0015481,-0.24719136788879992,-0.09314087796490268,-0.013981144924933379,0.3799489484340078
squeezenet,gradcam,ISIC_0015481,0.2977838508213134,0.19534643578223734,0.24329703662128377,2.5674577567587518
squeezenet,guided_backprop,ISIC_0015481,0.06605619811290657,0.08480143307459484,0.1663052802316704,1.1834009632396103
squeezenet,integrated_gradients,ISIC_0015481,-0.13890721971841533,0.011618896213770716,0.08621794841224581,-0.11679470349376714
squeezenet,lrp,ISIC_0015481,-0.4439747692440761,-0.12310221248266941,-0.03842358099289916,-0.8716393640047897
squeezenet,occlusion,ISIC_0015481,-0.15201366636438016,-0.13976557019184643,-0.14145337161749483,1.0872700775527673
squeezenet,saliency,ISIC_0015481,-0.2633855978596652,-0.10367695310962138,-0.040903321915414584,0.7176451430845714
squeezenet,deep_lift,ISIC_0015482,-0.45272052327316936,-0.18921219060599764,-0.10389292064691726,-0.6551960763636062
squeezenet,gradcam,ISIC_0015482,0.22366626392425354,0.1118724075121743,0.16485912866574914,1.9829372355123822
squeezenet,guided_backprop,ISIC_0015482,-0.09643385395187035,-0.01978110051876487,0.06437241384646676,0.023790920638446133
squeezenet,integrated_gradients,ISIC_0015482,-0.2082903436701196,-0.046125220538897095,0.02067112477149963,-0.409212569786428
squeezenet,lrp,ISIC_0015482,-0.2611739399378681,-0.08451746866185905,-0.013427956949117146,-0.5744618211481407
squeezenet,occlusion,ISIC_0015482,-0.2902620610446633,-0.21340829455093618,-0.2128176727007365,0.4258699357072856
squeezenet,saliency,ISIC_0015482,-0.06250319569612044,-0.02869322856152262,0.026845324348005063,0.9323431182911146
squeezenet,deep_lift,ISIC_0015485,-0.20931890069405515,0.041387308194301344,0.11446137729067643,-0.5487368903642921
squeezenet,gradcam,ISIC_0015485,-0.03231279788151598,-0.010968730314089348,0.02223326652116325,1.0387000547731098
squeezenet,guided_backprop,ISIC_0015485,-0.031004934639260653,0.08286272004393684,0.15653124764097578,-0.3220128918491892
squeezenet,integrated_gradients,ISIC_0015485,-0.1870521937077497,-0.0029933622563633093,0.062025552822790875,-0.2263346187247677
squeezenet,lrp,ISIC_0015485,-0.07451278163634376,0.030013435725064885,0.08806401713395931,0.4630889798240736
squeezenet,occlusion,ISIC_0015485,-0.10399402512051426,-0.014471030848574882,0.013598561646788293,0.08313229215304146
squeezenet,saliency,ISIC_0015485,-0.019737398729796306,0.08166822609598454,0.13082728275948183,0.5368659082443009
squeezenet,deep_lift,ISIC_0015510,-0.18242784469347573,-0.07690253694425965,-0.01834113091591592,0.08125505549344092
squeezenet,gradcam,ISIC_0015510,-0.09166010332724155,-0.06935990853206879,-0.02645696315671222,1.1480684978200142
squeezenet,guided_backprop,ISIC_0015510,-0.4213845926251324,-0.16498196070758528,-0.07540812023511637,-0.02562586397051202
squeezenet,integrated_gradients,ISIC_0015510,-0.10476612459468101,-0.02971590598856874,0.03536566043648336,0.5353479187243739
squeezenet,lrp,ISIC_0015510,-0.21573573146185576,-0.05455766969318316,0.00718396223733408,-0.11501574140607908
squeezenet,occlusion,ISIC_0015510,0.06988803834912041,0.059041593628041844,0.0942059555345054,1.3524179865858017
squeezenet,saliency,ISIC_0015510,0.15341843204631864,0.09921537443705361,0.1606128934485001,1.230733514075161
squeezenet,deep_lift,ISIC_0015526,-0.14032661208025318,-0.04088739579069602,0.014540910210145247,0.019504310661829973
squeezenet,gradcam,ISIC_0015526,0.3412728354736113,0.20603477269290238,0.2565467258774349,2.1794403652232455
squeezenet,guided_backprop,ISIC_0015526,-0.18477151310047255,-0.0638484899306957,0.01390281567501675,0.31055160387186287
squeezenet,integrated_gradients,ISIC_0015526,-0.0987487767157186,-0.025053220746866584,0.028020516642329827,0.3646035709453361
squeezenet,lrp,ISIC_0015526,-0.15433083301892353,-0.02253005116119853,0.04491766141601456,-0.1494094602718297
squeezenet,occlusion,ISIC_0015526,0.3083040456930125,0.25203094938943366,0.2788698329443617,1.355686307595858
squeezenet,saliency,ISIC_0015526,0.10964998396096128,0.11779217006616213,0.185107691728646,0.6450287888166735
squeezenet,deep_lift,ISIC_0015537,-0.19419574184244096,-0.11998335169285737,-0.07767122230593408,0.6979853928237463
squeezenet,gradcam,ISIC_0015537,-0.3548073192495409,-0.09258186507313358,-0.03471152314548714,-0.48637442982711165
squeezenet,guided_backprop,ISIC_0015537,-0.265994606198451,-0.14668778318837344,-0.07625721333922503,0.13964133417812122
squeezenet,integrated_gradients,ISIC_0015537,-0.2866990188903741,-0.13613662832115775,-0.08486256979544754,0.08429234425032901
squeezenet,lrp,ISIC_0015537,-0.3743801959519378,-0.13694658850309782,-0.07922321647483511,-0.6431707124929943
squeezenet,occlusion,ISIC_0015537,-0.2735801130609897,-0.21459368440427287,-0.23552288055168544,0.4051810958937939
squeezenet,saliency,ISIC_0015537,-0.1312809506653767,-0.03999785171807773,0.003754476773071554,0.8245257465678414
squeezenet,deep_lift,ISIC_0015544,-0.38557828961461094,-0.22598580024692524,-0.16799581390615426,0.470498534509598
squeezenet,gradcam,ISIC_0015544,0.002630150538118653,0.012678312925542766,0.0647717456272313,1.147450604463116
squeezenet,guided_backprop,ISIC_0015544,-0.17157875905863926,-0.08214517264208834,-0.004730856443469332,0.33021391861359584
squeezenet,integrated_gradients,ISIC_0015544,-0.43968893868485204,-0.20824805807673963,-0.14248836189492733,0.08771667728815437
squeezenet,lrp,ISIC_0015544,-0.5341064647629088,-0.2525288030022622,-0.18595334046104464,-0.5198810947470193
squeezenet,occlusion,ISIC_0015544,-0.07867185725572272,-0.08065030086586188,-0.07485797813079806,1.441820187268014
squeezenet,saliency,ISIC_0015544,-0.15196843426255371,-0.06049659682415572,-0.008711644640441052,0.9025728654177325
squeezenet,deep_lift,ISIC_0015559,-0.3880275959311259,-0.2023237117591153,-0.14159895880850853,0.2898679296556274
squeezenet,gradcam,ISIC_0015559,0.026721578475922703,-0.04139804102872134,0.006417411678248086,1.5798352741964783
squeezenet,guided_backprop,ISIC_0015559,-0.2726886477677639,-0.13043008999871553,-0.051325200803547265,-0.01040648263441779
squeezenet,integrated_gradients,ISIC_0015559,-0.2908858538516617,-0.09953642842128423,-0.03996485886293948,-0.253190723719115
squeezenet,lrp,ISIC_0015559,-0.2830307987909268,-0.14688702195371303,-0.08603117901187747,0.1478373144104563
squeezenet,occlusion,ISIC_0015559,-0.024533208710525684,0.03212329273239848,0.081796907990598,1.208007523899776
squeezenet,saliency,ISIC_0015559,-0.14991589846482314,-0.06627980947060752,-0.0002705788548615297,0.9192681490205774
squeezenet,deep_lift,ISIC_0015563,-0.09718398061499574,0.05585427317166229,0.13113188933479908,0.2214763012344507
squeezenet,gradcam,ISIC_0015563,0.010975341710646737,0.08972313133590636,0.1507610155530639,0.7743864080146692
squeezenet,guided_backprop,ISIC_0015563,-0.11087807312084717,0.0204018173658566,0.10303455411029984,0.2134526449602273
squeezenet,integrated_gradients,ISIC_0015563,-0.12937283360849117,-0.02121613277501517,0.03927550142909294,0.20605825734749753
squeezenet,lrp,ISIC_0015563,-0.24074861194710367,-0.02935130456448908,0.03542268133030781,-0.5699205284511311
squeezenet,occlusion,ISIC_0015563,-0.012842552095762221,0.04270873600911967,0.06950442070352232,0.43942035973804033
squeezenet,saliency,ISIC_0015563,-0.0878045893601133,0.074594622181595,0.12816595396355304,0.016439790323307026
squeezenet,deep_lift,ISIC_0015566,-0.28035092646454457,-0.18693069394436668,-0.12319607374604194,1.0876024342783561
squeezenet,gradcam,ISIC_0015566,0.06550441385306296,-0.03294467216502222,0.02178359818662846,1.7446653062007271
squeezenet,guided_backprop,ISIC_0015566,-0.15831839303039189,-0.07694832256072298,0.0023983743901827828,0.26297460305268233
squeezenet,integrated_gradients,ISIC_0015566,-0.27597088865784086,-0.183850583172046,-0.12911633212274412,1.1306254848554775
squeezenet,lrp,ISIC_0015566,-0.31234554096643763,-0.2008532054256424,-0.14019447345568936,1.0319245496742
squeezenet,occlusion,ISIC_0015566,0.04010936794941361,-0.0005825018505090324,0.04296669008077391,1.7358166747363388
squeezenet,saliency,ISIC_0015566,-0.15385667291915736,-0.059552055848987755,0.001737525411928993,0.7898282466208982
squeezenet,deep_lift,ISIC_0015568,-0.5131800636576818,-0.23421890227058098,-0.16877256609962943,-0.4247783094559221
squeezenet,gradcam,ISIC_0015568,-0.1175768649914316,-0.07846348014411741,-0.016461303103273553,1.248360290414428
squeezenet,guided_backprop,ISIC_0015568,-0.4476677685577095,-0.23150147222358475,-0.14700683149922456,0.013438848503849915
squeezenet,integrated_gradients,ISIC_0015568,-0.5125946192456808,-0.2626117876414544,-0.19238388476033386,-0.18690396627350567
squeezenet,lrp,ISIC_0015568,-0.4808010277294633,-0.22446941971760773,-0.1581551388646795,-0.10668034500098948
squeezenet,occlusion,ISIC_0015568,-0.2142258108703082,-0.09076925752199731,-0.04935614537779762,1.2194609352571724
squeezenet,saliency,ISIC_0015568,-0.14716410937782787,-0.054272973448549304,0.004507450630703523,0.8935457460821947
squeezenet,deep_lift,ISIC_0015582,-0.21835591208774488,-0.09844391768678967,-0.03546621733396754,-0.37415021747725535
squeezenet,gradcam,ISIC_0015582,0.15071144590331442,0.1324594529630157,0.1925028072632655,0.9178447155752478
squeezenet,guided_backprop,ISIC_0015582,-0.08241893239709887,-0.0032986346032417534,0.08133606788143373,0.1340869616163951
squeezenet,integrated_gradients,ISIC_0015582,-0.14600816092910004,-0.06014467144194546,0.0007332120169620068,0.04759173284610686
squeezenet,lrp,ISIC_0015582,-0.1255562883384193,-0.04000991163616844,0.007234663352375959,0.2602076380600073
squeezenet,occlusion,ISIC_0015582,0.28450593833689825,0.22800635186639168,0.27495569944957465,1.2652457119588296
squeezenet,saliency,ISIC_0015582,0.10409893264029445,0.11589665023619923,0.1772985327400664,0.6284864948176714
squeezenet,deep_lift,ISIC_0015593,-0.08513262097447895,-0.008569451067732348,0.053279139119031545,0.26121454485282536
squeezenet,gradcam,ISIC_0015593,0.3213113707855556,0.1610218836264043,0.21001570696266367,1.9745704333750378
squeezenet,guided_backprop,ISIC_0015593,-0.14104431054265554,-0.04446539468139667,0.03184939346256621,0.3703725905590047
squeezenet,integrated_gradients,ISIC_0015593,-0.18093423881271997,-0.042481302352950424,0.03201486714076751,-0.17877223544675905
squeezenet,lrp,ISIC_0015593,-0.15255891048595321,-0.04975730171104908,0.015134322978092207,0.01162252399008599
squeezenet,occlusion,ISIC_0015593,0.2901074246833556,0.16592897166627119,0.2124455380386761,1.6498554212646872
squeezenet,saliency,ISIC_0015593,0.1751396404356198,0.057756092748459144,0.11256282902027752,1.91363147955407
squeezenet,deep_lift,ISIC_0015603,-0.0533491915722192,0.02446759210989259,0.0895605663897845,0.5403148053456746
squeezenet,gradcam,ISIC_0015603,0.3204233206052777,0.21829944243903696,0.26995924844649116,2.0417048799845623
squeezenet,guided_backprop,ISIC_0015603,-0.3340102755163639,-0.07317725458864265,0.018866933654725023,-0.7226482987929895
squeezenet,integrated_gradients,ISIC_0015603,-0.1285054797972821,0.013101533964117142,0.09290995743647563,0.12328461700820517
squeezenet,lrp,ISIC_0015603,-0.13972593120791285,0.007729888706073463,0.08128647046232573,0.09689911257807224
squeezenet,occlusion,ISIC_0015603,0.07533884195383223,0.047334038065387496,0.07254988848187532,1.4488417359922603
squeezenet,saliency,ISIC_0015603,0.12388717412263696,0.08762826039222757,0.15367347602610207,1.2034646558787803
squeezenet,deep_lift,ISIC_0015607,-0.14199168831117842,0.032800838969417524,0.10906059290028126,-0.017089772892415832
squeezenet,gradcam,ISIC_0015607,0.035038004797224916,0.04123588466541025,0.09252449421788785,1.3128687085748552
squeezenet,guided_backprop,ISIC_0015607,-0.0014380281928847195,0.07566828802272213,0.15772025422941827,-0.10500843167346077
squeezenet,integrated_gradients,ISIC_0015607,0.08984550362986614,0.11478201514043784,0.1794265344287182,0.5249390937114127
squeezenet,lrp,ISIC_0015607,0.011691168869856758,0.09420186465510273,0.16275338807524325,-0.022095972777054027
squeezenet,occlusion,ISIC_0015607,-0.127797522646276,0.02918157907739531,0.05522508973006077,-1.0573546750600313
squeezenet,saliency,ISIC_0015607,0.20105141278790645,0.16172827616542834,0.20878577591113548,1.0063344006797523
squeezenet,deep_lift,ISIC_0015614,-0.14246210333924617,-0.10430016537526345,-0.04075871882015314,1.0436083246879573
squeezenet,gradcam,ISIC_0015614,0.05440163770126256,0.022817405436905625,0.07639393115850562,1.9253227281978995
squeezenet,guided_backprop,ISIC_0015614,-0.39669725238145126,-0.15709085200232858,-0.0671447931259499,-0.14430918400790682
squeezenet,integrated_gradients,ISIC_0015614,0.03569459748639456,-0.003000112244262206,0.052096629819843636,1.1791097807019477
squeezenet,lrp,ISIC_0015614,-0.21452250093934683,-0.10836109724286644,-0.04332697201576871,0.6890755069011143
squeezenet,occlusion,ISIC_0015614,-0.023837606631081112,0.006812767780906684,0.03831842732393418,0.91871121703839
squeezenet,saliency,ISIC_0015614,-0.30761078605190717,-0.10745086718944649,-0.030659435229204345,0.2659330614982516
squeezenet,deep_lift,ISIC_0015617,-0.18259036992323302,-0.05615872943729528,0.01358297099716094,0.29238046150685476
squeezenet,gradcam,ISIC_0015617,0.10854962688028433,0.059165678646491235,0.09707970993507846,1.2619992256719268
squeezenet,guided_backprop,ISIC_0015617,-0.10030419124812685,0.04150369161063455,0.11171875150171005,-0.6353414988247078
squeezenet,integrated_gradients,ISIC_0015617,-0.027731230127752343,0.049262455786506024,0.10890296932505605,0.07266163567363292
squeezenet,lrp,ISIC_0015617,-0.2186301072564133,-0.05705720650081265,0.01442509451191346,0.03906378513974891
squeezenet,occlusion,ISIC_0015617,-0.031159690891684726,0.00654467764782013,0.014937664120298321,0.9695022268255548
squeezenet,saliency,ISIC_0015617,-0.1673740402210814,-0.038512369866882785,0.018358669133045038,0.6669495319871591
squeezenet,deep_lift,ISIC_0015625,-0.295215903005071,-0.1212038608879118,-0.0535140684434528,-0.5050536691307436
squeezenet,gradcam,ISIC_0015625,0.17283131490827588,0.0597055325931482,0.11046775113375613,1.3246470030277673
squeezenet,guided_backprop,ISIC_0015625,-0.25314862797238485,-0.13382896783104645,-0.059516511796325444,0.16964105313954606
squeezenet,integrated_gradients,ISIC_0015625,-0.3090033605735397,-0.0986647026958997,-0.04076161864966722,-0.674011159884443
squeezenet,lrp,ISIC_0015625,-0.19958697866674607,-0.09676202539753717,-0.03273785096581218,0.332442525792941
squeezenet,occlusion,ISIC_0015625,0.1818068249875278,0.11819406756737408,0.1375216047973185,0.9708908566014278
squeezenet,saliency,ISIC_0015625,-0.07301895979486994,0.04915229337056813,0.12341672064184663,-0.34784142766169307
squeezenet,deep_lift,ISIC_0015631,-0.36706540302965546,-0.1519296115673049,-0.08611071329272593,-0.16550643216127553
squeezenet,gradcam,ISIC_0015631,0.3407479480737591,0.19340178936395738,0.24592022615348338,1.9378063281712088
squeezenet,guided_backprop,ISIC_0015631,-0.10659250639352114,-0.024837324293549318,0.05519564534060273,0.526403045955078
squeezenet,integrated_gradients,ISIC_0015631,-0.14639014697741382,-0.04532163123536562,0.012488055189911206,-0.007135111723853768
squeezenet,lrp,ISIC_0015631,-0.3098679899146341,-0.09040291455480517,-0.028396885388030056,-0.9158326971262462
squeezenet,occlusion,ISIC_0015631,0.3802781998815474,0.2732990578422366,0.3154097721358726,1.780262499320842
squeezenet,saliency,ISIC_0015631,0.1372324229900863,0.10765883933676608,0.16442745104052778,0.9996887315856363
squeezenet,deep_lift,ISIC_0015636,-0.23890520087686043,-0.1364914978067564,-0.08293174821116371,0.5218762975283572
squeezenet,gradcam,ISIC_0015636,-0.19997111058394637,-0.03456676006546413,0.0143602563220591,0.38053361344543596
squeezenet,guided_backprop,ISIC_0015636,-0.2787752417446019,-0.15733309866590625,-0.09179181542410332,0.15915615463224128
squeezenet,integrated_gradients,ISIC_0015636,-0.45482693854147427,-0.2510116023018129,-0.19310408207499172,0.2873257963676409
squeezenet,lrp,ISIC_0015636,-0.5333241026106917,-0.2451312984394392,-0.17691945268371445,-0.3675864285949662
squeezenet,occlusion,ISIC_0015636,-0.1639772795921605,-0.07587954108738847,-0.07245419603227755,0.5171247540323889
squeezenet,saliency,ISIC_0015636,-0.1711081317356942,-0.07635882388429731,-0.02538753361476304,0.6410463697802523
squeezenet,deep_lift,ISIC_0015638,-0.4915895719893984,-0.20473617798043237,-0.12524683923551114,-0.39562679255459343
squeezenet,gradcam,ISIC_0015638,-0.008532464336950832,-0.059460054363699714,-0.003754048172436001,2.2077526740653735
squeezenet,guided_backprop,ISIC_0015638,-0.27733308002539336,-0.17532776281919374,-0.09333845807185003,1.0116323984216293
squeezenet,integrated_gradients,ISIC_0015638,-0.23443083007374105,-0.08398356796618643,-0.013272567270887218,0.16029573667657182
squeezenet,lrp,ISIC_0015638,-0.2581006870048288,-0.08226337804947129,-0.016370138993951712,0.04362992124554782
squeezenet,occlusion,ISIC_0015638,-0.049629685232841676,0.059348878036951366,0.0964158454155236,0.7424876359882102
squeezenet,saliency,ISIC_0015638,-0.1636266776399337,-0.02230992915687324,0.044521639066153675,0.6247071826691099
squeezenet,deep_lift,ISIC_0015641,-0.17423582144760213,0.013086558968556539,0.08100825447966965,-0.27515852511425026
squeezenet,gradcam,ISIC_0015641,-0.11157264632345291,0.061707784712616835,0.10684178348802864,-0.6581332129822032
squeezenet,guided_backprop,ISIC_0015641,-0.14455575686821456,-0.01116798299600449,0.08453355805911567,0.06222622248897859
squeezenet,integrated_gradients,ISIC_0015641,-0.09841539015118338,0.057369745691270076,0.1146748607027404,-0.8225818700400915
squeezenet,lrp,ISIC_0015641,0.0372546834846845,0.09340095351114962,0.13792439910986498,0.09717265110227946
squeezenet,occlusion,ISIC_0015641,0.11216353249982591,0.10392991947698282,0.11686552447680845,0.3639085233485686
squeezenet,saliency,ISIC_0015641,-0.029514577946374392,0.11798715203632137,0.174479480294522,-0.6440427092723668
squeezenet,deep_lift,ISIC_0015645,-0.4424347834577959,-0.16151194710223363,-0.08655663679028121,-0.7703515270259725
squeezenet,gradcam,ISIC_0015645,0.1564019250800963,0.186324741609672,0.2555260815613663,1.374609685481867
squeezenet,guided_backprop,ISIC_0015645,-0.04526743081491497,0.058892578575839294,0.15089331051062316,0.3508557917910419
squeezenet,integrated_gradients,ISIC_0015645,-0.2496174890720561,-0.0319571924143916,0.039669553486179385,-0.795229922662314
squeezenet,lrp,ISIC_0015645,-0.28234992142171633,-0.009954965476202475,0.06257726324834204,-1.0584782840518532
squeezenet,occlusion,ISIC_0015645,-0.011539411210486546,0.04148653179702569,0.06859866329083918,1.2514130484865036
squeezenet,saliency,ISIC_0015645,-0.051956319266013504,0.06671640057918975,0.12567016381725032,0.7126526849250808
squeezenet,deep_lift,ISIC_0015936,-0.29988916529036747,-0.1352701568298415,-0.06182720413263131,0.6799718194927721
squeezenet,gradcam,ISIC_0015936,0.2852302418570326,0.211806530378052,0.27802362892237253,2.069037117494795
squeezenet,guided_backprop,ISIC_0015936,-0.1716921793040326,-0.02031325705426419,0.06705778526996917,-0.1744696592867792
squeezenet,integrated_gradients,ISIC_0015936,-0.3144466733249577,-0.14059766461263196,-0.06720135357993308,0.6753992767641344
squeezenet,lrp,ISIC_0015936,-0.3048550022602478,-0.11310792653709721,-0.03943873822353725,0.5269064901926267
squeezenet,occlusion,ISIC_0015936,0.214302516307827,0.12590793679700701,0.15981438495848588,1.3123662168587862
squeezenet,saliency,ISIC_0015936,0.1221434131914664,0.08894495473842576,0.15082730655403082,1.444476696404467
squeezenet,deep_lift,ISIC_0015937,-0.25944156552841163,-0.15587930298118388,-0.0970919338329278,1.0046502694324728
squeezenet,gradcam,ISIC_0015937,0.37170130221099323,0.31384942927244136,0.3801118395141426,2.0607777304720263
squeezenet,guided_backprop,ISIC_0015937,-0.11276216603440398,0.010719114974315458,0.09623783454349003,0.5599864621249979
squeezenet,integrated_gradients,ISIC_0015937,-0.2976733428968905,-0.13206204813978228,-0.0687874026033501,0.5377444627677076
squeezenet,lrp,ISIC_0015937,-0.2760433576325205,-0.11891068028505672,-0.0420303008485286,0.5784310147901682
squeezenet,occlusion,ISIC_0015937,0.30604197768427205,0.21347055844904295,0.25755529214421735,1.4570036727405513
squeezenet,saliency,ISIC_0015937,-0.010488332431626127,0.022608802319048587,0.10594906717618191,1.4853905713416407
squeezenet,deep_lift,ISIC_0015938,-0.23526468331879774,-0.10771995088791243,-0.04902268536532017,0.041996763635731654
squeezenet,gradcam,ISIC_0015938,0.29420203579068743,0.16758089420582883,0.2266437069372724,2.33729119907366
squeezenet,guided_backprop,ISIC_0015938,-0.12529861197254452,0.03857067704242329,0.13049758002607328,0.38155739085908014
squeezenet,integrated_gradients,ISIC_0015938,-0.19625452208833075,-0.0729387606379621,-0.01243623866938673,0.16283407819635914
squeezenet,lrp,ISIC_0015938,-0.16905797172092407,-0.02960500641560675,0.033173453153200666,0.09603252868518632
squeezenet,occlusion,ISIC_0015938,0.3819647219770044,0.27774447082607373,0.3359372100840988,1.9718252664700746
squeezenet,saliency,ISIC_0015938,0.0640950343581421,0.0905113297042271,0.15729839159688627,0.9897031558287079
squeezenet,deep_lift,ISIC_0015939,-0.3367500692049298,-0.14658688993631547,-0.07195528866148813,-0.23872214225265567
squeezenet,gradcam,ISIC_0015939,0.32073137791223766,0.26900459298780555,0.3415349875338738,1.8452177233262077
squeezenet,guided_backprop,ISIC_0015939,-0.1929010448967898,-0.03035725593498176,0.0670566209748865,0.3841829064119957
squeezenet,integrated_gradients,ISIC_0015939,-0.0856746417698332,0.02222688604299012,0.09027708507603786,0.15466034483589514
squeezenet,lrp,ISIC_0015939,-0.09275087558454015,0.03184954818506044,0.09472241963248174,0.031505094440888365
squeezenet,occlusion,ISIC_0015939,0.11552207662222012,0.11041986886383479,0.1469250302677669,1.6228512907688253
squeezenet,saliency,ISIC_0015939,-0.07288386879085398,0.05933204110043876,0.13301326817453665,0.26238697057049065
squeezenet,deep_lift,ISIC_0015940,-0.3130600661467855,-0.13579094001130956,-0.06195968740293507,0.20212337279646567
squeezenet,gradcam,ISIC_0015940,0.46832841350209614,0.37232010986556763,0.45546313646688225,2.3124824107762314
squeezenet,guided_backprop,ISIC_0015940,-0.05704352766911687,0.0189892700819941,0.10258075899526574,0.852319224286977
squeezenet,integrated_gradients,ISIC_0015940,-0.3100695080071035,-0.12268689101438963,-0.04998486591200521,0.2083626449376543
squeezenet,lrp,ISIC_0015940,-0.3329056068956853,-0.12833800403997989,-0.06135098210994335,0.07560811890925062
squeezenet,occlusion,ISIC_0015940,0.3490034487320159,0.2672573517744504,0.32836166665789623,1.7805356531729133
squeezenet,saliency,ISIC_0015940,0.05398223395276354,0.08442021337427297,0.15104394350225547,0.7821505571387926
squeezenet,deep_lift,ISIC_0015941,-0.25492158697252654,-0.0688813625243438,-0.005731612116391942,-0.5457466689909138
squeezenet,gradcam,ISIC_0015941,0.11857397476504411,0.21413708037766385,0.2866670838636003,0.4757955797299951
squeezenet,guided_backprop,ISIC_0015941,-0.19963177951856592,-0.01699355374463136,0.07100235664892524,0.1286334830606512
squeezenet,integrated_gradients,ISIC_0015941,-0.216333005806487,-0.08352664015128701,-0.015079304362260088,-0.0168334404322963
squeezenet,lrp,ISIC_0015941,-0.4136254451775518,-0.16796164229201943,-0.0922088785274859,-0.20656430270139506
squeezenet,occlusion,ISIC_0015941,0.09801237801522826,0.13965438152103044,0.17715290658670507,0.24753450462992643
squeezenet,saliency,ISIC_0015941,-0.14712022161212857,-0.004715587664327498,0.08037472358088443,0.41047176654736406
squeezenet,deep_lift,ISIC_0015942,-0.11505263959637686,-0.06746814180464482,-0.011676099048617623,0.7000545625615391
squeezenet,gradcam,ISIC_0015942,0.2595902001873526,0.21569520658255054,0.28472286938865254,1.5821236704164057
squeezenet,guided_backprop,ISIC_0015942,-0.051414877451965615,0.0378246235981912,0.12246608167909222,0.7858363023696785
squeezenet,integrated_gradients,ISIC_0015942,-0.3416919354650499,-0.159397399570971,-0.08413655302768723,0.2824465783579294
squeezenet,lrp,ISIC_0015942,-0.3233536750531439,-0.12751848542413233,-0.05171872117039515,0.3111300408582303
squeezenet,occlusion,ISIC_0015942,0.2579455797456868,0.20071921148286692,0.25522959315138133,1.2247911721875986
squeezenet,saliency,ISIC_0015942,-0.09713811730789668,-0.015764173455858142,0.06493243641345428,1.084431490271895
squeezenet,deep_lift,ISIC_0015943,-0.17674904709625014,-0.06423270350625002,0.0066412607358290535,0.28854022461902407
squeezenet,gradcam,ISIC_0015943,-0.03550816609101762,-0.05801742476557366,-0.02747741308101929,0.9394969209592957
squeezenet,guided_backprop,ISIC_0015943,-0.10216744804683911,0.021044333759710772,0.10476948989848704,0.46308985907467026
squeezenet,integrated_gradients,ISIC_0015943,-0.25409209938482025,-0.08667271671884305,-0.012593038636103308,-0.1824969424697149
squeezenet,lrp,ISIC_0015943,-0.250213042138805,-0.07438441124940032,0.0011970352378931474,-0.23355231360298237
squeezenet,occlusion,ISIC_0015943,0.17263224153801202,0.1362686690243669,0.1732702374227601,1.0327908313246934
squeezenet,saliency,ISIC_0015943,-0.22672762288679796,-0.0395468587336715,0.03823849845549303,0.22710438430454197
squeezenet,deep_lift,ISIC_0015944,-0.214472593673948,-0.02425271704431121,0.06043616873356661,-0.21470107090135257
squeezenet,gradcam,ISIC_0015944,-0.03633280909191256,-0.005749828675025455,0.03814421779029691,1.0287598336927994
squeezenet,guided_backprop,ISIC_0015944,-0.11455661259689628,-0.03257385594179863,0.04477777029581443,0.4677016383611898
squeezenet,integrated_gradients,ISIC_0015944,-0.06469339806116195,-0.01656867953072188,0.049076809078605094,0.8790036739200205
squeezenet,lrp,ISIC_0015944,0.07810389578967597,0.07382004951103906,0.12763489810661643,0.6298585653739714
squeezenet,occlusion,ISIC_0015944,0.006550245151178442,-0.02667686041653677,-0.017593712891955385,1.1794200828917338
squeezenet,saliency,ISIC_0015944,-0.04093496800765786,0.07452217759221376,0.11646642230081544,0.3769589835087203
squeezenet,deep_lift,ISIC_0015945,0.07944784230307997,0.046278212590221926,0.10193590378903873,1.2423221834826979
squeezenet,gradcam,ISIC_0015945,0.3091218601024891,0.2604205349276894,0.3281762866876195,1.7441686761553035
squeezenet,guided_backprop,ISIC_0015945,-0.12762365690845764,0.01869918047930723,0.1068268103788925,-0.18228837690106653
squeezenet,integrated_gradients,ISIC_0015945,-0.09421995328592478,-0.04526830307367971,0.029176891680935905,1.2710421715182068
squeezenet,lrp,ISIC_0015945,-0.23147869175714697,-0.07269082637221971,0.005121489956769926,0.09519257875829516
squeezenet,occlusion,ISIC_0015945,0.16748859440495767,0.10587597214119979,0.14512813795433183,1.8521359601053304
squeezenet,saliency,ISIC_0015945,-0.04673064240713911,-0.005443518529222119,0.0662035439859977,1.3135847116441792
squeezenet,deep_lift,ISIC_0015946,-0.12117927001288833,-0.004058918920859388,0.07214998251915095,-0.19381018662780558
squeezenet,gradcam,ISIC_0015946,0.2833481815282758,0.23626987297717236,0.2988097573326708,1.6443501401946155
squeezenet,guided_backprop,ISIC_0015946,-0.024116671200680777,0.02942454625175893,0.10714829263307475,0.5262118089502752
squeezenet,integrated_gradients,ISIC_0015946,-0.18153503123617756,0.004292604675910773,0.08902067725322213,-0.6110027066067081
squeezenet,lrp,ISIC_0015946,-0.19460246855484362,-0.005758368994538685,0.06929567734939504,-0.6743471068833022
squeezenet,occlusion,ISIC_0015946,0.08039378879706088,0.05530076134182395,0.0864768771747769,1.3788991095183358
squeezenet,saliency,ISIC_0015946,-0.0749209894182599,0.0003096405998230913,0.06628204820256263,1.0804656304550468
squeezenet,deep_lift,ISIC_0015947,-0.2918680745450747,-0.14893765873455322,-0.08621180979278277,-0.024543005038250406
squeezenet,gradcam,ISIC_0015947,0.33396770950322646,0.20753133136635993,0.2611906904903473,2.1616261619650947
squeezenet,guided_backprop,ISIC_0015947,-0.20389670241570346,-0.08688836643034564,-0.010728450317396693,0.41355951146610415
squeezenet,integrated_gradients,ISIC_0015947,-0.24731525695102335,-0.09010798859949325,-0.03297139064846283,0.022434232388160065
squeezenet,lrp,ISIC_0015947,-0.3428189001731945,-0.12708384341952772,-0.06958638049697072,-0.5602343741578529
squeezenet,occlusion,ISIC_0015947,0.27183108344311263,0.16962532284580464,0.2015028072910379,1.5910062995705372
squeezenet,saliency,ISIC_0015947,0.10023465133218303,0.039748888243866055,0.0882591593378129,1.6901415112757487
squeezenet,deep_lift,ISIC_0015948,-0.27337057825434247,-0.10423509935892868,-0.04635278261276949,-0.2900976338740403
squeezenet,gradcam,ISIC_0015948,0.29040342925336987,0.15757304957467244,0.21423254206410586,2.2873126901088185
squeezenet,guided_backprop,ISIC_0015948,-0.20372671602426315,-0.044029479568570826,0.039073775640370054,-0.15222642348333731
squeezenet,integrated_gradients,ISIC_0015948,-0.12760867775303272,-0.02722108200561056,0.032924737373578636,0.4629992596277592
squeezenet,lrp,ISIC_0015948,-0.3335319186554225,-0.13508827430078085,-0.06850933126338048,0.24358531393897584
squeezenet,occlusion,ISIC_0015948,0.282752232368779,0.21617234675424726,0.2548467221637763,1.4107385321295112
squeezenet,saliency,ISIC_0015948,0.10840096316193867,0.09580201176363314,0.15989008803215476,1.3752455302051165
squeezenet,deep_lift,ISIC_0015949,-0.5401916533280609,-0.2269107659739027,-0.15421833957389736,-0.9744031696520954
squeezenet,gradcam,ISIC_0015949,0.19553364114469202,0.2083666953639116,0.26655424695112934,1.3170773880981848
squeezenet,guided_backprop,ISIC_0015949,-0.20087084832544183,0.012254315585743162,0.10260131744248979,-0.33974964778393874
squeezenet,integrated_gradients,ISIC_0015949,-0.4990619844296377,-0.18419889843677803,-0.11543093638565889,-0.8195376846613351
squeezenet,lrp,ISIC_0015949,-0.43816543314969414,-0.1500595924204209,-0.07964761907969688,-0.6452165820899723
squeezenet,occlusion,ISIC_0015949,0.21320714390191658,0.17028026351040643,0.203278657895864,1.0194004309025557
squeezenet,saliency,ISIC_0015949,0.07059665174218398,0.09332535012596035,0.15689185570316314,0.9154021574173488
squeezenet,deep_lift,ISIC_0015950,-0.12873157295240822,-0.040230904268265734,0.03544869458623187,0.5437250520562305
squeezenet,gradcam,ISIC_0015950,-0.015659646908814225,0.07009946442895255,0.12974892996627121,1.3296210701956082
squeezenet,guided_backprop,ISIC_0015950,-0.030405129258890152,0.07209876038577466,0.15511520742405033,-0.17793755186458826
squeezenet,integrated_gradients,ISIC_0015950,0.00689079246247557,0.05067048377634453,0.1239672721356395,0.24840728907129167
squeezenet,lrp,ISIC_0015950,0.11646817291194111,0.10975708615084659,0.16073035875405775,0.7321364385247808
squeezenet,occlusion,ISIC_0015950,0.23750248724513434,0.14233529595711475,0.16886704232829505,1.3611961314606802
squeezenet,saliency,ISIC_0015950,0.1071286859622546,0.12952727971708108,0.1871584173502555,0.5019753028850359
squeezenet,deep_lift,ISIC_0015951,-0.2881675583046073,-0.06541252538098985,0.013207270188793157,-0.5657395086861583
squeezenet,gradcam,ISIC_0015951,-0.168327228574593,-0.0181997742292936,0.05008072505779987,0.31092283080091876
squeezenet,guided_backprop,ISIC_0015951,-0.0032243641199993936,-0.005560518415586104,0.06236243345546729,0.48991956823339283
squeezenet,integrated_gradients,ISIC_0015951,0.026261735748326,0.07876742686665587,0.13278608507706036,0.24575129283102023
squeezenet,lrp,ISIC_0015951,-0.08018419380799621,0.03992107783943673,0.09116476484751321,0.4478620080824368
squeezenet,occlusion,ISIC_0015951,-0.14409764617159534,-0.04242012944198981,-0.022750707802752044,0.061434484803145326
squeezenet,saliency,ISIC_0015951,-0.008838962274941109,0.06882801965616574,0.11536520658144207,0.7237191527490041
squeezenet,deep_lift,ISIC_0015952,-0.1927049603909124,-0.05508091561344282,0.022033849150179023,0.26477426416483685
squeezenet,gradcam,ISIC_0015952,0.234793081411824,0.11764228152008004,0.16861871243322565,2.2624083565798716
squeezenet,guided_backprop,ISIC_0015952,-0.21361840804227455,-0.004330901530973084,0.08812757180076733,-0.21032848441260346
squeezenet,integrated_gradients,ISIC_0015952,-0.19256529331849212,-0.026697853870171328,0.056618687412514745,0.19988895889963756
squeezenet,lrp,ISIC_0015952,-0.18053650163272106,-0.016756965259026733,0.0671333657656547,0.22114282712789507
squeezenet,occlusion,ISIC_0015952,0.3377010620777756,0.18327634290141687,0.2346261311264519,2.106162008526843
squeezenet,saliency,ISIC_0015952,-0.11337589354745224,-0.053578455019128786,0.029161763742007536,1.485212962721088
squeezenet,deep_lift,ISIC_0015953,-0.0027007291831104598,0.03793482149814103,0.11854673341051537,0.8823106086854531
squeezenet,gradcam,ISIC_0015953,0.3553553357328741,0.2554153545903026,0.31267830470018365,2.3099857787066296
squeezenet,guided_backprop,ISIC_0015953,-0.44508653054251524,-0.10653586960004398,-0.002001398924697034,-1.1413039833535648
squeezenet,integrated_gradients,ISIC_0015953,-0.020440114062138668,0.07131569211176468,0.15743315533200855,0.5306056439951135
squeezenet,lrp,ISIC_0015953,0.006787704303655397,0.06387872572128668,0.14732033729758787,0.7891665372759259
squeezenet,occlusion,ISIC_0015953,0.16348380628705605,0.1227465559093751,0.16392873331993751,2.067734361193876
squeezenet,saliency,ISIC_0015953,0.05658915473520738,0.09397636094897992,0.17301903649344635,0.8728883394775386
squeezenet,deep_lift,ISIC_0015954,-0.4902906516282382,-0.21664303184319564,-0.13752466123548768,-0.5636421296583851
squeezenet,gradcam,ISIC_0015954,0.5911412556902675,0.39375365529186845,0.4631063693898891,3.400170791800425
squeezenet,guided_backprop,ISIC_0015954,-0.2469291332777815,-0.07198202144940259,0.02293955405350055,0.4172089876098715
squeezenet,integrated_gradients,ISIC_0015954,-0.2651444464817477,-0.06895616020628606,-0.0031352545000318164,-0.3817034197290311
squeezenet,lrp,ISIC_0015954,-0.42059077906046594,-0.18186596444785424,-0.10035883558790454,-0.3003289235373318
squeezenet,occlusion,ISIC_0015954,0.5033868679709951,0.29784638735442337,0.35007384149011034,2.847613960582911
squeezenet,saliency,ISIC_0015954,0.20349280915470674,0.11765151464923304,0.1872827258272022,1.8250279314972806
squeezenet,deep_lift,ISIC_0015955,-0.2600788033523862,-0.13819756327309973,-0.08212414159993421,0.07032776113247187
squeezenet,gradcam,ISIC_0015955,-0.2590617388734923,-0.33773234852691963,-0.33701388591226167,1.4506179687395546
squeezenet,guided_backprop,ISIC_0015955,-0.10453360997478019,-0.09020878551731246,-0.03586197971370542,0.2788065175226359
squeezenet,integrated_gradients,ISIC_0015955,-0.20393911577480994,-0.07655847198207272,-0.02525130730927582,0.07652013074963775
squeezenet,lrp,ISIC_0015955,-0.1731411109281841,-0.037243667023184115,0.01101662496539918,0.07753122772108124
squeezenet,occlusion,ISIC_0015955,-0.046267645555157694,-0.08634807283259453,-0.07598709786374373,1.098589769548568
squeezenet,saliency,ISIC_0015955,0.06741797927881243,0.12250668630177265,0.16311932554459047,0.2215752535620318
squeezenet,deep_lift,ISIC_0015956,-0.4627707287168492,-0.22073203392575427,-0.1475817027966648,-0.41482731755580055
squeezenet,gradcam,ISIC_0015956,0.42474414706700475,0.25317462338743896,0.3163150627043273,2.6768755111099596
squeezenet,guided_backprop,ISIC_0015956,-0.06777674024830543,0.02631167803123661,0.11259995902675542,0.4152043695200597
squeezenet,integrated_gradients,ISIC_0015956,-0.3938773385037095,-0.14731801248351045,-0.07094916813402938,-0.23511952283860882
squeezenet,lrp,ISIC_0015956,-0.3386733924101812,-0.13581756563105934,-0.06737756357529505,-0.014946445006956908
squeezenet,occlusion,ISIC_0015956,0.4462042773336911,0.2898251526898554,0.3488042613662495,2.3906727009316344
squeezenet,saliency,ISIC_0015956,0.16173145730584443,0.11246039378802107,0.17393888438071356,1.4876325138217046
squeezenet,deep_lift,ISIC_0015957,-0.10949125529752037,0.055964596568917536,0.11762884718821667,0.1826144140129913
squeezenet,gradcam,ISIC_0015957,-0.06232425848869432,0.03764426615343026,0.09390793202967528,0.8673730935673698
squeezenet,guided_backprop,ISIC_0015957,-0.13238128327036228,0.04291894972618978,0.12974720973424997,0.05921220639632446
squeezenet,integrated_gradients,ISIC_0015957,-0.2303316184047241,0.03015757197732189,0.09241495881380685,-0.7605624637774276
squeezenet,lrp,ISIC_0015957,-0.21533429266242543,0.025372898630973195,0.08286900490787112,-0.6276949494679054
squeezenet,occlusion,ISIC_0015957,-0.3614328121598837,-0.06071237845291667,-0.024884221047961196,-0.5167995045824574
squeezenet,saliency,ISIC_0015957,0.1061406355490035,0.1865049833914786,0.2355287241968887,0.17793057281297578
squeezenet,deep_lift,ISIC_0015958,-0.28865802731499984,-0.06271096476386052,0.006583715396543974,-0.7589771749514045
squeezenet,gradcam,ISIC_0015958,-0.15377598934665057,0.006671501619354731,0.07740789681688835,0.09270343863648656
squeezenet,guided_backprop,ISIC_0015958,-0.02451069769381707,0.017253923051930676,0.10180425393355727,1.0110051996625817
squeezenet,integrated_gradients,ISIC_0015958,-0.19978135360826998,-0.02339481822952647,0.0310279526043645,-0.2664888577817516
squeezenet,lrp,ISIC_0015958,-0.4235075396141796,-0.03869201904788883,0.01374336610720655,-0.8951122775621531
squeezenet,occlusion,ISIC_0015958,-0.05471936528154033,0.08597142148627403,0.12969392991692302,0.002631983998061055
squeezenet,saliency,ISIC_0015958,-0.03784001995053458,0.07478992225182293,0.1248104198664196,0.4785495757763674
squeezenet,deep_lift,ISIC_0015959,-0.5133301117874882,-0.25896495647854684,-0.20012135213522383,-0.4461447217605698
squeezenet,gradcam,ISIC_0015959,0.11455963518732978,0.061623659779804656,0.09142733249348604,1.236821152123844
squeezenet,guided_backprop,ISIC_0015959,-0.25737305345781725,-0.08559044372183541,-0.002331554724179185,-0.4791856769477078
squeezenet,integrated_gradients,ISIC_0015959,-0.48898379669050157,-0.22091657503679132,-0.16618110100676772,-0.37048960415926174
squeezenet,lrp,ISIC_0015959,-0.25415373774375216,-0.08078294930672032,-0.03234342739939982,-0.25382301480453584
squeezenet,occlusion,ISIC_0015959,0.21866943049491236,0.18277754706782018,0.21029311785740804,1.075921443558156
squeezenet,saliency,ISIC_0015959,0.0018450234073939746,0.07911446259326357,0.1502139059767183,0.40240588792677345
squeezenet,deep_lift,ISIC_0015960,-0.14525856930196987,-0.059727534307935995,0.0042836435129550545,0.056512018654703816
squeezenet,gradcam,ISIC_0015960,0.2872554856177787,0.29303349009709,0.37390744706868806,1.5912223021338168
squeezenet,guided_backprop,ISIC_0015960,-0.09193762450881639,0.030308963325385876,0.12033252341119934,0.14938228593307232
squeezenet,integrated_gradients,ISIC_0015960,-0.15379549335471554,-0.004292272236680719,0.07025318807633107,-0.20389218686684926
squeezenet,lrp,ISIC_0015960,-0.24130018553148508,-0.09926181469052896,-0.018163364812631266,0.44543527643527964
squeezenet,occlusion,ISIC_0015960,0.08294565743361593,0.12806957396749197,0.18053473860179742,1.3973336240725258
squeezenet,saliency,ISIC_0015960,-0.029361270827504452,0.04682237072438325,0.12405616675184199,0.8136491236019433
squeezenet,deep_lift,ISIC_0015961,-0.22109560075635748,-0.047234321607424704,0.027968976447118044,-0.6377192122510932
squeezenet,gradcam,ISIC_0015961,0.4106129689356676,0.2760644042812524,0.34175394440305473,2.9179487328230067
squeezenet,guided_backprop,ISIC_0015961,-0.16454719950988897,0.01615442653153909,0.10988454791762271,-0.30661954024982924
squeezenet,integrated_gradients,ISIC_0015961,-0.36440552166801193,-0.10972841368018124,-0.02535474127740885,-0.44237683986976695
squeezenet,lrp,ISIC_0015961,-0.44427924777420347,-0.13868463657052799,-0.04982210370947969,-0.996778558652008
squeezenet,occlusion,ISIC_0015961,0.2705004564286841,0.1812096613249039,0.2306469054278287,2.6811943900414215
squeezenet,saliency,ISIC_0015961,-0.036186930684383986,0.05590296045968123,0.13013982109312758,0.6914505825757095
squeezenet,deep_lift,ISIC_0015962,-0.42147611211580666,-0.18195028964177215,-0.09990908488709235,-0.2685033857584978
squeezenet,gradcam,ISIC_0015962,0.41115720067386335,0.23618954528651215,0.2918218667532636,2.919770246976036
squeezenet,guided_backprop,ISIC_0015962,-0.16947576327078762,0.01453202385120609,0.1055680735504695,-0.09272681204818502
squeezenet,integrated_gradients,ISIC_0015962,-0.4739486820880334,-0.18667957526724313,-0.11425462889907911,-0.5595897002931937
squeezenet,lrp,ISIC_0015962,-0.4593093362787157,-0.15086409485067606,-0.07315540612957255,-0.6557615810391125
squeezenet,occlusion,ISIC_0015962,0.4374745662723015,0.26288220219274877,0.31101859158558237,2.455615761970411
squeezenet,saliency,ISIC_0015962,0.3053062148075857,0.17315745730775006,0.23366236857358383,2.2650279371912587
squeezenet,deep_lift,ISIC_0015963,-0.5007681351955613,-0.21550889225062042,-0.14417437896225335,-0.6392720420759177
squeezenet,gradcam,ISIC_0015963,0.4603085579090152,0.2919009503820758,0.3447384263323376,2.8275380317062693
squeezenet,guided_backprop,ISIC_0015963,-0.1901797796190872,-0.008171455905945615,0.08174904137652243,-0.29010499759778857
squeezenet,integrated_gradients,ISIC_0015963,-0.21410833839009705,-0.03866219290122562,0.020379473776810347,-0.14931037056134253
squeezenet,lrp,ISIC_0015963,-0.12973324152229535,-0.009714221946790091,0.04790275584931404,0.2326727699226544
squeezenet,occlusion,ISIC_0015963,0.4246950272856034,0.25214073206589,0.2910221830799887,2.419908076358632
squeezenet,saliency,ISIC_0015963,0.25677618646443046,0.15271751892174742,0.21245649107548514,1.908658584720358
squeezenet,deep_lift,ISIC_0015964,-0.23965687909280084,-0.08161334448228323,-0.004520769717998774,-0.11253281099161046
squeezenet,gradcam,ISIC_0015964,0.3703926335007247,0.31221688785808427,0.38141372618111086,2.0578917369298098
squeezenet,guided_backprop,ISIC_0015964,-0.0726794078630693,0.01959599925393956,0.10423906117268687,0.5968253769004381
squeezenet,integrated_gradients,ISIC_0015964,-0.2520683068153329,-0.08576859295428907,-0.008757453426634868,-0.09362959175730542
squeezenet,lrp,ISIC_0015964,-0.29815388234547774,-0.07362175869482857,0.001686955320481041,-0.6269317599498866
squeezenet,occlusion,ISIC_0015964,0.18367814985177985,0.15379969424777257,0.225215385003585,1.9017064967932589
squeezenet,saliency,ISIC_0015964,-0.12967593112424292,-0.016627983062786972,0.05449438283891388,0.9634018396432181
squeezenet,deep_lift,ISIC_0015965,-0.1602346142163277,-0.09868539910595664,-0.03604113890377497,0.37252800012616727
squeezenet,gradcam,ISIC_0015965,0.3408096753166768,0.17993152566435988,0.23372937583866868,2.5560377569240336
squeezenet,guided_backprop,ISIC_0015965,-0.17335154578739081,-0.0002936883492001658,0.08879296201346458,-0.08134168915380612
squeezenet,integrated_gradients,ISIC_0015965,-0.34745648110573585,-0.1396499301580548,-0.06159466476984634,-0.06241694659760031
squeezenet,lrp,ISIC_0015965,-0.4243523450890211,-0.17771878434575686,-0.10460819831288728,-0.48507951351068024
squeezenet,occlusion,ISIC_0015965,0.40530234070219817,0.23802682898159672,0.2808436665215475,2.231632680649053
squeezenet,saliency,ISIC_0015965,0.012997041436779901,0.044220442533445786,0.11167565480390318,0.7602152330625765
squeezenet,deep_lift,ISIC_0015966,-0.046852438987514296,-0.03589722286313519,0.02383425088918971,0.644586599037368
squeezenet,gradcam,ISIC_0015966,0.46040656526253704,0.26534642585845136,0.3139419189573242,2.8735017359043744
squeezenet,guided_backprop,ISIC_0015966,-0.328046151134571,-0.07953827216667785,0.023960194175493395,-0.3620397128405203
squeezenet,integrated_gradients,ISIC_0015966,-0.32550369114108557,-0.12281052095912494,-0.0499537891003298,-0.114553072414957
squeezenet,lrp,ISIC_0015966,-0.3767305486364312,-0.130091367671397,-0.05205925408064644,-0.3867396572411536
squeezenet,occlusion,ISIC_0015966,0.28322637866792927,0.15705650318078768,0.1789848437986683,2.726105631275162
squeezenet,saliency,ISIC_0015966,-0.18834121339787938,-0.05688517141625381,0.016855643338120934,1.046300003848282
squeezenet,deep_lift,ISIC_0015967,-0.4738478823414369,-0.23261028485452195,-0.17110313669715743,-0.21197413012855237
squeezenet,gradcam,ISIC_0015967,-0.1061955559840817,-0.11800562810377928,-0.09578778364253386,0.21291241873937894
squeezenet,guided_backprop,ISIC_0015967,-0.1010578043687939,-0.022096177166725336,0.036829143255844646,0.43892933491517117
squeezenet,integrated_gradients,ISIC_0015967,-0.4357270103276609,-0.20824207224229957,-0.16077423926452825,-0.0025438786233176274
squeezenet,lrp,ISIC_0015967,-0.21953276283239884,-0.0646923738137764,-0.014769165891738205,-0.06020334163156281
squeezenet,occlusion,ISIC_0015967,-0.09551160229423565,-0.08258587074915143,-0.0625848806184364,0.7444544463023599
squeezenet,saliency,ISIC_0015967,-0.19248633232940152,0.023582867069018493,0.09967733500055635,-0.704784637688769
squeezenet,deep_lift,ISIC_0015968,-0.17821443706761644,0.03432786504228505,0.11951648107866925,-0.21997084103552833
squeezenet,gradcam,ISIC_0015968,-0.004820896352450034,0.10103823928631266,0.15969194861316421,0.7428126656254923
squeezenet,guided_backprop,ISIC_0015968,-0.1252798895231493,0.005000521758904004,0.09345169099223462,0.1757753281053006
squeezenet,integrated_gradients,ISIC_0015968,-0.3756445637903647,-0.060782898026881214,0.038333815538252575,-1.408059455561074
squeezenet,lrp,ISIC_0015968,-0.3098229576667563,-0.042225541825957155,0.045080328899385826,-1.0307131621644647
squeezenet,occlusion,ISIC_0015968,0.04144542754979972,-0.03790958881785096,-0.029611723886736215,1.4414113357405038
squeezenet,saliency,ISIC_0015968,-0.15806256292383283,0.03041243831986494,0.09414968924691981,-0.3391524534515063
squeezenet,deep_lift,ISIC_0015969,-0.12040367844225572,-0.07323527054688253,-0.01677759073198689,1.0112158534513975
squeezenet,gradcam,ISIC_0015969,0.24436223881715305,0.19231486591086291,0.2251198060036691,1.3285775462789777
squeezenet,guided_backprop,ISIC_0015969,-0.010133434397782996,0.03652062731136329,0.11148432364295459,0.6162928277286555
squeezenet,integrated_gradients,ISIC_0015969,-0.16617190276812607,-0.06715210447190786,-0.012892931348854199,0.6087628889822536
squeezenet,lrp,ISIC_0015969,-0.22637309155103483,-0.08359826186977692,-0.019970413295670432,0.24727763523161678
squeezenet,occlusion,ISIC_0015969,-0.05919048410877574,-0.13815719006920052,-0.12333767565919868,2.3447048935640775
squeezenet,saliency,ISIC_0015969,-0.09471155050403383,-0.024783749370714134,0.032190158049331716,1.2335078427915847
squeezenet,deep_lift,ISIC_0015971,-0.34693340351982194,-0.1256920533948429,-0.05478248713294802,-0.8610498896296286
squeezenet,gradcam,ISIC_0015971,-0.018204416380935957,0.2244968407022906,0.2997151915723178,-0.5489301789538212
squeezenet,guided_backprop,ISIC_0015971,-0.043223547183722066,0.029749202467970325,0.11137512749159598,0.895206064292478
squeezenet,integrated_gradients,ISIC_0015971,-0.23359578126677286,-0.09688795731011854,-0.039386264627665604,0.011019753056537962
squeezenet,lrp,ISIC_0015971,-0.2898059967755584,-0.1006379993620323,-0.032622125229680936,-0.5993799662385457
squeezenet,occlusion,ISIC_0015971,-0.003294643868387157,0.11121384017554159,0.1545271757467059,-0.3776250524712349
squeezenet,saliency,ISIC_0015971,-0.14400011814835706,0.03405776869741917,0.10567821166657446,-0.39949780321331246
squeezenet,deep_lift,ISIC_0015972,-0.22694857161199897,-0.0630303746632004,0.023006511870928312,-0.2957875209339975
squeezenet,gradcam,ISIC_0015972,-0.2255847992691547,-0.11000628634418656,-0.0526323889259078,0.22656877414932675
squeezenet,guided_backprop,ISIC_0015972,0.03278548977836539,0.09501321434023849,0.16493789225536545,0.10274152213999264
squeezenet,integrated_gradients,ISIC_0015972,0.04696461432564343,0.05540970072501986,0.12282420914804149,0.39440078750368635
squeezenet,lrp,ISIC_0015972,0.02762837554562111,0.036721327698626384,0.10552701283189994,0.31250987812813524
squeezenet,occlusion,ISIC_0015972,0.133859258838963,0.09713777229614066,0.11389347553600791,0.7198807109978083
squeezenet,saliency,ISIC_0015972,-0.14053431548709971,0.06683879581260747,0.1360796015138206,-1.2793474261137754
squeezenet,deep_lift,ISIC_0015973,-0.19627989125030396,-0.03953158980108856,0.02618883126672791,-0.05209245637104833
squeezenet,gradcam,ISIC_0015973,-0.05983235796533247,0.02634410793233108,0.0699043066585342,0.22875532384179215
squeezenet,guided_backprop,ISIC_0015973,-0.0697656310142908,0.022612703644828536,0.08941920030154624,0.6897753171052806
squeezenet,integrated_gradients,ISIC_0015973,0.0530347389686516,0.10258422279451296,0.13623695447547027,0.27446596872750706
squeezenet,lrp,ISIC_0015973,-0.15379836765380936,-0.0188313319292739,0.03389526552114447,0.18834776902432734
squeezenet,occlusion,ISIC_0015973,0.02439324155846835,0.021406059944626018,0.029060832189128034,0.4434626044504852
squeezenet,saliency,ISIC_0015973,-0.050061466540742804,0.0760737468421261,0.12381784898676634,0.4453240878702268
squeezenet,deep_lift,ISIC_0015974,-0.39768600564965656,-0.2177101933946616,-0.15643221879116403,0.12411807330308458
squeezenet,gradcam,ISIC_0015974,0.09719352187275736,0.050558721055221204,0.10001101403683091,1.4971482034055288
squeezenet,guided_backprop,ISIC_0015974,-0.32816353449444674,-0.14792680576951833,-0.059645316657501765,0.17297145290528043
squeezenet,integrated_gradients,ISIC_0015974,-0.37361641221183584,-0.20745061862882339,-0.14580179264815082,0.2804707007720004
squeezenet,lrp,ISIC_0015974,-0.3919326497591498,-0.17085053410448012,-0.11118446586589321,-0.2429642699341054
squeezenet,occlusion,ISIC_0015974,0.1791380947356239,0.14146735863345714,0.19060961470851073,1.6669723787995783
squeezenet,saliency,ISIC_0015974,0.06846226119162083,0.09425548324165886,0.15194693030817583,0.6507007611457208
squeezenet,deep_lift,ISIC_0015975,-0.20552840224507807,-0.10287178260571546,-0.04150045913680932,0.3270542949585681
squeezenet,gradcam,ISIC_0015975,0.22481261916284118,0.220159306100086,0.2919163223413112,1.3622803939882955
squeezenet,guided_backprop,ISIC_0015975,-0.06401993879203545,0.016213469530225535,0.09625759079610875,0.843132081342822
squeezenet,integrated_gradients,ISIC_0015975,-0.24546622573509636,-0.07152350663912684,-0.0013532688978602555,-0.12222355387394028
squeezenet,lrp,ISIC_0015975,-0.21266223932739572,-0.08368242523897089,-0.018054090872966708,-0.06421516976867477
squeezenet,occlusion,ISIC_0015975,0.061715893578619105,0.0667314599580189,0.10456728296444577,0.3981580451164446
squeezenet,saliency,ISIC_0015975,0.00807223354211734,0.06418315713954395,0.14111065969832243,0.5048800537733175
squeezenet,deep_lift,ISIC_0015976,-0.21479290938380324,-0.09368862550598533,-0.023350522395540058,-0.12498996017613243
squeezenet,gradcam,ISIC_0015976,0.22669855877408945,0.16672054512060447,0.23441664273847065,1.595745020661969
squeezenet,guided_backprop,ISIC_0015976,-0.024579428066008074,0.03804496722277107,0.12041604846690196,0.8374858270937307
squeezenet,integrated_gradients,ISIC_0015976,-0.4439651096248109,-0.18394296170314803,-0.10734884205029102,-0.39062330712720134
squeezenet,lrp,ISIC_0015976,-0.4423576059823201,-0.17037006844149283,-0.09111756947104556,-0.32926136049829163
squeezenet,occlusion,ISIC_0015976,0.20448709142170607,0.19776351120642272,0.2515893982435466,0.8440380758119372
squeezenet,saliency,ISIC_0015976,-0.14415046148418853,-0.0050133497638066215,0.0783067690409321,0.5894117923163454
squeezenet,deep_lift,ISIC_0015978,-0.17347487921682445,-0.033181103714858495,0.03341169243917606,0.10881589815884031
squeezenet,gradcam,ISIC_0015978,-0.02058780775832849,0.11678263107443251,0.17767676415229455,0.717452294120341
squeezenet,guided_backprop,ISIC_0015978,-0.1787978489700559,0.03606987951872102,0.1098098514695241,-0.34173320049486855
squeezenet,integrated_gradients,ISIC_0015978,-0.1741222063380654,0.009551579736308114,0.06972465330718589,-0.136931960099536
squeezenet,lrp,ISIC_0015978,-0.10755623970964699,0.038835797279397316,0.08769998510651497,0.23462040158316141
squeezenet,occlusion,ISIC_0015978,-0.0077480889137519545,0.04883989747578358,0.08353349400765177,0.5511432527059568
squeezenet,saliency,ISIC_0015978,0.035965174755585985,0.11447821645016965,0.15972098704112506,0.8823980941198345
squeezenet,deep_lift,ISIC_0015979,-0.4270051656130949,-0.18140395045909644,-0.10408469598442033,-0.32070280845996324
squeezenet,gradcam,ISIC_0015979,0.489643983977151,0.29905774775853444,0.36562653722863936,2.7511311548447006
squeezenet,guided_backprop,ISIC_0015979,-0.1538197555709345,-0.002818556055324267,0.08444566792401949,0.08874325731307592
squeezenet,integrated_gradients,ISIC_0015979,-0.2058667289920991,-0.06868943244007308,-0.0016881402214726205,0.7557435843399216
squeezenet,lrp,ISIC_0015979,-0.10291529103189463,0.014728557123606064,0.08025835956630098,0.32797146323735044
squeezenet,occlusion,ISIC_0015979,0.3571220321314034,0.2058524160174139,0.23842125045415696,2.0660171847783335
squeezenet,saliency,ISIC_0015979,0.14501910200098372,0.126563212850911,0.19222447152470712,1.520445559927065
squeezenet,deep_lift,ISIC_0015980,-0.462128928023037,-0.21610662706541917,-0.1343889084569837,-0.4663647378287618
squeezenet,gradcam,ISIC_0015980,0.22994533913256063,0.17805899660122915,0.2459282821168281,1.8219860175158988
squeezenet,guided_backprop,ISIC_0015980,-0.23212600955074641,-0.05538400174490993,0.028038819114749806,-0.05039148655895431
squeezenet,integrated_gradients,ISIC_0015980,-0.5768267331281395,-0.24072580895029091,-0.15584097655097492,-1.065383185530258
squeezenet,lrp,ISIC_0015980,-0.47843612162036464,-0.18689042819609436,-0.11321120427958789,-0.6398056739172898
squeezenet,occlusion,ISIC_0015980,0.28865976734373633,0.2115741020239397,0.2709960923250588,1.612606409356725
squeezenet,saliency,ISIC_0015980,0.09246613575176287,0.07573454617781239,0.13732774735195502,1.343876067037929
squeezenet,deep_lift,ISIC_0015981,-0.47793240988860325,-0.20658842524942472,-0.1381495963840851,-0.5325547227555611
squeezenet,gradcam,ISIC_0015981,0.07504676134357051,0.08895889591180438,0.14212085735722127,1.0587830909254092
squeezenet,guided_backprop,ISIC_0015981,-0.19651005566603147,-0.0499780740073474,0.029957668358482598,0.16117291737092096
squeezenet,integrated_gradients,ISIC_0015981,-0.516457169563517,-0.19891117091328261,-0.11621944958510042,-0.8167433529938344
squeezenet,lrp,ISIC_0015981,-0.45773877877625063,-0.18122771646073527,-0.09992012956408639,-0.5295106472831289
squeezenet,occlusion,ISIC_0015981,-0.016253382587306433,0.09432420359275379,0.16384226753789843,0.5627101972966642
squeezenet,saliency,ISIC_0015981,-0.0028555228113051824,0.04416122923992395,0.1195245030904896,0.897071980600645
squeezenet,deep_lift,ISIC_0015982,-0.45383895004956465,-0.23037616883219775,-0.16281975091434675,-0.14321122898401856
squeezenet,gradcam,ISIC_0015982,0.1947122929087235,0.1633125252544045,0.22588245677452043,1.5557254901235025
squeezenet,guided_backprop,ISIC_0015982,-0.13413871399637184,-0.027310250695106945,0.05115672847967129,0.23040554898793308
squeezenet,integrated_gradients,ISIC_0015982,-0.17742213345758784,-0.044697320796256775,0.012749158084098277,0.2125603704639662
squeezenet,lrp,ISIC_0015982,-0.3782275021861381,-0.13529543414124123,-0.06035590016066032,-0.0788243855363188
squeezenet,occlusion,ISIC_0015982,0.22860066658036984,0.24394359871705792,0.2996086001275339,0.8380303762966798
squeezenet,saliency,ISIC_0015982,0.1253265216907807,0.09791317230955025,0.16266226860951383,1.4569211697262183
squeezenet,deep_lift,ISIC_0015983,-0.024183501132141613,0.07736638711607412,0.12965869716254136,-0.2565964093172001
squeezenet,gradcam,ISIC_0015983,0.26115888874182286,0.1634779351324047,0.19483693229656154,1.8881780540274238
squeezenet,guided_backprop,ISIC_0015983,-0.13281965980178823,0.04759126723028832,0.13844344045935134,-0.8929385502742242
squeezenet,integrated_gradients,ISIC_0015983,-0.14652904087631335,-0.011220869879074372,0.05765691969023392,-0.7767434590520301
squeezenet,lrp,ISIC_0015983,-0.30775228829014706,-0.03913620876483631,0.02230662999405528,-1.1103252738057698
squeezenet,occlusion,ISIC_0015983,0.12837204262548058,0.12466301825829433,0.14615634134006358,0.27781911910243406
squeezenet,saliency,ISIC_0015983,0.165523150528397,0.15708207491877177,0.20197327842799842,0.7761165533765143
squeezenet,deep_lift,ISIC_0015984,-0.14850077917707022,-0.043657170317432874,0.01859644893639485,0.2774275045501654
squeezenet,gradcam,ISIC_0015984,-0.03519128277393428,0.04936519521779976,0.10884962518741531,0.7197434013629418
squeezenet,guided_backprop,ISIC_0015984,0.10321283201044572,0.11180114563645842,0.19678888527897584,0.6520986963237434
squeezenet,integrated_gradients,ISIC_0015984,-0.16696374752398135,-0.04342567511423098,0.0010525838860425659,0.10951207229543466
squeezenet,lrp,ISIC_0015984,-0.203568057288263,-0.018645269546055172,0.0319488938554092,-0.3524566506797167
squeezenet,occlusion,ISIC_0015984,-0.04344436639832091,0.037956259738088444,0.07090162122954954,0.25656515928557216
squeezenet,saliency,ISIC_0015984,-0.14524129505311945,0.03751954839046668,0.09758727274933064,-0.26428547410390163
squeezenet,deep_lift,ISIC_0015985,-0.17624956666352148,-0.10533737221417135,-0.04273374005378462,0.41819836434391655
squeezenet,gradcam,ISIC_0015985,0.4575807799022388,0.3111785976981139,0.37475913942500316,2.7777167620564875
squeezenet,guided_backprop,ISIC_0015985,-0.07471425528351483,0.012601992058418068,0.09689280260580828,0.4822186518813558
squeezenet,integrated_gradients,ISIC_0015985,-0.17271730445693004,-0.06687559885369974,0.0009041380918233891,0.3057594133535135
squeezenet,lrp,ISIC_0015985,-0.1121474965551282,-0.02362255861424242,0.0466847503055326,0.3814208139330446
squeezenet,occlusion,ISIC_0015985,0.4285100220911098,0.24618300914924354,0.28394554572699865,2.433801115038605
squeezenet,saliency,ISIC_0015985,0.1987929560699845,0.12658873578269125,0.19020223650559637,1.751862118877268
squeezenet,deep_lift,ISIC_0015986,-0.10459639861488,-0.06097741468085685,-0.009119321890267533,0.8678869422703137
squeezenet,gradcam,ISIC_0015986,0.30105992323780756,0.22675085671740797,0.287110493852518,1.8940863249543605
squeezenet,guided_backprop,ISIC_0015986,-0.13571965813128772,-0.010225284988865048,0.07458036887052147,0.3130698142165282
squeezenet,integrated_gradients,ISIC_0015986,-0.1011862491927829,-0.056536808950243655,-0.000817343524392265,0.8744490092868511
squeezenet,lrp,ISIC_0015986,-0.05619692627634792,-0.018273799335201076,0.03434101211272506,1.03775881700924
squeezenet,occlusion,ISIC_0015986,0.3621371874690244,0.2011011924353983,0.23059089390401277,2.076532142665416
squeezenet,saliency,ISIC_0015986,-0.04278241590266863,0.037157649676157235,0.10986401755514708,0.6023998989550075
squeezenet,deep_lift,ISIC_0015987,-0.11298964203252586,-0.06275615456527998,-0.012025014206232141,0.8057991010028657
squeezenet,gradcam,ISIC_0015987,0.3019455955956339,0.22984429283731986,0.29148140481573986,1.9080457470543917
squeezenet,guided_backprop,ISIC_0015987,-0.1259623422743018,-0.011117657373748844,0.07255025701809104,0.4516790181003357
squeezenet,integrated_gradients,ISIC_0015987,-0.126084374082703,-0.06227330085487492,-0.00608379875770398,0.7372646676305932
squeezenet,lrp,ISIC_0015987,-0.05688554147105318,-0.01175137572811088,0.042128582042265494,0.9701042204008274
squeezenet,occlusion,ISIC_0015987,0.3752785773807141,0.21192874001668913,0.24209760415173004,2.1366223265769437
squeezenet,saliency,ISIC_0015987,-0.020628093054093452,0.045883958677468195,0.1167987318573093,0.7674724942176472
squeezenet,deep_lift,ISIC_0015988,-0.32961828735792253,-0.12945188277706723,-0.05475771106983563,-0.6453214327236403
squeezenet,gradcam,ISIC_0015988,0.29208562804065735,0.1858223845761764,0.23657098013400413,2.008272401833759
squeezenet,guided_backprop,ISIC_0015988,-0.17150119768214755,-0.014679515995049896,0.07095095957994162,0.049372870163136226
squeezenet,integrated_gradients,ISIC_0015988,-0.1808139773639602,-0.07127087836523593,-0.015319164428527918,0.3005365732199419
squeezenet,lrp,ISIC_0015988,-0.38223544076813165,-0.0984027079204273,-0.04941709564184506,-0.3317536695857932
squeezenet,occlusion,ISIC_0015988,0.3554489064417072,0.19003002004551858,0.23325163647115948,2.080823178661313
squeezenet,saliency,ISIC_0015988,0.07661735316298479,0.06169240371598592,0.11308939598392044,1.2264426246210305
squeezenet,deep_lift,ISIC_0015989,-0.11448375777221834,-0.04554793341105349,0.029163431003615937,0.03336990710637961
squeezenet,gradcam,ISIC_0015989,0.12180320400438455,0.18952367844410195,0.26059315448088854,0.8004078294268452
squeezenet,guided_backprop,ISIC_0015989,-0.06468379184832002,0.04010621970204463,0.1302461571988548,0.2888140562267637
squeezenet,integrated_gradients,ISIC_0015989,-0.04957521177206974,-0.05622101839642282,0.0061748391730908235,0.7211371601006297
squeezenet,lrp,ISIC_0015989,-0.06275852726867226,-0.01626209985706265,0.04714417498977432,0.39291338857743996
squeezenet,occlusion,ISIC_0015989,-0.17794077693212612,-0.0796181498197,-0.04560150507527895,0.31510626850503226
squeezenet,saliency,ISIC_0015989,-0.13052483785788688,0.011649948251593548,0.07789129634038448,0.08529369161489428
squeezenet,deep_lift,ISIC_0015990,-0.2820472742473189,-0.10646000129489303,-0.03268195341559974,-0.14230369582635896
squeezenet,gradcam,ISIC_0015990,0.3252319430568309,0.1853876369402818,0.24002929992152755,2.472342478782091
squeezenet,guided_backprop,ISIC_0015990,-0.2243808623412469,-0.10958406607491786,-0.035187076936099314,0.13758737730742462
squeezenet,integrated_gradients,ISIC_0015990,-0.3239316369015942,-0.07265205268263876,0.012647186129564622,-0.6339319135762775
squeezenet,lrp,ISIC_0015990,-0.30445087307241864,-0.07602808825846243,0.00905865770993164,-0.5382977312057416
squeezenet,occlusion,ISIC_0015990,0.29224754526158847,0.19673349237059654,0.24188721600107407,1.71836047301285
squeezenet,saliency,ISIC_0015990,0.16240595493522997,0.08539114368034026,0.15057140170488018,1.90441649367435
squeezenet,deep_lift,ISIC_0015991,-0.32548611557734175,-0.16714056426382048,-0.0941684324199251,-0.4953273257581036
squeezenet,gradcam,ISIC_0015991,0.35066835853977063,0.13441743885715363,0.1741914377625327,2.616666774909631
squeezenet,guided_backprop,ISIC_0015991,-0.1625761472565647,-0.07371274925765829,-0.0006980494764720236,0.381173561338137
squeezenet,integrated_gradients,ISIC_0015991,-0.2518527863305937,-0.13987024220160854,-0.07723773052884227,0.08601379785367048
squeezenet,lrp,ISIC_0015991,-0.22636905788636366,-0.11624117558517476,-0.04871602273949471,-0.01865812355101794
squeezenet,occlusion,ISIC_0015991,0.4220903151186445,0.24051725435262147,0.28621887654774164,2.5390734959094523
squeezenet,saliency,ISIC_0015991,0.06065868153629925,0.05122913425652664,0.11337052224890477,1.18017938905295
squeezenet,deep_lift,ISIC_0015992,-0.3255362052054821,-0.15531241154853107,-0.09922572281714069,0.38698940104608553
squeezenet,gradcam,ISIC_0015992,0.37987158509442,0.2668889628091217,0.3202250425998961,2.37849053737126
squeezenet,guided_backprop,ISIC_0015992,-0.14312725166984822,-0.002810486312860103,0.08413933846479235,0.05777786474827844
squeezenet,integrated_gradients,ISIC_0015992,-0.2179329873264683,-0.13000759167641723,-0.07236870923010848,1.1757097919150208
squeezenet,lrp,ISIC_0015992,-0.23586939433999615,-0.11255026439706992,-0.04941788388904106,0.737572771693887
squeezenet,occlusion,ISIC_0015992,0.3103883662755551,0.16852838562949735,0.19869449418868673,1.785073465502977
squeezenet,saliency,ISIC_0015992,-0.0010329502377271317,0.011677421397397877,0.0859941703651116,1.4930239319394911
squeezenet,deep_lift,ISIC_0015993,-0.2879427138167084,-0.12307431265178378,-0.05679453404513197,-0.4181740017752968
squeezenet,gradcam,ISIC_0015993,0.4052278756788663,0.24935388247492013,0.3115494773707452,2.6120249179256128
squeezenet,guided_backprop,ISIC_0015993,-0.12760545434225237,0.006744244929159068,0.09227797009173258,0.22695251208166597
squeezenet,integrated_gradients,ISIC_0015993,-0.4323264441498915,-0.18739446026066167,-0.11282827547412048,-0.2761627392021159
squeezenet,lrp,ISIC_0015993,-0.24780840204862645,-0.057368387934318955,0.011851601688614743,-0.4020627970168153
squeezenet,occlusion,ISIC_0015993,0.3590076777434108,0.20136761130812014,0.24379297045051437,2.101457138583388
squeezenet,saliency,ISIC_0015993,-0.12594892683486197,-0.01256373457256967,0.06733270116459049,0.9025840025919589
squeezenet,deep_lift,ISIC_0015994,-0.3621928003191689,-0.1693096516336301,-0.10871224006168254,0.2853125872667899
squeezenet,gradcam,ISIC_0015994,0.2944893661770838,0.2413738496067847,0.3032283451904448,1.9359921411064862
squeezenet,guided_backprop,ISIC_0015994,-0.06708463555465825,0.026793692127216568,0.11199565516162978,0.5847141029194305
squeezenet,integrated_gradients,ISIC_0015994,-0.4343637312457363,-0.2015233048100774,-0.1222694721210181,-0.12698529118151566
squeezenet,lrp,ISIC_0015994,-0.4571568999204622,-0.18326139011026657,-0.09955858848731015,-0.42487392795832335
squeezenet,occlusion,ISIC_0015994,0.1536747785098676,0.08403635109696984,0.12328958361566654,0.9122756888369082
squeezenet,saliency,ISIC_0015994,0.06317825234278984,0.02399869629358006,0.1036117696523905,1.961081703427825
squeezenet,deep_lift,ISIC_0015995,-0.10581423100536741,-0.020723194093450352,0.04882248612911243,0.014378902485015794
squeezenet,gradcam,ISIC_0015995,0.2600103825700493,0.23287996592805338,0.29984636443672386,1.4905718485667934
squeezenet,guided_backprop,ISIC_0015995,-0.04703531886848885,0.03472564449489028,0.12127126721401583,0.19610334545513225
squeezenet,integrated_gradients,ISIC_0015995,-0.14817565036753716,0.02824523721488778,0.10845806539689208,-0.46194782245575694
squeezenet,lrp,ISIC_0015995,-0.10260127520837982,0.010033517656416267,0.08602081281193284,-0.1457666243018397
squeezenet,occlusion,ISIC_0015995,0.039844605173228444,-0.0013722287791370269,0.016870192173671052,1.6848793429956908
squeezenet,saliency,ISIC_0015995,0.004479962774380129,0.05565054209101211,0.13353592580370052,0.6027580836668771
squeezenet,deep_lift,ISIC_0015996,-0.22766771404739133,-0.10542784159022124,-0.04994126032524811,0.12273699958702765
squeezenet,gradcam,ISIC_0015996,0.3744366376996661,0.29647832407327035,0.36156445884833704,2.227237893082735
squeezenet,guided_backprop,ISIC_0015996,-0.013956927137179324,-0.006341694852336699,0.06847474482182106,1.3882637145412775
squeezenet,integrated_gradients,ISIC_0015996,-0.2185689998719895,-0.09349917060303842,-0.02554497721809271,0.2331228912750516
squeezenet,lrp,ISIC_0015996,-0.18048218042419503,-0.0619767341210068,0.008884644538363668,0.35752651952716685
squeezenet,occlusion,ISIC_0015996,0.3531226635551861,0.17090696450815449,0.2077044054453509,2.452513912406681
squeezenet,saliency,ISIC_0015996,0.07497775214939595,0.0645003784717609,0.13045990238043723,1.5090328871806535
squeezenet,deep_lift,ISIC_0015997,-0.23059541664118177,-0.12134482899311097,-0.05813233569607008,0.09097908167440362
squeezenet,gradcam,ISIC_0015997,0.41632347531158737,0.24074201147438343,0.29464168339675884,2.9473242021784274
squeezenet,guided_backprop,ISIC_0015997,-0.20568882346108214,-0.016751152229543546,0.0743068177774007,-0.3782613734552241
squeezenet,integrated_gradients,ISIC_0015997,-0.20516961194464287,-0.06979662932112281,0.0032627443416888193,0.06347924617801672
squeezenet,lrp,ISIC_0015997,-0.1756735497558272,-0.047342478746406194,0.025165973714222998,0.12566029716758542
squeezenet,occlusion,ISIC_0015997,0.3836406287469221,0.19893793442046598,0.2333617091959821,2.30844884866343
squeezenet,saliency,ISIC_0015997,0.22466561054006787,0.11879393864783852,0.18187571065825983,2.047893045684812
squeezenet,deep_lift,ISIC_0015998,-0.2676749856721955,-0.042551586672475654,0.046495371371853916,-0.4354816101479266
squeezenet,gradcam,ISIC_0015998,0.10399334288183879,0.08913988027709427,0.13739284367479854,1.123599173523832
squeezenet,guided_backprop,ISIC_0015998,-0.2391513134958416,-0.04637252375029719,0.03873254931006334,-0.1323199243649256
squeezenet,integrated_gradients,ISIC_0015998,-0.33306048110984815,-0.04744230931964974,0.040862559179508436,-0.8402868264115904
squeezenet,lrp,ISIC_0015998,-0.33836738078779555,-0.04078923825045753,0.05328413614953135,-0.9379110459662082
squeezenet,occlusion,ISIC_0015998,-0.03401646900116004,-0.05820022621006138,-0.036211643754934346,0.6429656272912917
squeezenet,saliency,ISIC_0015998,-0.023209959240975964,0.030323208997028027,0.09843542929434956,0.634518666807873
squeezenet,deep_lift,ISIC_0015999,-0.2941800642403422,-0.033764941558290955,0.05914679176255443,-0.615250695958803
squeezenet,gradcam,ISIC_0015999,0.16203869064345547,0.21668675143189595,0.29047386442656037,1.0575099360612488
squeezenet,guided_backprop,ISIC_0015999,-0.21648350186384818,-0.026823184172659054,0.06336382777314147,-0.1309975314673448
squeezenet,integrated_gradients,ISIC_0015999,-0.34069895275456463,-0.03913676549406177,0.05332796071036775,-0.8903376537380188
squeezenet,lrp,ISIC_0015999,-0.2859957383087682,-0.007880752176354564,0.0858575907456225,-0.6552740365831891
squeezenet,occlusion,ISIC_0015999,-0.07915918383660775,-0.025326308968276496,0.021867821325565102,0.7464379623778483
squeezenet,saliency,ISIC_0015999,0.0028915028627962617,0.05151891490173785,0.1200923961843759,0.7134362437485922
squeezenet,deep_lift,ISIC_0016000,-0.11337543127295427,0.06468628399009838,0.13805575257107652,0.0705510907840583
squeezenet,gradcam,ISIC_0016000,-0.025406637161923627,0.10527928608288595,0.15379447630675794,0.485102703745171
squeezenet,guided_backprop,ISIC_0016000,-0.1796480864044146,-0.025047768550581037,0.07034876479749914,-0.057354249137830604
squeezenet,integrated_gradients,ISIC_0016000,-0.14573910955024671,0.024588694290314034,0.0857480443764049,-0.03529141311764274
squeezenet,lrp,ISIC_0016000,-0.1588097578336452,0.03232787371060481,0.09548053827488479,-0.14645942797781308
squeezenet,occlusion,ISIC_0016000,-0.0690529384299423,0.037216048224050106,0.07747598426928717,0.09309562103809924
squeezenet,saliency,ISIC_0016000,-0.05013703948140869,0.08340747089302585,0.13340169768369067,0.34976042872464197
squeezenet,deep_lift,ISIC_0016001,-0.14619147543241062,0.08737812479228699,0.1451819562565809,-0.10449667119068415
squeezenet,gradcam,ISIC_0016001,-0.11347449915882248,0.016921944095473356,0.06633649626535662,0.777621903669112
squeezenet,guided_backprop,ISIC_0016001,-0.2552700417134353,-0.09878371712573582,-0.016820860868446023,-0.09392204332820434
squeezenet,integrated_gradients,ISIC_0016001,-0.33032484530620004,-0.10862897871102703,-0.03894597423346833,-0.6712078158983253
squeezenet,lrp,ISIC_0016001,-0.25961144412904863,-0.05679734172205517,0.002288820262515862,-0.43056601314477294
squeezenet,occlusion,ISIC_0016001,0.18696329240967807,0.1473518417284737,0.15993195984279368,0.8026479401348321
squeezenet,saliency,ISIC_0016001,-0.12350541943421302,0.022919203302132925,0.07655023321519601,0.2195120187657673
squeezenet,deep_lift,ISIC_0016002,-0.1935385581406534,-0.060402635380665856,0.016232668809557378,0.0638104122517558
squeezenet,gradcam,ISIC_0016002,0.39865233890939905,0.28965244029952447,0.3555256114959496,2.612073862875501
squeezenet,guided_backprop,ISIC_0016002,-0.09904303262623791,-0.014068235992100457,0.06774194644073712,0.47346941236984674
squeezenet,integrated_gradients,ISIC_0016002,-0.19146859617640682,-0.06241881441142599,0.013330917130875313,0.18098382546351238
squeezenet,lrp,ISIC_0016002,-0.15980454601851413,-0.03417788399327472,0.04000633857191239,0.4036441658505943
squeezenet,occlusion,ISIC_0016002,0.4190011628445023,0.2427854867323536,0.28036248262284014,2.5797074760733127
squeezenet,saliency,ISIC_0016002,0.09899223812425836,0.07313939024621936,0.13960518013641024,1.4310627027579819
squeezenet,deep_lift,ISIC_0016003,-0.17116805609787175,-0.06936753123196483,-0.006045556106751898,0.3628531661843227
squeezenet,gradcam,ISIC_0016003,0.3898857603773413,0.2803332895605663,0.34640417484886094,2.4134165692024876
squeezenet,guided_backprop,ISIC_0016003,-0.018350231603778338,0.0270520724876765,0.10592074744422142,1.1285487682167288
squeezenet,integrated_gradients,ISIC_0016003,-0.34143469395273324,-0.15403394024263212,-0.07815739367479761,0.4158775091227902
squeezenet,lrp,ISIC_0016003,-0.35501396083964076,-0.14347621185622988,-0.06481762104904043,0.2145663623828351
squeezenet,occlusion,ISIC_0016003,0.3269604917132156,0.20298219975737977,0.23705553774323956,1.8911216384837308
squeezenet,saliency,ISIC_0016003,-0.2374729985860461,-0.04939198465832923,0.03893841657677377,0.18733430448747465
squeezenet,deep_lift,ISIC_0016004,-0.12845954799113957,-0.016392313234426276,0.05836443577248492,-0.12941843403094083
squeezenet,gradcam,ISIC_0016004,0.44571601772037484,0.29185084868439193,0.3522105836431431,2.8735726621191824
squeezenet,guided_backprop,ISIC_0016004,-0.06384054550386158,0.03835389101356353,0.12722067898396316,0.29481038043742513
squeezenet,integrated_gradients,ISIC_0016004,-0.18862537296890522,-0.024971948993085115,0.05665862840580473,-0.5340177957486294
squeezenet,lrp,ISIC_0016004,-0.2086814056356556,-0.022731171702973917,0.059205697277101385,-0.6335629214091556
squeezenet,occlusion,ISIC_0016004,0.3028989862563541,0.13109781171041907,0.17282884706766458,3.0906042416805057
squeezenet,saliency,ISIC_0016004,0.17635122823627203,0.11043165274453424,0.1724846325003793,1.8190494670643664
squeezenet,deep_lift,ISIC_0016005,-0.0676103226439614,0.03477999157270509,0.10154659923948424,-0.027605956921932743
squeezenet,gradcam,ISIC_0016005,0.49291529671260303,0.2854743916733773,0.33636534975480004,3.163743530240848
squeezenet,guided_backprop,ISIC_0016005,-0.22014175869931715,-0.03992628865529962,0.0547033275697757,0.2159662209215383
squeezenet,integrated_gradients,ISIC_0016005,-0.10380330476812354,0.0016755888763587124,0.06325616809252232,-0.016520624135335223
squeezenet,lrp,ISIC_0016005,-0.19056802890200164,0.003601188843964273,0.07073696762867472,-0.6173019143302451
squeezenet,occlusion,ISIC_0016005,0.3376589178068516,0.18098564508665418,0.2238852805831375,3.0317008995328862
squeezenet,saliency,ISIC_0016005,0.10335590285283934,0.09797237498353197,0.15845919960410088,1.4134123331943673
squeezenet,deep_lift,ISIC_0016006,-0.1358974257676475,-0.009631637087136845,0.07193239572570496,0.048169904225522864
squeezenet,gradcam,ISIC_0016006,0.4049210854394174,0.28578951699893884,0.34961954994054106,2.415445000329296
squeezenet,guided_backprop,ISIC_0016006,-0.03334174607297559,0.09813894083907064,0.1899829808490169,0.24940745494286778
squeezenet,integrated_gradients,ISIC_0016006,-0.16110379203508876,0.0221449895301138,0.10869127622641682,-0.15181169196746103
squeezenet,lrp,ISIC_0016006,-0.14653977115660358,0.007301757940876693,0.09307048816261272,0.0936156244952208
squeezenet,occlusion,ISIC_0016006,0.2567726551584796,0.19397826184346761,0.24601363816609062,2.4143101808923646
squeezenet,saliency,ISIC_0016006,0.1784751843720392,0.1348838446686567,0.20618292509607636,1.904435544103947
squeezenet,deep_lift,ISIC_0016007,-0.4167840534478838,-0.05348386977659192,0.04639747326544239,-1.6060877919738457
squeezenet,gradcam,ISIC_0016007,0.39880849223275006,0.1675992714882415,0.20597147976079933,2.8950413239411494
squeezenet,guided_backprop,ISIC_0016007,-0.22032988666338146,-0.05540583985476848,0.019518549594787552,-0.04703770880209116
squeezenet,integrated_gradients,ISIC_0016007,-0.3793928603546627,-0.07655332603085872,0.011517039630323965,-1.1065324798147238
squeezenet,lrp,ISIC_0016007,-0.3524776240401968,-0.04831680663224871,0.043153176298327406,-1.0953473864311165
squeezenet,occlusion,ISIC_0016007,0.34898586149178407,0.21253719575385463,0.2499999588779292,1.9666904429847865
squeezenet,saliency,ISIC_0016007,0.1741632735992243,0.10527080926415101,0.1536733493100344,1.805840631890467
squeezenet,deep_lift,ISIC_0016008,-0.07005203953138232,-0.029919512140561707,0.03245621168465301,0.3548525719205441
squeezenet,gradcam,ISIC_0016008,0.2030008118052601,0.20651642190107686,0.26611538228370807,1.184305125936649
squeezenet,guided_backprop,ISIC_0016008,-0.1278950318826217,-0.022363358454906914,0.05734907728503169,0.19708984630701673
squeezenet,integrated_gradients,ISIC_0016008,-0.10559714080091068,-0.015442500327380754,0.044648094835959606,0.05965956177288625
squeezenet,lrp,ISIC_0016008,-0.06468377814704404,0.025224736744911446,0.0906367235679392,0.19931061350187396
squeezenet,occlusion,ISIC_0016008,0.09041006893358183,0.05823522146957593,0.07228567911654954,1.7007763403275278
squeezenet,saliency,ISIC_0016008,0.0833273828756909,0.08286490527264886,0.15030026599329813,1.3125946754721867
squeezenet,deep_lift,ISIC_0016009,-0.2479281751466115,-0.11615245551579896,-0.061355822717584926,0.13213467725481337
squeezenet,gradcam,ISIC_0016009,0.4318510594316523,0.2604926613003723,0.307884593155293,2.7278562192133826
squeezenet,guided_backprop,ISIC_0016009,-0.31003038638907426,-0.08577070508345569,0.0004556919315892799,0.031066510962859287
squeezenet,integrated_gradients,ISIC_0016009,-0.1995035015683574,-0.09006727070000502,-0.04982144772179585,0.3369385004487741
squeezenet,lrp,ISIC_0016009,-0.3744163807772745,-0.12812355199092892,-0.07477649131314161,-0.09567267706072671
squeezenet,occlusion,ISIC_0016009,0.155126170883562,0.18907902727170756,0.2285151376879253,0.6758195585494032
squeezenet,saliency,ISIC_0016009,0.13986635320389135,0.09610459364875004,0.14979192635606334,1.6915311668439845
squeezenet,deep_lift,ISIC_0016011,-0.08848381011008374,-0.025174801791209497,0.04146315318909004,0.7927546856905671
squeezenet,gradcam,ISIC_0016011,-0.09230731096167437,-0.036379068047240365,-3.627681737851814e-05,1.2186689502821084
squeezenet,guided_backprop,ISIC_0016011,-0.26910612764478653,-0.055716595795459255,0.040134691330092516,-0.5797338809974122
squeezenet,integrated_gradients,ISIC_0016011,-0.11203099746141111,-0.010902121167451012,0.04841854778486007,0.4329817907949111
squeezenet,lrp,ISIC_0016011,-0.22966936733927767,-0.05752564894573826,0.01306880991999383,-0.27535371874673886
squeezenet,occlusion,ISIC_0016011,-0.02279199573348077,0.04322167509222279,0.06955095424818157,0.6898735733594727
squeezenet,saliency,ISIC_0016011,0.058499297406507084,0.10098735506862794,0.14210795470547,1.0987923635402463
squeezenet,deep_lift,ISIC_0016012,-0.250094129496088,-0.07946973366112811,-0.005274212416605492,0.12483865580260044
squeezenet,gradcam,ISIC_0016012,0.2633719120888321,0.23511299694316065,0.3042261375624746,1.7054876581086926
squeezenet,guided_backprop,ISIC_0016012,-0.11712746867995748,-0.04684721783239906,0.027896224101221605,0.9946989844488194
squeezenet,integrated_gradients,ISIC_0016012,-0.23854480706605805,-0.06744051515381799,0.011160457050802566,0.18637795460397213
squeezenet,lrp,ISIC_0016012,-0.3055090870396357,-0.07974665201245489,-0.0031495195844745273,-0.3379083504924818
squeezenet,occlusion,ISIC_0016012,0.2498184332731564,0.09201871591648383,0.11752761580958102,1.9914070565113176
squeezenet,saliency,ISIC_0016012,-0.03126108191936888,0.019480560665860125,0.08049049925291231,1.003227495425091
squeezenet,deep_lift,ISIC_0016013,-0.12873664887172478,-0.04260157142952371,0.0306661669833056,0.6533051014134305
squeezenet,gradcam,ISIC_0016013,0.24324669811002742,0.21258746614869678,0.271584051550354,1.4100521304969458
squeezenet,guided_backprop,ISIC_0016013,-0.0946021170889846,-0.042182017213079605,0.030951729717117918,0.7533621340984995
squeezenet,integrated_gradients,ISIC_0016013,-0.19478372753994233,-0.056426401533876284,0.021244817081321535,0.10550562956822836
squeezenet,lrp,ISIC_0016013,-0.1977846100621667,-0.07628265069098096,-0.008964782198194363,0.26102841849211644
squeezenet,occlusion,ISIC_0016013,0.28176658645878283,0.20369886099637904,0.25932038563787724,1.6370664282507577
squeezenet,saliency,ISIC_0016013,-0.07785539887471844,-0.0120958675560407,0.0532565970663385,0.6343018582648798
squeezenet,deep_lift,ISIC_0016014,-0.3533226264404144,-0.20327238282848858,-0.14592258732239313,0.4631754028306506
squeezenet,gradcam,ISIC_0016014,0.2746722106932237,0.20744458743714356,0.26703266862440206,1.9740905090909533
squeezenet,guided_backprop,ISIC_0016014,-0.17749837849430425,-0.034417767941356404,0.046199406432298765,0.24223319138059038
squeezenet,integrated_gradients,ISIC_0016014,-0.2873867976082964,-0.14524205178356106,-0.08555904062927665,0.7827100536018874
squeezenet,lrp,ISIC_0016014,-0.34151435600439345,-0.14610441664582513,-0.07609118123430872,0.23887002121240436
squeezenet,occlusion,ISIC_0016014,0.24839967985380892,0.15042597001324085,0.1811990904317698,1.4664995791859476
squeezenet,saliency,ISIC_0016014,-0.07701050667795002,-0.021039599431876922,0.049920367061066735,1.63739145788804
squeezenet,deep_lift,ISIC_0016015,-0.28512639421672753,-0.1176927097275062,-0.04220280511284249,-0.1935833949269943
squeezenet,gradcam,ISIC_0016015,0.39824075579733276,0.2806284994925602,0.3478010281863174,2.5371831071263413
squeezenet,guided_backprop,ISIC_0016015,-0.3859647673955788,-0.15390148064822912,-0.07002477903815488,0.032427032196215996
squeezenet,integrated_gradients,ISIC_0016015,-0.22819664456816302,-0.09518059739642076,-0.023928506379250807,0.15117910779850777
squeezenet,lrp,ISIC_0016015,-0.22385218790726155,-0.07880410322357012,-0.007590658908940116,0.06797897596660706
squeezenet,occlusion,ISIC_0016015,0.3268329981281615,0.1857714550637211,0.22699290015194187,2.318511285576695
squeezenet,saliency,ISIC_0016015,0.03790817226422428,0.04247479346970388,0.11076543004818323,1.3521298854735846
squeezenet,deep_lift,ISIC_0016016,-0.25071276594691116,-0.13854237011187154,-0.06712278360435514,0.6864032445248023
squeezenet,gradcam,ISIC_0016016,0.09278022803796192,0.023055831217103126,0.05194759337991112,1.1795527764609666
squeezenet,guided_backprop,ISIC_0016016,-0.04907235228154237,-0.060920902903846004,0.0050756657582507175,0.5722743189341951
squeezenet,integrated_gradients,ISIC_0016016,-0.002992978932873506,-0.004203051210973566,0.05216878444164819,1.1056158610675644
squeezenet,lrp,ISIC_0016016,-0.00956795791853182,-0.004874011660561624,0.058085273439723174,1.0075819840057227
squeezenet,occlusion,ISIC_0016016,0.019856436210996437,-0.024507864635933515,-0.00632624949548056,1.4207140697754594
squeezenet,saliency,ISIC_0016016,-0.1210542454790375,-0.02869224705742449,0.034629941517703565,0.21076004991386385
squeezenet,deep_lift,ISIC_0016017,-0.24615487673810635,-0.1257066930517769,-0.07394718035393884,0.19013052288021418
squeezenet,gradcam,ISIC_0016017,0.2947990918290044,0.18392271350872236,0.22900936448725706,2.25939560440995
squeezenet,guided_backprop,ISIC_0016017,-0.121273154251582,-0.02851551721109976,0.051013512890328835,0.5281200025579716
squeezenet,integrated_gradients,ISIC_0016017,-0.2555614661999994,-0.11748284308463323,-0.05506225159314577,0.09225641297889871
squeezenet,lrp,ISIC_0016017,-0.44989424511849696,-0.2016341356197861,-0.12695230554616085,-0.2114663995443441
squeezenet,occlusion,ISIC_0016017,0.10320043202932147,0.0475785530195355,0.06903386182437536,0.733200258476021
squeezenet,saliency,ISIC_0016017,-0.11216738891194167,-0.03543427234966623,0.041458288895943655,1.076716652452075
squeezenet,deep_lift,ISIC_0016018,-0.23639758857576848,-0.059567827235256283,0.022938547751550416,-0.21484305155501449
squeezenet,gradcam,ISIC_0016018,0.35053749780737514,0.20465622194652364,0.24976430268741454,2.5801365503645495
squeezenet,guided_backprop,ISIC_0016018,-0.20707033641461742,-0.053357002159382216,0.0307449873826116,-0.1270674736357347
squeezenet,integrated_gradients,ISIC_0016018,-0.07184702816321518,-0.026133460763998802,0.04838370982553302,0.9058640469433062
squeezenet,lrp,ISIC_0016018,-0.0072939130760688,0.01920610977552238,0.0939466186602862,1.1373363650355226
squeezenet,occlusion,ISIC_0016018,0.43803517666441083,0.20368409255901038,0.23134451211694262,2.811974416892384
squeezenet,saliency,ISIC_0016018,0.25132028003734397,0.12321243602764909,0.18791094817202852,2.262493204262462
squeezenet,deep_lift,ISIC_0016019,-0.17892788364416143,-0.03304104823706225,0.05149052405614488,0.027050547600284178
squeezenet,gradcam,ISIC_0016019,-0.029049247778300022,0.0014886625618992363,0.04879219911605201,1.0690595520881112
squeezenet,guided_backprop,ISIC_0016019,-0.21140039101162372,-0.009268867525774882,0.08012344953640901,-0.4609542692813779
squeezenet,integrated_gradients,ISIC_0016019,-0.10279330186699563,-0.018309484587349316,0.05064495589353032,0.5501660023030593
squeezenet,lrp,ISIC_0016019,-0.14917658644489432,0.004954216100040758,0.057536299841454495,0.08192830500249557
squeezenet,occlusion,ISIC_0016019,0.12010864207614677,0.0288046075770548,0.0418101603662713,1.777270116456413
squeezenet,saliency,ISIC_0016019,-0.19433321535753845,0.02429306478725479,0.07842295005378912,-0.571362609336201
squeezenet,deep_lift,ISIC_0016022,-0.20635867785083073,-0.06270659398799555,0.01221230952209416,0.17910702842920995
squeezenet,gradcam,ISIC_0016022,0.32894439907022865,0.22366253203666603,0.2850122559054616,2.2198606874920843
squeezenet,guided_backprop,ISIC_0016022,-0.31701910968221547,-0.13282621943826195,-0.04190281645144917,0.48144945415092505
squeezenet,integrated_gradients,ISIC_0016022,-0.1871922718636741,-0.035159925422231945,0.04117653432455999,0.23856299789463578
squeezenet,lrp,ISIC_0016022,-0.25911041053852885,-0.04264110161982842,0.03174131816016473,-0.3448843247274606
squeezenet,occlusion,ISIC_0016022,0.32644682710018075,0.19204701272770852,0.23536904644270407,1.8477640330545286
squeezenet,saliency,ISIC_0016022,-0.1538324681289514,-0.0234702347619073,0.04581890271518525,0.7379287949147063
squeezenet,deep_lift,ISIC_0016023,-0.24018231323215236,-0.06569863364450977,0.013296122716098173,-0.36894516385054815
squeezenet,gradcam,ISIC_0016023,-0.019284438894374333,0.01643821725944908,0.06388072518078206,1.0313582390189806
squeezenet,guided_backprop,ISIC_0016023,-0.1271740157451442,0.02652365504578681,0.09778299857089844,0.10072719565817446
squeezenet,integrated_gradients,ISIC_0016023,-0.2434224539742346,-0.08815099248696866,-0.015638787026231837,-0.27696230771357694
squeezenet,lrp,ISIC_0016023,-0.1377435673385427,-0.004600112172871023,0.04025592086029268,0.13583047891439995
squeezenet,occlusion,ISIC_0016023,0.1361746152301803,0.1367387144059771,0.1754067663778408,0.41597979527555073
squeezenet,saliency,ISIC_0016023,0.12768418827787725,0.1702756526773679,0.2064274262864217,0.3233273348559575
squeezenet,deep_lift,ISIC_0016024,-0.06832712305342525,-0.04383516422279019,0.013941607579200302,0.5355173210060235
squeezenet,gradcam,ISIC_0016024,0.10238056563879636,0.17565315754406194,0.24053320685466978,0.7559738747253989
squeezenet,guided_backprop,ISIC_0016024,-0.21781810438441762,-0.03232130236205412,0.05386965907262255,-0.4695130777677972
squeezenet,integrated_gradients,ISIC_0016024,-0.13313126689935909,-0.04145478275863896,0.011525251900004753,0.11298350019335165
squeezenet,lrp,ISIC_0016024,-0.1849710389756392,-0.04790462790777047,0.016270466383324862,-0.10536062649064021
squeezenet,occlusion,ISIC_0016024,-0.09510235751837293,0.03902384998017377,0.08037086271103794,0.42014106853753685
squeezenet,saliency,ISIC_0016024,-0.037242604002544144,0.04733041822911503,0.11578978215205045,0.6988860385183973
squeezenet,deep_lift,ISIC_0016025,-0.10265693862710483,-0.03708506796758479,0.034288842785557716,0.8370184321306509
squeezenet,gradcam,ISIC_0016025,0.24706509895102866,0.2000057633019042,0.2587782060604659,1.5483374404421586
squeezenet,guided_backprop,ISIC_0016025,-0.15091531478544107,-0.03798361975493142,0.03984930335515099,0.4336336818415524
squeezenet,integrated_gradients,ISIC_0016025,-0.15444187493917721,-0.024099094376516663,0.04646982808206756,0.4177459899118646
squeezenet,lrp,ISIC_0016025,-0.23588373594978085,-0.0289887122830528,0.04948430716385685,-0.38523298807266115
squeezenet,occlusion,ISIC_0016025,0.12879371794335345,0.14298451474184065,0.19051915651029155,0.6825095565277742
squeezenet,saliency,ISIC_0016025,-0.02221972605457091,0.06161331720137623,0.13230407666673225,0.5612100858722059
squeezenet,deep_lift,ISIC_0016026,-0.05765538977299907,0.03167401864655696,0.11653815057060372,0.15409463866546078
squeezenet,gradcam,ISIC_0016026,0.43325354364795854,0.30280320415753625,0.3737508241684798,2.56076607355007
squeezenet,guided_backprop,ISIC_0016026,0.000558921641739473,0.07426626243589678,0.159629731156188,0.6667734620551509
squeezenet,integrated_gradients,ISIC_0016026,-0.017314845625933082,0.05881774552375142,0.14120418783731556,0.44561775756955646
squeezenet,lrp,ISIC_0016026,-0.09280572512541292,0.051927362395127685,0.1342947813507989,-0.13486686605461318
squeezenet,occlusion,ISIC_0016026,0.25206282334891583,0.1624873345577071,0.2053685655944845,2.30869591808113
squeezenet,saliency,ISIC_0016026,0.15814819024292567,0.1444338556330661,0.2079188104815561,1.3371764705738758
squeezenet,deep_lift,ISIC_0016027,-0.2435966158605897,-0.0894640723862998,-0.020607933043291112,0.006012605802278985
squeezenet,gradcam,ISIC_0016027,-0.022702217095155148,0.04348454025420987,0.09225300770578466,0.7620859119781429
squeezenet,guided_backprop,ISIC_0016027,-0.19253737640816726,-0.005259833581656992,0.07434281400995765,-0.2082846664003512
squeezenet,integrated_gradients,ISIC_0016027,-0.24652928787746345,-0.03703384795859604,0.040673722629947826,-0.4100380761904943
squeezenet,lrp,ISIC_0016027,-0.19625574368791543,-0.020534557427756714,0.04966097274503228,-0.1349427105774473
squeezenet,occlusion,ISIC_0016027,0.09009747407792605,0.04335005226448391,0.06067218104660134,1.405151187670405
squeezenet,saliency,ISIC_0016027,-0.23595816918991538,0.043112930087185836,0.10233782219355904,-0.907942595354132
squeezenet,deep_lift,ISIC_0016028,-0.3948996685701361,-0.19730669889635252,-0.1415986288996438,0.10720028434608857
squeezenet,gradcam,ISIC_0016028,0.47579207802246865,0.31136511549766277,0.3494093487370791,2.899935525846448
squeezenet,guided_backprop,ISIC_0016028,-0.2247976241480841,-0.05551844998440567,0.024485550718085818,-0.13840066579174007
squeezenet,integrated_gradients,ISIC_0016028,-0.33773203947414304,-0.17997623650470834,-0.12734539546587129,0.4283257925304614
squeezenet,lrp,ISIC_0016028,-0.31146552700835645,-0.14043101471147,-0.08018108135864746,0.21675754645865486
squeezenet,occlusion,ISIC_0016028,0.452726961998179,0.23724857534828211,0.26358796755585046,2.5139667882014765
squeezenet,saliency,ISIC_0016028,0.037775171551318334,0.006433227186116411,0.07199666717647443,1.9336186041204355
squeezenet,deep_lift,ISIC_0016029,-0.22830901360351386,-0.04484020475975093,0.016212419045053172,-0.22420302219460214
squeezenet,gradcam,ISIC_0016029,-0.21848277373550992,0.044399322515326335,0.11859703304956278,-0.49669144642359075
squeezenet,guided_backprop,ISIC_0016029,-0.1958796182268544,0.012242928761134414,0.08826185045433349,-0.3267973706070956
squeezenet,integrated_gradients,ISIC_0016029,-0.10848855625541377,-0.0023086458897470315,0.055649944317930564,0.409841600317552
squeezenet,lrp,ISIC_0016029,-0.03590937998071021,0.017257433223369013,0.06619349647149818,0.8676875721974905
squeezenet,occlusion,ISIC_0016029,-0.14063793737483,-0.025602601499052493,0.0066074987391091695,-0.20202249710820422
squeezenet,saliency,ISIC_0016029,-0.032499726308503854,0.05068656846789832,0.111118753025834,0.6428241412160905
squeezenet,deep_lift,ISIC_0016030,-0.11382393926345322,-0.02305063643205812,0.0338613595983632,0.5431533559911054
squeezenet,gradcam,ISIC_0016030,-0.17797523015636518,0.0025701912844105896,0.060685676267881655,0.06695378808846382
squeezenet,guided_backprop,ISIC_0016030,-0.18546372089424862,-0.06597173939976718,-0.006786505575164182,0.18769193966772157
squeezenet,integrated_gradients,ISIC_0016030,-0.030468876025551584,0.024339325232729962,0.06242483413179192,0.857970460956117
squeezenet,lrp,ISIC_0016030,-0.029987815913499156,0.04519229998262917,0.07428729735234361,0.7349513593104229
squeezenet,occlusion,ISIC_0016030,0.091131449364891,0.10502576815160511,0.140351076144878,0.20321177512897437
squeezenet,saliency,ISIC_0016030,0.08879347049922844,0.17229457831949757,0.20529186755531664,0.08002968240389982
squeezenet,deep_lift,ISIC_0016031,-0.08560103592393521,-0.029554302960103047,0.029242114647989703,0.17385969750297317
squeezenet,gradcam,ISIC_0016031,0.2011745945552581,0.16299703694149226,0.21625031268795916,1.6901626132900716
squeezenet,guided_backprop,ISIC_0016031,-0.13475498460023436,-0.03505486099442339,0.04615925182573764,0.2744792307573421
squeezenet,integrated_gradients,ISIC_0016031,-0.11156005001069663,-0.00047014207275173096,0.05835533170341358,-0.08490377145179648
squeezenet,lrp,ISIC_0016031,-0.15190915440760505,-0.019481003524226576,0.052246311268457316,-0.06879809864498684
squeezenet,occlusion,ISIC_0016031,0.1496429337767502,0.15255149516613142,0.17481757582857696,1.7456286717712832
squeezenet,saliency,ISIC_0016031,-0.1092060884254772,0.017104148650571284,0.09968868464594874,0.3270954365594096
squeezenet,deep_lift,ISIC_0016033,-0.2955156143017464,-0.12784625014656933,-0.04979940251834493,0.05758048672758833
squeezenet,gradcam,ISIC_0016033,0.3853821130559708,0.22854287317711094,0.27972712450956533,2.719920689493767
squeezenet,guided_backprop,ISIC_0016033,-0.18818160355734076,0.010297946354440715,0.09727782111586872,-0.4603554629895179
squeezenet,integrated_gradients,ISIC_0016033,-0.26189934874616777,-0.07944070628150575,-0.00035759827235985476,0.15234964679093388
squeezenet,lrp,ISIC_0016033,-0.31729253954995956,-0.08338557439041999,-0.008267730885805931,-0.13166903163406624
squeezenet,occlusion,ISIC_0016033,0.2901745132083092,0.184606048021602,0.2257997284046157,2.7470983254407297
squeezenet,saliency,ISIC_0016033,0.09786956404069373,0.11110263014932738,0.17324552332555196,1.3562270467128876
squeezenet,deep_lift,ISIC_0016034,-0.14071827693469185,-0.08062560177725249,-0.016138296581427552,0.689087303513288
squeezenet,gradcam,ISIC_0016034,0.41493121471931305,0.2809765742630919,0.3368289512116781,2.2929567462314173
squeezenet,guided_backprop,ISIC_0016034,-0.4571048740534712,-0.16302852426953093,-0.06877571726006831,-0.3488359333575524
squeezenet,integrated_gradients,ISIC_0016034,-0.14029763397280157,-0.0711437773765472,-0.009621089929151422,0.6995784483633742
squeezenet,lrp,ISIC_0016034,-0.2562880401172836,-0.08813773112764249,-0.019274346074119444,-0.21833635081152647
squeezenet,occlusion,ISIC_0016034,0.3882497211838603,0.22133749889002913,0.2657668395579405,2.2423347723714873
squeezenet,saliency,ISIC_0016034,0.0721624890116759,0.04964444296450675,0.11171977094740929,1.5851452150922951
squeezenet,deep_lift,ISIC_0016035,-0.23871196617327883,-0.04338951547636697,0.02284662995860712,-0.3554407905698005
squeezenet,gradcam,ISIC_0016035,-0.01131012679864265,0.03755263981486169,0.07933397730230103,1.4103361284397107
squeezenet,guided_backprop,ISIC_0016035,-0.005318347737364115,0.04013192124132586,0.11561738209656583,0.13088185506070377
squeezenet,integrated_gradients,ISIC_0016035,0.017498543248951632,0.0471125600810915,0.09851507856052324,0.24900439181512016
squeezenet,lrp,ISIC_0016035,-0.05143141096486849,0.01704010859410771,0.07789744223411098,-0.17687695583220286
squeezenet,occlusion,ISIC_0016035,0.07015555694615239,0.020633610713062706,0.03950532876524494,1.3690353832399464
squeezenet,saliency,ISIC_0016035,0.2132444740842369,0.13036453432510625,0.18247798069218488,1.2619300579583121
squeezenet,deep_lift,ISIC_0016036,-0.3157998272169932,-0.13577781692114735,-0.0585926811545491,-0.051062661586132624
squeezenet,gradcam,ISIC_0016036,0.048528954446380536,0.08510462362286086,0.14166309309368116,1.3913812440739834
squeezenet,guided_backprop,ISIC_0016036,-0.0665831646277686,-0.0089832078369807,0.07215156182469976,0.21320070302880345
squeezenet,integrated_gradients,ISIC_0016036,-0.1411824529271119,-0.07171882779701222,-0.012149577637525867,0.26437081636495297
squeezenet,lrp,ISIC_0016036,-0.27779981630169454,-0.09797005724760248,-0.031373191389470007,0.18109113067176308
squeezenet,occlusion,ISIC_0016036,0.08736488254642268,0.0647187375243729,0.0840920630868024,1.3254510776985375
squeezenet,saliency,ISIC_0016036,-0.008803678165985688,0.04556874307091544,0.1011555250693441,0.6429456243402145
squeezenet,deep_lift,ISIC_0016037,-0.08884978378582398,-0.040625789761002944,0.0178413896936597,0.47780287220703843
squeezenet,gradcam,ISIC_0016037,0.3277395029057324,0.19743613779047156,0.24632698203467104,2.4152949415607763
squeezenet,guided_backprop,ISIC_0016037,-0.004319247998112945,0.050789805637141874,0.13200459794736855,0.6589036563176457
squeezenet,integrated_gradients,ISIC_0016037,0.005141686258227317,0.03224407929253856,0.08870461723770537,0.953395821309914
squeezenet,lrp,ISIC_0016037,-0.2323892921066532,-0.05661736347968251,0.012497935893383145,0.3917607276804816
squeezenet,occlusion,ISIC_0016037,0.31854935384555283,0.20252861171133474,0.23436589591594553,2.6971035503398473
squeezenet,saliency,ISIC_0016037,0.07760022199962639,0.10447302536295365,0.1657992864911397,1.30772655800126
squeezenet,deep_lift,ISIC_0016038,-0.4167281959545464,-0.18787269182681185,-0.11935603774676243,-0.2432145266352185
squeezenet,gradcam,ISIC_0016038,0.07755257889699171,0.13862480074084518,0.20555569504682353,0.7918829087238443
squeezenet,guided_backprop,ISIC_0016038,-0.22228736653444298,-0.05665562467054375,0.025338696577539656,0.004294256480178341
squeezenet,integrated_gradients,ISIC_0016038,-0.3161677302091447,-0.12320163383370122,-0.06483559252680722,-0.49627794219500576
squeezenet,lrp,ISIC_0016038,-0.4531993481855379,-0.19011817004380296,-0.11754498633315551,-0.4959062756406518
squeezenet,occlusion,ISIC_0016038,0.13778145226298477,0.09388476268291272,0.12929647478525802,0.8355914816829341
squeezenet,saliency,ISIC_0016038,-0.032017796034089635,0.054563128596980474,0.1280276920631705,0.19518954763697086
squeezenet,deep_lift,ISIC_0016040,-0.07862710257569712,-0.02456485712564657,0.03757879504232818,0.7780286303410135
squeezenet,gradcam,ISIC_0016040,0.34552672086823477,0.2411531650086697,0.2961331100252848,2.4222207985117374
squeezenet,guided_backprop,ISIC_0016040,-0.06007374459663745,0.005317721767165242,0.08122079551383678,1.0266377623774325
squeezenet,integrated_gradients,ISIC_0016040,-0.3810676346029622,-0.1437403935796506,-0.06357681520109869,-0.042749516632343935
squeezenet,lrp,ISIC_0016040,-0.3090679058704435,-0.12499549917728417,-0.05193260804171485,0.404681571648489
squeezenet,occlusion,ISIC_0016040,0.2823695033870641,0.17090811842078307,0.2043282955699235,1.5971929998531254
squeezenet,saliency,ISIC_0016040,0.04071829649397185,0.04555446277816347,0.11133127296353038,1.0961901481281457
squeezenet,deep_lift,ISIC_0016041,-0.3491630394504441,-0.08102180056972073,-0.005951897883517386,-1.0963240873023907
squeezenet,gradcam,ISIC_0016041,0.019610257060416185,0.02151905530796411,0.0698538527860584,1.6971130892577435
squeezenet,guided_backprop,ISIC_0016041,-0.11468956662039398,-0.0120460627964943,0.08382332787617595,0.4897938720334927
squeezenet,integrated_gradients,ISIC_0016041,-0.1935220515232737,-0.08864236187787736,-0.010367671518289831,0.15467472424669693
squeezenet,lrp,ISIC_0016041,-0.25845949629746856,-0.07746720368823339,-0.014799774195494685,-0.4437170375919328
squeezenet,occlusion,ISIC_0016041,-0.08925250426369605,-0.020322816537922443,0.002086111700508029,0.5488792556900902
squeezenet,saliency,ISIC_0016041,-0.20034123324890699,0.02156622126832384,0.08031479068929882,-0.5868132038129565
squeezenet,deep_lift,ISIC_0016042,-0.2677805865872344,-0.1426529029475031,-0.07709598583454731,-0.021848635462688004
squeezenet,gradcam,ISIC_0016042,0.24428411343087258,-0.02114492385151424,-0.0018280107508457399,2.919252661458055
squeezenet,guided_backprop,ISIC_0016042,-0.3091197570717227,-0.03595207551608986,0.058098565884897965,-0.7507429198415277
squeezenet,integrated_gradients,ISIC_0016042,-0.26164830451764853,-0.10683593506031272,-0.03738398966567287,-0.11031589051811382
squeezenet,lrp,ISIC_0016042,-0.2711019728288098,-0.07815926927516526,-0.004206448239699257,-0.4629332059266747
squeezenet,occlusion,ISIC_0016042,0.47436401865833755,0.24367790868692976,0.2884700555459677,2.897040446714731
squeezenet,saliency,ISIC_0016042,0.18197095993300408,0.11087444836973902,0.17230833054449352,2.0145836626175604
squeezenet,deep_lift,ISIC_0016043,-0.23749045578204936,-0.0033695574161838582,0.06513113847710367,-0.45699767823123755
squeezenet,gradcam,ISIC_0016043,-0.06338215338993043,-0.05499493162510972,-0.015590341037219244,1.251709942104688
squeezenet,guided_backprop,ISIC_0016043,-0.2508395894279695,-0.01415685340993485,0.06997263167355298,-0.5993437704223108
squeezenet,integrated_gradients,ISIC_0016043,-0.3363477983708961,-0.09061910314968477,-0.010729520454847598,-0.9725681736565819
squeezenet,lrp,ISIC_0016043,-0.28664411489780317,-0.056765180852388346,0.007360955959655901,-0.728639439088674
squeezenet,occlusion,ISIC_0016043,-0.06502014776553139,0.022854669817846552,0.05742535876120763,0.331596943166914
squeezenet,saliency,ISIC_0016043,-0.07497002370998739,0.07243705736795215,0.12635975334756244,0.17212411177806014
squeezenet,deep_lift,ISIC_0016044,-0.0166502835884998,0.03866775458522828,0.11573353841430452,0.4573086032235295
squeezenet,gradcam,ISIC_0016044,0.43823269937853765,0.19075192073200106,0.23841402743764184,3.0166654212441433
squeezenet,guided_backprop,ISIC_0016044,-0.15612522255973657,0.08633737579058111,0.17277820604716854,-0.09350208210304921
squeezenet,integrated_gradients,ISIC_0016044,-0.0977150191353487,0.013669875166476522,0.09516095185111371,0.03336813715661049
squeezenet,lrp,ISIC_0016044,-0.13359070885819077,0.034411279748376405,0.11844515481471372,-0.09743133395494524
squeezenet,occlusion,ISIC_0016044,0.3006904287749522,0.20871445889819043,0.2583839183993315,2.6494798210149915
squeezenet,saliency,ISIC_0016044,0.3377579933640705,0.20257433309442982,0.2642001256074402,2.677002709362963
squeezenet,deep_lift,ISIC_0016045,-0.18523740627106333,-0.06899175822261883,0.0009241673079170613,0.10993662210964199
squeezenet,gradcam,ISIC_0016045,0.26372287832690194,0.22312866241955193,0.30292922088389723,2.7006891342735813
squeezenet,guided_backprop,ISIC_0016045,-0.1920595988879924,0.00694132919626021,0.09832865373684434,-0.10898221390454056
squeezenet,integrated_gradients,ISIC_0016045,-0.17982199767912438,-0.04669025013032333,0.019815451421067897,0.11977161704300873
squeezenet,lrp,ISIC_0016045,-0.10053659662073822,-0.019833121060916323,0.04550282627779773,0.5938128811786073
squeezenet,occlusion,ISIC_0016045,0.43880806756045776,0.24182184548781446,0.28036192174221664,2.550872745834922
squeezenet,saliency,ISIC_0016045,0.30000165094463643,0.14107565115733287,0.19942431024001095,2.5533595596061933
squeezenet,deep_lift,ISIC_0016046,-0.12203131221712082,-0.039750458792540584,0.029014618135119224,0.005170526440348706
squeezenet,gradcam,ISIC_0016046,0.17655675421747627,0.26419107809973735,0.3502066675534342,1.1164674253914537
squeezenet,guided_backprop,ISIC_0016046,-0.12260275174873252,0.033036532258450976,0.12644622145251214,-0.13958443017855968
squeezenet,integrated_gradients,ISIC_0016046,-0.13558079781304055,-0.02846106837554713,0.04096620667033643,-0.030314957776956974
squeezenet,lrp,ISIC_0016046,-0.3630517553055679,-0.12475334577530414,-0.04014645961575716,-0.4861834492703991
squeezenet,occlusion,ISIC_0016046,-0.029754007522814336,0.014969495141108843,0.05678689666170372,0.9325745810107213
squeezenet,saliency,ISIC_0016046,-0.2841116798369833,-0.07294396783119352,0.011639214659614164,0.2617224219787998
squeezenet,deep_lift,ISIC_0016048,-0.3464031974954277,-0.16980045099662527,-0.1218246844329027,0.4561333748945872
squeezenet,gradcam,ISIC_0016048,0.42962234887308426,0.2610610612729159,0.2972468859192063,2.943209309385422
squeezenet,guided_backprop,ISIC_0016048,-0.19161821294678263,-0.026588187048155628,0.03805851763850208,0.01753361241144779
squeezenet,integrated_gradients,ISIC_0016048,-0.20595130399698705,-0.07693848866477522,-0.044821818148900315,0.2251269130769061
squeezenet,lrp,ISIC_0016048,-0.2677454606801138,-0.07182684288757553,-0.030065009942107136,-0.4635401452865544
squeezenet,occlusion,ISIC_0016048,0.1308828033266417,0.03484119593149285,0.05716146686875662,2.0313155083910552
squeezenet,saliency,ISIC_0016048,0.09499846222338838,0.09027451842681102,0.13857865933801303,1.138855343712371
squeezenet,deep_lift,ISIC_0016049,-0.19997756864614352,-0.11474581131768032,-0.05808426805885222,0.3969441663966847
squeezenet,gradcam,ISIC_0016049,0.14366905344559236,0.10704070919287771,0.15538855314774183,1.5055573561132853
squeezenet,guided_backprop,ISIC_0016049,-0.3143734735250449,-0.0878793158119139,-0.0024424012422595695,-0.6566420772409203
squeezenet,integrated_gradients,ISIC_0016049,-0.2615292940816603,-0.08782152328617761,-0.019687779532388795,-0.2168193870839628
squeezenet,lrp,ISIC_0016049,-0.17155968264581173,-0.06402532326321306,0.0021481107575437156,0.2311856823976611
squeezenet,occlusion,ISIC_0016049,-0.007745781535362418,-0.01505432890321985,0.025974847229648212,1.3202634991774413
squeezenet,saliency,ISIC_0016049,0.07546082314883472,0.07819645462561287,0.14276887228525564,1.162009235844863
squeezenet,deep_lift,ISIC_0016050,-0.09198280081174534,-0.06624393580892367,0.00015807287352803857,1.0390281617874808
squeezenet,gradcam,ISIC_0016050,0.19972136018185277,0.17855914385491906,0.24698609248509396,1.390038774954442
squeezenet,guided_backprop,ISIC_0016050,-0.183450271655554,-0.02285739687399926,0.06610926487418657,-0.10288644278783755
squeezenet,integrated_gradients,ISIC_0016050,-0.23895373658341043,-0.0794854472205823,-0.003238451121248026,-0.024665126992886317
squeezenet,lrp,ISIC_0016050,-0.23507251390200962,-0.06695152733782274,0.011042480946925622,-0.16056224119600473
squeezenet,occlusion,ISIC_0016050,0.22146595069673827,0.09621963020929222,0.13147341428736758,1.47298698317264
squeezenet,saliency,ISIC_0016050,-0.14231078738355532,0.011662721174202383,0.08922310998155869,-0.2901446371455271
squeezenet,deep_lift,ISIC_0016051,-0.32009754687500874,-0.13962168513698056,-0.08385033429449487,-0.4913377994460246
squeezenet,gradcam,ISIC_0016051,0.1526971224186304,0.08631670443888792,0.11999823266926525,1.5557886496247055
squeezenet,guided_backprop,ISIC_0016051,-0.08579921422988632,-0.025928584037616827,0.05014001716396265,0.940462411385461
squeezenet,integrated_gradients,ISIC_0016051,-0.2803308105115785,-0.11764454906337127,-0.06337598356269296,-0.19017333139364564
squeezenet,lrp,ISIC_0016051,-0.4372969624110053,-0.20394835166012845,-0.13914686678309962,-0.2428962012837372
squeezenet,occlusion,ISIC_0016051,-0.09898643174182639,-0.08940429714019213,-0.05887732578932592,0.7757187657523472
squeezenet,saliency,ISIC_0016051,0.041442555821554365,0.054998785448061104,0.1162560314356322,0.8425115502341333
squeezenet,deep_lift,ISIC_0016052,-0.13296552994257754,-0.05547162090027224,0.009914517885501004,-0.009523008085698979
squeezenet,gradcam,ISIC_0016052,0.18867995124978404,0.19687700167984729,0.25604198026457936,1.2255479871387909
squeezenet,guided_backprop,ISIC_0016052,-0.2757189486887185,-0.0380012726673942,0.05442967638670718,-0.998404805901665
squeezenet,integrated_gradients,ISIC_0016052,-0.08015767850101728,-0.005778353977694653,0.06209028167482924,0.200388318285455
squeezenet,lrp,ISIC_0016052,-0.03524532089691607,0.05111938956642291,0.12531459590121677,0.3837136430413973
squeezenet,occlusion,ISIC_0016052,-0.12364536216020446,-0.08120354038824058,-0.0648134391210366,0.8708955179999004
squeezenet,saliency,ISIC_0016052,0.08922331677023145,0.1016441656615564,0.17366024608303776,1.5018259631222493
squeezenet,deep_lift,ISIC_0016053,-0.1683825415859017,-0.07553718365249508,-0.004667436814832131,0.48173561358474076
squeezenet,gradcam,ISIC_0016053,0.2632342796715777,0.22756321042346506,0.2854926297290386,1.738563013975431
squeezenet,guided_backprop,ISIC_0016053,-0.056850978815077106,0.02040698802905894,0.10110548671407092,0.8185037592303862
squeezenet,integrated_gradients,ISIC_0016053,-0.12300791038161503,-0.08076994797478022,-0.01726035940289359,0.9162801624091327
squeezenet,lrp,ISIC_0016053,-0.1258672177832628,-0.05923330446165427,0.01254469456351018,0.7661382314370095
squeezenet,occlusion,ISIC_0016053,0.19690833349538936,0.12455801214985625,0.16425131159086945,1.1346874760709087
squeezenet,saliency,ISIC_0016053,-0.09635422118192452,0.02834533706096049,0.09762182417288756,0.04795278886070673
squeezenet,deep_lift,ISIC_0016054,-0.16017659087460842,-0.03353703403500611,0.04472525597540535,0.18944514704001197
squeezenet,gradcam,ISIC_0016054,-0.03992156955883407,0.09682294725453504,0.16213361711634974,0.7287026718607602
squeezenet,guided_backprop,ISIC_0016054,-0.008431980234050866,0.08112785390238789,0.16151250735558323,-0.038224462594793916
squeezenet,integrated_gradients,ISIC_0016054,-0.1613344946000869,0.0008441429735939241,0.0767533725822115,-0.8821176131794564
squeezenet,lrp,ISIC_0016054,-0.009222070035500404,0.07283724882634558,0.13038443741183428,-0.36847403207243185
squeezenet,occlusion,ISIC_0016054,0.27985213536361814,0.11894752750454442,0.12336389360968067,1.8607732783429551
squeezenet,saliency,ISIC_0016054,0.05957891659672002,0.14064973892204657,0.20125400039683497,0.06237331378673449
squeezenet,deep_lift,ISIC_0016055,-0.2688593503563563,-0.11979903707470899,-0.054083143144736015,-0.18462811769230317
squeezenet,gradcam,ISIC_0016055,0.2351870126353229,0.10783057038631619,0.1526890322226902,1.6196723602361094
squeezenet,guided_backprop,ISIC_0016055,-0.23568537163051093,-0.08778230224093303,-0.016937551481028143,-0.29797894314018686
squeezenet,integrated_gradients,ISIC_0016055,-0.2008070347260983,-0.0686951778278319,-0.005742211605261024,-0.07143254866620644
squeezenet,lrp,ISIC_0016055,-0.2081954644514177,-0.06192636838435154,0.007114711078236581,-0.037090639183928964
squeezenet,occlusion,ISIC_0016055,0.2365196167169729,0.08565757974717153,0.11304920394577352,1.8033601194151394
squeezenet,saliency,ISIC_0016055,-0.01171594690273938,0.05564783863323063,0.12245536854454026,0.5280837334708536
squeezenet,deep_lift,ISIC_0016056,-0.27491605586780454,-0.07034161369547785,0.013736856859809738,-0.4284947185513707
squeezenet,gradcam,ISIC_0016056,0.09446196852645139,0.0027667286762589364,0.054222358000043956,2.408428434025098
squeezenet,guided_backprop,ISIC_0016056,-0.13012901247020023,0.003742749009953923,0.08728354122874127,0.3419866811148365
squeezenet,integrated_gradients,ISIC_0016056,-0.1669448974696788,-0.03149452037313717,0.047268307340755,0.3024174001528127
squeezenet,lrp,ISIC_0016056,1.0661509686301243,-0.029720902284876973,0.05132172496517205,-0.013614365469663003
squeezenet,occlusion,ISIC_0016056,0.3124325165048512,0.2413141066759402,0.29367580075292965,1.7369015234310188
squeezenet,saliency,ISIC_0016056,0.08780257848380785,0.09021194304177503,0.15850826263217332,1.3443940921812079
squeezenet,deep_lift,ISIC_0016057,-0.1827686760238718,-0.0992241970686854,-0.03667013883472749,0.30313538153598013
squeezenet,gradcam,ISIC_0016057,0.4238016093758574,0.21379139513600823,0.26083203497121926,2.961125212629269
squeezenet,guided_backprop,ISIC_0016057,-0.1488102686481929,-0.02883813614533198,0.05516520809226923,0.1621665438161836
squeezenet,integrated_gradients,ISIC_0016057,-0.053627596818054755,-0.023585512139054507,0.04325749801853623,1.0142798952394652
squeezenet,lrp,ISIC_0016057,-0.11066573499683914,-0.062152363475435554,0.003109844918394539,0.6765554180280384
squeezenet,occlusion,ISIC_0016057,0.4816489088656361,0.23691005865652334,0.2705353034916149,2.8362991777362763
squeezenet,saliency,ISIC_0016057,0.1568745709497759,0.07677187957867967,0.13897301454426422,1.68210985015755
squeezenet,deep_lift,ISIC_0016058,-0.21782936220130297,-0.11548775866490915,-0.040282190899312106,0.4191664192509888
squeezenet,gradcam,ISIC_0016058,-0.17907645899473948,-0.026859629917735335,0.029402196309136014,0.1991482452249993
squeezenet,guided_backprop,ISIC_0016058,-0.09499869922481365,0.043692687830456836,0.11540428588117811,-0.7139644535446171
squeezenet,integrated_gradients,ISIC_0016058,-0.1833024102698185,-0.09127631508031323,-0.018278446179281288,0.40788592717762906
squeezenet,lrp,ISIC_0016058,-0.14295036929293758,-0.032091361123878455,0.039547065541679055,0.3392487313918554
squeezenet,occlusion,ISIC_0016058,-0.027708454466662084,0.053851395715559365,0.09531164511655929,0.5705038745866635
squeezenet,saliency,ISIC_0016058,-0.04071870702121622,0.053380139266014204,0.10659305516622843,0.5730592332690432
squeezenet,deep_lift,ISIC_0016059,-0.1151901528225487,-0.0814306266801526,-0.03457116144621644,0.9931626405726847
squeezenet,gradcam,ISIC_0016059,0.41574537852977733,0.2801857437491843,0.33979158428654466,2.7159954217461375
squeezenet,guided_backprop,ISIC_0016059,-0.27903513422635284,-0.09391725825500574,-0.011925939870772718,-0.22694937975141505
squeezenet,integrated_gradients,ISIC_0016059,-0.18363938329657428,-0.11949734875530828,-0.06488042098717618,0.5955313031991619
squeezenet,lrp,ISIC_0016059,-0.23461272216366613,-0.08433891607914663,-0.019534112822450964,-0.0780453603486974
squeezenet,occlusion,ISIC_0016059,0.36341649444034063,0.11889629571330496,0.1323175160132975,2.4729213187583152
squeezenet,saliency,ISIC_0016059,0.005804623255646022,0.04714346755301986,0.11456616198294094,0.8828016701437638
squeezenet,deep_lift,ISIC_0016060,-0.15478689357690342,-0.01692567156113624,0.06642380003406485,-0.3523657215138313
squeezenet,gradcam,ISIC_0016060,0.209380366260868,0.16311676468493577,0.21786248716124101,1.4172080580207356
squeezenet,guided_backprop,ISIC_0016060,0.0035021446676244588,0.07198885282979382,0.16445066419849405,0.2863517515658779
squeezenet,integrated_gradients,ISIC_0016060,-0.21497267024661668,-0.029993123479931074,0.05108958102283923,-0.6749407475779053
squeezenet,lrp,ISIC_0016060,-0.1754079515530791,0.00288235073467935,0.08723204119679458,-0.6372247070612788
squeezenet,occlusion,ISIC_0016060,-0.047633061408440126,-0.0076484163609185415,0.016947362630255855,0.9701770516585954
squeezenet,saliency,ISIC_0016060,-0.010496719560630884,0.042310558040743663,0.10501083197223432,0.5419497718304166
squeezenet,deep_lift,ISIC_0016061,-0.25162480115374564,-0.1311443677325226,-0.06427833609544692,0.15005753207369082
squeezenet,gradcam,ISIC_0016061,0.06043371128677218,0.16708256954393563,0.2205084022193867,0.46052845554443766
squeezenet,guided_backprop,ISIC_0016061,-0.2619001644870217,-0.057186444087272824,0.029329428430590283,-0.3856326074689047
squeezenet,integrated_gradients,ISIC_0016061,-0.2554609905779154,-0.13645577302174666,-0.08350505589717415,0.1176712339090295
squeezenet,lrp,ISIC_0016061,-0.18088406237513274,-0.12504010713822178,-0.07004972743543665,0.7373177890208161
squeezenet,occlusion,ISIC_0016061,-0.057137946591239885,-0.04044950228356433,-0.014052244968634667,0.054271930843868034
squeezenet,saliency,ISIC_0016061,-0.311824967695374,-0.09858387262467629,-0.02244794146775358,-0.2212742384566747
squeezenet,deep_lift,ISIC_0016062,-0.01686994858255725,-0.023260687373190817,0.044219587457609996,0.8180992306849766
squeezenet,gradcam,ISIC_0016062,0.3859797505699848,0.2520625704075008,0.3140838664906698,2.8005582271435854
squeezenet,guided_backprop,ISIC_0016062,-0.348246313203646,-0.07844855368245271,0.023551804511839147,-0.5133084400878789
squeezenet,integrated_gradients,ISIC_0016062,-0.0017606199803626092,0.008416778363347222,0.08013175848988857,0.8406182306156995
squeezenet,lrp,ISIC_0016062,-0.0038117893136084646,0.020129157612117178,0.08435099400905503,0.7949096556324311
squeezenet,occlusion,ISIC_0016062,0.17776882611163133,0.09445046292386908,0.14451625705076412,2.2313048667182147
squeezenet,saliency,ISIC_0016062,-0.04103992701462452,-0.004392586234367238,0.06924861276241114,1.6721444238934646
squeezenet,deep_lift,ISIC_0016063,-0.3802655493208262,-0.17965917711895912,-0.10563086875672409,0.06391115513654197
squeezenet,gradcam,ISIC_0016063,0.531461338447823,0.3493980403814992,0.4120977553185636,3.236057202490799
squeezenet,guided_backprop,ISIC_0016063,-0.1732800027959309,-0.007937046992894272,0.07742376251733285,-0.14339940692945363
squeezenet,integrated_gradients,ISIC_0016063,-0.4870843231020426,-0.19436845106741082,-0.12026716179991234,-0.634116776014254
squeezenet,lrp,ISIC_0016063,-0.3710870687871469,-0.15385719630131686,-0.08074216822492167,-0.10612981506220985
squeezenet,occlusion,ISIC_0016063,0.4537879607367088,0.2142060249702733,0.24958822387225374,2.8061933442184506
squeezenet,saliency,ISIC_0016063,0.26314075431269457,0.11668031677293493,0.17495359957241066,2.380904812968296
squeezenet,deep_lift,ISIC_0016064,-0.2877296498186624,-0.052247753418765516,0.03753221731985338,-0.6095038407872619
squeezenet,gradcam,ISIC_0016064,0.39659665443771286,0.17645369042907874,0.2221921084487983,2.998973140735415
squeezenet,guided_backprop,ISIC_0016064,0.03599660292168213,0.05153842358674656,0.12984858794854442,1.4959215022812322
squeezenet,integrated_gradients,ISIC_0016064,-0.27793370591913735,-0.06960191663417155,0.012855375296332882,-0.3545596349300449
squeezenet,lrp,ISIC_0016064,-0.23853024403161596,-0.024478391092846358,0.059576578613232456,-0.3406105073890849
squeezenet,occlusion,ISIC_0016064,0.4850133186345543,0.28608848859052166,0.3427576196793413,2.8180054898193396
squeezenet,saliency,ISIC_0016064,-0.0025258977448693568,0.034689166102095166,0.11214286219922465,1.704224175001097
squeezenet,deep_lift,ISIC_0016065,-0.19410860064879112,-0.011848555646593225,0.0743794201365852,-0.0935126331102107
squeezenet,gradcam,ISIC_0016065,0.3011371342078824,0.1755113021593918,0.21157584365539517,2.3912443603613176
squeezenet,guided_backprop,ISIC_0016065,-0.17681500297062047,0.0006610347028455041,0.08741064200664891,0.045903924316383404
squeezenet,integrated_gradients,ISIC_0016065,-0.26665387708067123,-0.08562547781493082,-0.010341161042721689,-0.1369597022876369
squeezenet,lrp,ISIC_0016065,-0.12378385555563366,-0.03606611004022254,0.035193956219036586,0.7766992767095411
squeezenet,occlusion,ISIC_0016065,0.2158109537298563,0.13777390641881088,0.16926439755949194,1.2825597681691696
squeezenet,saliency,ISIC_0016065,0.1048775974441687,0.06586488931155786,0.12681830292257645,1.462959569741481
squeezenet,deep_lift,ISIC_0016066,-0.06927617391602446,0.032459877819572325,0.11739925794617086,0.32781880335248215
squeezenet,gradcam,ISIC_0016066,0.47368903973465826,0.2986841848774871,0.3612432802107001,3.091671944988548
squeezenet,guided_backprop,ISIC_0016066,-0.08974066375970122,0.02862305003968635,0.12062031460425293,-0.00929054819516815
squeezenet,integrated_gradients,ISIC_0016066,-0.0594720439743373,0.0711668580410331,0.1610828328848955,0.2709309233853685
squeezenet,lrp,ISIC_0016066,-0.156391191153404,0.026993736918750018,0.11696502616517711,-0.5359203474983298
squeezenet,occlusion,ISIC_0016066,0.3743463764885841,0.1930636274599777,0.2400827723407697,3.178393603684662
squeezenet,saliency,ISIC_0016066,0.04428589017600036,0.06806853912657009,0.14059336420161822,0.926670999420301
squeezenet,deep_lift,ISIC_0016068,-0.1729226534134356,-0.07556477381096574,-0.01636944360822209,-0.07986356815312808
squeezenet,gradcam,ISIC_0016068,0.4112478764251869,0.24928327798206948,0.3093821625160706,2.8083132174073255
squeezenet,guided_backprop,ISIC_0016068,-0.2699228892124373,-0.005127261433740749,0.09265894785121159,-0.8951806392960536
squeezenet,integrated_gradients,ISIC_0016068,-0.08287737780790776,0.06997743146297256,0.1276925174080972,0.005756310550029177
squeezenet,lrp,ISIC_0016068,-0.2272727006329391,-0.028525541301628852,0.040385973173886286,0.3032849090905975
squeezenet,occlusion,ISIC_0016068,-0.028436753585412724,-0.04864946832187303,-0.0040959936016912255,2.2169025954009305
squeezenet,saliency,ISIC_0016068,-0.10194405920590277,0.025774486541796534,0.09857564766675099,1.1432746037536334
squeezenet,deep_lift,ISIC_0016069,-0.2827773106189013,-0.09395286666952582,-0.022600413588533264,-0.33914838691749594
squeezenet,gradcam,ISIC_0016069,0.19190333675062193,0.21848173844571225,0.28735808008175034,1.0682945307980158
squeezenet,guided_backprop,ISIC_0016069,-0.45730049664084893,-0.019964222111859407,0.06681248353296283,0.12573308263105176
squeezenet,integrated_gradients,ISIC_0016069,-0.29929527364548814,-0.13062138952086508,-0.06399111920642604,-0.2616585114510449
squeezenet,lrp,ISIC_0016069,-0.3182286985316689,-0.09416520763030478,-0.01420746105891471,-0.6514289271816344
squeezenet,occlusion,ISIC_0016069,0.20558130300018024,0.071026554355442,0.0933558359680089,1.4469215992306244
squeezenet,saliency,ISIC_0016069,-0.0003391401254899149,0.0568578370969536,0.13065363681898343,0.566676570009694
squeezenet,deep_lift,ISIC_0016070,-0.3219677862222931,-0.04404303340894614,0.05092973724837904,-0.978211643612117
squeezenet,gradcam,ISIC_0016070,0.22144610313813612,0.22241043243258846,0.2854027447526588,1.181719249931472
squeezenet,guided_backprop,ISIC_0016070,-0.1759893707656571,-0.02549491646048821,0.06272683245983478,0.06437086581576026
squeezenet,integrated_gradients,ISIC_0016070,-0.34243983929382815,-0.11346669132209576,-0.029993715068537215,-0.721732119671128
squeezenet,lrp,ISIC_0016070,-0.2826248723974005,-0.04984989549424885,0.041309301753924124,-0.7227216429469387
squeezenet,occlusion,ISIC_0016070,0.176635462170038,0.14214778919716253,0.19260454707215063,1.0941155563450058
squeezenet,saliency,ISIC_0016070,-0.2852487342546195,-0.07916222500936757,0.005141476942849753,0.08720911156343353
squeezenet,deep_lift,ISIC_0016071,-0.49019867849320214,-0.19194473861803174,-0.1124235737737915,-0.7308007835973644
squeezenet,gradcam,ISIC_0016071,0.4631773002621214,0.3136136311362694,0.3846083543276534,2.7895916275332815
squeezenet,guided_backprop,ISIC_0016071,-0.2040016863955371,-0.04794917573275807,0.03522764678008951,0.16291661784613354
squeezenet,integrated_gradients,ISIC_0016071,-0.5004302700583708,-0.19085568401600078,-0.10583906733199065,-0.6975533876971869
squeezenet,lrp,ISIC_0016071,-0.3312798417186632,-0.0896957296795737,-0.01719585087833511,-0.9187863929644162
squeezenet,occlusion,ISIC_0016071,0.3744021434631641,0.2062916577653209,0.2454543119943262,2.3287529430699405
squeezenet,saliency,ISIC_0016071,0.12746788332120965,0.07213440629028395,0.13517971573907672,1.829502584326141
squeezenet,deep_lift,ISIC_0016072,-0.05039989251874783,0.03677053305628469,0.11612924379299233,0.09698047989371755
squeezenet,gradcam,ISIC_0016072,0.4316037228157948,0.28757269207864133,0.3521050369354174,2.698999507710072
squeezenet,guided_backprop,ISIC_0016072,0.010835816728756569,0.08527212270411676,0.17694652868817343,0.451212832106826
squeezenet,integrated_gradients,ISIC_0016072,-0.09965138982951086,0.07694179674903642,0.16559012457932992,-0.47302172727431147
squeezenet,lrp,ISIC_0016072,-0.052560070548097984,0.11361575565458684,0.1988238844373623,-0.2267611834882592
squeezenet,occlusion,ISIC_0016072,0.216423079834487,0.11516892518563368,0.15262367859930867,2.2795327877448353
squeezenet,saliency,ISIC_0016072,0.25766202101571783,0.17742287854240552,0.24030341145881678,1.9771161569362945
