model,image_id,fae_method,metric,score
resnet18,ISIC_0012258,integrated_gradients,faithfulness_correlation,0.08571908622980118
resnet18,ISIC_0012258,integrated_gradients,pixel_flipping,400.01312255859375
resnet18,ISIC_0012258,integrated_gradients,max_sensitivity,1.412213921546936
resnet18,ISIC_0012258,integrated_gradients,avg_sensitivity,1.4032729744911194
resnet18,ISIC_0012258,integrated_gradients,relevance_mass_accuracy,2.034122943878174
resnet18,ISIC_0012258,integrated_gradients,pointing_game,0.0
resnet18,ISIC_0012258,integrated_gradients,sparseness,0.536448780524973
resnet18,ISIC_0012258,integrated_gradients,complexity,11.415559768676758
resnet18,ISIC_0012258,integrated_gradients,model_parameter_randomisation,0.2622272945795178
resnet18,ISIC_0012258,integrated_gradients,random_logit,0.5724213827948235
resnet18,ISIC_0012258,integrated_gradients,completeness,0.0
resnet18,ISIC_0012258,integrated_gradients,non_sensitivity,
resnet18,ISIC_0012258,saliency,faithfulness_correlation,-0.22458581626415253
resnet18,ISIC_0012258,saliency,pixel_flipping,574.1607666015625
resnet18,ISIC_0012258,saliency,max_sensitivity,0.8935341238975525
resnet18,ISIC_0012258,saliency,avg_sensitivity,0.8548704802989959
resnet18,ISIC_0012258,saliency,relevance_mass_accuracy,0.10524463653564453
resnet18,ISIC_0012258,saliency,pointing_game,0.0
resnet18,ISIC_0012258,saliency,sparseness,0.5330598917618566
resnet18,ISIC_0012258,saliency,complexity,11.420063972473145
resnet18,ISIC_0012258,saliency,model_parameter_randomisation,0.24434810879429766
resnet18,ISIC_0012258,saliency,random_logit,0.5421502534830122
resnet18,ISIC_0012258,saliency,completeness,
resnet18,ISIC_0012258,saliency,non_sensitivity,
resnet18,ISIC_0012258,gradcam,faithfulness_correlation,0.059906743466854095
resnet18,ISIC_0012258,gradcam,pixel_flipping,445.49249267578125
resnet18,ISIC_0012258,gradcam,max_sensitivity,2.2349462509155273
resnet18,ISIC_0012258,gradcam,avg_sensitivity,1.8202397346496582
resnet18,ISIC_0012258,gradcam,relevance_mass_accuracy,0.014693702571094036
resnet18,ISIC_0012258,gradcam,pointing_game,0.0
resnet18,ISIC_0012258,gradcam,sparseness,0.4724102354369794
resnet18,ISIC_0012258,gradcam,complexity,11.529135704040527
resnet18,ISIC_0012258,gradcam,model_parameter_randomisation,
resnet18,ISIC_0012258,gradcam,random_logit,0.5206570276260881
resnet18,ISIC_0012258,gradcam,completeness,
resnet18,ISIC_0012258,gradcam,non_sensitivity,
resnet18,ISIC_0012258,deep_lift,faithfulness_correlation,0.05143069848418236
resnet18,ISIC_0012258,deep_lift,pixel_flipping,444.7216796875
resnet18,ISIC_0012258,deep_lift,max_sensitivity,1.3477767705917358
resnet18,ISIC_0012258,deep_lift,avg_sensitivity,1.2813212513923644
resnet18,ISIC_0012258,deep_lift,relevance_mass_accuracy,-0.03925672546029091
resnet18,ISIC_0012258,deep_lift,pointing_game,0.0
resnet18,ISIC_0012258,deep_lift,sparseness,0.533091070941959
resnet18,ISIC_0012258,deep_lift,complexity,11.422039985656738
resnet18,ISIC_0012258,deep_lift,model_parameter_randomisation,0.2886309933445115
resnet18,ISIC_0012258,deep_lift,random_logit,0.5357597233894609
resnet18,ISIC_0012258,deep_lift,completeness,0.0
resnet18,ISIC_0012258,deep_lift,non_sensitivity,
resnet18,ISIC_0012258,guided_backprop,faithfulness_correlation,0.15269362926483154
resnet18,ISIC_0012258,guided_backprop,pixel_flipping,573.6416015625
resnet18,ISIC_0012258,guided_backprop,max_sensitivity,0.9241152405738831
resnet18,ISIC_0012258,guided_backprop,avg_sensitivity,0.918387484550476
resnet18,ISIC_0012258,guided_backprop,relevance_mass_accuracy,0.1011643186211586
resnet18,ISIC_0012258,guided_backprop,pointing_game,0.0
resnet18,ISIC_0012258,guided_backprop,sparseness,0.7055655542150262
resnet18,ISIC_0012258,guided_backprop,complexity,10.88773250579834
resnet18,ISIC_0012258,guided_backprop,model_parameter_randomisation,0.6272345094460485
resnet18,ISIC_0012258,guided_backprop,random_logit,0.9452463225950029
resnet18,ISIC_0012258,guided_backprop,completeness,
resnet18,ISIC_0012258,guided_backprop,non_sensitivity,
resnet18,ISIC_0012258,lrp,faithfulness_correlation,0.002463039942085743
resnet18,ISIC_0012258,lrp,pixel_flipping,647.074951171875
resnet18,ISIC_0012258,lrp,max_sensitivity,6551.443359375
resnet18,ISIC_0012258,lrp,avg_sensitivity,12.869008696079254
resnet18,ISIC_0012258,lrp,relevance_mass_accuracy,-0.26093539595603943
resnet18,ISIC_0012258,lrp,pointing_game,0.0
resnet18,ISIC_0012258,lrp,sparseness,0.9088340932505511
resnet18,ISIC_0012258,lrp,complexity,9.567675590515137
resnet18,ISIC_0012258,lrp,model_parameter_randomisation,0.42461582515781116
resnet18,ISIC_0012258,lrp,random_logit,0.9575959812696118
resnet18,ISIC_0012258,lrp,completeness,0.0
resnet18,ISIC_0012258,lrp,non_sensitivity,
resnet18,ISIC_0012258,occlusion,faithfulness_correlation,0.13461969792842865
resnet18,ISIC_0012258,occlusion,pixel_flipping,386.55865478515625
resnet18,ISIC_0012258,occlusion,max_sensitivity,1.3594915866851807
resnet18,ISIC_0012258,occlusion,avg_sensitivity,1.1963422060012818
resnet18,ISIC_0012258,occlusion,relevance_mass_accuracy,0.24652372300624847
resnet18,ISIC_0012258,occlusion,pointing_game,1.0
resnet18,ISIC_0012258,occlusion,sparseness,0.41941243528922856
resnet18,ISIC_0012258,occlusion,complexity,11.631668090820312
resnet18,ISIC_0012258,occlusion,model_parameter_randomisation,1.7851241540150385e-05
resnet18,ISIC_0012258,occlusion,random_logit,0.3679064070770515
resnet18,ISIC_0012258,occlusion,completeness,
resnet18,ISIC_0012258,occlusion,non_sensitivity,
squeezenet,ISIC_0012258,integrated_gradients,faithfulness_correlation,0.052797190845012665
squeezenet,ISIC_0012258,integrated_gradients,pixel_flipping,75.55996704101562
squeezenet,ISIC_0012258,integrated_gradients,max_sensitivity,1.352044939994812
squeezenet,ISIC_0012258,integrated_gradients,avg_sensitivity,1.2927627086639404
squeezenet,ISIC_0012258,integrated_gradients,relevance_mass_accuracy,0.17000743746757507
squeezenet,ISIC_0012258,integrated_gradients,pointing_game,1.0
squeezenet,ISIC_0012258,integrated_gradients,sparseness,0.6324632326942676
squeezenet,ISIC_0012258,integrated_gradients,complexity,11.17589282989502
squeezenet,ISIC_0012258,integrated_gradients,model_parameter_randomisation,0.366190576192935
squeezenet,ISIC_0012258,integrated_gradients,random_logit,0.6804027486295519
squeezenet,ISIC_0012258,integrated_gradients,completeness,0.0
squeezenet,ISIC_0012258,integrated_gradients,non_sensitivity,
squeezenet,ISIC_0012258,saliency,faithfulness_correlation,0.17457315325737
squeezenet,ISIC_0012258,saliency,pixel_flipping,67.57637023925781
squeezenet,ISIC_0012258,saliency,max_sensitivity,0.9466041922569275
squeezenet,ISIC_0012258,saliency,avg_sensitivity,0.9213365018367767
squeezenet,ISIC_0012258,saliency,relevance_mass_accuracy,0.10434480756521225
squeezenet,ISIC_0012258,saliency,pointing_game,1.0
squeezenet,ISIC_0012258,saliency,sparseness,0.6096317865450837
squeezenet,ISIC_0012258,saliency,complexity,11.245851516723633
squeezenet,ISIC_0012258,saliency,model_parameter_randomisation,0.33807881353630154
squeezenet,ISIC_0012258,saliency,random_logit,0.47561433378898443
squeezenet,ISIC_0012258,saliency,completeness,
squeezenet,ISIC_0012258,saliency,non_sensitivity,
squeezenet,ISIC_0012258,gradcam,faithfulness_correlation,0.2678220868110657
squeezenet,ISIC_0012258,gradcam,pixel_flipping,234.20785522460938
squeezenet,ISIC_0012258,gradcam,max_sensitivity,0.39447256922721863
squeezenet,ISIC_0012258,gradcam,avg_sensitivity,0.3712772220373154
squeezenet,ISIC_0012258,gradcam,relevance_mass_accuracy,0.09101284295320511
squeezenet,ISIC_0012258,gradcam,pointing_game,0.0
squeezenet,ISIC_0012258,gradcam,sparseness,0.6354802366684439
squeezenet,ISIC_0012258,gradcam,complexity,11.192194938659668
squeezenet,ISIC_0012258,gradcam,model_parameter_randomisation,
squeezenet,ISIC_0012258,gradcam,random_logit,0.5883935442701631
squeezenet,ISIC_0012258,gradcam,completeness,
squeezenet,ISIC_0012258,gradcam,non_sensitivity,
squeezenet,ISIC_0012258,deep_lift,faithfulness_correlation,-0.13202506303787231
squeezenet,ISIC_0012258,deep_lift,pixel_flipping,84.90614318847656
squeezenet,ISIC_0012258,deep_lift,max_sensitivity,1.3878889083862305
squeezenet,ISIC_0012258,deep_lift,avg_sensitivity,1.2825916409492493
squeezenet,ISIC_0012258,deep_lift,relevance_mass_accuracy,0.06494071334600449
squeezenet,ISIC_0012258,deep_lift,pointing_game,0.0
squeezenet,ISIC_0012258,deep_lift,sparseness,0.6558395056358949
squeezenet,ISIC_0012258,deep_lift,complexity,11.074408531188965
squeezenet,ISIC_0012258,deep_lift,model_parameter_randomisation,0.3309485859035376
squeezenet,ISIC_0012258,deep_lift,random_logit,0.7090098363125538
squeezenet,ISIC_0012258,deep_lift,completeness,0.0
squeezenet,ISIC_0012258,deep_lift,non_sensitivity,
squeezenet,ISIC_0012258,guided_backprop,faithfulness_correlation,0.05344797670841217
squeezenet,ISIC_0012258,guided_backprop,pixel_flipping,102.61258697509766
squeezenet,ISIC_0012258,guided_backprop,max_sensitivity,1.0941556692123413
squeezenet,ISIC_0012258,guided_backprop,avg_sensitivity,1.0278081595897675
squeezenet,ISIC_0012258,guided_backprop,relevance_mass_accuracy,0.11651518195867538
squeezenet,ISIC_0012258,guided_backprop,pointing_game,1.0
squeezenet,ISIC_0012258,guided_backprop,sparseness,0.7031895835652218
squeezenet,ISIC_0012258,guided_backprop,complexity,10.932236671447754
squeezenet,ISIC_0012258,guided_backprop,model_parameter_randomisation,0.696647066162715
squeezenet,ISIC_0012258,guided_backprop,random_logit,0.872930358112361
squeezenet,ISIC_0012258,guided_backprop,completeness,
squeezenet,ISIC_0012258,guided_backprop,non_sensitivity,
squeezenet,ISIC_0012258,lrp,faithfulness_correlation,0.15802907943725586
squeezenet,ISIC_0012258,lrp,pixel_flipping,61.48777389526367
squeezenet,ISIC_0012258,lrp,max_sensitivity,1.3656247854232788
squeezenet,ISIC_0012258,lrp,avg_sensitivity,1.3161589980125428
squeezenet,ISIC_0012258,lrp,relevance_mass_accuracy,-2.3058321475982666
squeezenet,ISIC_0012258,lrp,pointing_game,1.0
squeezenet,ISIC_0012258,lrp,sparseness,0.603152380026238
squeezenet,ISIC_0012258,lrp,complexity,11.263506889343262
squeezenet,ISIC_0012258,lrp,model_parameter_randomisation,0.3554569576852132
squeezenet,ISIC_0012258,lrp,random_logit,0.4999055516657116
squeezenet,ISIC_0012258,lrp,completeness,0.0
squeezenet,ISIC_0012258,lrp,non_sensitivity,
squeezenet,ISIC_0012258,occlusion,faithfulness_correlation,0.20621967315673828
squeezenet,ISIC_0012258,occlusion,pixel_flipping,80.86174774169922
squeezenet,ISIC_0012258,occlusion,max_sensitivity,0.7371413111686707
squeezenet,ISIC_0012258,occlusion,avg_sensitivity,0.6642990231513977
squeezenet,ISIC_0012258,occlusion,relevance_mass_accuracy,0.2652221620082855
squeezenet,ISIC_0012258,occlusion,pointing_game,0.0
squeezenet,ISIC_0012258,occlusion,sparseness,0.43182709680652537
squeezenet,ISIC_0012258,occlusion,complexity,11.615105628967285
squeezenet,ISIC_0012258,occlusion,model_parameter_randomisation,0.06716123638315256
squeezenet,ISIC_0012258,occlusion,random_logit,0.3442057388052805
squeezenet,ISIC_0012258,occlusion,completeness,
squeezenet,ISIC_0012258,occlusion,non_sensitivity,
resnet18,ISIC_0012356,integrated_gradients,faithfulness_correlation,0.05926530808210373
resnet18,ISIC_0012356,integrated_gradients,pixel_flipping,27.498329162597656
resnet18,ISIC_0012356,integrated_gradients,max_sensitivity,1.3495428562164307
resnet18,ISIC_0012356,integrated_gradients,avg_sensitivity,1.32100590467453
resnet18,ISIC_0012356,integrated_gradients,relevance_mass_accuracy,0.011149320751428604
resnet18,ISIC_0012356,integrated_gradients,pointing_game,0.0
resnet18,ISIC_0012356,integrated_gradients,sparseness,0.601032167168432
resnet18,ISIC_0012356,integrated_gradients,complexity,11.28310775756836
resnet18,ISIC_0012356,integrated_gradients,model_parameter_randomisation,0.5210864642829631
resnet18,ISIC_0012356,integrated_gradients,random_logit,0.5404169133541422
resnet18,ISIC_0012356,integrated_gradients,completeness,0.0
resnet18,ISIC_0012356,integrated_gradients,non_sensitivity,
resnet18,ISIC_0012356,saliency,faithfulness_correlation,0.08796485513448715
resnet18,ISIC_0012356,saliency,pixel_flipping,56.40552520751953
resnet18,ISIC_0012356,saliency,max_sensitivity,0.8585291504859924
resnet18,ISIC_0012356,saliency,avg_sensitivity,0.8306472599506378
resnet18,ISIC_0012356,saliency,relevance_mass_accuracy,0.5296792387962341
resnet18,ISIC_0012356,saliency,pointing_game,1.0
resnet18,ISIC_0012356,saliency,sparseness,0.48595806770974415
resnet18,ISIC_0012356,saliency,complexity,11.518572807312012
resnet18,ISIC_0012356,saliency,model_parameter_randomisation,0.17240055234157978
resnet18,ISIC_0012356,saliency,random_logit,0.4096476835638037
resnet18,ISIC_0012356,saliency,completeness,
resnet18,ISIC_0012356,saliency,non_sensitivity,
resnet18,ISIC_0012356,gradcam,faithfulness_correlation,-0.021019866690039635
resnet18,ISIC_0012356,gradcam,pixel_flipping,134.8892059326172
resnet18,ISIC_0012356,gradcam,max_sensitivity,1.1261646747589111
resnet18,ISIC_0012356,gradcam,avg_sensitivity,0.8326918542385101
resnet18,ISIC_0012356,gradcam,relevance_mass_accuracy,0.472783625125885
resnet18,ISIC_0012356,gradcam,pointing_game,1.0
resnet18,ISIC_0012356,gradcam,sparseness,0.4192951240543071
resnet18,ISIC_0012356,gradcam,complexity,11.615274429321289
resnet18,ISIC_0012356,gradcam,model_parameter_randomisation,0.0850455508280735
resnet18,ISIC_0012356,gradcam,random_logit,0.6806435690058732
resnet18,ISIC_0012356,gradcam,completeness,
resnet18,ISIC_0012356,gradcam,non_sensitivity,
resnet18,ISIC_0012356,deep_lift,faithfulness_correlation,0.20143434405326843
resnet18,ISIC_0012356,deep_lift,pixel_flipping,21.470901489257812
resnet18,ISIC_0012356,deep_lift,max_sensitivity,1.1400842666625977
resnet18,ISIC_0012356,deep_lift,avg_sensitivity,1.1274847149848939
resnet18,ISIC_0012356,deep_lift,relevance_mass_accuracy,0.04784490913152695
resnet18,ISIC_0012356,deep_lift,pointing_game,0.0
resnet18,ISIC_0012356,deep_lift,sparseness,0.6133391966754427
resnet18,ISIC_0012356,deep_lift,complexity,11.246038436889648
resnet18,ISIC_0012356,deep_lift,model_parameter_randomisation,0.5272482356488559
resnet18,ISIC_0012356,deep_lift,random_logit,0.7337170029551094
resnet18,ISIC_0012356,deep_lift,completeness,0.0
resnet18,ISIC_0012356,deep_lift,non_sensitivity,
resnet18,ISIC_0012356,guided_backprop,faithfulness_correlation,0.1530996859073639
resnet18,ISIC_0012356,guided_backprop,pixel_flipping,29.007808685302734
resnet18,ISIC_0012356,guided_backprop,max_sensitivity,0.8057279586791992
resnet18,ISIC_0012356,guided_backprop,avg_sensitivity,0.8056760668754578
resnet18,ISIC_0012356,guided_backprop,relevance_mass_accuracy,-52.35470199584961
resnet18,ISIC_0012356,guided_backprop,pointing_game,0.0
resnet18,ISIC_0012356,guided_backprop,sparseness,0.7000696683134908
resnet18,ISIC_0012356,guided_backprop,complexity,10.841931343078613
resnet18,ISIC_0012356,guided_backprop,model_parameter_randomisation,0.607714384406141
resnet18,ISIC_0012356,guided_backprop,random_logit,0.9924791034790843
resnet18,ISIC_0012356,guided_backprop,completeness,
resnet18,ISIC_0012356,guided_backprop,non_sensitivity,
resnet18,ISIC_0012356,lrp,faithfulness_correlation,-0.20549170672893524
resnet18,ISIC_0012356,lrp,pixel_flipping,78.3382797241211
resnet18,ISIC_0012356,lrp,max_sensitivity,1.8593487739562988
resnet18,ISIC_0012356,lrp,avg_sensitivity,2.313950765132904
resnet18,ISIC_0012356,lrp,relevance_mass_accuracy,-1.445841670036316
resnet18,ISIC_0012356,lrp,pointing_game,0.0
resnet18,ISIC_0012356,lrp,sparseness,0.9316409471590491
resnet18,ISIC_0012356,lrp,complexity,9.209261894226074
resnet18,ISIC_0012356,lrp,model_parameter_randomisation,0.497244809529199
resnet18,ISIC_0012356,lrp,random_logit,0.9929219863489044
resnet18,ISIC_0012356,lrp,completeness,0.0
resnet18,ISIC_0012356,lrp,non_sensitivity,
resnet18,ISIC_0012356,occlusion,faithfulness_correlation,0.0772709771990776
resnet18,ISIC_0012356,occlusion,pixel_flipping,23.8953857421875
resnet18,ISIC_0012356,occlusion,max_sensitivity,1.5235499143600464
resnet18,ISIC_0012356,occlusion,avg_sensitivity,1.2979429125785829
resnet18,ISIC_0012356,occlusion,relevance_mass_accuracy,1.720125675201416
resnet18,ISIC_0012356,occlusion,pointing_game,0.0
resnet18,ISIC_0012356,occlusion,sparseness,0.452190634458129
resnet18,ISIC_0012356,occlusion,complexity,11.57266616821289
resnet18,ISIC_0012356,occlusion,model_parameter_randomisation,0.029967874928724585
resnet18,ISIC_0012356,occlusion,random_logit,0.41135619208517227
resnet18,ISIC_0012356,occlusion,completeness,
resnet18,ISIC_0012356,occlusion,non_sensitivity,
squeezenet,ISIC_0012356,integrated_gradients,faithfulness_correlation,-0.1776256412267685
squeezenet,ISIC_0012356,integrated_gradients,pixel_flipping,44.86948776245117
squeezenet,ISIC_0012356,integrated_gradients,max_sensitivity,1.4369304180145264
squeezenet,ISIC_0012356,integrated_gradients,avg_sensitivity,1.3755740404129029
squeezenet,ISIC_0012356,integrated_gradients,relevance_mass_accuracy,-0.05760587751865387
squeezenet,ISIC_0012356,integrated_gradients,pointing_game,0.0
squeezenet,ISIC_0012356,integrated_gradients,sparseness,0.6930931382666392
squeezenet,ISIC_0012356,integrated_gradients,complexity,10.98866081237793
squeezenet,ISIC_0012356,integrated_gradients,model_parameter_randomisation,0.5638850760366287
squeezenet,ISIC_0012356,integrated_gradients,random_logit,0.6413097646409602
squeezenet,ISIC_0012356,integrated_gradients,completeness,0.0
squeezenet,ISIC_0012356,integrated_gradients,non_sensitivity,
squeezenet,ISIC_0012356,saliency,faithfulness_correlation,0.3388996720314026
squeezenet,ISIC_0012356,saliency,pixel_flipping,66.38915252685547
squeezenet,ISIC_0012356,saliency,max_sensitivity,1.0721269845962524
squeezenet,ISIC_0012356,saliency,avg_sensitivity,0.9662513971328736
squeezenet,ISIC_0012356,saliency,relevance_mass_accuracy,0.507698655128479
squeezenet,ISIC_0012356,saliency,pointing_game,0.0
squeezenet,ISIC_0012356,saliency,sparseness,0.5829163996191378
squeezenet,ISIC_0012356,saliency,complexity,11.307076454162598
squeezenet,ISIC_0012356,saliency,model_parameter_randomisation,0.3285144600299384
squeezenet,ISIC_0012356,saliency,random_logit,0.4828032977968279
squeezenet,ISIC_0012356,saliency,completeness,
squeezenet,ISIC_0012356,saliency,non_sensitivity,
squeezenet,ISIC_0012356,gradcam,faithfulness_correlation,-0.03335632011294365
squeezenet,ISIC_0012356,gradcam,pixel_flipping,229.9583740234375
squeezenet,ISIC_0012356,gradcam,max_sensitivity,0.5448360443115234
squeezenet,ISIC_0012356,gradcam,avg_sensitivity,0.48171270787715914
squeezenet,ISIC_0012356,gradcam,relevance_mass_accuracy,0.3694923222064972
squeezenet,ISIC_0012356,gradcam,pointing_game,0.0
squeezenet,ISIC_0012356,gradcam,sparseness,0.7087370922162085
squeezenet,ISIC_0012356,gradcam,complexity,10.85631275177002
squeezenet,ISIC_0012356,gradcam,model_parameter_randomisation,
squeezenet,ISIC_0012356,gradcam,random_logit,0.558530674196371
squeezenet,ISIC_0012356,gradcam,completeness,
squeezenet,ISIC_0012356,gradcam,non_sensitivity,
squeezenet,ISIC_0012356,deep_lift,faithfulness_correlation,0.024009453132748604
squeezenet,ISIC_0012356,deep_lift,pixel_flipping,56.82147979736328
squeezenet,ISIC_0012356,deep_lift,max_sensitivity,1.4944926500320435
squeezenet,ISIC_0012356,deep_lift,avg_sensitivity,1.449471402168274
squeezenet,ISIC_0012356,deep_lift,relevance_mass_accuracy,0.08232924342155457
squeezenet,ISIC_0012356,deep_lift,pointing_game,0.0
squeezenet,ISIC_0012356,deep_lift,sparseness,0.7629330944243996
squeezenet,ISIC_0012356,deep_lift,complexity,10.599119186401367
squeezenet,ISIC_0012356,deep_lift,model_parameter_randomisation,0.5179561964650623
squeezenet,ISIC_0012356,deep_lift,random_logit,0.7145142574166393
squeezenet,ISIC_0012356,deep_lift,completeness,0.0
squeezenet,ISIC_0012356,deep_lift,non_sensitivity,
squeezenet,ISIC_0012356,guided_backprop,faithfulness_correlation,0.02787616476416588
squeezenet,ISIC_0012356,guided_backprop,pixel_flipping,76.3366928100586
squeezenet,ISIC_0012356,guided_backprop,max_sensitivity,1.3075201511383057
squeezenet,ISIC_0012356,guided_backprop,avg_sensitivity,1.2707592964172363
squeezenet,ISIC_0012356,guided_backprop,relevance_mass_accuracy,0.12370821088552475
squeezenet,ISIC_0012356,guided_backprop,pointing_game,0.0
squeezenet,ISIC_0012356,guided_backprop,sparseness,0.6699129611541128
squeezenet,ISIC_0012356,guided_backprop,complexity,11.044554710388184
squeezenet,ISIC_0012356,guided_backprop,model_parameter_randomisation,0.6994094708976354
squeezenet,ISIC_0012356,guided_backprop,random_logit,0.7369341342551909
squeezenet,ISIC_0012356,guided_backprop,completeness,
squeezenet,ISIC_0012356,guided_backprop,non_sensitivity,
squeezenet,ISIC_0012356,lrp,faithfulness_correlation,-0.1749631017446518
squeezenet,ISIC_0012356,lrp,pixel_flipping,38.32383346557617
squeezenet,ISIC_0012356,lrp,max_sensitivity,1.498665690422058
squeezenet,ISIC_0012356,lrp,avg_sensitivity,1.392718243598938
squeezenet,ISIC_0012356,lrp,relevance_mass_accuracy,-0.29848259687423706
squeezenet,ISIC_0012356,lrp,pointing_game,0.0
squeezenet,ISIC_0012356,lrp,sparseness,0.6718883386924692
squeezenet,ISIC_0012356,lrp,complexity,11.070240020751953
squeezenet,ISIC_0012356,lrp,model_parameter_randomisation,0.5590162138834331
squeezenet,ISIC_0012356,lrp,random_logit,0.5212048692504332
squeezenet,ISIC_0012356,lrp,completeness,0.0
squeezenet,ISIC_0012356,lrp,non_sensitivity,
squeezenet,ISIC_0012356,occlusion,faithfulness_correlation,-0.02200005203485489
squeezenet,ISIC_0012356,occlusion,pixel_flipping,92.81678009033203
squeezenet,ISIC_0012356,occlusion,max_sensitivity,0.828055202960968
squeezenet,ISIC_0012356,occlusion,avg_sensitivity,0.7625231802463531
squeezenet,ISIC_0012356,occlusion,relevance_mass_accuracy,0.7582703232765198
squeezenet,ISIC_0012356,occlusion,pointing_game,0.0
squeezenet,ISIC_0012356,occlusion,sparseness,0.3832452076052042
squeezenet,ISIC_0012356,occlusion,complexity,11.679668426513672
squeezenet,ISIC_0012356,occlusion,model_parameter_randomisation,0.21345029636717533
squeezenet,ISIC_0012356,occlusion,random_logit,0.29005292073544436
squeezenet,ISIC_0012356,occlusion,completeness,
squeezenet,ISIC_0012356,occlusion,non_sensitivity,
resnet18,ISIC_0012369,integrated_gradients,faithfulness_correlation,0.04595526307821274
resnet18,ISIC_0012369,integrated_gradients,pixel_flipping,470.3616943359375
resnet18,ISIC_0012369,integrated_gradients,max_sensitivity,1.2926959991455078
resnet18,ISIC_0012369,integrated_gradients,avg_sensitivity,1.2408226013183594
resnet18,ISIC_0012369,integrated_gradients,relevance_mass_accuracy,-0.9587446451187134
resnet18,ISIC_0012369,integrated_gradients,pointing_game,1.0
resnet18,ISIC_0012369,integrated_gradients,sparseness,0.6299466827607095
resnet18,ISIC_0012369,integrated_gradients,complexity,11.190059661865234
resnet18,ISIC_0012369,integrated_gradients,model_parameter_randomisation,0.46185538157225375
resnet18,ISIC_0012369,integrated_gradients,random_logit,0.6619854554753789
resnet18,ISIC_0012369,integrated_gradients,completeness,0.0
resnet18,ISIC_0012369,integrated_gradients,non_sensitivity,
resnet18,ISIC_0012369,saliency,faithfulness_correlation,0.15330180525779724
resnet18,ISIC_0012369,saliency,pixel_flipping,415.80096435546875
resnet18,ISIC_0012369,saliency,max_sensitivity,0.8569686412811279
resnet18,ISIC_0012369,saliency,avg_sensitivity,0.8449660480022431
resnet18,ISIC_0012369,saliency,relevance_mass_accuracy,0.3046357333660126
resnet18,ISIC_0012369,saliency,pointing_game,1.0
resnet18,ISIC_0012369,saliency,sparseness,0.5588481572478751
resnet18,ISIC_0012369,saliency,complexity,11.363372802734375
resnet18,ISIC_0012369,saliency,model_parameter_randomisation,0.21212100332832953
resnet18,ISIC_0012369,saliency,random_logit,0.568504847679842
resnet18,ISIC_0012369,saliency,completeness,
resnet18,ISIC_0012369,saliency,non_sensitivity,
resnet18,ISIC_0012369,gradcam,faithfulness_correlation,0.3763613998889923
resnet18,ISIC_0012369,gradcam,pixel_flipping,538.51416015625
resnet18,ISIC_0012369,gradcam,max_sensitivity,0.4797084927558899
resnet18,ISIC_0012369,gradcam,avg_sensitivity,0.4280109226703644
resnet18,ISIC_0012369,gradcam,relevance_mass_accuracy,0.3692455589771271
resnet18,ISIC_0012369,gradcam,pointing_game,1.0
resnet18,ISIC_0012369,gradcam,sparseness,0.534831145790713
resnet18,ISIC_0012369,gradcam,complexity,11.44392204284668
resnet18,ISIC_0012369,gradcam,model_parameter_randomisation,
resnet18,ISIC_0012369,gradcam,random_logit,0.5260505933223072
resnet18,ISIC_0012369,gradcam,completeness,
resnet18,ISIC_0012369,gradcam,non_sensitivity,
resnet18,ISIC_0012369,deep_lift,faithfulness_correlation,0.0016385717317461967
resnet18,ISIC_0012369,deep_lift,pixel_flipping,366.8187255859375
resnet18,ISIC_0012369,deep_lift,max_sensitivity,1.2192398309707642
resnet18,ISIC_0012369,deep_lift,avg_sensitivity,1.1388366580009461
resnet18,ISIC_0012369,deep_lift,relevance_mass_accuracy,2.6671385765075684
resnet18,ISIC_0012369,deep_lift,pointing_game,0.0
resnet18,ISIC_0012369,deep_lift,sparseness,0.6277605564591605
resnet18,ISIC_0012369,deep_lift,complexity,11.186970710754395
resnet18,ISIC_0012369,deep_lift,model_parameter_randomisation,0.4555328380888087
resnet18,ISIC_0012369,deep_lift,random_logit,0.6659153451371607
resnet18,ISIC_0012369,deep_lift,completeness,0.0
resnet18,ISIC_0012369,deep_lift,non_sensitivity,
resnet18,ISIC_0012369,guided_backprop,faithfulness_correlation,0.019693011417984962
resnet18,ISIC_0012369,guided_backprop,pixel_flipping,370.9726867675781
resnet18,ISIC_0012369,guided_backprop,max_sensitivity,1.2999399900436401
resnet18,ISIC_0012369,guided_backprop,avg_sensitivity,1.2304778695106506
resnet18,ISIC_0012369,guided_backprop,relevance_mass_accuracy,0.3625943958759308
resnet18,ISIC_0012369,guided_backprop,pointing_game,1.0
resnet18,ISIC_0012369,guided_backprop,sparseness,0.7067133159908255
resnet18,ISIC_0012369,guided_backprop,complexity,10.847620010375977
resnet18,ISIC_0012369,guided_backprop,model_parameter_randomisation,0.596448538847794
resnet18,ISIC_0012369,guided_backprop,random_logit,0.9602288237174609
resnet18,ISIC_0012369,guided_backprop,completeness,
resnet18,ISIC_0012369,guided_backprop,non_sensitivity,
resnet18,ISIC_0012369,lrp,faithfulness_correlation,-0.011233819648623466
resnet18,ISIC_0012369,lrp,pixel_flipping,622.9541015625
resnet18,ISIC_0012369,lrp,max_sensitivity,60.758087158203125
resnet18,ISIC_0012369,lrp,avg_sensitivity,7.3151599884033205
resnet18,ISIC_0012369,lrp,relevance_mass_accuracy,0.2716788947582245
resnet18,ISIC_0012369,lrp,pointing_game,0.0
resnet18,ISIC_0012369,lrp,sparseness,0.9530543231742022
resnet18,ISIC_0012369,lrp,complexity,8.863511085510254
resnet18,ISIC_0012369,lrp,model_parameter_randomisation,0.5449210633172713
resnet18,ISIC_0012369,lrp,random_logit,0.9941765077594183
resnet18,ISIC_0012369,lrp,completeness,0.0
resnet18,ISIC_0012369,lrp,non_sensitivity,
resnet18,ISIC_0012369,occlusion,faithfulness_correlation,0.2324179708957672
resnet18,ISIC_0012369,occlusion,pixel_flipping,524.6129150390625
resnet18,ISIC_0012369,occlusion,max_sensitivity,1.4806352853775024
resnet18,ISIC_0012369,occlusion,avg_sensitivity,1.1839585423469543
resnet18,ISIC_0012369,occlusion,relevance_mass_accuracy,0.2055535465478897
resnet18,ISIC_0012369,occlusion,pointing_game,1.0
resnet18,ISIC_0012369,occlusion,sparseness,0.4838104732421561
resnet18,ISIC_0012369,occlusion,complexity,11.53394603729248
resnet18,ISIC_0012369,occlusion,model_parameter_randomisation,0.08117690942385193
resnet18,ISIC_0012369,occlusion,random_logit,0.4166381843642155
resnet18,ISIC_0012369,occlusion,completeness,
resnet18,ISIC_0012369,occlusion,non_sensitivity,
squeezenet,ISIC_0012369,integrated_gradients,faithfulness_correlation,-0.04332912340760231
squeezenet,ISIC_0012369,integrated_gradients,pixel_flipping,496.769775390625
squeezenet,ISIC_0012369,integrated_gradients,max_sensitivity,1.3433640003204346
squeezenet,ISIC_0012369,integrated_gradients,avg_sensitivity,1.3210466623306274
squeezenet,ISIC_0012369,integrated_gradients,relevance_mass_accuracy,-0.672419548034668
squeezenet,ISIC_0012369,integrated_gradients,pointing_game,0.0
squeezenet,ISIC_0012369,integrated_gradients,sparseness,0.7364000823303601
squeezenet,ISIC_0012369,integrated_gradients,complexity,10.716514587402344
squeezenet,ISIC_0012369,integrated_gradients,model_parameter_randomisation,
squeezenet,ISIC_0012369,integrated_gradients,random_logit,0.8999808973542092
squeezenet,ISIC_0012369,integrated_gradients,completeness,0.0
squeezenet,ISIC_0012369,integrated_gradients,non_sensitivity,
squeezenet,ISIC_0012369,saliency,faithfulness_correlation,0.21412277221679688
squeezenet,ISIC_0012369,saliency,pixel_flipping,407.77593994140625
squeezenet,ISIC_0012369,saliency,max_sensitivity,0.8922673463821411
squeezenet,ISIC_0012369,saliency,avg_sensitivity,0.8864397644996643
squeezenet,ISIC_0012369,saliency,relevance_mass_accuracy,0.22291062772274017
squeezenet,ISIC_0012369,saliency,pointing_game,0.0
squeezenet,ISIC_0012369,saliency,sparseness,0.6637373647718183
squeezenet,ISIC_0012369,saliency,complexity,11.055686950683594
squeezenet,ISIC_0012369,saliency,model_parameter_randomisation,
squeezenet,ISIC_0012369,saliency,random_logit,0.7851908406575507
squeezenet,ISIC_0012369,saliency,completeness,
squeezenet,ISIC_0012369,saliency,non_sensitivity,
squeezenet,ISIC_0012369,gradcam,faithfulness_correlation,0.43936488032341003
squeezenet,ISIC_0012369,gradcam,pixel_flipping,208.17034912109375
squeezenet,ISIC_0012369,gradcam,max_sensitivity,1.1010700464248657
squeezenet,ISIC_0012369,gradcam,avg_sensitivity,0.9586062967777252
squeezenet,ISIC_0012369,gradcam,relevance_mass_accuracy,0.17620974779129028
squeezenet,ISIC_0012369,gradcam,pointing_game,0.0
squeezenet,ISIC_0012369,gradcam,sparseness,0.6974605513881279
squeezenet,ISIC_0012369,gradcam,complexity,10.937140464782715
squeezenet,ISIC_0012369,gradcam,model_parameter_randomisation,
squeezenet,ISIC_0012369,gradcam,random_logit,0.7378299762575606
squeezenet,ISIC_0012369,gradcam,completeness,
squeezenet,ISIC_0012369,gradcam,non_sensitivity,
squeezenet,ISIC_0012369,deep_lift,faithfulness_correlation,-0.1855614334344864
squeezenet,ISIC_0012369,deep_lift,pixel_flipping,502.31231689453125
squeezenet,ISIC_0012369,deep_lift,max_sensitivity,1.3236651420593262
squeezenet,ISIC_0012369,deep_lift,avg_sensitivity,1.2935352206230164
squeezenet,ISIC_0012369,deep_lift,relevance_mass_accuracy,0.30697211623191833
squeezenet,ISIC_0012369,deep_lift,pointing_game,0.0
squeezenet,ISIC_0012369,deep_lift,sparseness,0.7080352852362417
squeezenet,ISIC_0012369,deep_lift,complexity,10.886319160461426
squeezenet,ISIC_0012369,deep_lift,model_parameter_randomisation,
squeezenet,ISIC_0012369,deep_lift,random_logit,0.9115966714053748
squeezenet,ISIC_0012369,deep_lift,completeness,0.0
squeezenet,ISIC_0012369,deep_lift,non_sensitivity,
squeezenet,ISIC_0012369,guided_backprop,faithfulness_correlation,0.15450990200042725
squeezenet,ISIC_0012369,guided_backprop,pixel_flipping,482.5540771484375
squeezenet,ISIC_0012369,guided_backprop,max_sensitivity,1.2626993656158447
squeezenet,ISIC_0012369,guided_backprop,avg_sensitivity,1.2418658256530761
squeezenet,ISIC_0012369,guided_backprop,relevance_mass_accuracy,0.03567744046449661
squeezenet,ISIC_0012369,guided_backprop,pointing_game,0.0
squeezenet,ISIC_0012369,guided_backprop,sparseness,0.7217378217869146
squeezenet,ISIC_0012369,guided_backprop,complexity,10.81360912322998
squeezenet,ISIC_0012369,guided_backprop,model_parameter_randomisation,
squeezenet,ISIC_0012369,guided_backprop,random_logit,0.9722706754889088
squeezenet,ISIC_0012369,guided_backprop,completeness,
squeezenet,ISIC_0012369,guided_backprop,non_sensitivity,
squeezenet,ISIC_0012369,lrp,faithfulness_correlation,-0.02812669426202774
squeezenet,ISIC_0012369,lrp,pixel_flipping,488.4811706542969
squeezenet,ISIC_0012369,lrp,max_sensitivity,1.2406197786331177
squeezenet,ISIC_0012369,lrp,avg_sensitivity,1.2304799914360047
squeezenet,ISIC_0012369,lrp,relevance_mass_accuracy,0.028068793937563896
squeezenet,ISIC_0012369,lrp,pointing_game,0.0
squeezenet,ISIC_0012369,lrp,sparseness,0.7178535232058779
squeezenet,ISIC_0012369,lrp,complexity,10.867923736572266
squeezenet,ISIC_0012369,lrp,model_parameter_randomisation,
squeezenet,ISIC_0012369,lrp,random_logit,0.8513996584713757
squeezenet,ISIC_0012369,lrp,completeness,0.0
squeezenet,ISIC_0012369,lrp,non_sensitivity,
squeezenet,ISIC_0012369,occlusion,faithfulness_correlation,0.4747506380081177
squeezenet,ISIC_0012369,occlusion,pixel_flipping,87.50326538085938
squeezenet,ISIC_0012369,occlusion,max_sensitivity,0.8806812763214111
squeezenet,ISIC_0012369,occlusion,avg_sensitivity,0.757886815071106
squeezenet,ISIC_0012369,occlusion,relevance_mass_accuracy,0.018257640302181244
squeezenet,ISIC_0012369,occlusion,pointing_game,0.0
squeezenet,ISIC_0012369,occlusion,sparseness,0.6049839225816607
squeezenet,ISIC_0012369,occlusion,complexity,11.215716361999512
squeezenet,ISIC_0012369,occlusion,model_parameter_randomisation,
squeezenet,ISIC_0012369,occlusion,random_logit,0.5175653420200427
squeezenet,ISIC_0012369,occlusion,completeness,
squeezenet,ISIC_0012369,occlusion,non_sensitivity,
resnet18,ISIC_0012395,integrated_gradients,faithfulness_correlation,-0.012739463709294796
resnet18,ISIC_0012395,integrated_gradients,pixel_flipping,110.43622589111328
resnet18,ISIC_0012395,integrated_gradients,max_sensitivity,1.1280226707458496
resnet18,ISIC_0012395,integrated_gradients,avg_sensitivity,1.0958861351013183
resnet18,ISIC_0012395,integrated_gradients,relevance_mass_accuracy,-2.1945996284484863
resnet18,ISIC_0012395,integrated_gradients,pointing_game,1.0
resnet18,ISIC_0012395,integrated_gradients,sparseness,0.6547070758970749
resnet18,ISIC_0012395,integrated_gradients,complexity,11.03101634979248
resnet18,ISIC_0012395,integrated_gradients,model_parameter_randomisation,0.3896304437934103
resnet18,ISIC_0012395,integrated_gradients,random_logit,0.6304628229083361
resnet18,ISIC_0012395,integrated_gradients,completeness,0.0
resnet18,ISIC_0012395,integrated_gradients,non_sensitivity,
resnet18,ISIC_0012395,saliency,faithfulness_correlation,0.02485247328877449
resnet18,ISIC_0012395,saliency,pixel_flipping,127.92059326171875
resnet18,ISIC_0012395,saliency,max_sensitivity,0.8646690249443054
resnet18,ISIC_0012395,saliency,avg_sensitivity,0.8426598012447357
resnet18,ISIC_0012395,saliency,relevance_mass_accuracy,0.17817308008670807
resnet18,ISIC_0012395,saliency,pointing_game,1.0
resnet18,ISIC_0012395,saliency,sparseness,0.5355581121969204
resnet18,ISIC_0012395,saliency,complexity,11.42112922668457
resnet18,ISIC_0012395,saliency,model_parameter_randomisation,0.22461330866533868
resnet18,ISIC_0012395,saliency,random_logit,0.4743492675129042
resnet18,ISIC_0012395,saliency,completeness,
resnet18,ISIC_0012395,saliency,non_sensitivity,
resnet18,ISIC_0012395,gradcam,faithfulness_correlation,0.10997723788022995
resnet18,ISIC_0012395,gradcam,pixel_flipping,46.740928649902344
resnet18,ISIC_0012395,gradcam,max_sensitivity,1.256076693534851
resnet18,ISIC_0012395,gradcam,avg_sensitivity,0.9282006561756134
resnet18,ISIC_0012395,gradcam,relevance_mass_accuracy,0.7772189378738403
resnet18,ISIC_0012395,gradcam,pointing_game,1.0
resnet18,ISIC_0012395,gradcam,sparseness,0.48021741182684186
resnet18,ISIC_0012395,gradcam,complexity,11.539916038513184
resnet18,ISIC_0012395,gradcam,model_parameter_randomisation,
resnet18,ISIC_0012395,gradcam,random_logit,0.46314549115976034
resnet18,ISIC_0012395,gradcam,completeness,
resnet18,ISIC_0012395,gradcam,non_sensitivity,
resnet18,ISIC_0012395,deep_lift,faithfulness_correlation,0.11373690515756607
resnet18,ISIC_0012395,deep_lift,pixel_flipping,127.02908325195312
resnet18,ISIC_0012395,deep_lift,max_sensitivity,1.2726515531539917
resnet18,ISIC_0012395,deep_lift,avg_sensitivity,1.2385514616966247
resnet18,ISIC_0012395,deep_lift,relevance_mass_accuracy,-1.6886950731277466
resnet18,ISIC_0012395,deep_lift,pointing_game,1.0
resnet18,ISIC_0012395,deep_lift,sparseness,0.588378828019423
resnet18,ISIC_0012395,deep_lift,complexity,11.286147117614746
resnet18,ISIC_0012395,deep_lift,model_parameter_randomisation,0.4006169793653382
resnet18,ISIC_0012395,deep_lift,random_logit,0.641292592563327
resnet18,ISIC_0012395,deep_lift,completeness,0.0
resnet18,ISIC_0012395,deep_lift,non_sensitivity,
resnet18,ISIC_0012395,guided_backprop,faithfulness_correlation,0.049911025911569595
resnet18,ISIC_0012395,guided_backprop,pixel_flipping,139.82472229003906
resnet18,ISIC_0012395,guided_backprop,max_sensitivity,1.0196737051010132
resnet18,ISIC_0012395,guided_backprop,avg_sensitivity,0.90129833817482
resnet18,ISIC_0012395,guided_backprop,relevance_mass_accuracy,1.782411813735962
resnet18,ISIC_0012395,guided_backprop,pointing_game,1.0
resnet18,ISIC_0012395,guided_backprop,sparseness,0.6560650630633414
resnet18,ISIC_0012395,guided_backprop,complexity,11.074058532714844
resnet18,ISIC_0012395,guided_backprop,model_parameter_randomisation,0.6307903159366042
resnet18,ISIC_0012395,guided_backprop,random_logit,0.9946894682208771
resnet18,ISIC_0012395,guided_backprop,completeness,
resnet18,ISIC_0012395,guided_backprop,non_sensitivity,
resnet18,ISIC_0012395,lrp,faithfulness_correlation,0.06884224712848663
resnet18,ISIC_0012395,lrp,pixel_flipping,38.65360641479492
resnet18,ISIC_0012395,lrp,max_sensitivity,97.63565063476562
resnet18,ISIC_0012395,lrp,avg_sensitivity,149.39311426877975
resnet18,ISIC_0012395,lrp,relevance_mass_accuracy,0.04768865555524826
resnet18,ISIC_0012395,lrp,pointing_game,0.0
resnet18,ISIC_0012395,lrp,sparseness,0.9209439728372935
resnet18,ISIC_0012395,lrp,complexity,9.054071426391602
resnet18,ISIC_0012395,lrp,model_parameter_randomisation,0.4325754418098121
resnet18,ISIC_0012395,lrp,random_logit,0.9748687713184646
resnet18,ISIC_0012395,lrp,completeness,0.0
resnet18,ISIC_0012395,lrp,non_sensitivity,
resnet18,ISIC_0012395,occlusion,faithfulness_correlation,0.16901715099811554
resnet18,ISIC_0012395,occlusion,pixel_flipping,200.88888549804688
resnet18,ISIC_0012395,occlusion,max_sensitivity,1.2620126008987427
resnet18,ISIC_0012395,occlusion,avg_sensitivity,1.0040293335914612
resnet18,ISIC_0012395,occlusion,relevance_mass_accuracy,-8.058307647705078
resnet18,ISIC_0012395,occlusion,pointing_game,1.0
resnet18,ISIC_0012395,occlusion,sparseness,0.5097656331463437
resnet18,ISIC_0012395,occlusion,complexity,11.461956977844238
resnet18,ISIC_0012395,occlusion,model_parameter_randomisation,0.13011299548071892
resnet18,ISIC_0012395,occlusion,random_logit,0.45723726468266457
resnet18,ISIC_0012395,occlusion,completeness,
resnet18,ISIC_0012395,occlusion,non_sensitivity,
squeezenet,ISIC_0012395,integrated_gradients,faithfulness_correlation,-0.012109311297535896
squeezenet,ISIC_0012395,integrated_gradients,pixel_flipping,194.9297332763672
squeezenet,ISIC_0012395,integrated_gradients,max_sensitivity,1.2018349170684814
squeezenet,ISIC_0012395,integrated_gradients,avg_sensitivity,1.1701701402664184
squeezenet,ISIC_0012395,integrated_gradients,relevance_mass_accuracy,2.538872241973877
squeezenet,ISIC_0012395,integrated_gradients,pointing_game,1.0
squeezenet,ISIC_0012395,integrated_gradients,sparseness,0.7654101282250121
squeezenet,ISIC_0012395,integrated_gradients,complexity,10.629973411560059
squeezenet,ISIC_0012395,integrated_gradients,model_parameter_randomisation,
squeezenet,ISIC_0012395,integrated_gradients,random_logit,0.8643841748284725
squeezenet,ISIC_0012395,integrated_gradients,completeness,0.0
squeezenet,ISIC_0012395,integrated_gradients,non_sensitivity,
squeezenet,ISIC_0012395,saliency,faithfulness_correlation,0.2719348073005676
squeezenet,ISIC_0012395,saliency,pixel_flipping,217.33377075195312
squeezenet,ISIC_0012395,saliency,max_sensitivity,0.8898183703422546
squeezenet,ISIC_0012395,saliency,avg_sensitivity,0.8765635251998901
squeezenet,ISIC_0012395,saliency,relevance_mass_accuracy,0.31363731622695923
squeezenet,ISIC_0012395,saliency,pointing_game,1.0
squeezenet,ISIC_0012395,saliency,sparseness,0.7337994595790581
squeezenet,ISIC_0012395,saliency,complexity,10.837084770202637
squeezenet,ISIC_0012395,saliency,model_parameter_randomisation,
squeezenet,ISIC_0012395,saliency,random_logit,0.7848747396246943
squeezenet,ISIC_0012395,saliency,completeness,
squeezenet,ISIC_0012395,saliency,non_sensitivity,
squeezenet,ISIC_0012395,gradcam,faithfulness_correlation,0.5325987935066223
squeezenet,ISIC_0012395,gradcam,pixel_flipping,182.50119018554688
squeezenet,ISIC_0012395,gradcam,max_sensitivity,0.5073239207267761
squeezenet,ISIC_0012395,gradcam,avg_sensitivity,0.4126073092222214
squeezenet,ISIC_0012395,gradcam,relevance_mass_accuracy,0.9008939862251282
squeezenet,ISIC_0012395,gradcam,pointing_game,0.0
squeezenet,ISIC_0012395,gradcam,sparseness,0.6122137932581531
squeezenet,ISIC_0012395,gradcam,complexity,11.265949249267578
squeezenet,ISIC_0012395,gradcam,model_parameter_randomisation,
squeezenet,ISIC_0012395,gradcam,random_logit,0.690959403331888
squeezenet,ISIC_0012395,gradcam,completeness,
squeezenet,ISIC_0012395,gradcam,non_sensitivity,
squeezenet,ISIC_0012395,deep_lift,faithfulness_correlation,-0.0308538731187582
squeezenet,ISIC_0012395,deep_lift,pixel_flipping,212.66766357421875
squeezenet,ISIC_0012395,deep_lift,max_sensitivity,1.3036227226257324
squeezenet,ISIC_0012395,deep_lift,avg_sensitivity,1.2830655336380006
squeezenet,ISIC_0012395,deep_lift,relevance_mass_accuracy,8.47934341430664
squeezenet,ISIC_0012395,deep_lift,pointing_game,1.0
squeezenet,ISIC_0012395,deep_lift,sparseness,0.6969561191598207
squeezenet,ISIC_0012395,deep_lift,complexity,10.930980682373047
squeezenet,ISIC_0012395,deep_lift,model_parameter_randomisation,
squeezenet,ISIC_0012395,deep_lift,random_logit,0.8531215037839263
squeezenet,ISIC_0012395,deep_lift,completeness,0.0
squeezenet,ISIC_0012395,deep_lift,non_sensitivity,
squeezenet,ISIC_0012395,guided_backprop,faithfulness_correlation,0.12552613019943237
squeezenet,ISIC_0012395,guided_backprop,pixel_flipping,163.4695281982422
squeezenet,ISIC_0012395,guided_backprop,max_sensitivity,1.0371549129486084
squeezenet,ISIC_0012395,guided_backprop,avg_sensitivity,1.0488678634166717
squeezenet,ISIC_0012395,guided_backprop,relevance_mass_accuracy,-100.10009765625
squeezenet,ISIC_0012395,guided_backprop,pointing_game,1.0
squeezenet,ISIC_0012395,guided_backprop,sparseness,0.78625092522219
squeezenet,ISIC_0012395,guided_backprop,complexity,10.591535568237305
squeezenet,ISIC_0012395,guided_backprop,model_parameter_randomisation,
squeezenet,ISIC_0012395,guided_backprop,random_logit,0.9681508970386237
squeezenet,ISIC_0012395,guided_backprop,completeness,
squeezenet,ISIC_0012395,guided_backprop,non_sensitivity,
squeezenet,ISIC_0012395,lrp,faithfulness_correlation,-0.08712945878505707
squeezenet,ISIC_0012395,lrp,pixel_flipping,201.02645874023438
squeezenet,ISIC_0012395,lrp,max_sensitivity,1.215472936630249
squeezenet,ISIC_0012395,lrp,avg_sensitivity,1.1969902038574218
squeezenet,ISIC_0012395,lrp,relevance_mass_accuracy,3.2149364948272705
squeezenet,ISIC_0012395,lrp,pointing_game,1.0
squeezenet,ISIC_0012395,lrp,sparseness,0.7672107471526118
squeezenet,ISIC_0012395,lrp,complexity,10.656524658203125
squeezenet,ISIC_0012395,lrp,model_parameter_randomisation,
squeezenet,ISIC_0012395,lrp,random_logit,0.8529253058167193
squeezenet,ISIC_0012395,lrp,completeness,0.0
squeezenet,ISIC_0012395,lrp,non_sensitivity,
squeezenet,ISIC_0012395,occlusion,faithfulness_correlation,0.3724466562271118
squeezenet,ISIC_0012395,occlusion,pixel_flipping,310.85107421875
squeezenet,ISIC_0012395,occlusion,max_sensitivity,1.001323938369751
squeezenet,ISIC_0012395,occlusion,avg_sensitivity,0.9490811884403229
squeezenet,ISIC_0012395,occlusion,relevance_mass_accuracy,0.5464097857475281
squeezenet,ISIC_0012395,occlusion,pointing_game,1.0
squeezenet,ISIC_0012395,occlusion,sparseness,0.6476738130465736
squeezenet,ISIC_0012395,occlusion,complexity,11.165684700012207
squeezenet,ISIC_0012395,occlusion,model_parameter_randomisation,
squeezenet,ISIC_0012395,occlusion,random_logit,0.5928880791818522
squeezenet,ISIC_0012395,occlusion,completeness,
squeezenet,ISIC_0012395,occlusion,non_sensitivity,
resnet18,ISIC_0012425,integrated_gradients,faithfulness_correlation,0.29173922538757324
resnet18,ISIC_0012425,integrated_gradients,pixel_flipping,497.4639892578125
resnet18,ISIC_0012425,integrated_gradients,max_sensitivity,1.273977518081665
resnet18,ISIC_0012425,integrated_gradients,avg_sensitivity,1.1717865467071533
resnet18,ISIC_0012425,integrated_gradients,relevance_mass_accuracy,-13.743159294128418
resnet18,ISIC_0012425,integrated_gradients,pointing_game,1.0
resnet18,ISIC_0012425,integrated_gradients,sparseness,0.663543019331786
resnet18,ISIC_0012425,integrated_gradients,complexity,10.924077033996582
resnet18,ISIC_0012425,integrated_gradients,model_parameter_randomisation,0.46592095506604025
resnet18,ISIC_0012425,integrated_gradients,random_logit,0.9018224307836523
resnet18,ISIC_0012425,integrated_gradients,completeness,0.0
resnet18,ISIC_0012425,integrated_gradients,non_sensitivity,
resnet18,ISIC_0012425,saliency,faithfulness_correlation,-0.09127694368362427
resnet18,ISIC_0012425,saliency,pixel_flipping,552.4554443359375
resnet18,ISIC_0012425,saliency,max_sensitivity,0.8440878987312317
resnet18,ISIC_0012425,saliency,avg_sensitivity,0.8372981786727905
resnet18,ISIC_0012425,saliency,relevance_mass_accuracy,0.032538238912820816
resnet18,ISIC_0012425,saliency,pointing_game,0.0
resnet18,ISIC_0012425,saliency,sparseness,0.5260643473841813
resnet18,ISIC_0012425,saliency,complexity,11.435884475708008
resnet18,ISIC_0012425,saliency,model_parameter_randomisation,0.23329648830147434
resnet18,ISIC_0012425,saliency,random_logit,0.49682628122225064
resnet18,ISIC_0012425,saliency,completeness,
resnet18,ISIC_0012425,saliency,non_sensitivity,
resnet18,ISIC_0012425,gradcam,faithfulness_correlation,0.08271792531013489
resnet18,ISIC_0012425,gradcam,pixel_flipping,174.9571533203125
resnet18,ISIC_0012425,gradcam,max_sensitivity,0.6600320935249329
resnet18,ISIC_0012425,gradcam,avg_sensitivity,0.5085645586252212
resnet18,ISIC_0012425,gradcam,relevance_mass_accuracy,0.05929889157414436
resnet18,ISIC_0012425,gradcam,pointing_game,0.0
resnet18,ISIC_0012425,gradcam,sparseness,0.3981655921849418
resnet18,ISIC_0012425,gradcam,complexity,11.65332317352295
resnet18,ISIC_0012425,gradcam,model_parameter_randomisation,
resnet18,ISIC_0012425,gradcam,random_logit,0.49157959302147486
resnet18,ISIC_0012425,gradcam,completeness,
resnet18,ISIC_0012425,gradcam,non_sensitivity,
resnet18,ISIC_0012425,deep_lift,faithfulness_correlation,0.06653787195682526
resnet18,ISIC_0012425,deep_lift,pixel_flipping,469.4604187011719
resnet18,ISIC_0012425,deep_lift,max_sensitivity,1.2257661819458008
resnet18,ISIC_0012425,deep_lift,avg_sensitivity,1.112617027759552
resnet18,ISIC_0012425,deep_lift,relevance_mass_accuracy,-25.955059051513672
resnet18,ISIC_0012425,deep_lift,pointing_game,1.0
resnet18,ISIC_0012425,deep_lift,sparseness,0.6570353981717513
resnet18,ISIC_0012425,deep_lift,complexity,11.008371353149414
resnet18,ISIC_0012425,deep_lift,model_parameter_randomisation,0.4669731068576457
resnet18,ISIC_0012425,deep_lift,random_logit,0.8329685008066984
resnet18,ISIC_0012425,deep_lift,completeness,0.0
resnet18,ISIC_0012425,deep_lift,non_sensitivity,
resnet18,ISIC_0012425,guided_backprop,faithfulness_correlation,-0.12831608951091766
resnet18,ISIC_0012425,guided_backprop,pixel_flipping,492.66943359375
resnet18,ISIC_0012425,guided_backprop,max_sensitivity,1.060859203338623
resnet18,ISIC_0012425,guided_backprop,avg_sensitivity,0.9986900210380554
resnet18,ISIC_0012425,guided_backprop,relevance_mass_accuracy,0.6651951670646667
resnet18,ISIC_0012425,guided_backprop,pointing_game,1.0
resnet18,ISIC_0012425,guided_backprop,sparseness,0.7413070289990382
resnet18,ISIC_0012425,guided_backprop,complexity,10.709830284118652
resnet18,ISIC_0012425,guided_backprop,model_parameter_randomisation,0.6171698390757203
resnet18,ISIC_0012425,guided_backprop,random_logit,0.9959105548110577
resnet18,ISIC_0012425,guided_backprop,completeness,
resnet18,ISIC_0012425,guided_backprop,non_sensitivity,
resnet18,ISIC_0012425,lrp,faithfulness_correlation,0.10414942353963852
resnet18,ISIC_0012425,lrp,pixel_flipping,647.9610595703125
resnet18,ISIC_0012425,lrp,max_sensitivity,144.15255737304688
resnet18,ISIC_0012425,lrp,avg_sensitivity,11.063817071914674
resnet18,ISIC_0012425,lrp,relevance_mass_accuracy,0.5670668482780457
resnet18,ISIC_0012425,lrp,pointing_game,0.0
resnet18,ISIC_0012425,lrp,sparseness,0.9436911842730045
resnet18,ISIC_0012425,lrp,complexity,9.034906387329102
resnet18,ISIC_0012425,lrp,model_parameter_randomisation,0.4661966330140575
resnet18,ISIC_0012425,lrp,random_logit,0.9695235142287477
resnet18,ISIC_0012425,lrp,completeness,0.0
resnet18,ISIC_0012425,lrp,non_sensitivity,
resnet18,ISIC_0012425,occlusion,faithfulness_correlation,-0.02496396377682686
resnet18,ISIC_0012425,occlusion,pixel_flipping,274.66900634765625
resnet18,ISIC_0012425,occlusion,max_sensitivity,1.3868986368179321
resnet18,ISIC_0012425,occlusion,avg_sensitivity,1.1788930654525758
resnet18,ISIC_0012425,occlusion,relevance_mass_accuracy,-2.0732059478759766
resnet18,ISIC_0012425,occlusion,pointing_game,1.0
resnet18,ISIC_0012425,occlusion,sparseness,0.45376785585370205
resnet18,ISIC_0012425,occlusion,complexity,11.56625747680664
resnet18,ISIC_0012425,occlusion,model_parameter_randomisation,0.060524200381877176
resnet18,ISIC_0012425,occlusion,random_logit,0.525682446403698
resnet18,ISIC_0012425,occlusion,completeness,
resnet18,ISIC_0012425,occlusion,non_sensitivity,
squeezenet,ISIC_0012425,integrated_gradients,faithfulness_correlation,0.10149626433849335
squeezenet,ISIC_0012425,integrated_gradients,pixel_flipping,56.75522994995117
squeezenet,ISIC_0012425,integrated_gradients,max_sensitivity,1.3857308626174927
squeezenet,ISIC_0012425,integrated_gradients,avg_sensitivity,1.2550878286361695
squeezenet,ISIC_0012425,integrated_gradients,relevance_mass_accuracy,0.1970285028219223
squeezenet,ISIC_0012425,integrated_gradients,pointing_game,1.0
squeezenet,ISIC_0012425,integrated_gradients,sparseness,0.768111580719974
squeezenet,ISIC_0012425,integrated_gradients,complexity,10.39930534362793
squeezenet,ISIC_0012425,integrated_gradients,model_parameter_randomisation,0.526029805221062
squeezenet,ISIC_0012425,integrated_gradients,random_logit,0.9192744738886599
squeezenet,ISIC_0012425,integrated_gradients,completeness,0.0
squeezenet,ISIC_0012425,integrated_gradients,non_sensitivity,
squeezenet,ISIC_0012425,saliency,faithfulness_correlation,0.27821069955825806
squeezenet,ISIC_0012425,saliency,pixel_flipping,43.32532501220703
squeezenet,ISIC_0012425,saliency,max_sensitivity,0.9131909012794495
squeezenet,ISIC_0012425,saliency,avg_sensitivity,0.890631914138794
squeezenet,ISIC_0012425,saliency,relevance_mass_accuracy,0.04960513859987259
squeezenet,ISIC_0012425,saliency,pointing_game,1.0
squeezenet,ISIC_0012425,saliency,sparseness,0.5834790794834477
squeezenet,ISIC_0012425,saliency,complexity,11.303884506225586
squeezenet,ISIC_0012425,saliency,model_parameter_randomisation,0.3317289329412573
squeezenet,ISIC_0012425,saliency,random_logit,0.5096359193594608
squeezenet,ISIC_0012425,saliency,completeness,
squeezenet,ISIC_0012425,saliency,non_sensitivity,
squeezenet,ISIC_0012425,gradcam,faithfulness_correlation,-0.0021175649017095566
squeezenet,ISIC_0012425,gradcam,pixel_flipping,208.6683807373047
squeezenet,ISIC_0012425,gradcam,max_sensitivity,0.798048198223114
squeezenet,ISIC_0012425,gradcam,avg_sensitivity,0.6311065703630447
squeezenet,ISIC_0012425,gradcam,relevance_mass_accuracy,0.0837358832359314
squeezenet,ISIC_0012425,gradcam,pointing_game,1.0
squeezenet,ISIC_0012425,gradcam,sparseness,0.5324282176266293
squeezenet,ISIC_0012425,gradcam,complexity,11.441143035888672
squeezenet,ISIC_0012425,gradcam,model_parameter_randomisation,
squeezenet,ISIC_0012425,gradcam,random_logit,0.4840438710485613
squeezenet,ISIC_0012425,gradcam,completeness,
squeezenet,ISIC_0012425,gradcam,non_sensitivity,
squeezenet,ISIC_0012425,deep_lift,faithfulness_correlation,0.011526876129209995
squeezenet,ISIC_0012425,deep_lift,pixel_flipping,67.1009521484375
squeezenet,ISIC_0012425,deep_lift,max_sensitivity,1.1683214902877808
squeezenet,ISIC_0012425,deep_lift,avg_sensitivity,1.1173851013183593
squeezenet,ISIC_0012425,deep_lift,relevance_mass_accuracy,0.06321721524000168
squeezenet,ISIC_0012425,deep_lift,pointing_game,1.0
squeezenet,ISIC_0012425,deep_lift,sparseness,0.7539262252098499
squeezenet,ISIC_0012425,deep_lift,complexity,10.601761817932129
squeezenet,ISIC_0012425,deep_lift,model_parameter_randomisation,0.4885649749313604
squeezenet,ISIC_0012425,deep_lift,random_logit,0.9022062138229976
squeezenet,ISIC_0012425,deep_lift,completeness,0.0
squeezenet,ISIC_0012425,deep_lift,non_sensitivity,
squeezenet,ISIC_0012425,guided_backprop,faithfulness_correlation,-0.043825797736644745
squeezenet,ISIC_0012425,guided_backprop,pixel_flipping,49.4926643371582
squeezenet,ISIC_0012425,guided_backprop,max_sensitivity,0.9809163212776184
squeezenet,ISIC_0012425,guided_backprop,avg_sensitivity,0.9490703403949737
squeezenet,ISIC_0012425,guided_backprop,relevance_mass_accuracy,1.4674183130264282
squeezenet,ISIC_0012425,guided_backprop,pointing_game,1.0
squeezenet,ISIC_0012425,guided_backprop,sparseness,0.6624759486833971
squeezenet,ISIC_0012425,guided_backprop,complexity,11.058106422424316
squeezenet,ISIC_0012425,guided_backprop,model_parameter_randomisation,0.7441155587322962
squeezenet,ISIC_0012425,guided_backprop,random_logit,0.8632191667903144
squeezenet,ISIC_0012425,guided_backprop,completeness,
squeezenet,ISIC_0012425,guided_backprop,non_sensitivity,
squeezenet,ISIC_0012425,lrp,faithfulness_correlation,0.10108587145805359
squeezenet,ISIC_0012425,lrp,pixel_flipping,54.79507827758789
squeezenet,ISIC_0012425,lrp,max_sensitivity,1.3495103120803833
squeezenet,ISIC_0012425,lrp,avg_sensitivity,1.1664414048194884
squeezenet,ISIC_0012425,lrp,relevance_mass_accuracy,-0.12114467471837997
squeezenet,ISIC_0012425,lrp,pointing_game,1.0
squeezenet,ISIC_0012425,lrp,sparseness,0.714281269355282
squeezenet,ISIC_0012425,lrp,complexity,10.742327690124512
squeezenet,ISIC_0012425,lrp,model_parameter_randomisation,0.509451327030651
squeezenet,ISIC_0012425,lrp,random_logit,0.9028135515002681
squeezenet,ISIC_0012425,lrp,completeness,0.0
squeezenet,ISIC_0012425,lrp,non_sensitivity,
squeezenet,ISIC_0012425,occlusion,faithfulness_correlation,0.045159030705690384
squeezenet,ISIC_0012425,occlusion,pixel_flipping,49.9549560546875
squeezenet,ISIC_0012425,occlusion,max_sensitivity,1.0015186071395874
squeezenet,ISIC_0012425,occlusion,avg_sensitivity,0.9422589123249054
squeezenet,ISIC_0012425,occlusion,relevance_mass_accuracy,0.055200137197971344
squeezenet,ISIC_0012425,occlusion,pointing_game,0.0
squeezenet,ISIC_0012425,occlusion,sparseness,0.46744431308519924
squeezenet,ISIC_0012425,occlusion,complexity,11.561450004577637
squeezenet,ISIC_0012425,occlusion,model_parameter_randomisation,
squeezenet,ISIC_0012425,occlusion,random_logit,0.2958648565241858
squeezenet,ISIC_0012425,occlusion,completeness,
squeezenet,ISIC_0012425,occlusion,non_sensitivity,
resnet18,ISIC_0012758,integrated_gradients,faithfulness_correlation,0.2567819654941559
resnet18,ISIC_0012758,integrated_gradients,pixel_flipping,607.0235595703125
resnet18,ISIC_0012758,integrated_gradients,max_sensitivity,1.3945308923721313
resnet18,ISIC_0012758,integrated_gradients,avg_sensitivity,1.332384216785431
resnet18,ISIC_0012758,integrated_gradients,relevance_mass_accuracy,0.8828283548355103
resnet18,ISIC_0012758,integrated_gradients,pointing_game,1.0
resnet18,ISIC_0012758,integrated_gradients,sparseness,0.5038044997708734
resnet18,ISIC_0012758,integrated_gradients,complexity,11.480646133422852
resnet18,ISIC_0012758,integrated_gradients,model_parameter_randomisation,0.17588300804946266
resnet18,ISIC_0012758,integrated_gradients,random_logit,0.45334919465567125
resnet18,ISIC_0012758,integrated_gradients,completeness,0.0
resnet18,ISIC_0012758,integrated_gradients,non_sensitivity,
resnet18,ISIC_0012758,saliency,faithfulness_correlation,0.09981400519609451
resnet18,ISIC_0012758,saliency,pixel_flipping,600.908203125
resnet18,ISIC_0012758,saliency,max_sensitivity,0.8446245193481445
resnet18,ISIC_0012758,saliency,avg_sensitivity,0.8374073565006256
resnet18,ISIC_0012758,saliency,relevance_mass_accuracy,0.08517027646303177
resnet18,ISIC_0012758,saliency,pointing_game,0.0
resnet18,ISIC_0012758,saliency,sparseness,0.4977578318171623
resnet18,ISIC_0012758,saliency,complexity,11.49406623840332
resnet18,ISIC_0012758,saliency,model_parameter_randomisation,0.17152464319104657
resnet18,ISIC_0012758,saliency,random_logit,0.379032992711975
resnet18,ISIC_0012758,saliency,completeness,
resnet18,ISIC_0012758,saliency,non_sensitivity,
resnet18,ISIC_0012758,gradcam,faithfulness_correlation,0.15445534884929657
resnet18,ISIC_0012758,gradcam,pixel_flipping,571.0755615234375
resnet18,ISIC_0012758,gradcam,max_sensitivity,0.3158980906009674
resnet18,ISIC_0012758,gradcam,avg_sensitivity,0.26968888491392135
resnet18,ISIC_0012758,gradcam,relevance_mass_accuracy,0.18698306381702423
resnet18,ISIC_0012758,gradcam,pointing_game,1.0
resnet18,ISIC_0012758,gradcam,sparseness,0.44346341970891207
resnet18,ISIC_0012758,gradcam,complexity,11.606382369995117
resnet18,ISIC_0012758,gradcam,model_parameter_randomisation,
resnet18,ISIC_0012758,gradcam,random_logit,0.7792087592682849
resnet18,ISIC_0012758,gradcam,completeness,
resnet18,ISIC_0012758,gradcam,non_sensitivity,
resnet18,ISIC_0012758,deep_lift,faithfulness_correlation,0.018373144790530205
resnet18,ISIC_0012758,deep_lift,pixel_flipping,610.597900390625
resnet18,ISIC_0012758,deep_lift,max_sensitivity,1.230757474899292
resnet18,ISIC_0012758,deep_lift,avg_sensitivity,1.198525846004486
resnet18,ISIC_0012758,deep_lift,relevance_mass_accuracy,1.3403130769729614
resnet18,ISIC_0012758,deep_lift,pointing_game,0.0
resnet18,ISIC_0012758,deep_lift,sparseness,0.5090738059475143
resnet18,ISIC_0012758,deep_lift,complexity,11.470978736877441
resnet18,ISIC_0012758,deep_lift,model_parameter_randomisation,0.16819528804749795
resnet18,ISIC_0012758,deep_lift,random_logit,0.4684261409064575
resnet18,ISIC_0012758,deep_lift,completeness,0.0
resnet18,ISIC_0012758,deep_lift,non_sensitivity,
resnet18,ISIC_0012758,guided_backprop,faithfulness_correlation,-0.006075668148696423
resnet18,ISIC_0012758,guided_backprop,pixel_flipping,616.3359375
resnet18,ISIC_0012758,guided_backprop,max_sensitivity,0.9082587361335754
resnet18,ISIC_0012758,guided_backprop,avg_sensitivity,0.8537685811519623
resnet18,ISIC_0012758,guided_backprop,relevance_mass_accuracy,1.409477710723877
resnet18,ISIC_0012758,guided_backprop,pointing_game,1.0
resnet18,ISIC_0012758,guided_backprop,sparseness,0.8386800465603536
resnet18,ISIC_0012758,guided_backprop,complexity,10.119136810302734
resnet18,ISIC_0012758,guided_backprop,model_parameter_randomisation,0.5686224897469196
resnet18,ISIC_0012758,guided_backprop,random_logit,0.9993139805876571
resnet18,ISIC_0012758,guided_backprop,completeness,
resnet18,ISIC_0012758,guided_backprop,non_sensitivity,
resnet18,ISIC_0012758,lrp,faithfulness_correlation,-0.08077437430620193
resnet18,ISIC_0012758,lrp,pixel_flipping,646.6636962890625
resnet18,ISIC_0012758,lrp,max_sensitivity,6.756303310394287
resnet18,ISIC_0012758,lrp,avg_sensitivity,7.677710568904876
resnet18,ISIC_0012758,lrp,relevance_mass_accuracy,-0.0005743661895394325
resnet18,ISIC_0012758,lrp,pointing_game,0.0
resnet18,ISIC_0012758,lrp,sparseness,0.955463628099489
resnet18,ISIC_0012758,lrp,complexity,8.649269104003906
resnet18,ISIC_0012758,lrp,model_parameter_randomisation,0.4044334136125864
resnet18,ISIC_0012758,lrp,random_logit,0.9895045091369536
resnet18,ISIC_0012758,lrp,completeness,0.0
resnet18,ISIC_0012758,lrp,non_sensitivity,
resnet18,ISIC_0012758,occlusion,faithfulness_correlation,-0.11334320902824402
resnet18,ISIC_0012758,occlusion,pixel_flipping,391.3344421386719
resnet18,ISIC_0012758,occlusion,max_sensitivity,1.4347974061965942
resnet18,ISIC_0012758,occlusion,avg_sensitivity,1.2309962391853333
resnet18,ISIC_0012758,occlusion,relevance_mass_accuracy,0.1485249102115631
resnet18,ISIC_0012758,occlusion,pointing_game,1.0
resnet18,ISIC_0012758,occlusion,sparseness,0.4836896117402577
resnet18,ISIC_0012758,occlusion,complexity,11.526535987854004
resnet18,ISIC_0012758,occlusion,model_parameter_randomisation,0.02931714157223134
resnet18,ISIC_0012758,occlusion,random_logit,0.504521650096653
resnet18,ISIC_0012758,occlusion,completeness,
resnet18,ISIC_0012758,occlusion,non_sensitivity,
squeezenet,ISIC_0012758,integrated_gradients,faithfulness_correlation,-0.19502851366996765
squeezenet,ISIC_0012758,integrated_gradients,pixel_flipping,346.66815185546875
squeezenet,ISIC_0012758,integrated_gradients,max_sensitivity,1.2641419172286987
squeezenet,ISIC_0012758,integrated_gradients,avg_sensitivity,1.2228315353393555
squeezenet,ISIC_0012758,integrated_gradients,relevance_mass_accuracy,-1.030277132987976
squeezenet,ISIC_0012758,integrated_gradients,pointing_game,1.0
squeezenet,ISIC_0012758,integrated_gradients,sparseness,0.6925778673761998
squeezenet,ISIC_0012758,integrated_gradients,complexity,10.9375638961792
squeezenet,ISIC_0012758,integrated_gradients,model_parameter_randomisation,
squeezenet,ISIC_0012758,integrated_gradients,random_logit,0.8493720810598481
squeezenet,ISIC_0012758,integrated_gradients,completeness,0.0
squeezenet,ISIC_0012758,integrated_gradients,non_sensitivity,
squeezenet,ISIC_0012758,saliency,faithfulness_correlation,0.3353273570537567
squeezenet,ISIC_0012758,saliency,pixel_flipping,160.63916015625
squeezenet,ISIC_0012758,saliency,max_sensitivity,0.8754233121871948
squeezenet,ISIC_0012758,saliency,avg_sensitivity,0.8619872868061066
squeezenet,ISIC_0012758,saliency,relevance_mass_accuracy,0.25895342230796814
squeezenet,ISIC_0012758,saliency,pointing_game,1.0
squeezenet,ISIC_0012758,saliency,sparseness,0.6854383204414165
squeezenet,ISIC_0012758,saliency,complexity,10.98182487487793
squeezenet,ISIC_0012758,saliency,model_parameter_randomisation,
squeezenet,ISIC_0012758,saliency,random_logit,0.859990120491837
squeezenet,ISIC_0012758,saliency,completeness,
squeezenet,ISIC_0012758,saliency,non_sensitivity,
squeezenet,ISIC_0012758,gradcam,faithfulness_correlation,0.44312575459480286
squeezenet,ISIC_0012758,gradcam,pixel_flipping,211.50802612304688
squeezenet,ISIC_0012758,gradcam,max_sensitivity,0.6341676115989685
squeezenet,ISIC_0012758,gradcam,avg_sensitivity,0.43517428636550903
squeezenet,ISIC_0012758,gradcam,relevance_mass_accuracy,0.42899635434150696
squeezenet,ISIC_0012758,gradcam,pointing_game,1.0
squeezenet,ISIC_0012758,gradcam,sparseness,0.7329979668416321
squeezenet,ISIC_0012758,gradcam,complexity,10.878645896911621
squeezenet,ISIC_0012758,gradcam,model_parameter_randomisation,
squeezenet,ISIC_0012758,gradcam,random_logit,0.6815202748786193
squeezenet,ISIC_0012758,gradcam,completeness,
squeezenet,ISIC_0012758,gradcam,non_sensitivity,
squeezenet,ISIC_0012758,deep_lift,faithfulness_correlation,-0.1167522594332695
squeezenet,ISIC_0012758,deep_lift,pixel_flipping,431.3789978027344
squeezenet,ISIC_0012758,deep_lift,max_sensitivity,1.343076229095459
squeezenet,ISIC_0012758,deep_lift,avg_sensitivity,1.302530086040497
squeezenet,ISIC_0012758,deep_lift,relevance_mass_accuracy,0.43329840898513794
squeezenet,ISIC_0012758,deep_lift,pointing_game,0.0
squeezenet,ISIC_0012758,deep_lift,sparseness,0.612114411333887
squeezenet,ISIC_0012758,deep_lift,complexity,11.226480484008789
squeezenet,ISIC_0012758,deep_lift,model_parameter_randomisation,
squeezenet,ISIC_0012758,deep_lift,random_logit,0.7534203556281762
squeezenet,ISIC_0012758,deep_lift,completeness,0.0
squeezenet,ISIC_0012758,deep_lift,non_sensitivity,
squeezenet,ISIC_0012758,guided_backprop,faithfulness_correlation,0.01727517694234848
squeezenet,ISIC_0012758,guided_backprop,pixel_flipping,307.1494445800781
squeezenet,ISIC_0012758,guided_backprop,max_sensitivity,1.0349516868591309
squeezenet,ISIC_0012758,guided_backprop,avg_sensitivity,1.0015911996364593
squeezenet,ISIC_0012758,guided_backprop,relevance_mass_accuracy,-1.550048589706421
squeezenet,ISIC_0012758,guided_backprop,pointing_game,1.0
squeezenet,ISIC_0012758,guided_backprop,sparseness,0.7875964599319389
squeezenet,ISIC_0012758,guided_backprop,complexity,10.455968856811523
squeezenet,ISIC_0012758,guided_backprop,model_parameter_randomisation,
squeezenet,ISIC_0012758,guided_backprop,random_logit,0.9952957566324484
squeezenet,ISIC_0012758,guided_backprop,completeness,
squeezenet,ISIC_0012758,guided_backprop,non_sensitivity,
squeezenet,ISIC_0012758,lrp,faithfulness_correlation,-0.13752155005931854
squeezenet,ISIC_0012758,lrp,pixel_flipping,361.83636474609375
squeezenet,ISIC_0012758,lrp,max_sensitivity,1.2498326301574707
squeezenet,ISIC_0012758,lrp,avg_sensitivity,1.2281006097793579
squeezenet,ISIC_0012758,lrp,relevance_mass_accuracy,-1.7885771989822388
squeezenet,ISIC_0012758,lrp,pointing_game,0.0
squeezenet,ISIC_0012758,lrp,sparseness,0.6543499289793671
squeezenet,ISIC_0012758,lrp,complexity,11.094526290893555
squeezenet,ISIC_0012758,lrp,model_parameter_randomisation,
squeezenet,ISIC_0012758,lrp,random_logit,0.7844023004554254
squeezenet,ISIC_0012758,lrp,completeness,0.0
squeezenet,ISIC_0012758,lrp,non_sensitivity,
squeezenet,ISIC_0012758,occlusion,faithfulness_correlation,0.398792564868927
squeezenet,ISIC_0012758,occlusion,pixel_flipping,75.8289794921875
squeezenet,ISIC_0012758,occlusion,max_sensitivity,0.44203150272369385
squeezenet,ISIC_0012758,occlusion,avg_sensitivity,0.29703926742076875
squeezenet,ISIC_0012758,occlusion,relevance_mass_accuracy,0.6152960062026978
squeezenet,ISIC_0012758,occlusion,pointing_game,1.0
squeezenet,ISIC_0012758,occlusion,sparseness,0.6118151493445927
squeezenet,ISIC_0012758,occlusion,complexity,11.245426177978516
squeezenet,ISIC_0012758,occlusion,model_parameter_randomisation,0.05217060223764594
squeezenet,ISIC_0012758,occlusion,random_logit,0.5868622743986622
squeezenet,ISIC_0012758,occlusion,completeness,
squeezenet,ISIC_0012758,occlusion,non_sensitivity,
resnet18,ISIC_0012989,integrated_gradients,faithfulness_correlation,0.17391638457775116
resnet18,ISIC_0012989,integrated_gradients,pixel_flipping,131.19468688964844
resnet18,ISIC_0012989,integrated_gradients,max_sensitivity,1.2516125440597534
resnet18,ISIC_0012989,integrated_gradients,avg_sensitivity,1.2246001362800598
resnet18,ISIC_0012989,integrated_gradients,relevance_mass_accuracy,29.469097137451172
resnet18,ISIC_0012989,integrated_gradients,pointing_game,0.0
resnet18,ISIC_0012989,integrated_gradients,sparseness,0.5550934822411635
resnet18,ISIC_0012989,integrated_gradients,complexity,11.365641593933105
resnet18,ISIC_0012989,integrated_gradients,model_parameter_randomisation,0.23182759681630394
resnet18,ISIC_0012989,integrated_gradients,random_logit,0.6287575558095881
resnet18,ISIC_0012989,integrated_gradients,completeness,0.0
resnet18,ISIC_0012989,integrated_gradients,non_sensitivity,
resnet18,ISIC_0012989,saliency,faithfulness_correlation,0.15956705808639526
resnet18,ISIC_0012989,saliency,pixel_flipping,106.1811752319336
resnet18,ISIC_0012989,saliency,max_sensitivity,0.8417113423347473
resnet18,ISIC_0012989,saliency,avg_sensitivity,0.8337803483009338
resnet18,ISIC_0012989,saliency,relevance_mass_accuracy,0.09419167786836624
resnet18,ISIC_0012989,saliency,pointing_game,1.0
resnet18,ISIC_0012989,saliency,sparseness,0.5408394682028547
resnet18,ISIC_0012989,saliency,complexity,11.402814865112305
resnet18,ISIC_0012989,saliency,model_parameter_randomisation,0.2361790506400548
resnet18,ISIC_0012989,saliency,random_logit,0.5420558850535625
resnet18,ISIC_0012989,saliency,completeness,
resnet18,ISIC_0012989,saliency,non_sensitivity,
resnet18,ISIC_0012989,gradcam,faithfulness_correlation,0.053070858120918274
resnet18,ISIC_0012989,gradcam,pixel_flipping,77.76653289794922
resnet18,ISIC_0012989,gradcam,max_sensitivity,1.558266520500183
resnet18,ISIC_0012989,gradcam,avg_sensitivity,1.4300964713096618
resnet18,ISIC_0012989,gradcam,relevance_mass_accuracy,0.07939302921295166
resnet18,ISIC_0012989,gradcam,pointing_game,0.0
resnet18,ISIC_0012989,gradcam,sparseness,0.3813290061853123
resnet18,ISIC_0012989,gradcam,complexity,11.679043769836426
resnet18,ISIC_0012989,gradcam,model_parameter_randomisation,
resnet18,ISIC_0012989,gradcam,random_logit,0.49940033715440707
resnet18,ISIC_0012989,gradcam,completeness,
resnet18,ISIC_0012989,gradcam,non_sensitivity,
resnet18,ISIC_0012989,deep_lift,faithfulness_correlation,0.032848406583070755
resnet18,ISIC_0012989,deep_lift,pixel_flipping,152.41796875
resnet18,ISIC_0012989,deep_lift,max_sensitivity,1.201550006866455
resnet18,ISIC_0012989,deep_lift,avg_sensitivity,1.1850844502449036
resnet18,ISIC_0012989,deep_lift,relevance_mass_accuracy,-2.2291104793548584
resnet18,ISIC_0012989,deep_lift,pointing_game,0.0
resnet18,ISIC_0012989,deep_lift,sparseness,0.5222398785759343
resnet18,ISIC_0012989,deep_lift,complexity,11.443138122558594
resnet18,ISIC_0012989,deep_lift,model_parameter_randomisation,0.2193873675890793
resnet18,ISIC_0012989,deep_lift,random_logit,0.49945880057921055
resnet18,ISIC_0012989,deep_lift,completeness,0.0
resnet18,ISIC_0012989,deep_lift,non_sensitivity,
resnet18,ISIC_0012989,guided_backprop,faithfulness_correlation,-0.042284801602363586
resnet18,ISIC_0012989,guided_backprop,pixel_flipping,66.48748016357422
resnet18,ISIC_0012989,guided_backprop,max_sensitivity,0.8153476715087891
resnet18,ISIC_0012989,guided_backprop,avg_sensitivity,0.7837763488292694
resnet18,ISIC_0012989,guided_backprop,relevance_mass_accuracy,1.0095900297164917
resnet18,ISIC_0012989,guided_backprop,pointing_game,1.0
resnet18,ISIC_0012989,guided_backprop,sparseness,0.7536111560857478
resnet18,ISIC_0012989,guided_backprop,complexity,10.674047470092773
resnet18,ISIC_0012989,guided_backprop,model_parameter_randomisation,0.6859843285679155
resnet18,ISIC_0012989,guided_backprop,random_logit,0.9967427307292167
resnet18,ISIC_0012989,guided_backprop,completeness,
resnet18,ISIC_0012989,guided_backprop,non_sensitivity,
resnet18,ISIC_0012989,lrp,faithfulness_correlation,0.0006487833452410996
resnet18,ISIC_0012989,lrp,pixel_flipping,25.69012451171875
resnet18,ISIC_0012989,lrp,max_sensitivity,67.9886703491211
resnet18,ISIC_0012989,lrp,avg_sensitivity,2.6432669162750244
resnet18,ISIC_0012989,lrp,relevance_mass_accuracy,0.0025676623918116093
resnet18,ISIC_0012989,lrp,pointing_game,0.0
resnet18,ISIC_0012989,lrp,sparseness,0.8547097290334359
resnet18,ISIC_0012989,lrp,complexity,10.092964172363281
resnet18,ISIC_0012989,lrp,model_parameter_randomisation,0.3829648876481417
resnet18,ISIC_0012989,lrp,random_logit,0.9549320827901346
resnet18,ISIC_0012989,lrp,completeness,0.0
resnet18,ISIC_0012989,lrp,non_sensitivity,
resnet18,ISIC_0012989,occlusion,faithfulness_correlation,0.3379303216934204
resnet18,ISIC_0012989,occlusion,pixel_flipping,243.73936462402344
resnet18,ISIC_0012989,occlusion,max_sensitivity,1.1335176229476929
resnet18,ISIC_0012989,occlusion,avg_sensitivity,1.0149990499019623
resnet18,ISIC_0012989,occlusion,relevance_mass_accuracy,0.14229920506477356
resnet18,ISIC_0012989,occlusion,pointing_game,1.0
resnet18,ISIC_0012989,occlusion,sparseness,0.4554164002729739
resnet18,ISIC_0012989,occlusion,complexity,11.561830520629883
resnet18,ISIC_0012989,occlusion,model_parameter_randomisation,0.04084864218550159
resnet18,ISIC_0012989,occlusion,random_logit,0.44653075435128337
resnet18,ISIC_0012989,occlusion,completeness,
resnet18,ISIC_0012989,occlusion,non_sensitivity,
squeezenet,ISIC_0012989,integrated_gradients,faithfulness_correlation,0.057841766625642776
squeezenet,ISIC_0012989,integrated_gradients,pixel_flipping,367.83758544921875
squeezenet,ISIC_0012989,integrated_gradients,max_sensitivity,1.4388481378555298
squeezenet,ISIC_0012989,integrated_gradients,avg_sensitivity,1.4080575227737426
squeezenet,ISIC_0012989,integrated_gradients,relevance_mass_accuracy,0.6360558271408081
squeezenet,ISIC_0012989,integrated_gradients,pointing_game,0.0
squeezenet,ISIC_0012989,integrated_gradients,sparseness,0.6759288149719376
squeezenet,ISIC_0012989,integrated_gradients,complexity,10.953256607055664
squeezenet,ISIC_0012989,integrated_gradients,model_parameter_randomisation,
squeezenet,ISIC_0012989,integrated_gradients,random_logit,0.7520216153728883
squeezenet,ISIC_0012989,integrated_gradients,completeness,0.0
squeezenet,ISIC_0012989,integrated_gradients,non_sensitivity,
squeezenet,ISIC_0012989,saliency,faithfulness_correlation,0.2496194839477539
squeezenet,ISIC_0012989,saliency,pixel_flipping,186.325439453125
squeezenet,ISIC_0012989,saliency,max_sensitivity,0.9785673022270203
squeezenet,ISIC_0012989,saliency,avg_sensitivity,0.9084635615348816
squeezenet,ISIC_0012989,saliency,relevance_mass_accuracy,0.2761770784854889
squeezenet,ISIC_0012989,saliency,pointing_game,1.0
squeezenet,ISIC_0012989,saliency,sparseness,0.7141790156705882
squeezenet,ISIC_0012989,saliency,complexity,10.790837287902832
squeezenet,ISIC_0012989,saliency,model_parameter_randomisation,
squeezenet,ISIC_0012989,saliency,random_logit,0.8835365360038612
squeezenet,ISIC_0012989,saliency,completeness,
squeezenet,ISIC_0012989,saliency,non_sensitivity,
squeezenet,ISIC_0012989,gradcam,faithfulness_correlation,0.42784416675567627
squeezenet,ISIC_0012989,gradcam,pixel_flipping,117.8302001953125
squeezenet,ISIC_0012989,gradcam,max_sensitivity,0.61925208568573
squeezenet,ISIC_0012989,gradcam,avg_sensitivity,0.49959500730037687
squeezenet,ISIC_0012989,gradcam,relevance_mass_accuracy,0.48320379853248596
squeezenet,ISIC_0012989,gradcam,pointing_game,1.0
squeezenet,ISIC_0012989,gradcam,sparseness,0.7619690563255849
squeezenet,ISIC_0012989,gradcam,complexity,10.5869140625
squeezenet,ISIC_0012989,gradcam,model_parameter_randomisation,
squeezenet,ISIC_0012989,gradcam,random_logit,0.7993457973281023
squeezenet,ISIC_0012989,gradcam,completeness,
squeezenet,ISIC_0012989,gradcam,non_sensitivity,
squeezenet,ISIC_0012989,deep_lift,faithfulness_correlation,0.022179655730724335
squeezenet,ISIC_0012989,deep_lift,pixel_flipping,340.45196533203125
squeezenet,ISIC_0012989,deep_lift,max_sensitivity,1.4730321168899536
squeezenet,ISIC_0012989,deep_lift,avg_sensitivity,1.393292200565338
squeezenet,ISIC_0012989,deep_lift,relevance_mass_accuracy,1.6223900318145752
squeezenet,ISIC_0012989,deep_lift,pointing_game,0.0
squeezenet,ISIC_0012989,deep_lift,sparseness,0.6424663015049433
squeezenet,ISIC_0012989,deep_lift,complexity,11.119815826416016
squeezenet,ISIC_0012989,deep_lift,model_parameter_randomisation,
squeezenet,ISIC_0012989,deep_lift,random_logit,0.8030810788292697
squeezenet,ISIC_0012989,deep_lift,completeness,0.0
squeezenet,ISIC_0012989,deep_lift,non_sensitivity,
squeezenet,ISIC_0012989,guided_backprop,faithfulness_correlation,0.040101248770952225
squeezenet,ISIC_0012989,guided_backprop,pixel_flipping,311.041259765625
squeezenet,ISIC_0012989,guided_backprop,max_sensitivity,1.101392149925232
squeezenet,ISIC_0012989,guided_backprop,avg_sensitivity,1.0028068721294403
squeezenet,ISIC_0012989,guided_backprop,relevance_mass_accuracy,-0.24917395412921906
squeezenet,ISIC_0012989,guided_backprop,pointing_game,1.0
squeezenet,ISIC_0012989,guided_backprop,sparseness,0.77050763866352
squeezenet,ISIC_0012989,guided_backprop,complexity,10.510856628417969
squeezenet,ISIC_0012989,guided_backprop,model_parameter_randomisation,
squeezenet,ISIC_0012989,guided_backprop,random_logit,0.9583733642208482
squeezenet,ISIC_0012989,guided_backprop,completeness,
squeezenet,ISIC_0012989,guided_backprop,non_sensitivity,
squeezenet,ISIC_0012989,lrp,faithfulness_correlation,0.06383924186229706
squeezenet,ISIC_0012989,lrp,pixel_flipping,350.03387451171875
squeezenet,ISIC_0012989,lrp,max_sensitivity,1.4279471635818481
squeezenet,ISIC_0012989,lrp,avg_sensitivity,1.343467617034912
squeezenet,ISIC_0012989,lrp,relevance_mass_accuracy,-1.456953525543213
squeezenet,ISIC_0012989,lrp,pointing_game,1.0
squeezenet,ISIC_0012989,lrp,sparseness,0.6861342808480877
squeezenet,ISIC_0012989,lrp,complexity,10.946444511413574
squeezenet,ISIC_0012989,lrp,model_parameter_randomisation,
squeezenet,ISIC_0012989,lrp,random_logit,0.7885485454903653
squeezenet,ISIC_0012989,lrp,completeness,0.0
squeezenet,ISIC_0012989,lrp,non_sensitivity,
squeezenet,ISIC_0012989,occlusion,faithfulness_correlation,0.29696133732795715
squeezenet,ISIC_0012989,occlusion,pixel_flipping,84.23011779785156
squeezenet,ISIC_0012989,occlusion,max_sensitivity,1.144220232963562
squeezenet,ISIC_0012989,occlusion,avg_sensitivity,0.7957861423492432
squeezenet,ISIC_0012989,occlusion,relevance_mass_accuracy,0.37136781215667725
squeezenet,ISIC_0012989,occlusion,pointing_game,1.0
squeezenet,ISIC_0012989,occlusion,sparseness,0.5681416808978654
squeezenet,ISIC_0012989,occlusion,complexity,11.331254005432129
squeezenet,ISIC_0012989,occlusion,model_parameter_randomisation,
squeezenet,ISIC_0012989,occlusion,random_logit,0.5575578377797525
squeezenet,ISIC_0012989,occlusion,completeness,
squeezenet,ISIC_0012989,occlusion,non_sensitivity,
resnet18,ISIC_0013072,integrated_gradients,faithfulness_correlation,-0.15040920674800873
resnet18,ISIC_0013072,integrated_gradients,pixel_flipping,12.24167537689209
resnet18,ISIC_0013072,integrated_gradients,max_sensitivity,1.281459927558899
resnet18,ISIC_0013072,integrated_gradients,avg_sensitivity,1.2285701632499695
resnet18,ISIC_0013072,integrated_gradients,relevance_mass_accuracy,0.881710410118103
resnet18,ISIC_0013072,integrated_gradients,pointing_game,1.0
resnet18,ISIC_0013072,integrated_gradients,sparseness,0.5337880530488289
resnet18,ISIC_0013072,integrated_gradients,complexity,11.416488647460938
resnet18,ISIC_0013072,integrated_gradients,model_parameter_randomisation,0.24645898614128456
resnet18,ISIC_0013072,integrated_gradients,random_logit,0.5922229437114863
resnet18,ISIC_0013072,integrated_gradients,completeness,0.0
resnet18,ISIC_0013072,integrated_gradients,non_sensitivity,
resnet18,ISIC_0013072,saliency,faithfulness_correlation,-0.04703238978981972
resnet18,ISIC_0013072,saliency,pixel_flipping,31.23029327392578
resnet18,ISIC_0013072,saliency,max_sensitivity,0.854268491268158
resnet18,ISIC_0013072,saliency,avg_sensitivity,0.850627213716507
resnet18,ISIC_0013072,saliency,relevance_mass_accuracy,0.35205546021461487
resnet18,ISIC_0013072,saliency,pointing_game,1.0
resnet18,ISIC_0013072,saliency,sparseness,0.5296178441521283
resnet18,ISIC_0013072,saliency,complexity,11.43021297454834
resnet18,ISIC_0013072,saliency,model_parameter_randomisation,0.2097015219240421
resnet18,ISIC_0013072,saliency,random_logit,0.6363102985946891
resnet18,ISIC_0013072,saliency,completeness,
resnet18,ISIC_0013072,saliency,non_sensitivity,
resnet18,ISIC_0013072,gradcam,faithfulness_correlation,0.05884561687707901
resnet18,ISIC_0013072,gradcam,pixel_flipping,122.03044128417969
resnet18,ISIC_0013072,gradcam,max_sensitivity,2.71662974357605
resnet18,ISIC_0013072,gradcam,avg_sensitivity,1.875233232975006
resnet18,ISIC_0013072,gradcam,relevance_mass_accuracy,0.5256319046020508
resnet18,ISIC_0013072,gradcam,pointing_game,1.0
resnet18,ISIC_0013072,gradcam,sparseness,0.42466210475073957
resnet18,ISIC_0013072,gradcam,complexity,11.624540328979492
resnet18,ISIC_0013072,gradcam,model_parameter_randomisation,
resnet18,ISIC_0013072,gradcam,random_logit,0.5582379335316485
resnet18,ISIC_0013072,gradcam,completeness,
resnet18,ISIC_0013072,gradcam,non_sensitivity,
resnet18,ISIC_0013072,deep_lift,faithfulness_correlation,-0.2117682695388794
resnet18,ISIC_0013072,deep_lift,pixel_flipping,11.202964782714844
resnet18,ISIC_0013072,deep_lift,max_sensitivity,1.2588199377059937
resnet18,ISIC_0013072,deep_lift,avg_sensitivity,1.188064193725586
resnet18,ISIC_0013072,deep_lift,relevance_mass_accuracy,0.2469455897808075
resnet18,ISIC_0013072,deep_lift,pointing_game,0.0
resnet18,ISIC_0013072,deep_lift,sparseness,0.5339119993005057
resnet18,ISIC_0013072,deep_lift,complexity,11.4215087890625
resnet18,ISIC_0013072,deep_lift,model_parameter_randomisation,0.26403856151466476
resnet18,ISIC_0013072,deep_lift,random_logit,0.6213459968815459
resnet18,ISIC_0013072,deep_lift,completeness,0.0
resnet18,ISIC_0013072,deep_lift,non_sensitivity,
resnet18,ISIC_0013072,guided_backprop,faithfulness_correlation,-0.04595651850104332
resnet18,ISIC_0013072,guided_backprop,pixel_flipping,12.328619003295898
resnet18,ISIC_0013072,guided_backprop,max_sensitivity,1.0109330415725708
resnet18,ISIC_0013072,guided_backprop,avg_sensitivity,0.9033977687358856
resnet18,ISIC_0013072,guided_backprop,relevance_mass_accuracy,-9.79500675201416
resnet18,ISIC_0013072,guided_backprop,pointing_game,1.0
resnet18,ISIC_0013072,guided_backprop,sparseness,0.7331222286105926
resnet18,ISIC_0013072,guided_backprop,complexity,10.73229694366455
resnet18,ISIC_0013072,guided_backprop,model_parameter_randomisation,0.5998998693783376
resnet18,ISIC_0013072,guided_backprop,random_logit,0.975593195701361
resnet18,ISIC_0013072,guided_backprop,completeness,
resnet18,ISIC_0013072,guided_backprop,non_sensitivity,
resnet18,ISIC_0013072,lrp,faithfulness_correlation,0.1647985279560089
resnet18,ISIC_0013072,lrp,pixel_flipping,27.936084747314453
resnet18,ISIC_0013072,lrp,max_sensitivity,37.1690559387207
resnet18,ISIC_0013072,lrp,avg_sensitivity,21.61063023805618
resnet18,ISIC_0013072,lrp,relevance_mass_accuracy,0.004849886987358332
resnet18,ISIC_0013072,lrp,pointing_game,0.0
resnet18,ISIC_0013072,lrp,sparseness,0.9392304252735755
resnet18,ISIC_0013072,lrp,complexity,8.764333724975586
resnet18,ISIC_0013072,lrp,model_parameter_randomisation,0.4177801057248701
resnet18,ISIC_0013072,lrp,random_logit,0.9472822333259737
resnet18,ISIC_0013072,lrp,completeness,0.0
resnet18,ISIC_0013072,lrp,non_sensitivity,
resnet18,ISIC_0013072,occlusion,faithfulness_correlation,-0.022671937942504883
resnet18,ISIC_0013072,occlusion,pixel_flipping,7.660940647125244
resnet18,ISIC_0013072,occlusion,max_sensitivity,1.6982477903366089
resnet18,ISIC_0013072,occlusion,avg_sensitivity,1.2878263354301454
resnet18,ISIC_0013072,occlusion,relevance_mass_accuracy,0.10788163542747498
resnet18,ISIC_0013072,occlusion,pointing_game,1.0
resnet18,ISIC_0013072,occlusion,sparseness,0.4258873558286503
resnet18,ISIC_0013072,occlusion,complexity,11.621614456176758
resnet18,ISIC_0013072,occlusion,model_parameter_randomisation,-0.0014233573427562501
resnet18,ISIC_0013072,occlusion,random_logit,0.5024320508337471
resnet18,ISIC_0013072,occlusion,completeness,
resnet18,ISIC_0013072,occlusion,non_sensitivity,
squeezenet,ISIC_0013072,integrated_gradients,faithfulness_correlation,0.17392195761203766
squeezenet,ISIC_0013072,integrated_gradients,pixel_flipping,161.86151123046875
squeezenet,ISIC_0013072,integrated_gradients,max_sensitivity,1.7023547887802124
squeezenet,ISIC_0013072,integrated_gradients,avg_sensitivity,1.6133505344390868
squeezenet,ISIC_0013072,integrated_gradients,relevance_mass_accuracy,1.1343666315078735
squeezenet,ISIC_0013072,integrated_gradients,pointing_game,1.0
squeezenet,ISIC_0013072,integrated_gradients,sparseness,0.68494344573939
squeezenet,ISIC_0013072,integrated_gradients,complexity,10.983922958374023
squeezenet,ISIC_0013072,integrated_gradients,model_parameter_randomisation,
squeezenet,ISIC_0013072,integrated_gradients,random_logit,0.8036928223471028
squeezenet,ISIC_0013072,integrated_gradients,completeness,0.0
squeezenet,ISIC_0013072,integrated_gradients,non_sensitivity,
squeezenet,ISIC_0013072,saliency,faithfulness_correlation,0.30748599767684937
squeezenet,ISIC_0013072,saliency,pixel_flipping,273.6004638671875
squeezenet,ISIC_0013072,saliency,max_sensitivity,0.925968587398529
squeezenet,ISIC_0013072,saliency,avg_sensitivity,0.8943127453327179
squeezenet,ISIC_0013072,saliency,relevance_mass_accuracy,0.5302272439002991
squeezenet,ISIC_0013072,saliency,pointing_game,1.0
squeezenet,ISIC_0013072,saliency,sparseness,0.7143078920234277
squeezenet,ISIC_0013072,saliency,complexity,10.898256301879883
squeezenet,ISIC_0013072,saliency,model_parameter_randomisation,
squeezenet,ISIC_0013072,saliency,random_logit,0.8071420300235551
squeezenet,ISIC_0013072,saliency,completeness,
squeezenet,ISIC_0013072,saliency,non_sensitivity,
squeezenet,ISIC_0013072,gradcam,faithfulness_correlation,0.38461169600486755
squeezenet,ISIC_0013072,gradcam,pixel_flipping,121.70145416259766
squeezenet,ISIC_0013072,gradcam,max_sensitivity,0.9526217579841614
squeezenet,ISIC_0013072,gradcam,avg_sensitivity,0.7913922846317292
squeezenet,ISIC_0013072,gradcam,relevance_mass_accuracy,0.7242079377174377
squeezenet,ISIC_0013072,gradcam,pointing_game,0.0
squeezenet,ISIC_0013072,gradcam,sparseness,0.6856759494529876
squeezenet,ISIC_0013072,gradcam,complexity,11.053415298461914
squeezenet,ISIC_0013072,gradcam,model_parameter_randomisation,
squeezenet,ISIC_0013072,gradcam,random_logit,0.6448040884143844
squeezenet,ISIC_0013072,gradcam,completeness,
squeezenet,ISIC_0013072,gradcam,non_sensitivity,
squeezenet,ISIC_0013072,deep_lift,faithfulness_correlation,0.1510065644979477
squeezenet,ISIC_0013072,deep_lift,pixel_flipping,186.54454040527344
squeezenet,ISIC_0013072,deep_lift,max_sensitivity,1.3685060739517212
squeezenet,ISIC_0013072,deep_lift,avg_sensitivity,1.3269160509109497
squeezenet,ISIC_0013072,deep_lift,relevance_mass_accuracy,1.772573471069336
squeezenet,ISIC_0013072,deep_lift,pointing_game,1.0
squeezenet,ISIC_0013072,deep_lift,sparseness,0.6284752126021812
squeezenet,ISIC_0013072,deep_lift,complexity,11.181962966918945
squeezenet,ISIC_0013072,deep_lift,model_parameter_randomisation,
squeezenet,ISIC_0013072,deep_lift,random_logit,0.7529360557141598
squeezenet,ISIC_0013072,deep_lift,completeness,0.0
squeezenet,ISIC_0013072,deep_lift,non_sensitivity,
squeezenet,ISIC_0013072,guided_backprop,faithfulness_correlation,0.007693827617913485
squeezenet,ISIC_0013072,guided_backprop,pixel_flipping,203.41595458984375
squeezenet,ISIC_0013072,guided_backprop,max_sensitivity,1.2144078016281128
squeezenet,ISIC_0013072,guided_backprop,avg_sensitivity,1.1772632122039794
squeezenet,ISIC_0013072,guided_backprop,relevance_mass_accuracy,0.44470876455307007
squeezenet,ISIC_0013072,guided_backprop,pointing_game,1.0
squeezenet,ISIC_0013072,guided_backprop,sparseness,0.7422006215508794
squeezenet,ISIC_0013072,guided_backprop,complexity,10.760553359985352
squeezenet,ISIC_0013072,guided_backprop,model_parameter_randomisation,
squeezenet,ISIC_0013072,guided_backprop,random_logit,0.9657695298673332
squeezenet,ISIC_0013072,guided_backprop,completeness,
squeezenet,ISIC_0013072,guided_backprop,non_sensitivity,
squeezenet,ISIC_0013072,lrp,faithfulness_correlation,0.07244382798671722
squeezenet,ISIC_0013072,lrp,pixel_flipping,186.48919677734375
squeezenet,ISIC_0013072,lrp,max_sensitivity,1.2379003763198853
squeezenet,ISIC_0013072,lrp,avg_sensitivity,1.2185515642166138
squeezenet,ISIC_0013072,lrp,relevance_mass_accuracy,0.7268463969230652
squeezenet,ISIC_0013072,lrp,pointing_game,1.0
squeezenet,ISIC_0013072,lrp,sparseness,0.6917927231499033
squeezenet,ISIC_0013072,lrp,complexity,10.973640441894531
squeezenet,ISIC_0013072,lrp,model_parameter_randomisation,
squeezenet,ISIC_0013072,lrp,random_logit,0.7808097817878892
squeezenet,ISIC_0013072,lrp,completeness,0.0
squeezenet,ISIC_0013072,lrp,non_sensitivity,
squeezenet,ISIC_0013072,occlusion,faithfulness_correlation,0.4547165632247925
squeezenet,ISIC_0013072,occlusion,pixel_flipping,443.03515625
squeezenet,ISIC_0013072,occlusion,max_sensitivity,1.9760783910751343
squeezenet,ISIC_0013072,occlusion,avg_sensitivity,1.5007184863090515
squeezenet,ISIC_0013072,occlusion,relevance_mass_accuracy,1.3532812595367432
squeezenet,ISIC_0013072,occlusion,pointing_game,1.0
squeezenet,ISIC_0013072,occlusion,sparseness,0.5263661621421996
squeezenet,ISIC_0013072,occlusion,complexity,11.44444751739502
squeezenet,ISIC_0013072,occlusion,model_parameter_randomisation,
squeezenet,ISIC_0013072,occlusion,random_logit,0.39692747775418397
squeezenet,ISIC_0013072,occlusion,completeness,
squeezenet,ISIC_0013072,occlusion,non_sensitivity,
resnet18,ISIC_0013073,integrated_gradients,faithfulness_correlation,-0.08166039735078812
resnet18,ISIC_0013073,integrated_gradients,pixel_flipping,506.0546569824219
resnet18,ISIC_0013073,integrated_gradients,max_sensitivity,1.3704372644424438
resnet18,ISIC_0013073,integrated_gradients,avg_sensitivity,1.2285069823265076
resnet18,ISIC_0013073,integrated_gradients,relevance_mass_accuracy,-12.198114395141602
resnet18,ISIC_0013073,integrated_gradients,pointing_game,1.0
resnet18,ISIC_0013073,integrated_gradients,sparseness,0.5353356280618875
resnet18,ISIC_0013073,integrated_gradients,complexity,11.424208641052246
resnet18,ISIC_0013073,integrated_gradients,model_parameter_randomisation,0.31051023840200975
resnet18,ISIC_0013073,integrated_gradients,random_logit,0.4931582584379026
resnet18,ISIC_0013073,integrated_gradients,completeness,0.0
resnet18,ISIC_0013073,integrated_gradients,non_sensitivity,
resnet18,ISIC_0013073,saliency,faithfulness_correlation,0.08672608435153961
resnet18,ISIC_0013073,saliency,pixel_flipping,469.86529541015625
resnet18,ISIC_0013073,saliency,max_sensitivity,0.891178548336029
resnet18,ISIC_0013073,saliency,avg_sensitivity,0.8436018049716949
resnet18,ISIC_0013073,saliency,relevance_mass_accuracy,0.6902774572372437
resnet18,ISIC_0013073,saliency,pointing_game,1.0
resnet18,ISIC_0013073,saliency,sparseness,0.5122792652054486
resnet18,ISIC_0013073,saliency,complexity,11.470810890197754
resnet18,ISIC_0013073,saliency,model_parameter_randomisation,0.20540759587860097
resnet18,ISIC_0013073,saliency,random_logit,0.4451689245020587
resnet18,ISIC_0013073,saliency,completeness,
resnet18,ISIC_0013073,saliency,non_sensitivity,
resnet18,ISIC_0013073,gradcam,faithfulness_correlation,0.0216441098600626
resnet18,ISIC_0013073,gradcam,pixel_flipping,371.55010986328125
resnet18,ISIC_0013073,gradcam,max_sensitivity,1.4601311683654785
resnet18,ISIC_0013073,gradcam,avg_sensitivity,1.1727894783020019
resnet18,ISIC_0013073,gradcam,relevance_mass_accuracy,0.8243707418441772
resnet18,ISIC_0013073,gradcam,pointing_game,1.0
resnet18,ISIC_0013073,gradcam,sparseness,0.5034598542978265
resnet18,ISIC_0013073,gradcam,complexity,11.502870559692383
resnet18,ISIC_0013073,gradcam,model_parameter_randomisation,
resnet18,ISIC_0013073,gradcam,random_logit,0.4724409228847993
resnet18,ISIC_0013073,gradcam,completeness,
resnet18,ISIC_0013073,gradcam,non_sensitivity,
resnet18,ISIC_0013073,deep_lift,faithfulness_correlation,-0.19687519967556
resnet18,ISIC_0013073,deep_lift,pixel_flipping,420.9909973144531
resnet18,ISIC_0013073,deep_lift,max_sensitivity,1.3180601596832275
resnet18,ISIC_0013073,deep_lift,avg_sensitivity,1.2315080285072326
resnet18,ISIC_0013073,deep_lift,relevance_mass_accuracy,-3.6306965351104736
resnet18,ISIC_0013073,deep_lift,pointing_game,1.0
resnet18,ISIC_0013073,deep_lift,sparseness,0.540324849632196
resnet18,ISIC_0013073,deep_lift,complexity,11.411377906799316
resnet18,ISIC_0013073,deep_lift,model_parameter_randomisation,0.32432492860119905
resnet18,ISIC_0013073,deep_lift,random_logit,0.5911645645137525
resnet18,ISIC_0013073,deep_lift,completeness,0.0
resnet18,ISIC_0013073,deep_lift,non_sensitivity,
resnet18,ISIC_0013073,guided_backprop,faithfulness_correlation,0.04074964299798012
resnet18,ISIC_0013073,guided_backprop,pixel_flipping,447.88946533203125
resnet18,ISIC_0013073,guided_backprop,max_sensitivity,1.0871481895446777
resnet18,ISIC_0013073,guided_backprop,avg_sensitivity,0.9095678269863129
resnet18,ISIC_0013073,guided_backprop,relevance_mass_accuracy,1.191424012184143
resnet18,ISIC_0013073,guided_backprop,pointing_game,1.0
resnet18,ISIC_0013073,guided_backprop,sparseness,0.7220636001062752
resnet18,ISIC_0013073,guided_backprop,complexity,10.8236665725708
resnet18,ISIC_0013073,guided_backprop,model_parameter_randomisation,0.6035230981985309
resnet18,ISIC_0013073,guided_backprop,random_logit,0.9810601815113464
resnet18,ISIC_0013073,guided_backprop,completeness,
resnet18,ISIC_0013073,guided_backprop,non_sensitivity,
resnet18,ISIC_0013073,lrp,faithfulness_correlation,-0.09939265251159668
resnet18,ISIC_0013073,lrp,pixel_flipping,596.2078857421875
resnet18,ISIC_0013073,lrp,max_sensitivity,113.005859375
resnet18,ISIC_0013073,lrp,avg_sensitivity,5.860993456840515
resnet18,ISIC_0013073,lrp,relevance_mass_accuracy,-0.08988603204488754
resnet18,ISIC_0013073,lrp,pointing_game,0.0
resnet18,ISIC_0013073,lrp,sparseness,0.9652301432772364
resnet18,ISIC_0013073,lrp,complexity,8.602571487426758
resnet18,ISIC_0013073,lrp,model_parameter_randomisation,0.5133767683297688
resnet18,ISIC_0013073,lrp,random_logit,0.9832396227664008
resnet18,ISIC_0013073,lrp,completeness,0.0
resnet18,ISIC_0013073,lrp,non_sensitivity,
resnet18,ISIC_0013073,occlusion,faithfulness_correlation,0.03994586691260338
resnet18,ISIC_0013073,occlusion,pixel_flipping,356.148193359375
resnet18,ISIC_0013073,occlusion,max_sensitivity,1.5312459468841553
resnet18,ISIC_0013073,occlusion,avg_sensitivity,1.3369548201560975
resnet18,ISIC_0013073,occlusion,relevance_mass_accuracy,2.735588550567627
resnet18,ISIC_0013073,occlusion,pointing_game,1.0
resnet18,ISIC_0013073,occlusion,sparseness,0.41989848597156454
resnet18,ISIC_0013073,occlusion,complexity,11.62199878692627
resnet18,ISIC_0013073,occlusion,model_parameter_randomisation,0.059853786730725694
resnet18,ISIC_0013073,occlusion,random_logit,0.3632535827169744
resnet18,ISIC_0013073,occlusion,completeness,
resnet18,ISIC_0013073,occlusion,non_sensitivity,
squeezenet,ISIC_0013073,integrated_gradients,faithfulness_correlation,0.03250942379236221
squeezenet,ISIC_0013073,integrated_gradients,pixel_flipping,142.31625366210938
squeezenet,ISIC_0013073,integrated_gradients,max_sensitivity,1.5223950147628784
squeezenet,ISIC_0013073,integrated_gradients,avg_sensitivity,1.4204705953598022
squeezenet,ISIC_0013073,integrated_gradients,relevance_mass_accuracy,1.5795644521713257
squeezenet,ISIC_0013073,integrated_gradients,pointing_game,1.0
squeezenet,ISIC_0013073,integrated_gradients,sparseness,0.6819026345249248
squeezenet,ISIC_0013073,integrated_gradients,complexity,10.998656272888184
squeezenet,ISIC_0013073,integrated_gradients,model_parameter_randomisation,
squeezenet,ISIC_0013073,integrated_gradients,random_logit,0.8022983262548709
squeezenet,ISIC_0013073,integrated_gradients,completeness,0.0
squeezenet,ISIC_0013073,integrated_gradients,non_sensitivity,
squeezenet,ISIC_0013073,saliency,faithfulness_correlation,0.2636818289756775
squeezenet,ISIC_0013073,saliency,pixel_flipping,257.2303161621094
squeezenet,ISIC_0013073,saliency,max_sensitivity,0.9434615969657898
squeezenet,ISIC_0013073,saliency,avg_sensitivity,0.9033036828041077
squeezenet,ISIC_0013073,saliency,relevance_mass_accuracy,0.7935301065444946
squeezenet,ISIC_0013073,saliency,pointing_game,1.0
squeezenet,ISIC_0013073,saliency,sparseness,0.670268479044297
squeezenet,ISIC_0013073,saliency,complexity,11.050712585449219
squeezenet,ISIC_0013073,saliency,model_parameter_randomisation,
squeezenet,ISIC_0013073,saliency,random_logit,0.7602683966501268
squeezenet,ISIC_0013073,saliency,completeness,
squeezenet,ISIC_0013073,saliency,non_sensitivity,
squeezenet,ISIC_0013073,gradcam,faithfulness_correlation,0.507645845413208
squeezenet,ISIC_0013073,gradcam,pixel_flipping,183.74578857421875
squeezenet,ISIC_0013073,gradcam,max_sensitivity,0.6704384684562683
squeezenet,ISIC_0013073,gradcam,avg_sensitivity,0.5982754439115524
squeezenet,ISIC_0013073,gradcam,relevance_mass_accuracy,0.9989135265350342
squeezenet,ISIC_0013073,gradcam,pointing_game,1.0
squeezenet,ISIC_0013073,gradcam,sparseness,0.6489466711181141
squeezenet,ISIC_0013073,gradcam,complexity,11.14891529083252
squeezenet,ISIC_0013073,gradcam,model_parameter_randomisation,
squeezenet,ISIC_0013073,gradcam,random_logit,0.7100556906965015
squeezenet,ISIC_0013073,gradcam,completeness,
squeezenet,ISIC_0013073,gradcam,non_sensitivity,
squeezenet,ISIC_0013073,deep_lift,faithfulness_correlation,-0.08055015653371811
squeezenet,ISIC_0013073,deep_lift,pixel_flipping,125.1004638671875
squeezenet,ISIC_0013073,deep_lift,max_sensitivity,1.375152826309204
squeezenet,ISIC_0013073,deep_lift,avg_sensitivity,1.3416800618171691
squeezenet,ISIC_0013073,deep_lift,relevance_mass_accuracy,2.024689197540283
squeezenet,ISIC_0013073,deep_lift,pointing_game,1.0
squeezenet,ISIC_0013073,deep_lift,sparseness,0.6333886331990193
squeezenet,ISIC_0013073,deep_lift,complexity,11.172212600708008
squeezenet,ISIC_0013073,deep_lift,model_parameter_randomisation,
squeezenet,ISIC_0013073,deep_lift,random_logit,0.8002563449366965
squeezenet,ISIC_0013073,deep_lift,completeness,0.0
squeezenet,ISIC_0013073,deep_lift,non_sensitivity,
squeezenet,ISIC_0013073,guided_backprop,faithfulness_correlation,0.16934140026569366
squeezenet,ISIC_0013073,guided_backprop,pixel_flipping,168.0313720703125
squeezenet,ISIC_0013073,guided_backprop,max_sensitivity,1.268257737159729
squeezenet,ISIC_0013073,guided_backprop,avg_sensitivity,1.2003008604049683
squeezenet,ISIC_0013073,guided_backprop,relevance_mass_accuracy,0.6111797094345093
squeezenet,ISIC_0013073,guided_backprop,pointing_game,1.0
squeezenet,ISIC_0013073,guided_backprop,sparseness,0.6764055615809036
squeezenet,ISIC_0013073,guided_backprop,complexity,11.017411231994629
squeezenet,ISIC_0013073,guided_backprop,model_parameter_randomisation,
squeezenet,ISIC_0013073,guided_backprop,random_logit,0.8602073758181517
squeezenet,ISIC_0013073,guided_backprop,completeness,
squeezenet,ISIC_0013073,guided_backprop,non_sensitivity,
squeezenet,ISIC_0013073,lrp,faithfulness_correlation,0.01181685458868742
squeezenet,ISIC_0013073,lrp,pixel_flipping,171.10459899902344
squeezenet,ISIC_0013073,lrp,max_sensitivity,1.327648639678955
squeezenet,ISIC_0013073,lrp,avg_sensitivity,1.247553014755249
squeezenet,ISIC_0013073,lrp,relevance_mass_accuracy,1.2645848989486694
squeezenet,ISIC_0013073,lrp,pointing_game,1.0
squeezenet,ISIC_0013073,lrp,sparseness,0.6639838527990045
squeezenet,ISIC_0013073,lrp,complexity,11.07368278503418
squeezenet,ISIC_0013073,lrp,model_parameter_randomisation,
squeezenet,ISIC_0013073,lrp,random_logit,0.7317571744144421
squeezenet,ISIC_0013073,lrp,completeness,0.0
squeezenet,ISIC_0013073,lrp,non_sensitivity,
squeezenet,ISIC_0013073,occlusion,faithfulness_correlation,0.443171888589859
squeezenet,ISIC_0013073,occlusion,pixel_flipping,401.92718505859375
squeezenet,ISIC_0013073,occlusion,max_sensitivity,1.2389774322509766
squeezenet,ISIC_0013073,occlusion,avg_sensitivity,1.0998689174652099
squeezenet,ISIC_0013073,occlusion,relevance_mass_accuracy,0.9036877751350403
squeezenet,ISIC_0013073,occlusion,pointing_game,1.0
squeezenet,ISIC_0013073,occlusion,sparseness,0.5620124771009092
squeezenet,ISIC_0013073,occlusion,complexity,11.37047004699707
squeezenet,ISIC_0013073,occlusion,model_parameter_randomisation,
squeezenet,ISIC_0013073,occlusion,random_logit,0.5983527258667753
squeezenet,ISIC_0013073,occlusion,completeness,
squeezenet,ISIC_0013073,occlusion,non_sensitivity,
resnet18,ISIC_0013242,integrated_gradients,faithfulness_correlation,-0.05323079228401184
resnet18,ISIC_0013242,integrated_gradients,pixel_flipping,554.7842407226562
resnet18,ISIC_0013242,integrated_gradients,max_sensitivity,1.3149577379226685
resnet18,ISIC_0013242,integrated_gradients,avg_sensitivity,1.2215471148490906
resnet18,ISIC_0013242,integrated_gradients,relevance_mass_accuracy,-6.7615790367126465
resnet18,ISIC_0013242,integrated_gradients,pointing_game,1.0
resnet18,ISIC_0013242,integrated_gradients,sparseness,0.5946914942709917
resnet18,ISIC_0013242,integrated_gradients,complexity,11.284416198730469
resnet18,ISIC_0013242,integrated_gradients,model_parameter_randomisation,0.45641779461043797
resnet18,ISIC_0013242,integrated_gradients,random_logit,0.6621912264688068
resnet18,ISIC_0013242,integrated_gradients,completeness,0.0
resnet18,ISIC_0013242,integrated_gradients,non_sensitivity,
resnet18,ISIC_0013242,saliency,faithfulness_correlation,0.0008377223275601864
resnet18,ISIC_0013242,saliency,pixel_flipping,519.25537109375
resnet18,ISIC_0013242,saliency,max_sensitivity,0.8959858417510986
resnet18,ISIC_0013242,saliency,avg_sensitivity,0.8690174341201782
resnet18,ISIC_0013242,saliency,relevance_mass_accuracy,0.1568472534418106
resnet18,ISIC_0013242,saliency,pointing_game,0.0
resnet18,ISIC_0013242,saliency,sparseness,0.4963058897860078
resnet18,ISIC_0013242,saliency,complexity,11.499425888061523
resnet18,ISIC_0013242,saliency,model_parameter_randomisation,0.18892632111438679
resnet18,ISIC_0013242,saliency,random_logit,0.448445819827197
resnet18,ISIC_0013242,saliency,completeness,
resnet18,ISIC_0013242,saliency,non_sensitivity,
resnet18,ISIC_0013242,gradcam,faithfulness_correlation,0.002995191141963005
resnet18,ISIC_0013242,gradcam,pixel_flipping,242.11965942382812
resnet18,ISIC_0013242,gradcam,max_sensitivity,0.5757873058319092
resnet18,ISIC_0013242,gradcam,avg_sensitivity,0.42370530366897585
resnet18,ISIC_0013242,gradcam,relevance_mass_accuracy,0.21466898918151855
resnet18,ISIC_0013242,gradcam,pointing_game,0.0
resnet18,ISIC_0013242,gradcam,sparseness,0.4031075072914874
resnet18,ISIC_0013242,gradcam,complexity,11.65485668182373
resnet18,ISIC_0013242,gradcam,model_parameter_randomisation,
resnet18,ISIC_0013242,gradcam,random_logit,0.4624055712836244
resnet18,ISIC_0013242,gradcam,completeness,
resnet18,ISIC_0013242,gradcam,non_sensitivity,
resnet18,ISIC_0013242,deep_lift,faithfulness_correlation,0.03984105587005615
resnet18,ISIC_0013242,deep_lift,pixel_flipping,540.1544189453125
resnet18,ISIC_0013242,deep_lift,max_sensitivity,1.3065317869186401
resnet18,ISIC_0013242,deep_lift,avg_sensitivity,1.256593370437622
resnet18,ISIC_0013242,deep_lift,relevance_mass_accuracy,2.781038761138916
resnet18,ISIC_0013242,deep_lift,pointing_game,0.0
resnet18,ISIC_0013242,deep_lift,sparseness,0.5898238483120661
resnet18,ISIC_0013242,deep_lift,complexity,11.304459571838379
resnet18,ISIC_0013242,deep_lift,model_parameter_randomisation,0.4863081005381368
resnet18,ISIC_0013242,deep_lift,random_logit,0.49105118370394135
resnet18,ISIC_0013242,deep_lift,completeness,0.0
resnet18,ISIC_0013242,deep_lift,non_sensitivity,
resnet18,ISIC_0013242,guided_backprop,faithfulness_correlation,0.03896996006369591
resnet18,ISIC_0013242,guided_backprop,pixel_flipping,515.870361328125
resnet18,ISIC_0013242,guided_backprop,max_sensitivity,1.1109650135040283
resnet18,ISIC_0013242,guided_backprop,avg_sensitivity,0.9103450775146484
resnet18,ISIC_0013242,guided_backprop,relevance_mass_accuracy,0.26980966329574585
resnet18,ISIC_0013242,guided_backprop,pointing_game,0.0
resnet18,ISIC_0013242,guided_backprop,sparseness,0.6565340388196902
resnet18,ISIC_0013242,guided_backprop,complexity,11.055487632751465
resnet18,ISIC_0013242,guided_backprop,model_parameter_randomisation,0.6362208367215564
resnet18,ISIC_0013242,guided_backprop,random_logit,0.9773778513162424
resnet18,ISIC_0013242,guided_backprop,completeness,
resnet18,ISIC_0013242,guided_backprop,non_sensitivity,
resnet18,ISIC_0013242,lrp,faithfulness_correlation,-0.030363285914063454
resnet18,ISIC_0013242,lrp,pixel_flipping,561.3281860351562
resnet18,ISIC_0013242,lrp,max_sensitivity,1.7201744318008423
resnet18,ISIC_0013242,lrp,avg_sensitivity,1.6002835392951966
resnet18,ISIC_0013242,lrp,relevance_mass_accuracy,1.0075478553771973
resnet18,ISIC_0013242,lrp,pointing_game,1.0
resnet18,ISIC_0013242,lrp,sparseness,0.9793432204779451
resnet18,ISIC_0013242,lrp,complexity,8.069666862487793
resnet18,ISIC_0013242,lrp,model_parameter_randomisation,0.5484350607503206
resnet18,ISIC_0013242,lrp,random_logit,0.9987349057806281
resnet18,ISIC_0013242,lrp,completeness,0.0
resnet18,ISIC_0013242,lrp,non_sensitivity,
resnet18,ISIC_0013242,occlusion,faithfulness_correlation,0.12630437314510345
resnet18,ISIC_0013242,occlusion,pixel_flipping,247.3382568359375
resnet18,ISIC_0013242,occlusion,max_sensitivity,1.1249483823776245
resnet18,ISIC_0013242,occlusion,avg_sensitivity,0.9764906287193298
resnet18,ISIC_0013242,occlusion,relevance_mass_accuracy,-0.034267179667949677
resnet18,ISIC_0013242,occlusion,pointing_game,0.0
resnet18,ISIC_0013242,occlusion,sparseness,0.4279078472744726
resnet18,ISIC_0013242,occlusion,complexity,11.61783504486084
resnet18,ISIC_0013242,occlusion,model_parameter_randomisation,0.05000734302501743
resnet18,ISIC_0013242,occlusion,random_logit,0.4127757124073992
resnet18,ISIC_0013242,occlusion,completeness,
resnet18,ISIC_0013242,occlusion,non_sensitivity,
squeezenet,ISIC_0013242,integrated_gradients,faithfulness_correlation,-0.06425688415765762
squeezenet,ISIC_0013242,integrated_gradients,pixel_flipping,183.02163696289062
squeezenet,ISIC_0013242,integrated_gradients,max_sensitivity,1.3039032220840454
squeezenet,ISIC_0013242,integrated_gradients,avg_sensitivity,1.257320237159729
squeezenet,ISIC_0013242,integrated_gradients,relevance_mass_accuracy,1.6430399417877197
squeezenet,ISIC_0013242,integrated_gradients,pointing_game,1.0
squeezenet,ISIC_0013242,integrated_gradients,sparseness,0.7134808755355897
squeezenet,ISIC_0013242,integrated_gradients,complexity,10.867899894714355
squeezenet,ISIC_0013242,integrated_gradients,model_parameter_randomisation,
squeezenet,ISIC_0013242,integrated_gradients,random_logit,0.8655422236018798
squeezenet,ISIC_0013242,integrated_gradients,completeness,0.0
squeezenet,ISIC_0013242,integrated_gradients,non_sensitivity,
squeezenet,ISIC_0013242,saliency,faithfulness_correlation,0.18903249502182007
squeezenet,ISIC_0013242,saliency,pixel_flipping,277.85589599609375
squeezenet,ISIC_0013242,saliency,max_sensitivity,0.9579576849937439
squeezenet,ISIC_0013242,saliency,avg_sensitivity,0.925589406490326
squeezenet,ISIC_0013242,saliency,relevance_mass_accuracy,0.1973831206560135
squeezenet,ISIC_0013242,saliency,pointing_game,0.0
squeezenet,ISIC_0013242,saliency,sparseness,0.6120504103961442
squeezenet,ISIC_0013242,saliency,complexity,11.233807563781738
squeezenet,ISIC_0013242,saliency,model_parameter_randomisation,
squeezenet,ISIC_0013242,saliency,random_logit,0.6537335467796302
squeezenet,ISIC_0013242,saliency,completeness,
squeezenet,ISIC_0013242,saliency,non_sensitivity,
squeezenet,ISIC_0013242,gradcam,faithfulness_correlation,0.46951794624328613
squeezenet,ISIC_0013242,gradcam,pixel_flipping,227.47140502929688
squeezenet,ISIC_0013242,gradcam,max_sensitivity,0.4575579762458801
squeezenet,ISIC_0013242,gradcam,avg_sensitivity,0.37037604451179507
squeezenet,ISIC_0013242,gradcam,relevance_mass_accuracy,0.453681617975235
squeezenet,ISIC_0013242,gradcam,pointing_game,1.0
squeezenet,ISIC_0013242,gradcam,sparseness,0.585784866111191
squeezenet,ISIC_0013242,gradcam,complexity,11.327057838439941
squeezenet,ISIC_0013242,gradcam,model_parameter_randomisation,
squeezenet,ISIC_0013242,gradcam,random_logit,0.6213637769365867
squeezenet,ISIC_0013242,gradcam,completeness,
squeezenet,ISIC_0013242,gradcam,non_sensitivity,
squeezenet,ISIC_0013242,deep_lift,faithfulness_correlation,-0.082923024892807
squeezenet,ISIC_0013242,deep_lift,pixel_flipping,207.20045471191406
squeezenet,ISIC_0013242,deep_lift,max_sensitivity,1.2578247785568237
squeezenet,ISIC_0013242,deep_lift,avg_sensitivity,1.1998715162277223
squeezenet,ISIC_0013242,deep_lift,relevance_mass_accuracy,2.388601779937744
squeezenet,ISIC_0013242,deep_lift,pointing_game,1.0
squeezenet,ISIC_0013242,deep_lift,sparseness,0.6788063653456958
squeezenet,ISIC_0013242,deep_lift,complexity,11.012657165527344
squeezenet,ISIC_0013242,deep_lift,model_parameter_randomisation,
squeezenet,ISIC_0013242,deep_lift,random_logit,0.8902785286011916
squeezenet,ISIC_0013242,deep_lift,completeness,0.0
squeezenet,ISIC_0013242,deep_lift,non_sensitivity,
squeezenet,ISIC_0013242,guided_backprop,faithfulness_correlation,-0.028656743466854095
squeezenet,ISIC_0013242,guided_backprop,pixel_flipping,185.12417602539062
squeezenet,ISIC_0013242,guided_backprop,max_sensitivity,0.9715299606323242
squeezenet,ISIC_0013242,guided_backprop,avg_sensitivity,0.9415892779827117
squeezenet,ISIC_0013242,guided_backprop,relevance_mass_accuracy,-0.29297173023223877
squeezenet,ISIC_0013242,guided_backprop,pointing_game,1.0
squeezenet,ISIC_0013242,guided_backprop,sparseness,0.6675386875337057
squeezenet,ISIC_0013242,guided_backprop,complexity,11.051020622253418
squeezenet,ISIC_0013242,guided_backprop,model_parameter_randomisation,
squeezenet,ISIC_0013242,guided_backprop,random_logit,0.9591032155673349
squeezenet,ISIC_0013242,guided_backprop,completeness,
squeezenet,ISIC_0013242,guided_backprop,non_sensitivity,
squeezenet,ISIC_0013242,lrp,faithfulness_correlation,-0.06183476373553276
squeezenet,ISIC_0013242,lrp,pixel_flipping,196.34103393554688
squeezenet,ISIC_0013242,lrp,max_sensitivity,1.3834863901138306
squeezenet,ISIC_0013242,lrp,avg_sensitivity,1.3280118823051452
squeezenet,ISIC_0013242,lrp,relevance_mass_accuracy,1.566640853881836
squeezenet,ISIC_0013242,lrp,pointing_game,1.0
squeezenet,ISIC_0013242,lrp,sparseness,0.6646764597691744
squeezenet,ISIC_0013242,lrp,complexity,11.082301139831543
squeezenet,ISIC_0013242,lrp,model_parameter_randomisation,
squeezenet,ISIC_0013242,lrp,random_logit,0.8407798168068253
squeezenet,ISIC_0013242,lrp,completeness,0.0
squeezenet,ISIC_0013242,lrp,non_sensitivity,
squeezenet,ISIC_0013242,occlusion,faithfulness_correlation,0.40161141753196716
squeezenet,ISIC_0013242,occlusion,pixel_flipping,553.0414428710938
squeezenet,ISIC_0013242,occlusion,max_sensitivity,0.7685220837593079
squeezenet,ISIC_0013242,occlusion,avg_sensitivity,0.5759501367807388
squeezenet,ISIC_0013242,occlusion,relevance_mass_accuracy,0.37476176023483276
squeezenet,ISIC_0013242,occlusion,pointing_game,1.0
squeezenet,ISIC_0013242,occlusion,sparseness,0.516489677571908
squeezenet,ISIC_0013242,occlusion,complexity,11.457171440124512
squeezenet,ISIC_0013242,occlusion,model_parameter_randomisation,
squeezenet,ISIC_0013242,occlusion,random_logit,0.6595569532574944
squeezenet,ISIC_0013242,occlusion,completeness,
squeezenet,ISIC_0013242,occlusion,non_sensitivity,
resnet18,ISIC_0013277,integrated_gradients,faithfulness_correlation,-0.19580034911632538
resnet18,ISIC_0013277,integrated_gradients,pixel_flipping,481.08258056640625
resnet18,ISIC_0013277,integrated_gradients,max_sensitivity,1.2067869901657104
resnet18,ISIC_0013277,integrated_gradients,avg_sensitivity,1.1630976676940918
resnet18,ISIC_0013277,integrated_gradients,relevance_mass_accuracy,1.8511083126068115
resnet18,ISIC_0013277,integrated_gradients,pointing_game,1.0
resnet18,ISIC_0013277,integrated_gradients,sparseness,0.7670637528021502
resnet18,ISIC_0013277,integrated_gradients,complexity,10.674896240234375
resnet18,ISIC_0013277,integrated_gradients,model_parameter_randomisation,0.6618437817542239
resnet18,ISIC_0013277,integrated_gradients,random_logit,0.8206012108755214
resnet18,ISIC_0013277,integrated_gradients,completeness,0.0
resnet18,ISIC_0013277,integrated_gradients,non_sensitivity,
resnet18,ISIC_0013277,saliency,faithfulness_correlation,0.1354255974292755
resnet18,ISIC_0013277,saliency,pixel_flipping,504.4468994140625
resnet18,ISIC_0013277,saliency,max_sensitivity,0.8358547687530518
resnet18,ISIC_0013277,saliency,avg_sensitivity,0.8324547588825226
resnet18,ISIC_0013277,saliency,relevance_mass_accuracy,0.4107283353805542
resnet18,ISIC_0013277,saliency,pointing_game,1.0
resnet18,ISIC_0013277,saliency,sparseness,0.5240531159125629
resnet18,ISIC_0013277,saliency,complexity,11.442378044128418
resnet18,ISIC_0013277,saliency,model_parameter_randomisation,0.20722177886337037
resnet18,ISIC_0013277,saliency,random_logit,0.4959213898544097
resnet18,ISIC_0013277,saliency,completeness,
resnet18,ISIC_0013277,saliency,non_sensitivity,
resnet18,ISIC_0013277,gradcam,faithfulness_correlation,0.21120885014533997
resnet18,ISIC_0013277,gradcam,pixel_flipping,429.229248046875
resnet18,ISIC_0013277,gradcam,max_sensitivity,0.44896480441093445
resnet18,ISIC_0013277,gradcam,avg_sensitivity,0.32946679890155794
resnet18,ISIC_0013277,gradcam,relevance_mass_accuracy,0.49259722232818604
resnet18,ISIC_0013277,gradcam,pointing_game,1.0
resnet18,ISIC_0013277,gradcam,sparseness,0.3672232456184805
resnet18,ISIC_0013277,gradcam,complexity,11.683826446533203
resnet18,ISIC_0013277,gradcam,model_parameter_randomisation,
resnet18,ISIC_0013277,gradcam,random_logit,0.6099914420333157
resnet18,ISIC_0013277,gradcam,completeness,
resnet18,ISIC_0013277,gradcam,non_sensitivity,
resnet18,ISIC_0013277,deep_lift,faithfulness_correlation,0.09551825374364853
resnet18,ISIC_0013277,deep_lift,pixel_flipping,458.4840393066406
resnet18,ISIC_0013277,deep_lift,max_sensitivity,1.1763449907302856
resnet18,ISIC_0013277,deep_lift,avg_sensitivity,1.097506046295166
resnet18,ISIC_0013277,deep_lift,relevance_mass_accuracy,1.246636986732483
resnet18,ISIC_0013277,deep_lift,pointing_game,1.0
resnet18,ISIC_0013277,deep_lift,sparseness,0.7548537406518104
resnet18,ISIC_0013277,deep_lift,complexity,10.718774795532227
resnet18,ISIC_0013277,deep_lift,model_parameter_randomisation,0.644269206949714
resnet18,ISIC_0013277,deep_lift,random_logit,0.8464805639657675
resnet18,ISIC_0013277,deep_lift,completeness,0.0
resnet18,ISIC_0013277,deep_lift,non_sensitivity,
resnet18,ISIC_0013277,guided_backprop,faithfulness_correlation,-0.20550189912319183
resnet18,ISIC_0013277,guided_backprop,pixel_flipping,427.1684875488281
resnet18,ISIC_0013277,guided_backprop,max_sensitivity,0.7980097532272339
resnet18,ISIC_0013277,guided_backprop,avg_sensitivity,0.759160840511322
resnet18,ISIC_0013277,guided_backprop,relevance_mass_accuracy,0.4250640869140625
resnet18,ISIC_0013277,guided_backprop,pointing_game,0.0
resnet18,ISIC_0013277,guided_backprop,sparseness,0.6592613392562225
resnet18,ISIC_0013277,guided_backprop,complexity,11.067501068115234
resnet18,ISIC_0013277,guided_backprop,model_parameter_randomisation,0.7255014472967742
resnet18,ISIC_0013277,guided_backprop,random_logit,0.9846946004818686
resnet18,ISIC_0013277,guided_backprop,completeness,
resnet18,ISIC_0013277,guided_backprop,non_sensitivity,
resnet18,ISIC_0013277,lrp,faithfulness_correlation,-0.02707771025598049
resnet18,ISIC_0013277,lrp,pixel_flipping,522.6621704101562
resnet18,ISIC_0013277,lrp,max_sensitivity,115.54605102539062
resnet18,ISIC_0013277,lrp,avg_sensitivity,607.442070877552
resnet18,ISIC_0013277,lrp,relevance_mass_accuracy,0.8973276019096375
resnet18,ISIC_0013277,lrp,pointing_game,1.0
resnet18,ISIC_0013277,lrp,sparseness,0.9252461971979269
resnet18,ISIC_0013277,lrp,complexity,9.151623725891113
resnet18,ISIC_0013277,lrp,model_parameter_randomisation,0.5976944080654567
resnet18,ISIC_0013277,lrp,random_logit,0.9754888838196839
resnet18,ISIC_0013277,lrp,completeness,0.0
resnet18,ISIC_0013277,lrp,non_sensitivity,
resnet18,ISIC_0013277,occlusion,faithfulness_correlation,-0.047700997442007065
resnet18,ISIC_0013277,occlusion,pixel_flipping,350.946533203125
resnet18,ISIC_0013277,occlusion,max_sensitivity,1.6545695066452026
resnet18,ISIC_0013277,occlusion,avg_sensitivity,1.1589685559272767
resnet18,ISIC_0013277,occlusion,relevance_mass_accuracy,0.6076590418815613
resnet18,ISIC_0013277,occlusion,pointing_game,1.0
resnet18,ISIC_0013277,occlusion,sparseness,0.5284942367534761
resnet18,ISIC_0013277,occlusion,complexity,11.438323020935059
resnet18,ISIC_0013277,occlusion,model_parameter_randomisation,0.16730014504987453
resnet18,ISIC_0013277,occlusion,random_logit,0.3869501260508353
resnet18,ISIC_0013277,occlusion,completeness,
resnet18,ISIC_0013277,occlusion,non_sensitivity,
squeezenet,ISIC_0013277,integrated_gradients,faithfulness_correlation,0.042547378689050674
squeezenet,ISIC_0013277,integrated_gradients,pixel_flipping,218.045166015625
squeezenet,ISIC_0013277,integrated_gradients,max_sensitivity,1.4848132133483887
squeezenet,ISIC_0013277,integrated_gradients,avg_sensitivity,1.345041072368622
squeezenet,ISIC_0013277,integrated_gradients,relevance_mass_accuracy,3.1389310359954834
squeezenet,ISIC_0013277,integrated_gradients,pointing_game,1.0
squeezenet,ISIC_0013277,integrated_gradients,sparseness,0.8440660342297013
squeezenet,ISIC_0013277,integrated_gradients,complexity,10.232410430908203
squeezenet,ISIC_0013277,integrated_gradients,model_parameter_randomisation,
squeezenet,ISIC_0013277,integrated_gradients,random_logit,0.9153231531479409
squeezenet,ISIC_0013277,integrated_gradients,completeness,0.0
squeezenet,ISIC_0013277,integrated_gradients,non_sensitivity,
squeezenet,ISIC_0013277,saliency,faithfulness_correlation,0.05664302036166191
squeezenet,ISIC_0013277,saliency,pixel_flipping,229.66851806640625
squeezenet,ISIC_0013277,saliency,max_sensitivity,0.8885653614997864
squeezenet,ISIC_0013277,saliency,avg_sensitivity,0.8784355700016022
squeezenet,ISIC_0013277,saliency,relevance_mass_accuracy,0.6869756579399109
squeezenet,ISIC_0013277,saliency,pointing_game,1.0
squeezenet,ISIC_0013277,saliency,sparseness,0.7170042193192669
squeezenet,ISIC_0013277,saliency,complexity,10.897455215454102
squeezenet,ISIC_0013277,saliency,model_parameter_randomisation,
squeezenet,ISIC_0013277,saliency,random_logit,0.8149216667131532
squeezenet,ISIC_0013277,saliency,completeness,
squeezenet,ISIC_0013277,saliency,non_sensitivity,
squeezenet,ISIC_0013277,gradcam,faithfulness_correlation,0.2619871497154236
squeezenet,ISIC_0013277,gradcam,pixel_flipping,250.82579040527344
squeezenet,ISIC_0013277,gradcam,max_sensitivity,0.6052751541137695
squeezenet,ISIC_0013277,gradcam,avg_sensitivity,0.5532261908054352
squeezenet,ISIC_0013277,gradcam,relevance_mass_accuracy,0.9863642454147339
squeezenet,ISIC_0013277,gradcam,pointing_game,1.0
squeezenet,ISIC_0013277,gradcam,sparseness,0.6606064472065164
squeezenet,ISIC_0013277,gradcam,complexity,11.110358238220215
squeezenet,ISIC_0013277,gradcam,model_parameter_randomisation,
squeezenet,ISIC_0013277,gradcam,random_logit,0.6077792770550942
squeezenet,ISIC_0013277,gradcam,completeness,
squeezenet,ISIC_0013277,gradcam,non_sensitivity,
squeezenet,ISIC_0013277,deep_lift,faithfulness_correlation,0.1178986132144928
squeezenet,ISIC_0013277,deep_lift,pixel_flipping,197.56968688964844
squeezenet,ISIC_0013277,deep_lift,max_sensitivity,1.2233705520629883
squeezenet,ISIC_0013277,deep_lift,avg_sensitivity,1.2045628547668457
squeezenet,ISIC_0013277,deep_lift,relevance_mass_accuracy,4.435449123382568
squeezenet,ISIC_0013277,deep_lift,pointing_game,1.0
squeezenet,ISIC_0013277,deep_lift,sparseness,0.8314961542243064
squeezenet,ISIC_0013277,deep_lift,complexity,10.31116771697998
squeezenet,ISIC_0013277,deep_lift,model_parameter_randomisation,
squeezenet,ISIC_0013277,deep_lift,random_logit,0.9303168753201795
squeezenet,ISIC_0013277,deep_lift,completeness,0.0
squeezenet,ISIC_0013277,deep_lift,non_sensitivity,
squeezenet,ISIC_0013277,guided_backprop,faithfulness_correlation,-0.042629681527614594
squeezenet,ISIC_0013277,guided_backprop,pixel_flipping,150.3009490966797
squeezenet,ISIC_0013277,guided_backprop,max_sensitivity,1.1141726970672607
squeezenet,ISIC_0013277,guided_backprop,avg_sensitivity,1.058635127544403
squeezenet,ISIC_0013277,guided_backprop,relevance_mass_accuracy,0.9856896996498108
squeezenet,ISIC_0013277,guided_backprop,pointing_game,1.0
squeezenet,ISIC_0013277,guided_backprop,sparseness,0.6855288207674582
squeezenet,ISIC_0013277,guided_backprop,complexity,11.019972801208496
squeezenet,ISIC_0013277,guided_backprop,model_parameter_randomisation,
squeezenet,ISIC_0013277,guided_backprop,random_logit,0.927816135397272
squeezenet,ISIC_0013277,guided_backprop,completeness,
squeezenet,ISIC_0013277,guided_backprop,non_sensitivity,
squeezenet,ISIC_0013277,lrp,faithfulness_correlation,-0.05443792790174484
squeezenet,ISIC_0013277,lrp,pixel_flipping,190.66094970703125
squeezenet,ISIC_0013277,lrp,max_sensitivity,1.149216651916504
squeezenet,ISIC_0013277,lrp,avg_sensitivity,1.1315282583236694
squeezenet,ISIC_0013277,lrp,relevance_mass_accuracy,1.8892042636871338
squeezenet,ISIC_0013277,lrp,pointing_game,1.0
squeezenet,ISIC_0013277,lrp,sparseness,0.8542516929152134
squeezenet,ISIC_0013277,lrp,complexity,10.185222625732422
squeezenet,ISIC_0013277,lrp,model_parameter_randomisation,
squeezenet,ISIC_0013277,lrp,random_logit,0.9188858749518823
squeezenet,ISIC_0013277,lrp,completeness,0.0
squeezenet,ISIC_0013277,lrp,non_sensitivity,
squeezenet,ISIC_0013277,occlusion,faithfulness_correlation,0.3607710003852844
squeezenet,ISIC_0013277,occlusion,pixel_flipping,449.1102294921875
squeezenet,ISIC_0013277,occlusion,max_sensitivity,1.318050742149353
squeezenet,ISIC_0013277,occlusion,avg_sensitivity,0.9223788738250732
squeezenet,ISIC_0013277,occlusion,relevance_mass_accuracy,0.8494981527328491
squeezenet,ISIC_0013277,occlusion,pointing_game,1.0
squeezenet,ISIC_0013277,occlusion,sparseness,0.6977344604081821
squeezenet,ISIC_0013277,occlusion,complexity,11.004825592041016
squeezenet,ISIC_0013277,occlusion,model_parameter_randomisation,
squeezenet,ISIC_0013277,occlusion,random_logit,0.5405617400495039
squeezenet,ISIC_0013277,occlusion,completeness,
squeezenet,ISIC_0013277,occlusion,non_sensitivity,
resnet18,ISIC_0013321,integrated_gradients,faithfulness_correlation,-0.08314959704875946
resnet18,ISIC_0013321,integrated_gradients,pixel_flipping,37.214149475097656
resnet18,ISIC_0013321,integrated_gradients,max_sensitivity,1.303270697593689
resnet18,ISIC_0013321,integrated_gradients,avg_sensitivity,1.1705094575881958
resnet18,ISIC_0013321,integrated_gradients,relevance_mass_accuracy,0.8611978888511658
resnet18,ISIC_0013321,integrated_gradients,pointing_game,1.0
resnet18,ISIC_0013321,integrated_gradients,sparseness,0.5709624400303863
resnet18,ISIC_0013321,integrated_gradients,complexity,11.343793869018555
resnet18,ISIC_0013321,integrated_gradients,model_parameter_randomisation,0.37985100832127267
resnet18,ISIC_0013321,integrated_gradients,random_logit,0.5845943640250426
resnet18,ISIC_0013321,integrated_gradients,completeness,0.0
resnet18,ISIC_0013321,integrated_gradients,non_sensitivity,
resnet18,ISIC_0013321,saliency,faithfulness_correlation,0.16601994633674622
resnet18,ISIC_0013321,saliency,pixel_flipping,36.39409637451172
resnet18,ISIC_0013321,saliency,max_sensitivity,0.8535910248756409
resnet18,ISIC_0013321,saliency,avg_sensitivity,0.838789439201355
resnet18,ISIC_0013321,saliency,relevance_mass_accuracy,0.6100054979324341
resnet18,ISIC_0013321,saliency,pointing_game,1.0
resnet18,ISIC_0013321,saliency,sparseness,0.5177262628212532
resnet18,ISIC_0013321,saliency,complexity,11.456287384033203
resnet18,ISIC_0013321,saliency,model_parameter_randomisation,0.2210117327703626
resnet18,ISIC_0013321,saliency,random_logit,0.5704882466371628
resnet18,ISIC_0013321,saliency,completeness,
resnet18,ISIC_0013321,saliency,non_sensitivity,
resnet18,ISIC_0013321,gradcam,faithfulness_correlation,0.17710205912590027
resnet18,ISIC_0013321,gradcam,pixel_flipping,225.40879821777344
resnet18,ISIC_0013321,gradcam,max_sensitivity,0.9389791488647461
resnet18,ISIC_0013321,gradcam,avg_sensitivity,0.7471797645092011
resnet18,ISIC_0013321,gradcam,relevance_mass_accuracy,0.7394187450408936
resnet18,ISIC_0013321,gradcam,pointing_game,1.0
resnet18,ISIC_0013321,gradcam,sparseness,0.4104051255839108
resnet18,ISIC_0013321,gradcam,complexity,11.64448070526123
resnet18,ISIC_0013321,gradcam,model_parameter_randomisation,0.029927511959192972
resnet18,ISIC_0013321,gradcam,random_logit,0.7236707773183411
resnet18,ISIC_0013321,gradcam,completeness,
resnet18,ISIC_0013321,gradcam,non_sensitivity,
resnet18,ISIC_0013321,deep_lift,faithfulness_correlation,0.03807588294148445
resnet18,ISIC_0013321,deep_lift,pixel_flipping,35.10380172729492
resnet18,ISIC_0013321,deep_lift,max_sensitivity,1.1209354400634766
resnet18,ISIC_0013321,deep_lift,avg_sensitivity,1.0985700130462646
resnet18,ISIC_0013321,deep_lift,relevance_mass_accuracy,0.7321268320083618
resnet18,ISIC_0013321,deep_lift,pointing_game,0.0
resnet18,ISIC_0013321,deep_lift,sparseness,0.5959629192430359
resnet18,ISIC_0013321,deep_lift,complexity,11.27939510345459
resnet18,ISIC_0013321,deep_lift,model_parameter_randomisation,0.40626765877053905
resnet18,ISIC_0013321,deep_lift,random_logit,0.7246319725180604
resnet18,ISIC_0013321,deep_lift,completeness,0.0
resnet18,ISIC_0013321,deep_lift,non_sensitivity,
resnet18,ISIC_0013321,guided_backprop,faithfulness_correlation,0.03746948391199112
resnet18,ISIC_0013321,guided_backprop,pixel_flipping,16.46133041381836
resnet18,ISIC_0013321,guided_backprop,max_sensitivity,1.233580470085144
resnet18,ISIC_0013321,guided_backprop,avg_sensitivity,1.0020417094230651
resnet18,ISIC_0013321,guided_backprop,relevance_mass_accuracy,0.9448595643043518
resnet18,ISIC_0013321,guided_backprop,pointing_game,1.0
resnet18,ISIC_0013321,guided_backprop,sparseness,0.6439764150400733
resnet18,ISIC_0013321,guided_backprop,complexity,11.127274513244629
resnet18,ISIC_0013321,guided_backprop,model_parameter_randomisation,0.656579490421171
resnet18,ISIC_0013321,guided_backprop,random_logit,0.9909952203316299
resnet18,ISIC_0013321,guided_backprop,completeness,
resnet18,ISIC_0013321,guided_backprop,non_sensitivity,
resnet18,ISIC_0013321,lrp,faithfulness_correlation,-0.010903255082666874
resnet18,ISIC_0013321,lrp,pixel_flipping,39.66824722290039
resnet18,ISIC_0013321,lrp,max_sensitivity,5.374161243438721
resnet18,ISIC_0013321,lrp,avg_sensitivity,1.0315388441085815
resnet18,ISIC_0013321,lrp,relevance_mass_accuracy,1.6737395524978638
resnet18,ISIC_0013321,lrp,pointing_game,1.0
resnet18,ISIC_0013321,lrp,sparseness,0.9284397018823007
resnet18,ISIC_0013321,lrp,complexity,9.151524543762207
resnet18,ISIC_0013321,lrp,model_parameter_randomisation,0.49924108513384363
resnet18,ISIC_0013321,lrp,random_logit,0.9987643809110476
resnet18,ISIC_0013321,lrp,completeness,0.0
resnet18,ISIC_0013321,lrp,non_sensitivity,
resnet18,ISIC_0013321,occlusion,faithfulness_correlation,-0.023517627269029617
resnet18,ISIC_0013321,occlusion,pixel_flipping,57.70423889160156
resnet18,ISIC_0013321,occlusion,max_sensitivity,1.807823896408081
resnet18,ISIC_0013321,occlusion,avg_sensitivity,1.1485704898834228
resnet18,ISIC_0013321,occlusion,relevance_mass_accuracy,0.7545009255409241
resnet18,ISIC_0013321,occlusion,pointing_game,1.0
resnet18,ISIC_0013321,occlusion,sparseness,0.4555826174164175
resnet18,ISIC_0013321,occlusion,complexity,11.579896926879883
resnet18,ISIC_0013321,occlusion,model_parameter_randomisation,0.06473715228772758
resnet18,ISIC_0013321,occlusion,random_logit,0.35155307449914286
resnet18,ISIC_0013321,occlusion,completeness,
resnet18,ISIC_0013321,occlusion,non_sensitivity,
squeezenet,ISIC_0013321,integrated_gradients,faithfulness_correlation,0.12398653477430344
squeezenet,ISIC_0013321,integrated_gradients,pixel_flipping,53.41212844848633
squeezenet,ISIC_0013321,integrated_gradients,max_sensitivity,1.3689610958099365
squeezenet,ISIC_0013321,integrated_gradients,avg_sensitivity,1.2736763834953309
squeezenet,ISIC_0013321,integrated_gradients,relevance_mass_accuracy,0.625965416431427
squeezenet,ISIC_0013321,integrated_gradients,pointing_game,0.0
squeezenet,ISIC_0013321,integrated_gradients,sparseness,0.6327844589370372
squeezenet,ISIC_0013321,integrated_gradients,complexity,11.182044982910156
squeezenet,ISIC_0013321,integrated_gradients,model_parameter_randomisation,0.4726739891070502
squeezenet,ISIC_0013321,integrated_gradients,random_logit,0.6155999956195197
squeezenet,ISIC_0013321,integrated_gradients,completeness,0.0
squeezenet,ISIC_0013321,integrated_gradients,non_sensitivity,
squeezenet,ISIC_0013321,saliency,faithfulness_correlation,0.3094475567340851
squeezenet,ISIC_0013321,saliency,pixel_flipping,64.57301330566406
squeezenet,ISIC_0013321,saliency,max_sensitivity,0.9091317653656006
squeezenet,ISIC_0013321,saliency,avg_sensitivity,0.8891222298145294
squeezenet,ISIC_0013321,saliency,relevance_mass_accuracy,0.668175995349884
squeezenet,ISIC_0013321,saliency,pointing_game,1.0
squeezenet,ISIC_0013321,saliency,sparseness,0.612218461945762
squeezenet,ISIC_0013321,saliency,complexity,11.21877670288086
squeezenet,ISIC_0013321,saliency,model_parameter_randomisation,0.3700266634212086
squeezenet,ISIC_0013321,saliency,random_logit,0.5436735424195901
squeezenet,ISIC_0013321,saliency,completeness,
squeezenet,ISIC_0013321,saliency,non_sensitivity,
squeezenet,ISIC_0013321,gradcam,faithfulness_correlation,0.03836389631032944
squeezenet,ISIC_0013321,gradcam,pixel_flipping,209.50302124023438
squeezenet,ISIC_0013321,gradcam,max_sensitivity,0.7914661169052124
squeezenet,ISIC_0013321,gradcam,avg_sensitivity,0.7231512546539307
squeezenet,ISIC_0013321,gradcam,relevance_mass_accuracy,0.7895177006721497
squeezenet,ISIC_0013321,gradcam,pointing_game,1.0
squeezenet,ISIC_0013321,gradcam,sparseness,0.49580441838411327
squeezenet,ISIC_0013321,gradcam,complexity,11.507386207580566
squeezenet,ISIC_0013321,gradcam,model_parameter_randomisation,
squeezenet,ISIC_0013321,gradcam,random_logit,0.5209561902154142
squeezenet,ISIC_0013321,gradcam,completeness,
squeezenet,ISIC_0013321,gradcam,non_sensitivity,
squeezenet,ISIC_0013321,deep_lift,faithfulness_correlation,0.13904939591884613
squeezenet,ISIC_0013321,deep_lift,pixel_flipping,62.736549377441406
squeezenet,ISIC_0013321,deep_lift,max_sensitivity,1.1953978538513184
squeezenet,ISIC_0013321,deep_lift,avg_sensitivity,1.1586293935775758
squeezenet,ISIC_0013321,deep_lift,relevance_mass_accuracy,0.7162997722625732
squeezenet,ISIC_0013321,deep_lift,pointing_game,1.0
squeezenet,ISIC_0013321,deep_lift,sparseness,0.6661985553197542
squeezenet,ISIC_0013321,deep_lift,complexity,11.067060470581055
squeezenet,ISIC_0013321,deep_lift,model_parameter_randomisation,0.45371935986970025
squeezenet,ISIC_0013321,deep_lift,random_logit,0.5814389316005195
squeezenet,ISIC_0013321,deep_lift,completeness,0.0
squeezenet,ISIC_0013321,deep_lift,non_sensitivity,
squeezenet,ISIC_0013321,guided_backprop,faithfulness_correlation,0.03312882035970688
squeezenet,ISIC_0013321,guided_backprop,pixel_flipping,53.669612884521484
squeezenet,ISIC_0013321,guided_backprop,max_sensitivity,1.0033159255981445
squeezenet,ISIC_0013321,guided_backprop,avg_sensitivity,0.975438940525055
squeezenet,ISIC_0013321,guided_backprop,relevance_mass_accuracy,0.49153807759284973
squeezenet,ISIC_0013321,guided_backprop,pointing_game,1.0
squeezenet,ISIC_0013321,guided_backprop,sparseness,0.6499037501151637
squeezenet,ISIC_0013321,guided_backprop,complexity,11.113558769226074
squeezenet,ISIC_0013321,guided_backprop,model_parameter_randomisation,0.7527698488769259
squeezenet,ISIC_0013321,guided_backprop,random_logit,0.7747750971301474
squeezenet,ISIC_0013321,guided_backprop,completeness,
squeezenet,ISIC_0013321,guided_backprop,non_sensitivity,
squeezenet,ISIC_0013321,lrp,faithfulness_correlation,0.18325220048427582
squeezenet,ISIC_0013321,lrp,pixel_flipping,65.91470336914062
squeezenet,ISIC_0013321,lrp,max_sensitivity,1.2752792835235596
squeezenet,ISIC_0013321,lrp,avg_sensitivity,1.2150188207626342
squeezenet,ISIC_0013321,lrp,relevance_mass_accuracy,0.2728155255317688
squeezenet,ISIC_0013321,lrp,pointing_game,1.0
squeezenet,ISIC_0013321,lrp,sparseness,0.6515863551117158
squeezenet,ISIC_0013321,lrp,complexity,11.115816116333008
squeezenet,ISIC_0013321,lrp,model_parameter_randomisation,0.48066496344776155
squeezenet,ISIC_0013321,lrp,random_logit,0.5918783587737223
squeezenet,ISIC_0013321,lrp,completeness,0.0
squeezenet,ISIC_0013321,lrp,non_sensitivity,
squeezenet,ISIC_0013321,occlusion,faithfulness_correlation,0.15820707380771637
squeezenet,ISIC_0013321,occlusion,pixel_flipping,35.94707489013672
squeezenet,ISIC_0013321,occlusion,max_sensitivity,0.9912025928497314
squeezenet,ISIC_0013321,occlusion,avg_sensitivity,0.9137350738048553
squeezenet,ISIC_0013321,occlusion,relevance_mass_accuracy,0.4502102732658386
squeezenet,ISIC_0013321,occlusion,pointing_game,1.0
squeezenet,ISIC_0013321,occlusion,sparseness,0.387605342257294
squeezenet,ISIC_0013321,occlusion,complexity,11.674373626708984
squeezenet,ISIC_0013321,occlusion,model_parameter_randomisation,
squeezenet,ISIC_0013321,occlusion,random_logit,0.3164335838079485
squeezenet,ISIC_0013321,occlusion,completeness,
squeezenet,ISIC_0013321,occlusion,non_sensitivity,
